stimulus,trustworthy,attractive,dominant,smart,age,gender,weight,typical,happy,familiar,outgoing,memorable,well-groomed,long-haired,smug,dorky,skin-color,hair-color,alert,cute,privileged,liberal,asian,middle-eastern,hispanic,islander,native,black,white,looks-like-you,gay,electable,godly,outdoors
1,65,45,70,60,55,85,45,65,25,40,35,50,55,15,45,25,25,70,65,30,55,45,5,15,10,5,5,5,85,30,20,60,25,55
2,75,80,40,70,35,15,45,60,95,50,90,70,80,40,20,10,65,95,80,85,50,60,5,10,70,20,10,40,20,0,30,60,20,50
3,68,48,72,78,58,88,42,62,28,52,38,58,82,8,42,32,18,55,72,22,78,52,5,8,8,5,5,5,88,18,22,68,25,32
4,68,72,35,62,29,12,38,48,65,42,60,55,78,25,28,18,62,88,68,74,52,58,8,15,55,35,18,48,42,5,25,58,38,42
5,75,65,40,70,48,15,45,60,85,50,80,55,80,10,30,20,25,65,70,60,60,55,5,5,10,5,5,5,90,20,30,65,40,50
6,55,50,45,60,55,85,35,45,35,40,50,65,50,55,30,40,15,45,65,30,70,60,5,5,10,5,5,5,90,20,35,55,25,55
7,62,58,45,55,32,88,35,62,52,48,58,50,48,12,42,28,22,58,68,48,60,52,8,12,25,5,8,5,82,35,22,58,18,72
8,70,85,20,60,15,65,30,70,95,60,80,70,80,70,30,20,20,45,80,95,60,50,5,5,10,5,5,5,90,20,20,10,40,50
9,75,55,35,70,75,15,55,45,85,40,75,65,80,35,25,45,25,65,70,50,55,60,5,20,40,5,5,5,70,30,25,60,40,35
10,65,50,60,70,55,85,55,50,25,45,40,60,50,35,35,40,65,85,65,25,50,55,5,70,40,10,15,25,50,20,25,55,30,45
11,68,62,38,72,52,18,48,55,82,48,70,52,78,12,28,32,38,65,72,58,55,52,92,8,12,10,8,5,22,35,28,62,22,38
12,75,80,25,65,15,85,35,60,85,45,70,55,75,15,25,20,15,20,75,90,55,50,5,5,5,5,5,5,90,20,25,30,20,40
13,65,45,55,60,50,90,45,55,80,60,75,50,35,15,25,45,20,70,65,35,55,60,5,5,10,5,5,5,85,20,15,50,25,85
14,68,62,45,72,32,88,28,55,85,48,78,42,82,15,35,38,18,62,75,68,58,52,5,8,12,3,4,2,92,25,22,65,18,40
15,55,45,40,50,22,85,25,60,25,45,35,50,65,15,30,35,45,95,55,50,40,50,90,5,10,20,10,5,10,20,25,45,20,40
16,65,35,55,70,78,95,52,60,25,45,35,50,68,35,45,38,32,55,62,18,55,48,92,8,12,18,10,5,15,5,22,48,28,55
17,65,60,45,70,28,85,35,55,50,40,55,50,60,10,35,40,25,75,65,55,55,50,5,10,20,0,5,0,85,20,25,60,10,70
18,72,78,32,68,27,12,22,48,82,38,72,62,82,92,22,18,68,92,68,78,48,52,72,18,28,32,12,18,8,22,28,58,42,38
19,68,72,25,62,22,12,28,55,82,38,75,58,78,35,18,22,18,65,72,78,55,48,8,12,15,5,6,5,88,25,22,60,28,42
20,75,70,45,65,25,85,55,40,90,35,80,55,75,15,25,20,90,95,70,75,50,60,5,5,10,20,5,95,5,10,25,65,15,30
21,65,75,35,60,25,15,25,55,45,50,50,60,80,95,25,20,35,85,65,75,45,55,75,10,25,15,15,5,30,40,35,55,20,40
22,72,62,45,68,30,88,28,52,88,45,78,62,58,72,32,42,18,42,72,58,58,62,5,5,8,5,5,5,92,22,25,58,12,75
23,65,55,45,70,55,85,35,60,75,50,65,55,80,15,35,25,25,75,70,40,65,55,10,15,25,5,5,5,85,20,20,70,15,40
24,68,42,62,72,82,88,48,55,40,52,45,58,78,18,52,28,22,28,68,22,72,32,5,8,10,3,4,5,92,12,18,58,28,25
25,75,65,40,80,65,15,45,55,85,50,70,60,85,75,20,15,25,55,75,55,70,65,5,5,10,0,0,0,90,30,25,75,40,45
26,65,80,25,60,28,15,40,50,55,40,70,75,85,65,30,20,25,45,70,85,60,55,5,10,15,5,5,5,90,20,30,50,40,45
27,68,72,35,62,32,18,38,55,88,48,78,58,75,82,25,22,42,68,65,78,52,58,38,12,55,8,10,8,62,5,22,60,28,42
28,62,58,52,68,34,87,27,53,38,42,48,51,78,8,42,18,61,90,72,47,57,49,38,67,44,14,9,6,38,22,19,60,23,39
29,65,55,45,60,30,85,50,65,55,40,50,50,70,15,40,25,55,85,65,45,50,45,10,65,45,10,10,10,40,20,20,55,20,40
30,72,58,38,68,52,18,48,55,88,45,78,52,68,32,28,42,22,42,72,62,58,62,5,5,8,5,5,5,88,22,28,62,18,68
31,55,45,75,60,70,85,55,40,35,65,60,75,50,65,55,25,35,75,65,20,70,55,5,10,15,5,5,5,85,30,35,50,15,70
32,75,80,35,70,28,15,25,55,90,45,85,65,85,95,20,10,45,65,75,85,50,60,25,15,70,20,15,10,35,20,25,65,30,40
33,85,90,20,65,8,15,55,75,85,50,70,75,80,25,15,20,15,45,80,95,60,50,5,5,10,5,5,5,90,40,25,10,70,40
34,75,80,25,65,22,15,25,55,95,60,85,70,65,75,15,45,45,85,55,90,50,55,55,10,45,25,15,5,35,40,25,65,20,80
35,45,55,65,60,42,92,35,55,25,40,50,50,45,15,55,25,15,85,75,35,65,45,5,10,15,5,5,5,85,10,15,50,20,40
36,70,60,65,75,45,85,35,55,50,40,55,50,85,15,45,25,25,85,70,35,65,50,5,25,20,5,5,5,85,20,25,70,15,30
37,75,80,20,65,8,15,45,55,35,60,50,65,70,35,10,15,10,15,85,90,55,50,5,5,5,5,5,5,90,20,25,10,15,40
38,68,62,45,70,52,88,48,75,72,55,65,40,82,8,35,18,22,45,68,28,65,48,3,5,8,2,3,2,92,15,22,75,25,35
39,68,62,25,58,28,18,48,65,82,72,78,52,75,35,22,38,22,65,70,72,48,55,5,8,12,3,4,2,88,35,28,60,18,42
40,72,58,62,68,52,88,48,75,82,55,70,48,85,12,38,22,18,68,72,32,62,48,0,0,0,0,0,0,92,10,18,68,22,28
41,62,58,68,60,42,88,38,45,68,35,62,78,55,35,52,42,18,82,65,48,72,48,8,18,22,6,12,5,88,25,28,52,45,58
42,68,62,42,72,52,12,48,58,64,55,59,53,78,18,28,22,68,92,71,58,48,62,22,38,52,18,15,32,35,5,25,58,42,38
43,70,75,40,65,45,15,45,60,85,50,75,60,80,70,20,10,20,75,70,80,60,50,5,10,15,5,5,5,85,30,20,65,30,40
44,65,60,45,60,22,85,25,55,75,45,65,50,70,5,35,25,40,95,70,65,40,50,95,5,10,15,5,5,10,20,25,55,10,60
45,65,60,55,70,30,90,45,55,75,40,70,50,70,10,35,25,85,90,75,55,40,50,0,5,10,20,5,90,5,30,25,65,25,55
46,68,72,45,65,22,88,28,55,82,38,75,52,80,12,35,18,18,85,68,70,58,48,8,12,22,5,5,5,82,25,22,62,15,28
47,75,80,20,65,15,10,35,55,85,45,75,65,80,45,15,25,20,45,70,90,60,50,5,5,10,5,5,5,85,30,20,55,40,40
48,65,45,55,70,60,85,45,55,75,50,70,50,65,15,50,35,45,75,70,30,55,50,5,60,25,5,5,5,50,20,25,60,25,40
49,62,68,55,60,24,88,38,52,58,45,62,65,68,18,48,32,58,88,65,62,48,52,8,72,48,12,10,8,45,15,28,55,22,42
50,68,62,45,72,22,82,28,55,88,48,75,42,78,8,25,35,38,92,65,70,45,50,92,5,8,15,3,2,12,20,25,58,15,40
51,68,72,35,65,28,15,25,45,75,40,65,55,80,50,25,15,55,85,70,68,45,55,65,25,40,30,15,10,20,30,20,60,25,40
52,65,75,70,70,38,92,42,55,35,50,55,65,80,8,35,18,62,88,68,58,52,48,12,28,78,18,15,22,38,5,22,62,28,48
53,65,75,35,70,22,15,25,55,40,50,55,60,75,85,25,20,45,85,70,80,55,50,35,15,65,20,25,10,55,40,25,60,30,45
54,65,55,45,70,25,85,25,55,35,45,50,50,75,15,40,25,15,55,65,60,55,50,5,10,15,5,5,5,90,20,25,65,20,45
55,65,70,35,60,25,90,35,55,85,50,75,45,60,5,25,40,15,85,70,80,55,50,5,5,10,0,0,0,95,20,15,45,30,60
56,65,75,40,60,28,15,55,45,90,50,80,70,75,35,25,20,75,90,70,80,45,65,10,20,55,25,15,60,20,30,35,60,20,50
57,75,65,20,60,15,10,35,55,80,50,70,55,75,45,25,20,45,85,75,85,45,50,90,5,10,15,10,5,25,30,25,10,40,60
58,68,62,35,72,38,18,42,58,78,52,65,48,82,28,38,25,22,45,70,68,55,52,8,12,15,5,6,5,88,25,28,62,18,35
59,65,70,25,60,18,12,35,55,85,50,75,55,65,45,20,30,22,48,70,82,45,50,8,10,18,8,10,5,85,0,25,25,40,55
60,75,85,25,65,15,15,25,55,35,45,50,70,65,75,20,25,20,35,70,90,50,50,5,5,10,5,5,5,90,30,20,10,25,60
61,65,55,35,60,20,85,25,70,45,55,50,40,75,5,25,35,25,75,65,75,55,50,10,30,40,5,10,5,70,30,15,25,10,45
62,65,58,42,62,22,88,32,68,72,55,60,48,70,12,38,52,18,58,68,64,55,50,8,12,18,5,6,5,88,25,28,42,22,48
63,65,68,55,62,32,88,42,58,58,52,62,48,72,12,42,22,22,82,68,52,55,48,5,12,18,5,5,5,88,38,22,62,28,38
64,68,72,35,62,48,18,45,55,88,52,75,58,82,62,22,18,18,68,72,68,58,52,8,12,22,5,6,5,85,25,28,62,22,38
65,65,45,55,70,75,95,55,70,25,50,40,55,75,15,45,25,15,20,60,20,65,45,5,5,10,0,0,0,95,10,15,50,30,35
66,65,60,35,55,28,45,35,50,85,40,75,55,50,75,25,45,25,65,45,70,45,60,5,5,15,0,5,0,85,10,50,45,20,35
67,62,72,55,68,28,88,22,48,32,45,50,58,75,8,42,18,38,82,68,65,55,48,8,35,30,5,5,5,72,25,28,62,22,40
68,68,62,45,67,32,88,35,58,82,52,72,48,55,18,38,52,22,45,75,58,62,55,5,8,10,3,5,5,92,35,28,65,22,42
69,72,78,32,68,27,18,22,48,92,45,82,62,74,88,22,38,22,88,65,82,58,62,8,12,28,5,5,5,82,25,28,55,18,42
70,68,52,45,62,52,88,48,72,70,58,65,48,75,12,38,22,22,38,68,35,62,48,0,0,0,0,0,0,92,28,18,58,12,75
71,75,68,45,62,32,88,48,55,92,42,78,65,72,15,25,30,65,92,75,70,48,55,12,25,75,18,22,28,20,40,28,65,22,50
72,62,72,45,68,48,18,32,45,38,35,55,68,82,42,48,22,42,82,65,52,58,52,12,38,48,15,12,15,65,22,25,58,25,28
73,75,85,20,65,15,10,45,55,90,40,75,60,50,65,15,25,20,35,70,95,45,50,5,5,10,5,5,5,85,20,15,10,20,40
74,68,62,35,72,52,18,48,55,78,45,65,58,70,35,28,42,38,82,68,58,55,62,88,12,22,28,18,8,25,22,32,58,38,42
75,62,72,68,65,34,88,30,48,28,38,42,55,60,10,42,18,55,85,72,45,58,50,8,48,52,12,8,5,72,22,20,60,25,70
76,68,72,35,62,28,18,22,48,82,42,75,58,78,55,25,22,25,78,72,70,55,52,8,12,25,5,5,5,82,20,28,48,18,38
77,70,55,45,65,48,85,45,60,85,50,75,55,70,15,35,45,20,65,70,50,55,50,5,5,10,0,0,0,90,20,25,60,30,40
78,75,35,70,80,85,95,50,55,25,45,40,60,85,5,45,15,90,65,75,15,65,50,0,0,0,0,0,95,5,10,20,70,40,20
79,68,52,35,65,62,18,48,58,88,45,72,50,65,35,25,42,15,55,68,48,55,62,0,0,5,0,0,0,92,10,38,58,25,45
80,65,40,70,60,75,95,55,60,25,50,45,55,60,15,45,25,25,55,65,20,55,35,0,5,10,0,0,0,90,20,15,50,30,55
81,75,85,20,50,8,15,55,60,65,45,55,50,70,35,25,30,12,18,70,90,45,50,0,0,0,0,0,0,95,0,20,10,25,40
82,68,82,25,70,22,8,18,45,62,38,65,72,85,92,15,18,38,85,75,88,55,52,78,12,25,8,10,5,28,22,18,58,15,35
83,75,55,30,70,82,8,48,65,88,55,72,60,78,65,18,25,15,12,68,58,72,62,0,0,0,0,0,0,95,5,22,58,45,38
84,65,45,55,70,55,85,45,60,50,40,45,50,75,15,60,35,25,85,70,25,65,50,5,15,10,5,5,5,85,30,25,60,15,40
85,72,62,42,68,22,82,28,58,88,65,78,52,70,12,22,58,38,82,72,68,52,55,62,12,48,35,18,8,35,25,28,62,25,78
86,68,62,45,58,32,88,28,55,82,48,72,52,68,12,38,22,22,78,65,60,55,48,8,12,18,5,6,5,82,25,22,62,12,45
87,68,82,25,62,23,12,28,45,88,38,78,72,85,42,18,25,18,68,72,88,55,75,5,8,12,5,5,5,88,0,22,48,35,65
88,62,48,55,68,42,88,48,58,28,42,45,52,72,12,38,22,18,82,65,32,58,48,8,12,15,5,5,5,88,25,22,62,12,22
89,68,72,25,62,22,12,38,48,88,42,78,55,75,45,18,35,28,58,72,82,45,52,55,8,38,15,12,10,48,20,22,58,28,35
90,72,48,42,68,78,28,52,58,82,45,70,52,68,12,32,48,22,62,68,38,52,58,5,5,8,5,5,5,88,18,52,48,28,38
91,62,78,38,68,27,18,22,48,37,35,52,58,82,65,42,18,42,82,72,73,60,52,8,28,38,12,8,8,75,15,35,58,22,48
92,68,62,45,70,58,88,48,72,82,55,75,52,78,12,35,22,18,72,68,38,62,48,8,12,15,5,5,5,88,25,18,65,22,35
93,75,80,30,70,22,15,35,60,90,50,80,65,85,90,20,30,35,85,70,85,50,60,95,5,10,15,5,5,20,0,20,60,30,40
94,68,62,45,70,32,88,48,65,72,58,67,52,78,18,35,28,18,62,70,55,62,48,5,8,10,3,4,2,92,12,22,68,25,42
95,75,55,35,70,72,15,45,50,85,40,80,65,60,35,25,30,25,65,75,50,65,55,5,5,5,5,5,5,90,20,25,60,20,40
96,65,45,40,70,55,85,45,60,50,45,55,50,50,25,35,65,15,45,70,30,65,55,5,5,5,0,0,0,95,10,25,60,25,45
97,72,78,28,68,32,12,22,58,88,62,72,55,82,85,18,22,18,42,70,80,52,48,5,5,8,5,5,5,92,25,22,62,18,38
98,75,85,20,50,8,35,55,60,70,45,65,55,70,10,25,20,20,30,75,90,50,50,15,10,35,5,10,5,65,20,30,35,30,40
99,65,70,45,75,35,85,45,55,85,40,75,50,75,15,55,25,25,85,70,65,60,50,5,10,15,0,5,0,90,30,25,65,20,40
100,72,78,28,68,32,12,22,58,92,48,82,70,76,62,18,38,22,58,75,82,62,72,3,4,8,3,7,2,88,15,22,55,12,48
101,72,55,35,62,58,18,42,58,82,48,72,52,68,42,22,38,22,28,68,58,62,55,8,6,12,5,6,5,82,35,28,48,22,62
102,65,45,35,70,75,20,55,60,55,40,50,45,75,35,25,30,25,60,65,40,55,50,5,5,10,5,5,5,90,20,25,55,35,30
103,72,78,28,68,24,18,22,58,82,62,74,55,68,52,18,22,18,72,68,82,52,55,5,5,8,5,5,5,92,15,28,48,22,42
104,65,55,45,60,38,85,48,65,55,40,50,55,70,15,50,35,20,65,75,40,55,50,5,10,10,0,5,0,95,20,25,60,25,75
105,72,82,38,68,38,12,32,52,88,68,82,65,88,72,28,18,48,82,75,78,58,55,8,12,68,8,12,18,32,22,28,62,35,42
106,75,85,30,70,22,5,25,60,95,40,85,65,80,85,15,10,15,25,75,90,55,50,0,5,10,0,0,0,95,20,15,70,25,35
107,72,65,45,68,58,22,48,42,82,55,75,68,78,38,28,18,62,58,72,48,55,58,8,18,72,12,28,38,32,22,25,62,18,32
108,68,75,35,70,25,12,25,55,35,45,50,60,82,92,25,18,48,82,72,78,55,60,78,12,22,35,15,8,15,30,25,55,22,40
109,72,82,35,68,27,12,22,48,88,45,75,62,80,92,18,12,58,88,72,78,48,52,68,45,28,12,10,8,22,25,22,58,32,38
110,80,75,20,60,15,15,45,70,95,60,85,70,65,35,10,20,25,45,85,90,50,50,10,10,15,5,5,5,85,20,20,10,30,40
111,75,55,35,80,65,15,45,50,85,40,70,55,75,10,25,45,35,85,75,60,55,60,95,5,10,5,5,5,10,30,25,65,20,35
112,68,82,25,62,22,8,18,45,92,38,85,55,88,95,15,12,22,65,72,88,55,48,25,12,35,8,10,5,75,28,18,62,22,40
113,62,58,42,68,22,78,28,48,72,38,65,55,60,32,38,52,22,82,68,68,52,55,8,45,28,5,5,5,65,18,42,48,25,42
114,85,90,20,65,8,15,55,50,45,40,55,75,70,25,15,10,35,85,80,95,40,50,15,20,40,10,10,5,70,30,40,10,25,35
115,62,68,42,65,28,82,32,58,52,38,55,48,48,18,42,28,22,78,68,62,55,52,8,12,15,5,5,5,88,25,32,52,18,38
116,68,45,52,72,78,88,48,65,58,42,50,55,78,15,38,28,38,72,65,25,62,48,92,8,12,10,8,5,18,22,25,58,20,35
117,72,62,48,78,52,88,48,68,62,45,58,52,82,18,38,28,22,78,68,42,62,48,8,12,12,6,6,6,88,22,28,72,22,38
118,65,55,45,70,38,85,45,55,50,40,50,50,75,15,40,35,70,85,65,35,55,50,10,25,35,10,10,75,20,20,35,60,15,40
119,72,78,28,68,27,8,20,48,88,38,72,52,82,58,18,12,38,82,68,82,48,62,88,8,18,12,8,8,28,22,28,58,22,38
120,55,45,40,50,22,65,25,35,15,25,35,65,45,5,45,35,8,5,55,40,60,50,0,0,0,0,0,0,95,0,35,45,15,35
121,65,60,45,68,22,88,38,72,62,48,65,55,58,18,52,42,22,82,70,68,60,50,8,12,25,5,5,5,88,25,28,58,20,72
122,65,75,45,70,25,90,25,55,35,50,50,60,85,15,40,25,15,85,75,70,60,55,5,10,15,5,5,5,90,30,25,65,20,45
123,65,45,55,70,75,95,50,55,35,40,45,50,65,60,40,25,25,35,60,20,70,55,5,15,20,5,5,5,85,10,25,60,30,40
124,65,60,45,70,28,85,35,50,40,35,50,55,50,45,50,55,20,75,65,55,60,55,5,5,10,0,0,0,95,25,25,55,15,70
125,65,45,70,75,65,85,45,50,25,35,40,55,80,15,50,20,65,75,70,25,60,45,70,40,15,10,10,15,20,20,25,65,20,30
126,65,45,70,60,55,95,55,50,60,40,55,65,75,5,45,15,65,80,70,25,60,45,5,75,55,10,10,5,35,20,15,60,10,85
127,78,85,22,55,8,12,38,62,68,48,58,52,72,58,18,12,18,28,65,88,55,50,5,8,12,5,5,5,88,5,15,8,25,55
128,68,82,35,62,38,18,42,55,88,48,78,65,85,62,22,12,58,72,72,78,55,52,8,12,55,10,6,5,68,0,22,60,28,38
129,75,85,40,60,15,75,40,60,90,50,80,70,60,20,30,20,55,75,80,95,50,50,10,30,65,20,20,20,40,0,20,30,40,60
130,65,50,60,65,65,95,45,70,40,30,55,40,60,10,50,30,25,85,70,30,60,40,5,10,10,5,5,5,90,20,15,55,20,80
131,68,72,35,62,28,15,32,55,85,48,75,52,68,88,22,18,22,65,60,78,58,52,8,12,18,5,6,5,82,25,28,55,20,82
132,65,50,55,60,60,85,45,55,55,40,50,45,70,5,35,25,25,65,65,35,60,45,5,10,10,5,5,5,85,20,25,55,15,40
133,72,78,28,68,22,12,22,62,82,58,68,52,82,78,18,22,18,42,72,82,52,48,3,4,8,0,0,0,92,25,22,58,18,42
134,55,45,65,60,55,95,45,50,25,40,35,50,70,15,45,20,65,85,70,20,55,45,5,60,40,10,5,0,30,30,25,65,35,40
135,65,55,45,60,45,90,55,50,65,40,55,50,45,20,35,40,25,65,70,45,55,60,5,10,15,5,5,5,85,30,25,55,25,40
136,82,78,18,68,12,8,22,62,88,72,78,68,58,78,12,12,18,72,72,88,52,48,6,4,12,4,6,2,88,22,35,8,55,48
137,68,72,35,62,28,18,25,55,75,48,65,52,70,35,28,22,55,82,68,78,42,58,12,25,68,15,10,8,35,20,32,50,18,45
138,68,62,58,72,52,88,48,75,55,45,52,48,82,12,38,22,18,65,68,35,72,48,5,8,10,5,5,5,92,15,18,70,12,28
139,65,70,35,60,28,15,25,55,35,45,50,60,75,45,25,20,15,75,55,68,55,60,5,10,15,5,5,5,85,20,25,50,20,35
140,72,58,48,78,52,88,48,55,68,42,62,50,82,8,38,28,42,82,72,42,58,50,28,32,58,12,12,8,48,30,22,68,25,32
141,72,68,42,70,48,82,48,58,88,38,82,55,78,28,32,45,32,82,72,62,52,48,38,18,32,22,18,12,68,22,28,68,22,42
142,75,80,25,70,30,15,25,55,90,65,80,50,85,55,15,10,15,25,75,80,60,55,5,5,10,5,5,5,95,20,25,65,20,40
143,75,65,35,70,55,15,45,60,85,50,80,55,75,45,25,20,25,65,75,60,55,50,5,5,10,5,5,5,90,30,20,65,35,40
144,62,48,42,68,52,88,48,72,55,38,50,45,58,12,35,52,18,62,60,28,65,48,5,8,10,3,5,5,92,15,22,52,12,38
145,65,60,55,65,42,88,48,55,78,40,72,62,68,12,35,38,18,88,62,42,68,58,5,8,12,3,5,3,92,25,22,58,18,45
146,65,55,45,60,65,85,45,70,60,40,65,50,60,15,55,30,25,85,70,40,55,50,10,15,20,5,5,5,90,20,25,60,20,55
147,65,45,55,70,72,85,55,60,35,50,45,55,75,15,40,35,25,40,65,25,60,40,5,10,10,5,5,5,85,30,20,55,35,40
148,68,62,45,72,52,92,28,58,65,48,60,42,55,8,38,22,18,82,70,35,55,48,5,12,15,3,4,2,92,25,18,62,12,75
149,65,35,70,75,82,95,55,50,25,45,40,55,65,15,45,55,15,40,70,20,75,35,5,10,10,5,5,5,90,20,25,60,30,45
150,68,72,35,62,28,15,35,45,82,48,75,60,78,55,25,38,45,85,72,70,42,65,15,55,25,10,12,8,35,20,25,55,22,40
151,68,52,45,70,65,88,55,75,62,48,60,50,72,15,35,45,25,75,68,28,70,55,5,10,15,5,5,5,90,20,25,65,30,55
152,75,85,20,65,8,75,35,60,90,50,70,55,65,10,25,20,15,35,80,95,55,50,5,10,10,5,5,5,90,30,20,10,40,50
153,75,70,35,75,45,15,45,55,85,40,80,65,80,55,25,35,25,85,70,75,60,55,10,15,20,5,5,5,85,20,25,65,30,40
154,65,50,45,70,50,85,35,55,65,40,60,50,70,15,35,25,25,75,75,35,55,50,5,10,15,5,5,5,85,30,20,55,15,40
155,65,75,25,60,28,5,25,45,65,35,55,50,80,85,20,15,15,65,70,80,55,50,0,5,10,0,0,0,85,20,25,60,10,40
156,68,52,45,72,48,88,52,65,62,48,58,45,68,12,38,55,22,82,65,38,55,48,8,12,18,5,5,5,82,15,22,58,12,55
157,75,80,20,55,8,25,45,60,65,50,55,45,70,25,15,35,12,18,70,85,55,50,5,5,8,5,5,5,88,20,25,10,40,45
158,65,45,40,70,55,15,60,50,70,40,55,45,75,35,30,55,25,75,60,50,60,55,5,5,10,5,5,5,90,20,25,50,40,45
159,62,68,52,58,38,88,32,55,60,48,58,42,42,18,48,28,58,88,68,52,52,48,5,38,28,8,8,5,72,22,18,58,22,78
160,62,42,68,65,70,90,52,58,28,48,38,55,42,8,42,22,22,35,72,18,58,48,5,12,8,5,5,5,88,25,22,52,15,55
161,72,78,28,68,24,12,32,52,88,48,72,62,82,92,18,38,18,42,68,82,58,55,5,5,8,5,5,5,92,25,22,48,12,35
162,62,58,45,68,42,88,28,55,32,48,42,38,72,18,35,25,18,42,65,48,68,52,0,5,8,0,0,0,92,22,18,58,15,45
163,62,42,58,68,67,93,52,48,28,38,42,52,62,8,48,38,60,75,65,18,52,48,22,72,28,12,15,12,38,5,28,52,22,35
164,65,75,25,55,15,65,25,60,35,45,50,55,40,35,20,40,15,45,70,85,50,50,5,5,10,5,5,5,85,30,20,10,25,45
165,68,62,35,72,48,8,45,55,82,40,75,50,78,55,25,15,18,72,60,58,45,65,5,8,15,3,5,3,90,10,25,55,20,35
166,70,65,30,60,25,25,35,50,85,40,75,55,60,10,20,30,15,85,70,75,50,50,5,10,20,5,5,5,85,40,40,55,30,80
167,65,45,55,75,60,85,45,55,25,35,40,50,70,15,45,35,15,55,65,20,65,50,5,5,10,0,0,0,90,10,25,60,20,25
168,70,75,30,65,25,15,35,60,95,50,85,70,80,65,20,10,25,85,70,90,50,60,95,5,10,20,5,5,10,0,20,60,30,40
169,62,48,38,58,52,18,48,55,52,42,50,45,68,62,32,22,22,58,58,45,52,48,5,8,12,5,5,5,88,15,28,48,28,55
170,72,65,38,68,52,18,52,58,82,55,72,62,78,42,22,18,68,90,68,58,42,52,12,8,72,18,38,22,28,35,22,62,28,42
171,55,45,40,65,55,25,45,50,65,40,60,55,70,15,35,55,25,85,60,50,45,55,85,10,15,10,10,5,20,30,45,50,25,45
172,65,70,35,60,20,85,25,55,65,45,55,50,60,15,45,35,45,85,70,80,40,50,25,15,55,20,25,15,50,30,25,40,20,60
173,68,52,35,72,48,18,42,55,62,38,50,45,75,8,42,55,35,92,68,58,48,62,88,5,8,12,5,5,15,30,25,55,22,35
174,75,80,25,65,15,15,35,55,85,60,75,65,55,45,20,25,25,75,70,90,45,50,25,15,55,10,20,10,50,30,40,10,35,60
175,65,75,45,70,28,15,25,50,30,40,45,55,80,45,50,20,20,40,70,70,60,50,10,10,15,5,5,5,90,25,35,60,20,40
176,75,80,25,70,28,8,25,55,92,65,85,60,85,55,15,20,35,95,75,88,45,65,98,5,10,8,5,3,15,20,15,55,10,25
177,65,55,60,70,68,92,45,55,35,25,50,60,75,15,40,25,18,65,75,30,70,45,5,15,10,0,5,0,95,10,25,65,15,40
178,68,82,35,72,28,12,38,55,78,48,65,62,88,25,28,18,58,88,82,85,55,52,35,62,42,12,8,15,18,5,22,60,38,45
179,68,62,55,72,58,12,48,42,58,45,55,68,78,8,32,18,88,95,65,48,38,62,5,5,8,12,8,92,5,5,28,58,42,38
180,65,70,35,68,28,15,25,45,40,35,50,55,72,35,45,20,22,88,62,68,58,62,8,18,12,5,5,5,88,20,38,52,18,42
181,72,65,38,68,42,28,38,55,88,48,78,58,72,32,22,38,18,82,68,72,52,62,8,12,18,6,8,6,82,35,42,62,22,42
182,55,50,65,60,35,85,35,45,25,40,50,60,45,15,45,25,45,85,55,35,55,50,5,70,25,5,10,5,60,20,25,50,30,65
183,55,60,45,50,28,85,30,45,35,40,50,55,65,15,40,20,55,90,65,60,45,50,10,65,55,10,10,10,35,20,25,50,25,40
184,68,62,38,72,38,22,48,55,82,45,68,58,78,18,32,22,58,88,72,65,55,52,88,12,18,15,10,8,12,25,28,62,18,35
185,68,72,35,65,38,18,32,48,65,42,60,55,78,35,28,22,42,68,72,70,52,58,55,15,48,25,18,12,38,35,28,62,25,45
186,68,52,35,72,28,82,35,65,60,55,48,42,78,15,25,55,25,45,75,48,55,50,5,5,10,0,0,0,85,20,25,62,15,35
187,65,70,55,60,28,85,45,55,85,60,75,50,75,5,25,15,55,85,70,65,50,55,10,45,65,15,20,15,40,30,20,65,25,80
188,68,78,28,72,23,18,22,48,72,42,62,52,82,92,18,22,38,62,68,82,48,52,88,8,12,18,5,5,22,8,28,58,12,38
189,68,52,45,78,62,88,42,55,82,48,72,50,75,18,35,42,22,38,70,32,68,58,5,8,10,3,5,5,88,25,22,62,25,38
190,65,55,45,60,50,85,45,55,70,50,65,50,75,10,35,25,20,80,70,40,55,50,5,5,10,5,5,5,90,20,20,60,25,40
191,72,65,38,70,40,22,48,58,85,45,72,62,80,18,28,22,22,62,75,70,58,62,8,10,12,5,5,5,90,28,42,65,18,38
192,68,52,38,72,58,92,42,65,82,48,68,45,70,12,28,62,18,68,72,38,55,52,0,5,8,0,0,0,92,0,22,58,25,35
193,62,48,52,68,62,38,42,35,32,28,48,58,65,78,42,28,22,82,58,38,52,72,3,8,12,2,4,0,88,12,68,45,18,32
194,75,80,25,65,15,80,25,55,90,45,75,60,50,10,20,30,60,95,70,85,40,50,85,10,25,35,15,10,20,30,20,15,25,85
195,68,58,42,62,38,88,48,72,78,65,68,52,72,18,38,52,22,62,72,52,58,48,3,8,12,2,4,0,88,35,22,62,18,45
196,55,50,65,55,42,92,48,52,28,38,42,58,48,12,45,32,68,88,68,38,45,48,8,35,72,18,15,12,22,5,22,52,28,42
197,60,40,45,70,55,85,50,55,25,45,30,65,60,75,35,70,20,80,55,25,60,65,5,10,10,0,5,0,90,20,25,50,10,25
198,72,68,32,62,58,18,48,55,88,52,78,58,78,38,22,18,22,42,72,72,58,55,5,5,8,0,3,0,92,25,28,62,28,42
199,72,78,32,68,27,18,38,52,88,48,72,58,82,42,22,18,22,82,70,82,52,58,8,12,18,6,6,6,88,28,22,62,32,38
200,55,35,60,50,55,85,50,45,25,40,40,65,25,35,45,30,30,70,55,20,35,45,5,15,20,5,10,5,85,20,25,40,15,75
201,72,58,42,68,58,88,48,62,68,52,62,48,72,18,28,22,62,88,72,42,52,48,82,12,8,5,5,5,8,25,22,62,32,38
202,68,62,35,72,55,15,45,58,75,62,68,52,78,25,22,28,18,65,72,68,55,52,8,5,12,5,5,5,92,25,35,65,40,48
203,62,68,48,65,32,88,45,58,42,52,47,55,62,12,58,28,22,65,72,48,60,48,5,12,15,3,5,3,88,25,22,58,18,52
204,55,62,38,58,22,82,28,48,42,45,48,72,32,78,22,58,18,82,62,68,52,55,5,12,22,5,5,5,88,28,32,48,12,42
205,65,55,45,70,40,85,45,60,60,40,55,50,75,15,35,50,25,85,70,50,55,50,55,15,20,10,10,5,60,30,25,65,20,50
206,68,62,35,58,42,18,48,55,82,52,72,48,70,38,22,28,22,68,65,60,45,52,8,6,12,5,7,5,88,25,32,58,18,35
207,68,82,25,62,22,12,18,48,55,52,60,72,78,38,22,12,15,58,65,85,55,52,5,8,12,5,5,5,88,25,18,58,10,42
208,65,45,55,60,55,85,45,50,70,40,65,55,40,20,45,55,45,75,70,35,50,55,65,20,50,30,25,10,40,10,25,50,20,85
209,68,78,25,62,22,15,18,55,72,48,65,52,82,55,18,12,22,45,70,82,58,52,8,5,12,5,5,5,88,20,22,60,15,45
210,65,55,45,60,35,85,35,60,55,65,60,50,45,15,40,25,35,75,70,50,55,50,10,25,30,5,5,5,75,30,20,60,15,75
211,72,82,35,68,38,12,42,55,88,48,75,62,78,65,28,18,58,78,72,80,45,62,8,72,58,15,12,5,35,0,22,60,38,48
212,62,48,42,58,48,88,32,55,52,38,50,45,58,35,48,28,18,62,65,38,55,52,0,5,8,0,0,0,92,12,22,48,18,58
213,68,72,35,62,38,18,48,55,88,60,78,65,75,72,22,28,42,82,70,75,48,58,12,28,65,15,10,18,35,22,32,68,25,45
214,68,62,22,58,18,12,28,55,65,48,52,42,45,55,25,38,15,25,62,78,52,48,8,6,10,5,7,5,88,25,15,22,18,40
215,65,55,45,60,48,88,62,52,78,58,72,55,60,25,42,48,18,82,68,48,62,52,5,12,18,5,8,5,92,35,22,58,25,38
216,68,82,35,62,27,12,22,48,92,38,88,72,85,68,18,8,14,62,78,86,55,72,4,5,8,3,4,3,92,8,35,58,25,35
217,75,80,25,70,22,15,25,55,95,65,85,60,75,35,15,45,15,45,80,90,55,60,5,5,10,5,5,5,90,20,25,65,20,75
218,75,85,20,65,8,80,35,55,90,45,70,60,75,15,25,30,18,40,80,95,55,50,8,10,12,8,10,8,85,25,40,10,20,45
219,68,78,25,72,28,15,22,45,88,35,75,65,82,92,18,22,12,45,70,85,55,60,8,5,12,5,5,5,88,25,28,62,20,48
220,55,50,40,60,28,25,45,50,35,45,45,50,60,35,40,45,25,85,55,50,50,60,10,10,20,5,5,5,80,20,45,50,20,40
221,65,70,25,60,28,15,35,45,95,55,85,75,65,75,15,35,45,85,70,80,40,65,75,10,25,60,20,5,15,20,25,55,20,50
222,65,78,35,68,28,15,22,52,42,38,48,55,82,92,25,12,18,85,72,75,58,52,8,12,18,5,5,5,88,20,28,55,10,40
223,68,52,38,72,62,18,52,58,48,55,42,50,68,35,22,38,18,72,62,38,55,52,0,0,0,0,0,0,92,20,25,58,28,32
224,68,82,25,72,22,15,25,45,55,50,60,65,88,75,20,15,18,35,75,80,55,50,8,12,15,5,5,5,92,20,25,65,35,30
225,68,62,35,70,52,15,48,55,72,45,65,50,78,55,38,22,25,65,68,58,62,55,8,10,12,5,5,5,85,30,25,65,35,40
226,85,90,20,60,8,15,35,55,75,45,65,50,50,40,15,10,10,35,80,95,60,50,5,5,10,5,5,5,90,30,10,25,20,50
227,68,62,42,71,48,28,38,55,64,52,59,57,73,42,33,27,18,68,69,58,62,54,6,7,9,4,5,4,88,31,38,66,41,48
228,75,80,35,70,35,15,25,55,90,45,85,60,85,45,25,15,20,65,75,85,55,60,5,5,10,5,5,5,90,20,25,70,10,30
229,62,48,38,58,62,18,52,45,32,38,48,58,68,62,22,28,88,92,52,35,38,58,5,8,12,18,10,92,8,15,28,48,42,40
230,68,62,45,72,38,88,48,65,78,55,70,52,68,12,38,25,22,82,72,48,58,52,5,12,18,3,4,2,88,25,22,62,15,42
231,72,68,28,62,24,12,38,58,78,42,72,48,68,42,22,38,18,28,72,82,52,58,5,5,8,5,5,5,88,18,22,48,12,42
232,65,75,25,55,8,55,35,50,40,45,50,55,60,25,20,35,45,85,70,85,40,50,75,10,25,35,15,10,20,0,30,15,35,45
233,68,52,62,74,68,92,48,58,62,42,55,58,72,12,48,38,18,55,68,28,72,52,5,12,12,5,5,5,88,22,22,62,32,38
234,68,52,42,72,62,82,48,58,63,38,55,50,70,35,48,52,38,88,68,32,58,52,92,8,12,6,5,5,12,22,25,62,12,28
235,75,85,20,65,15,15,25,60,85,50,70,55,75,45,25,35,25,65,80,90,55,50,85,10,15,10,10,5,20,30,25,10,30,60
236,65,60,50,70,50,85,45,55,50,45,55,60,75,25,55,25,25,75,70,40,60,50,5,10,15,0,5,0,85,20,25,65,30,50
237,65,55,35,60,55,25,45,50,85,40,75,45,70,15,25,35,15,25,70,60,55,50,5,5,10,5,5,5,85,30,40,60,20,55
238,72,58,38,68,58,18,48,62,72,52,65,48,78,68,28,22,22,62,68,52,55,50,8,12,18,5,5,5,88,25,28,58,42,42
239,68,72,25,65,32,15,22,48,88,52,75,58,78,55,18,35,18,62,72,78,55,60,5,5,8,5,5,5,92,25,22,62,20,38
240,65,55,45,60,38,88,48,52,58,42,55,48,62,12,42,22,62,88,68,40,48,52,8,35,45,15,12,55,28,18,22,58,12,42
241,68,62,35,72,52,18,48,65,82,45,75,58,78,72,25,22,22,68,70,58,55,60,8,12,18,5,5,5,85,25,28,62,20,35
242,72,62,35,68,68,18,52,58,82,55,72,48,78,42,22,18,22,62,68,52,58,52,5,5,8,0,5,0,88,22,25,62,32,55
243,75,80,20,65,15,15,35,50,90,45,75,65,70,55,10,15,25,85,70,95,55,50,10,15,25,10,10,5,75,30,20,20,40,45
244,75,80,25,70,28,15,35,55,95,65,85,75,85,45,15,35,25,65,80,90,55,60,5,10,25,5,5,5,85,20,25,70,20,50
245,72,68,32,62,27,18,22,52,82,42,72,48,78,58,22,32,18,62,68,78,52,58,8,6,12,6,6,6,92,22,28,55,18,38
246,68,62,35,72,28,12,22,48,58,45,52,50,78,38,28,42,18,88,65,68,55,52,92,8,12,6,5,4,22,25,22,58,18,28
247,72,80,30,65,25,15,25,55,90,60,70,65,78,55,20,20,38,82,70,85,48,50,92,8,10,12,8,5,22,20,22,62,12,45
248,68,52,45,70,52,88,32,65,82,75,78,48,72,25,35,42,18,62,75,38,55,50,5,8,12,3,5,2,92,25,22,62,28,45
249,75,80,25,70,28,15,25,55,85,65,80,70,85,65,20,25,20,45,75,85,55,60,5,5,10,5,5,5,90,30,25,65,20,50
250,68,72,25,65,42,18,48,55,92,62,85,68,75,38,22,35,22,58,72,78,55,68,8,6,12,5,4,3,88,25,28,62,18,82
251,65,60,35,70,25,75,25,55,85,65,70,60,55,85,25,45,15,45,75,65,55,65,5,5,10,5,5,5,90,20,25,60,15,50
252,75,65,25,55,18,8,25,45,75,40,65,60,80,85,15,20,20,55,70,85,55,50,5,5,15,5,5,5,90,30,25,20,10,40
253,68,42,58,72,78,95,52,65,48,55,50,52,62,18,38,58,18,35,65,28,72,55,0,8,5,0,2,0,92,12,25,58,35,48
254,65,55,45,70,65,85,35,40,80,50,75,70,55,45,25,60,15,45,75,50,65,55,5,10,15,5,5,5,85,20,45,60,25,35
255,65,70,45,68,22,88,28,55,52,40,58,50,72,8,32,18,38,92,68,72,48,52,94,6,12,18,5,4,8,22,38,62,18,45
256,68,75,42,62,22,78,28,55,88,45,82,58,48,38,25,52,18,42,72,80,62,48,5,8,12,5,6,5,88,35,22,58,28,75
257,85,90,20,65,10,75,45,55,75,50,60,70,85,15,25,15,45,85,80,95,60,50,25,35,45,25,20,15,40,30,30,40,35,50
258,72,58,32,78,52,18,48,62,68,48,62,52,72,42,28,58,22,62,72,52,58,55,5,5,8,5,5,5,92,18,28,62,22,28
259,68,82,25,72,28,15,22,45,55,35,60,70,85,45,15,10,25,65,75,80,55,50,85,10,15,10,5,5,20,30,25,60,15,40
260,75,80,35,70,30,15,25,45,95,40,85,65,80,55,15,10,55,85,75,85,50,65,5,10,85,25,15,5,20,30,25,70,20,60
261,75,80,25,70,25,15,35,55,85,45,75,60,80,85,20,30,20,45,75,85,55,50,5,5,10,0,5,0,90,20,35,65,40,50
262,72,65,35,55,18,85,45,60,55,40,50,45,65,15,25,35,25,75,70,80,55,50,5,10,15,5,5,5,90,30,10,40,15,45
263,72,68,35,70,22,88,28,55,88,48,78,62,72,8,25,38,42,88,75,82,45,52,95,5,12,18,6,4,8,15,22,38,28,48
264,72,68,28,62,18,12,22,52,82,42,72,48,75,62,18,18,18,42,68,88,52,48,8,8,12,5,5,5,82,28,22,38,22,42
265,65,60,45,75,25,85,30,55,50,45,50,50,70,35,40,60,25,90,65,55,45,55,95,5,5,5,5,5,10,20,25,60,15,35
266,75,65,35,60,25,25,30,55,85,50,80,60,45,15,25,45,25,65,70,75,50,55,10,15,25,5,5,5,85,40,55,65,20,75
267,65,60,25,60,18,8,45,55,70,50,60,50,45,25,20,45,15,45,65,75,55,50,5,5,10,5,5,5,90,20,15,25,35,55
268,62,78,38,68,37,8,22,52,42,65,48,70,82,75,28,18,22,88,72,72,58,55,5,12,18,6,5,5,88,5,22,52,28,38
269,68,72,35,65,28,15,25,55,88,50,75,45,78,55,22,32,18,62,70,78,48,55,8,6,12,5,5,5,88,20,28,62,25,40
270,45,60,65,55,25,85,30,55,35,50,50,45,55,15,70,25,20,40,65,50,55,45,0,5,5,0,0,0,90,20,15,50,20,75
271,75,80,35,70,30,5,25,55,90,45,85,70,85,75,20,10,15,25,75,85,65,55,0,5,5,0,0,0,95,20,15,75,10,40
272,65,40,70,55,65,95,55,75,45,50,50,55,45,10,55,25,25,70,75,20,35,25,5,10,10,5,5,5,90,20,15,50,30,65
273,75,68,25,72,32,18,48,62,92,55,85,58,78,55,22,45,22,65,70,78,58,52,8,12,15,5,5,5,88,20,28,62,18,38
274,68,52,45,72,58,88,52,55,62,35,58,48,78,8,38,42,35,85,72,28,62,48,92,12,15,8,10,5,18,22,25,68,12,45
275,65,55,45,60,28,85,45,50,75,40,65,55,70,15,35,40,65,85,70,60,45,55,70,30,20,10,15,25,20,25,35,50,30,40
276,65,45,55,80,38,92,35,60,35,40,45,50,85,15,55,65,25,85,70,30,75,50,10,15,10,5,5,5,90,20,25,65,10,25
277,68,72,55,70,28,82,32,58,52,42,48,55,78,18,48,22,22,62,68,62,58,52,8,12,18,5,5,5,88,25,32,62,18,38
278,72,48,38,68,68,18,32,55,52,42,48,45,70,52,28,38,18,42,62,38,62,58,5,5,8,0,5,0,88,22,32,52,28,42
279,65,55,70,68,55,95,35,60,35,45,50,55,65,15,45,25,25,85,75,30,65,45,5,10,15,5,5,5,90,20,25,60,15,55
280,75,65,35,70,55,15,45,55,90,40,75,50,85,25,15,20,25,65,70,55,60,55,5,5,10,0,0,0,95,20,25,65,30,35
281,68,82,25,70,22,8,22,45,55,40,52,65,88,78,18,12,38,92,72,78,55,48,85,8,25,35,10,5,18,30,15,62,28,35
282,65,55,45,70,48,18,35,55,25,40,45,50,75,8,35,25,18,62,68,48,55,62,5,8,12,5,5,5,85,30,45,52,22,38
283,65,45,55,70,62,88,48,62,38,42,45,50,82,12,42,22,22,65,68,28,72,38,5,8,8,5,5,5,88,22,18,68,22,28
284,68,62,35,58,22,18,25,48,82,42,72,55,65,12,28,38,22,88,70,75,45,52,8,12,35,5,6,5,78,10,32,48,12,38
285,65,85,20,70,18,5,25,60,35,50,40,55,80,55,25,15,15,10,70,90,75,60,0,0,5,0,0,0,95,20,30,50,40,30
286,72,68,35,65,18,88,22,62,88,68,78,52,58,8,22,32,18,82,72,82,48,50,5,8,12,5,5,5,92,28,12,38,25,65
287,62,48,68,72,58,92,52,65,28,55,38,42,68,12,58,48,22,78,65,25,62,35,5,12,8,3,4,3,88,18,22,58,15,35
288,65,70,60,75,35,85,40,50,55,40,60,55,80,10,40,30,25,85,70,65,60,50,10,40,30,10,10,5,70,0,20,65,30,40
289,68,72,25,62,22,8,28,45,78,38,65,55,75,55,18,12,58,88,70,74,42,55,75,35,22,8,6,5,12,15,18,58,10,48
290,65,45,55,70,72,95,55,60,35,40,50,55,75,5,45,55,20,15,65,25,65,50,5,10,10,5,5,5,85,20,35,60,15,55
291,68,52,42,63,38,88,48,55,78,45,72,62,58,82,28,58,18,72,65,48,55,62,5,8,12,5,6,5,92,22,25,48,18,58
292,72,62,35,68,58,18,38,55,82,48,72,52,78,42,22,25,22,32,68,58,62,58,3,4,8,2,4,0,92,25,28,62,28,52
293,68,52,45,72,55,88,48,65,62,45,58,50,60,15,40,25,25,75,68,38,55,50,8,12,18,5,5,5,85,20,22,62,25,45
294,68,72,35,62,22,12,32,38,78,45,70,82,65,88,28,42,22,75,68,80,48,72,58,8,18,12,10,5,65,5,38,52,18,35
295,72,58,42,68,38,88,48,65,82,52,70,48,78,12,28,38,22,62,68,52,62,48,3,8,12,4,5,4,92,18,18,62,28,42
296,68,62,42,71,32,82,38,55,88,45,79,58,76,12,35,48,38,88,72,68,55,52,85,12,18,15,10,8,28,22,28,62,18,42
297,75,68,35,62,28,25,45,48,92,42,85,65,72,12,22,38,22,88,70,78,52,55,25,12,35,8,10,5,68,30,42,65,18,40
298,78,72,22,58,12,18,38,52,58,45,48,42,68,88,28,22,32,95,62,85,38,50,95,5,8,12,8,5,12,5,15,8,25,35
299,65,45,40,70,62,18,55,58,32,48,42,52,68,28,38,48,38,72,62,38,52,58,12,22,68,8,18,6,42,5,28,55,22,28
300,62,48,68,65,62,92,42,55,45,38,52,48,68,12,58,22,48,72,65,28,55,48,8,42,28,12,6,5,68,5,18,58,22,38
301,72,78,48,68,30,92,38,52,88,42,82,62,70,12,38,22,38,88,72,68,58,48,8,42,28,5,5,5,72,18,22,62,25,68
302,62,38,68,72,68,94,58,55,52,35,58,48,72,22,48,28,18,78,65,18,68,52,5,8,12,5,6,5,92,22,18,58,28,55
303,65,75,35,60,28,15,35,50,90,55,80,60,70,40,20,30,25,65,70,85,50,60,85,10,15,10,10,5,25,40,20,55,30,40
304,70,45,35,75,80,10,55,60,85,50,70,55,75,35,20,30,15,25,70,45,60,50,5,5,10,5,5,5,90,20,30,60,40,40
305,65,75,20,60,25,15,30,20,55,40,60,70,85,10,30,40,15,25,70,85,50,60,85,10,15,10,10,5,40,0,40,50,20,30
306,65,50,45,70,55,85,50,45,60,40,55,65,70,25,35,50,55,85,65,40,50,55,5,75,45,5,5,5,25,10,20,55,15,40
307,72,82,35,62,22,18,28,48,85,42,78,65,82,92,28,18,38,82,68,88,52,55,42,12,55,22,15,8,40,25,22,58,22,38
308,68,62,35,58,52,18,48,45,88,42,72,55,58,8,28,22,62,85,65,60,38,65,8,12,68,10,25,15,28,20,48,55,18,42
309,70,40,60,75,80,95,55,60,40,50,50,55,65,15,40,50,15,10,70,30,65,50,5,5,10,5,5,5,90,20,20,55,40,80
310,68,42,62,74,82,96,68,48,28,38,45,58,78,8,42,32,88,65,72,18,58,52,2,4,8,6,5,94,2,0,22,62,38,28
311,68,62,35,72,38,22,48,55,72,50,65,58,70,68,28,42,25,65,68,60,52,58,8,12,18,5,6,5,82,25,32,55,22,35
312,65,80,25,70,22,8,18,45,88,35,78,55,82,35,15,18,28,88,72,85,55,50,95,5,8,10,5,3,15,20,25,60,12,25
313,68,62,45,67,38,88,48,65,82,52,72,58,62,18,42,28,38,82,70,48,58,52,5,15,22,3,4,3,78,35,22,55,25,40
314,68,62,65,72,58,92,42,55,52,38,58,48,78,12,42,28,18,82,68,38,65,48,8,12,18,6,7,5,88,22,18,62,32,38
315,65,75,60,70,35,85,40,60,75,50,70,55,85,15,40,30,25,85,70,65,70,55,10,15,20,5,5,5,90,20,25,65,40,50
316,68,72,35,62,32,18,48,65,88,70,82,60,80,55,22,18,42,62,72,78,55,52,8,12,45,5,6,5,68,15,28,58,20,48
317,75,65,25,60,15,75,35,55,55,40,50,45,45,15,20,25,55,85,70,80,40,50,25,65,45,15,20,10,20,30,40,20,25,60
318,68,62,35,72,52,12,42,58,55,48,52,45,78,88,28,18,42,95,62,58,48,62,95,5,12,18,5,5,8,22,28,55,38,42
319,75,85,20,55,8,25,35,65,50,45,55,60,70,15,15,20,22,88,78,92,48,50,12,18,35,8,10,5,72,25,28,35,45,40
320,65,75,25,60,22,15,25,45,85,40,70,55,80,55,15,20,35,85,75,85,40,50,95,5,10,5,5,5,10,10,15,50,10,60
321,75,35,65,80,85,90,45,70,25,40,35,55,85,15,45,55,15,10,70,15,75,25,5,5,5,0,0,0,95,10,20,65,40,20
322,55,45,70,50,42,85,48,25,28,22,45,82,58,15,38,32,52,78,68,25,48,52,18,25,62,22,55,12,35,12,38,45,35,58
323,65,55,60,60,65,95,45,55,75,40,70,50,70,15,35,25,55,75,65,35,50,50,10,45,65,20,25,10,30,20,25,60,30,55
324,75,65,35,70,55,15,45,60,85,50,80,55,70,10,25,35,25,65,75,70,55,60,5,5,10,5,5,5,85,20,25,65,20,75
325,75,82,35,78,22,12,25,55,88,48,72,62,85,92,18,22,38,88,68,84,52,55,94,8,12,6,5,5,18,25,22,65,32,42
326,68,52,45,78,68,92,52,72,58,48,55,50,82,18,42,62,15,65,72,32,68,52,0,0,0,0,0,0,95,22,28,62,18,38
327,65,70,25,60,15,80,45,65,55,50,60,55,60,25,20,40,20,75,70,80,55,50,5,10,15,5,5,5,85,0,15,10,30,50
328,55,40,65,50,68,92,45,70,25,45,40,50,35,10,45,20,18,55,65,15,60,45,0,5,5,0,0,0,95,30,15,50,25,80
329,80,75,20,60,12,8,35,65,85,50,70,55,75,35,15,25,18,12,70,90,55,50,5,5,8,5,5,5,92,30,25,10,40,65
330,68,62,25,72,32,12,38,55,88,48,78,52,82,18,22,28,22,58,70,68,58,62,8,6,12,5,4,3,88,15,25,65,35,45
331,55,65,25,60,30,20,45,50,35,40,30,55,70,65,25,20,20,75,25,70,55,60,5,10,15,5,5,5,85,30,45,50,20,40
332,65,70,30,60,22,15,40,55,75,50,70,55,75,85,20,25,25,65,70,80,50,55,5,10,15,5,5,5,85,30,20,60,40,45
333,72,68,45,78,42,88,25,75,82,55,70,52,85,12,38,22,18,62,75,45,68,48,8,10,12,5,5,5,88,25,22,72,15,20
334,68,62,35,58,32,12,42,55,78,48,72,52,60,82,28,22,48,68,62,68,38,52,8,18,78,12,22,6,35,25,28,48,18,75
335,68,62,45,70,42,88,48,65,72,55,68,52,58,18,38,32,22,58,75,48,62,48,5,8,10,3,5,2,92,25,22,65,12,70
336,85,92,15,60,8,65,35,75,95,55,85,70,80,15,25,20,25,35,80,95,65,50,5,5,10,5,5,5,90,30,25,10,20,60
337,65,50,55,70,65,90,45,60,75,40,70,55,75,15,35,25,25,85,80,35,65,50,5,15,25,5,5,5,85,20,25,60,15,55
338,68,62,55,72,32,88,28,58,42,45,52,48,65,12,58,28,18,82,68,48,72,55,5,12,8,3,4,2,92,25,22,62,18,38
339,62,68,35,60,32,12,25,48,28,42,45,55,65,38,22,28,18,42,58,62,55,52,5,8,12,5,5,5,88,20,32,48,12,38
340,75,45,55,80,85,95,55,50,65,40,60,55,75,15,35,45,15,10,70,25,65,50,5,10,5,0,5,0,90,10,20,55,40,45
341,65,45,40,60,55,85,45,55,50,40,50,45,55,15,35,25,25,35,65,30,55,45,5,10,10,5,5,5,85,20,25,50,20,60
342,62,48,52,68,42,82,48,55,38,42,50,52,58,18,35,42,62,82,58,32,48,52,8,28,72,12,15,12,32,22,25,52,12,55
343,80,85,20,60,8,10,25,50,85,40,75,65,70,60,15,10,35,85,80,95,50,50,95,5,10,10,5,5,15,20,30,10,40,50
344,85,90,15,65,8,25,25,55,92,45,75,70,60,15,5,10,15,45,85,98,55,50,5,10,15,5,5,5,85,30,30,5,20,40
345,72,62,48,68,38,88,42,58,88,42,78,52,72,8,28,18,48,82,68,58,55,48,8,68,45,8,8,8,28,22,18,62,22,35
346,68,72,25,62,22,18,25,55,88,60,82,48,70,78,15,38,22,42,72,80,58,52,8,12,15,5,5,5,88,20,28,55,18,42
347,65,55,45,60,28,85,35,50,85,45,75,55,65,15,25,20,55,85,70,50,40,55,5,70,60,10,5,15,20,30,25,65,15,45
348,75,65,45,70,35,90,45,55,90,40,80,60,80,10,25,20,85,95,70,60,50,55,0,0,5,0,0,95,5,20,20,65,15,60
349,65,45,55,70,55,85,45,60,55,50,50,45,75,15,35,40,25,75,65,35,55,45,5,10,10,5,5,5,90,20,25,60,30,40
350,65,50,35,70,55,15,60,45,75,40,65,55,70,25,25,45,25,85,60,60,55,65,10,55,25,5,5,5,60,20,25,50,15,35
351,68,62,35,58,24,22,32,48,72,42,65,55,45,28,25,38,18,82,62,68,52,58,5,8,15,3,6,2,88,10,42,48,22,75
352,68,42,62,78,72,92,58,55,28,48,38,52,82,8,45,22,82,65,68,18,68,42,0,5,5,0,0,88,12,15,12,62,28,22
353,75,85,20,50,5,35,65,70,40,50,45,65,80,15,25,20,10,35,70,90,55,50,5,5,10,5,5,5,90,10,40,10,20,30
354,68,82,28,72,27,12,22,48,72,38,62,68,85,92,18,12,38,90,70,78,52,48,88,6,12,22,4,4,8,18,18,58,28,32
355,65,60,42,70,22,75,30,50,62,45,58,52,55,48,50,38,18,38,72,65,52,48,5,5,8,0,0,0,88,25,32,42,18,32
356,65,55,45,60,25,25,35,50,55,45,60,55,70,5,35,25,75,95,65,60,45,55,5,10,15,20,10,85,5,30,55,60,40,50
357,75,85,20,65,8,5,25,55,35,60,45,70,85,45,15,10,15,55,80,95,65,50,5,5,10,0,0,0,90,20,20,5,30,40
358,75,85,35,70,22,8,25,45,92,50,85,75,88,95,15,12,55,85,78,82,45,55,5,15,75,10,5,15,35,20,25,65,30,40
359,75,80,25,55,12,65,25,60,55,50,50,55,70,35,35,25,15,20,70,85,55,50,5,5,10,5,5,5,90,30,45,30,20,55
360,68,72,25,75,32,8,45,55,88,50,78,60,80,75,15,35,15,65,72,80,55,65,5,10,15,0,5,5,90,20,25,65,25,40
361,72,58,42,78,52,88,38,68,82,55,68,48,82,18,28,38,22,58,72,35,62,48,8,8,8,5,5,5,88,22,22,68,18,28
362,62,48,42,58,52,88,48,55,58,42,52,48,58,28,42,38,62,88,68,42,48,52,82,12,28,18,8,5,12,22,22,52,28,42
363,65,55,45,70,50,85,45,60,55,40,65,50,70,15,35,25,35,85,60,35,55,50,80,15,20,10,10,5,25,30,20,55,15,70
364,68,52,45,72,48,85,55,62,78,35,65,48,75,15,42,58,25,65,72,48,55,50,5,5,10,0,0,0,85,20,25,60,25,35
365,68,72,25,75,22,12,25,55,85,45,70,60,78,82,22,38,15,88,65,78,52,62,18,12,22,8,10,5,82,30,25,55,28,42
366,70,55,50,75,65,95,55,60,85,40,70,50,65,20,40,55,25,85,70,50,60,50,5,10,15,5,5,5,90,10,20,65,30,40
367,68,78,25,62,28,18,22,45,88,35,72,58,82,38,15,18,35,75,65,82,42,48,92,8,12,15,6,5,18,22,25,55,12,28
368,68,62,35,60,27,18,42,55,82,48,72,52,65,28,22,30,22,78,68,68,55,58,8,12,18,6,7,5,82,22,32,58,38,85
369,65,75,25,55,22,15,25,45,85,40,75,55,80,85,20,15,15,20,70,80,50,55,5,5,10,5,5,5,90,30,25,60,20,60
370,72,58,65,68,52,92,42,68,82,48,70,52,85,8,38,22,18,65,72,35,68,45,5,8,12,5,5,5,88,15,18,62,28,35
371,68,78,25,62,38,12,22,55,88,52,82,65,75,68,18,22,18,42,72,82,58,55,5,8,12,5,5,5,88,15,25,62,28,48
372,68,62,45,72,38,88,48,55,82,58,75,52,78,12,28,22,58,88,70,60,48,52,8,25,78,12,15,18,35,5,18,62,12,38
373,72,78,32,68,22,18,35,48,88,52,75,62,78,72,22,28,42,62,70,82,45,60,8,18,78,22,12,28,35,15,28,55,22,50
374,68,78,25,62,28,15,22,55,88,42,72,58,82,65,18,12,18,38,75,82,55,48,5,8,12,3,4,2,92,25,22,60,15,38
375,72,58,62,70,68,92,48,65,85,55,78,52,68,8,35,28,18,45,72,48,60,52,5,8,12,5,6,5,88,25,22,62,38,55
376,55,60,50,58,32,68,42,48,35,42,52,58,65,55,48,28,62,88,62,50,52,48,12,55,68,25,18,22,35,5,38,52,28,58
377,75,60,55,70,60,90,50,65,85,55,80,70,85,10,25,15,85,90,75,45,65,50,5,5,10,5,5,90,10,20,20,70,40,35
378,62,48,35,58,22,68,42,55,58,40,52,45,38,28,42,52,18,42,65,60,55,48,5,8,10,3,5,2,92,15,38,45,25,72
379,68,72,25,62,28,15,22,55,82,48,75,58,78,85,18,22,18,65,70,78,55,60,8,12,15,5,5,5,88,20,25,52,12,35
380,68,82,28,65,22,10,22,48,72,38,62,68,82,88,18,18,18,92,72,88,52,48,95,5,8,5,5,5,8,15,22,55,12,42
381,65,40,45,70,85,90,60,70,40,50,45,50,60,10,55,60,20,20,60,30,70,50,5,5,5,5,5,5,95,20,30,50,30,50
382,55,48,42,52,38,82,35,45,68,40,62,58,38,55,32,48,22,85,65,50,55,68,5,8,15,3,6,2,88,25,55,48,12,72
383,65,55,45,60,38,88,48,72,82,55,70,50,62,12,38,42,22,58,68,48,58,52,3,4,8,0,0,0,92,18,22,62,18,45
384,72,65,32,70,50,18,48,58,85,50,72,55,80,38,20,22,22,42,75,68,60,52,5,5,10,5,5,5,90,15,28,62,22,38
385,75,55,25,70,75,15,45,65,85,70,60,50,80,35,15,20,35,55,75,60,55,50,95,5,10,10,5,5,10,20,25,60,30,40
386,62,48,68,72,58,92,52,55,28,42,45,58,68,22,38,32,38,85,65,25,62,48,8,35,65,5,12,5,45,30,18,58,22,35
387,65,55,35,75,50,15,45,50,60,40,55,50,70,35,25,45,45,85,65,50,55,60,85,10,15,10,10,5,25,20,25,60,20,30
388,75,80,25,70,35,15,45,55,95,60,85,65,85,55,15,25,25,65,75,85,55,50,5,5,10,5,5,5,90,30,20,65,40,45
389,65,80,45,70,28,18,28,52,32,38,48,62,82,92,22,12,58,88,72,78,58,55,12,38,62,8,8,12,42,18,22,62,8,28
390,68,72,38,62,32,18,35,48,75,42,65,58,78,55,28,22,58,88,70,74,55,52,22,72,38,12,15,10,28,25,32,58,45,30
391,55,65,40,50,25,20,30,25,60,35,65,85,70,85,55,75,20,75,60,70,50,75,65,10,20,15,10,10,40,20,60,45,40,55
392,62,68,48,72,28,88,42,52,58,40,55,62,50,18,52,32,42,95,68,62,48,52,82,12,28,38,8,5,22,25,22,58,18,42
393,65,60,35,55,25,85,25,50,55,40,45,50,55,15,50,60,15,65,25,70,60,50,5,5,10,5,5,5,90,20,25,55,20,35
394,72,58,32,68,52,18,48,62,82,55,72,48,78,38,22,18,22,42,68,62,58,55,3,4,8,2,4,0,92,35,28,60,25,42
395,65,75,30,70,22,15,25,50,40,55,45,60,80,85,20,15,20,85,70,80,50,50,95,5,5,5,5,5,10,10,20,50,10,30
396,55,62,38,58,28,22,38,48,32,42,50,55,62,28,42,35,18,82,62,68,52,58,8,12,18,6,6,6,82,25,48,52,22,72
397,75,85,15,60,5,5,25,45,90,40,75,65,70,15,10,20,35,85,70,95,40,50,95,5,5,5,5,5,10,10,20,10,20,50
398,68,62,25,55,22,8,68,48,78,42,62,52,65,88,18,28,58,92,58,82,38,52,18,72,45,12,15,8,28,15,22,35,28,38
399,68,62,35,72,58,18,48,55,78,62,70,48,75,68,22,28,38,82,65,58,55,52,92,8,12,10,7,5,15,40,32,60,25,38
400,70,75,30,65,25,15,35,60,85,50,75,55,70,65,20,25,15,20,70,80,60,55,5,5,10,5,5,5,85,20,30,60,40,50
401,65,45,70,75,68,95,55,60,40,50,55,60,70,10,55,40,25,40,70,30,70,50,5,15,10,5,5,5,85,20,15,60,40,50
402,55,65,40,70,28,90,25,45,35,50,60,75,55,65,50,45,15,45,70,60,65,55,5,10,10,5,5,5,90,20,25,65,15,40
403,68,52,45,72,58,88,52,65,78,48,70,55,82,15,38,32,42,92,68,35,62,48,92,12,15,10,8,8,18,22,25,65,12,28
404,68,72,25,62,28,15,22,55,88,48,75,58,78,55,18,32,18,42,72,82,55,52,5,8,12,3,4,2,92,12,22,58,15,65
405,65,50,45,60,48,85,45,70,55,40,60,45,65,15,35,25,25,65,70,35,55,50,5,10,10,5,5,5,85,30,25,55,20,50
406,75,80,15,55,15,5,25,60,85,50,75,65,55,65,10,20,15,25,70,90,50,50,5,5,10,5,5,5,90,30,20,10,20,40
407,65,55,40,70,60,15,45,60,50,45,55,50,75,35,25,20,25,65,70,45,55,60,5,10,10,5,5,5,85,20,25,50,30,40
408,75,70,35,75,45,15,50,55,85,40,80,60,85,35,25,20,45,85,75,75,55,60,90,10,15,10,5,5,10,20,25,65,15,70
409,68,78,25,62,23,8,42,55,82,48,72,52,85,68,18,12,18,38,65,88,58,52,0,0,5,0,0,0,92,0,22,58,12,35
410,68,82,45,70,48,88,28,55,92,62,85,72,78,42,35,18,22,45,75,78,65,52,5,8,12,3,4,2,88,25,22,62,28,38
411,62,52,48,58,38,88,28,55,58,42,52,48,68,12,42,32,22,58,65,45,62,48,5,8,12,5,5,5,88,25,22,52,18,65
412,65,50,45,70,55,85,45,55,80,45,75,50,75,15,35,35,55,85,70,40,55,50,10,45,35,10,10,10,35,20,25,60,20,40
413,72,78,32,68,30,12,22,48,82,38,74,62,80,88,22,18,38,82,68,76,52,58,8,22,32,6,4,6,72,18,28,62,12,28
414,68,82,38,72,28,18,22,48,42,32,52,58,82,52,28,18,18,72,72,78,58,52,8,12,18,6,6,6,88,12,28,62,22,48
415,65,60,40,70,25,35,35,50,55,45,50,55,70,75,35,30,20,85,65,65,55,60,10,15,25,5,5,5,80,20,45,50,20,40
416,72,68,28,78,30,12,22,58,82,52,70,42,78,68,18,38,18,58,72,78,48,62,5,5,8,0,0,0,92,22,28,55,12,35
417,68,52,45,78,32,88,28,55,62,42,58,48,80,8,35,60,38,92,72,45,55,50,95,5,8,5,5,5,10,25,22,62,18,35
418,65,75,20,55,18,8,22,60,85,45,70,55,75,85,15,10,12,42,70,88,55,50,5,5,8,3,5,3,88,20,12,35,25,40
419,65,70,25,55,15,85,25,60,35,45,40,50,50,15,45,35,15,40,70,75,55,50,5,10,10,0,5,0,85,20,25,20,30,45
420,78,72,35,68,28,82,42,55,88,45,80,60,85,8,25,35,40,92,75,70,55,50,95,5,15,10,5,5,10,0,25,65,20,40
421,65,50,35,70,55,15,45,60,75,45,65,50,80,55,25,45,25,45,70,55,55,60,5,5,10,5,5,5,85,30,25,65,20,40
422,62,58,35,68,24,18,32,48,42,55,52,58,65,38,28,45,18,72,68,62,55,72,0,0,5,0,0,0,95,0,55,48,22,38
423,75,45,60,80,65,15,55,50,35,70,45,65,85,5,30,40,25,55,70,25,70,55,5,5,5,5,5,5,90,20,30,80,20,25
424,75,45,25,65,75,15,55,60,85,65,70,40,70,10,20,35,25,25,75,55,50,55,5,5,10,5,5,5,90,20,25,60,40,30
425,75,80,15,65,15,15,45,55,90,40,75,65,70,55,20,25,25,45,80,90,50,50,5,5,10,5,5,5,85,30,20,10,20,40
426,72,62,38,78,58,18,38,55,72,58,68,48,82,18,28,22,22,62,68,58,68,72,8,5,12,5,5,5,92,15,28,62,38,32
427,65,35,25,70,80,15,50,40,35,45,40,75,55,65,20,60,25,35,55,30,55,75,5,5,10,5,5,5,85,20,50,45,25,35
428,72,55,45,68,68,18,48,58,68,52,62,55,72,38,28,22,22,42,62,42,62,58,8,12,12,6,6,6,82,32,28,62,22,38
429,75,85,25,60,12,80,35,55,90,50,75,65,40,25,30,35,25,75,70,92,45,50,8,15,25,10,8,5,85,20,15,10,25,55
430,75,70,25,60,12,78,35,65,92,55,85,50,68,55,18,28,18,62,72,88,55,48,8,12,15,5,10,5,88,22,25,15,35,45
431,78,72,35,68,18,82,28,55,92,48,85,62,65,8,38,22,22,88,75,88,45,50,55,8,25,10,12,5,45,20,15,30,35,68
432,70,85,30,70,22,5,25,60,75,50,65,55,80,55,20,15,15,45,70,90,50,50,95,5,10,10,5,5,20,0,20,60,30,40
433,68,62,35,72,52,18,48,45,82,38,75,65,78,72,22,18,68,88,70,48,52,65,8,12,22,15,10,82,8,25,28,60,20,42
434,75,80,60,70,25,85,35,50,90,60,85,70,75,15,25,20,85,95,80,75,55,50,5,15,25,30,10,90,10,30,15,65,20,45
435,68,62,35,60,52,22,48,55,88,50,78,52,58,35,28,42,18,82,72,65,48,62,5,8,12,3,4,2,88,10,38,50,25,75
436,68,52,38,72,62,18,48,65,58,55,42,48,78,35,22,28,22,58,65,38,55,52,8,12,15,5,6,5,88,15,25,62,28,35
437,72,48,42,68,62,88,68,55,58,52,50,45,52,18,38,55,22,65,62,32,58,48,3,8,7,2,4,0,88,25,22,52,12,38
438,72,68,28,62,42,12,38,52,88,38,72,48,78,58,18,18,22,42,68,72,58,55,3,4,8,2,2,2,92,22,28,62,12,38
439,68,72,25,65,22,12,22,48,88,42,75,55,78,82,18,28,22,88,72,82,38,52,95,5,8,6,5,5,8,15,22,58,12,35
440,75,65,20,55,15,15,25,60,90,50,75,65,70,45,15,20,15,40,70,85,55,50,5,5,10,5,5,5,90,20,25,10,40,50
441,68,62,38,65,42,18,48,55,82,52,72,60,58,35,48,45,22,78,55,68,62,58,8,12,15,5,6,5,88,28,32,60,18,82
442,75,85,20,65,15,10,25,55,90,40,75,65,80,45,15,20,15,35,70,95,60,50,5,5,10,5,5,5,90,30,25,40,30,60
443,62,48,58,55,40,92,58,48,38,42,52,50,50,8,52,38,60,85,62,40,48,50,10,22,72,18,35,8,42,12,20,55,25,82
444,72,68,32,62,27,18,38,55,88,58,78,48,72,42,22,28,22,58,68,78,52,48,8,12,18,6,6,6,88,22,28,62,28,55
445,72,78,35,68,32,18,22,55,82,45,75,58,80,65,25,18,25,55,72,80,62,58,8,6,12,5,5,5,88,20,28,65,42,38
446,65,50,55,70,55,85,45,60,25,40,45,50,65,15,35,45,35,95,70,25,55,50,95,5,10,10,5,5,10,20,15,60,10,30
447,62,42,58,72,68,88,48,52,32,28,44,54,48,28,62,52,22,62,68,22,68,58,4,12,8,2,4,2,88,18,22,58,12,18
448,68,52,45,62,58,88,48,72,82,55,75,48,70,12,35,38,18,65,68,42,60,52,0,5,8,0,0,0,92,35,22,58,25,42
449,75,85,20,50,8,25,55,65,45,55,60,70,65,25,15,30,12,40,70,90,55,50,5,5,8,5,5,5,88,20,25,35,45,40
450,75,80,25,70,28,15,25,55,85,50,80,60,85,65,15,20,20,55,75,85,45,65,5,5,10,5,5,5,90,20,25,60,10,40
451,75,60,35,65,60,15,70,45,90,50,80,70,75,20,20,15,85,80,70,45,40,55,0,5,10,15,5,95,5,25,20,65,30,40
452,65,60,35,55,22,88,25,45,85,40,75,50,70,5,25,45,18,55,70,68,55,50,5,5,10,5,5,5,92,30,25,55,20,65
453,85,90,20,55,8,35,60,50,92,45,75,65,70,15,25,30,62,80,70,95,40,50,75,10,25,35,20,15,10,5,30,10,25,55
454,65,82,25,70,22,8,18,45,55,40,50,68,85,55,22,12,22,72,68,80,48,52,92,8,10,12,8,6,18,25,18,62,15,38
455,68,62,28,72,52,18,48,45,88,38,72,58,78,55,22,32,38,88,65,68,55,52,82,12,18,8,10,8,28,15,28,58,18,35
456,65,70,35,60,28,15,25,45,75,50,65,55,80,85,25,20,55,85,70,75,45,55,35,15,60,10,10,10,40,20,25,60,25,40
457,75,85,40,70,22,15,35,60,90,50,80,65,85,95,20,10,65,85,70,80,50,60,30,10,70,40,20,40,25,20,30,65,40,50
458,68,62,45,72,32,82,28,58,88,52,75,55,78,8,32,42,38,88,70,68,48,52,92,12,18,10,8,8,15,35,22,62,25,38
459,68,62,70,75,55,92,35,55,50,65,60,60,85,5,60,25,25,65,75,45,75,35,5,10,15,5,5,5,90,30,15,70,25,25
460,65,82,35,68,24,18,22,48,42,52,55,62,78,72,28,22,18,85,70,76,45,52,92,8,12,10,7,5,15,20,25,58,38,42
461,55,35,60,50,68,65,45,40,25,20,35,55,50,35,45,30,22,82,55,25,45,65,0,8,15,5,10,0,85,0,75,35,15,45
462,68,72,35,62,28,18,22,48,65,42,58,52,78,38,32,25,22,65,70,74,55,52,8,12,18,6,7,5,82,25,28,48,22,40
463,70,55,40,70,55,15,45,50,40,40,50,55,70,65,30,20,20,60,60,50,55,60,5,10,10,5,5,5,85,20,30,55,40,40
464,72,55,45,68,58,88,52,62,82,38,70,48,78,12,32,22,22,65,68,32,58,48,3,8,12,3,3,3,88,18,22,62,12,28
465,65,55,60,70,65,95,45,50,40,55,50,50,80,25,55,20,15,40,65,35,75,45,5,5,10,0,0,0,95,10,15,70,30,40
466,68,52,45,70,32,92,48,55,60,40,55,50,78,25,48,35,18,82,72,48,65,45,5,8,12,3,5,2,95,25,22,60,25,35
467,68,52,38,72,58,18,48,55,62,42,50,48,78,82,28,35,38,88,65,48,55,52,92,8,12,10,8,6,22,20,28,58,22,30
468,65,55,45,70,38,85,45,60,55,40,50,50,75,15,35,55,25,85,65,45,55,50,5,15,15,5,5,5,85,25,25,60,20,55
469,72,78,28,68,22,12,25,58,88,42,78,62,82,48,18,28,12,22,72,85,55,58,5,5,8,5,5,5,92,25,22,52,18,60
470,78,72,25,65,18,15,35,55,88,50,75,60,68,22,18,28,62,82,70,82,38,52,32,28,58,22,25,42,28,12,18,25,35,48
471,65,50,45,55,55,90,50,70,80,60,75,40,55,10,35,25,20,65,70,30,55,45,0,5,5,0,0,0,95,20,15,50,10,75
472,62,68,32,72,42,18,28,52,40,48,45,58,78,22,38,22,18,42,62,68,58,62,3,4,8,2,2,2,88,15,28,52,12,28
473,55,58,72,62,22,68,38,48,18,42,28,68,35,12,55,32,48,78,82,62,28,52,8,65,52,18,22,12,38,22,38,42,28,72
474,72,58,38,78,52,18,48,68,82,55,72,52,82,58,28,38,22,68,68,62,58,55,8,12,18,6,6,6,88,22,28,68,22,32
475,68,82,25,72,22,12,25,55,70,45,65,60,85,88,15,30,18,92,75,88,45,55,95,5,8,10,5,3,12,20,25,62,25,35
476,68,72,45,62,38,92,42,55,85,48,75,58,78,15,35,22,68,92,72,68,55,48,12,55,75,18,15,22,35,25,18,62,12,45
477,65,55,45,60,32,88,35,62,78,48,72,52,58,12,58,42,22,65,68,50,62,48,8,12,15,5,6,5,88,25,28,60,22,38
478,68,52,45,62,38,92,48,75,65,70,60,55,78,15,35,25,25,65,72,48,55,50,5,5,10,0,0,0,90,20,15,65,25,40
479,68,72,25,65,28,15,35,55,90,50,75,60,85,55,15,10,25,85,75,80,45,60,5,5,10,5,5,5,90,20,25,65,15,35
480,72,48,35,68,78,18,52,62,88,42,75,55,78,12,22,38,22,65,72,45,58,52,8,6,12,5,7,5,88,25,28,62,18,45
481,68,62,25,72,38,18,48,55,88,52,75,58,70,12,22,28,38,92,68,65,48,62,95,5,8,10,5,5,12,0,32,58,18,45
482,65,45,70,75,78,95,55,60,25,40,45,55,85,15,50,20,25,60,70,20,75,40,5,30,15,5,5,5,85,30,15,65,35,25
483,65,55,45,70,45,95,45,60,65,40,60,50,80,15,35,25,25,65,75,45,55,50,5,10,15,5,5,5,85,30,25,65,20,40
484,62,58,42,65,32,88,28,55,68,48,62,52,58,18,38,42,22,42,64,52,58,52,8,12,18,6,8,5,82,35,28,55,22,72
485,65,45,55,70,55,90,45,60,25,40,45,50,75,15,35,45,55,90,65,30,50,50,35,25,55,30,20,15,40,20,25,60,20,40
486,72,58,62,68,68,92,52,62,82,48,72,55,68,18,42,28,58,72,75,42,62,48,5,18,28,8,8,5,82,25,22,68,22,78
487,68,72,45,65,28,88,35,62,85,48,75,58,78,15,32,22,22,82,72,68,55,48,8,12,25,5,6,5,88,25,18,70,22,55
488,65,70,35,68,32,15,25,55,35,45,50,50,75,55,25,20,25,65,65,72,60,55,5,10,15,5,5,5,85,20,25,60,15,40
489,75,80,25,65,15,25,35,55,85,45,70,60,75,15,20,15,35,65,75,90,50,50,70,10,15,10,10,5,30,20,20,10,40,50
490,65,70,45,60,25,85,25,55,85,45,75,50,70,5,35,25,15,85,70,70,55,50,5,10,20,5,5,5,85,30,15,65,10,70
491,68,82,35,70,28,15,25,55,62,45,68,72,85,92,22,12,22,65,75,78,58,52,88,8,18,12,5,5,12,20,28,62,25,38
492,62,58,45,68,38,88,28,52,55,42,50,48,72,8,40,25,22,82,65,45,58,48,8,12,18,5,5,5,88,25,22,55,18,38
493,65,70,25,55,15,15,35,60,25,45,40,55,70,45,20,30,15,35,50,75,50,50,5,5,10,5,5,5,85,20,25,10,30,40
494,65,75,45,70,25,80,25,50,55,40,60,55,75,15,35,25,25,85,70,80,55,50,85,10,15,10,5,5,25,20,40,60,30,40
495,65,55,60,70,55,90,45,60,40,35,50,50,80,10,45,20,45,90,70,30,55,50,95,5,5,5,5,5,10,20,20,65,10,40
496,68,62,35,58,28,22,25,52,88,45,72,48,65,12,25,32,18,55,70,68,48,62,5,8,12,3,4,2,85,22,38,55,18,65
497,65,78,25,68,18,15,22,45,35,40,50,55,72,55,20,30,18,42,65,82,55,50,85,5,15,10,5,5,20,20,25,45,15,35
498,65,55,50,70,35,85,35,50,40,45,55,60,75,10,35,25,80,90,65,50,55,50,5,10,15,10,5,90,10,20,40,65,25,40
499,68,72,45,60,25,85,35,55,92,48,85,75,42,95,35,65,15,92,78,80,55,75,5,8,15,5,10,5,88,20,25,50,15,45
500,65,50,70,75,55,90,55,60,25,45,40,60,70,15,45,50,65,85,75,35,55,45,5,65,45,10,5,15,50,20,35,60,25,35
501,68,72,35,65,28,18,32,45,58,42,62,55,78,55,28,22,72,92,68,70,55,52,8,12,18,25,10,82,12,15,28,62,25,38
502,68,62,35,72,48,18,42,45,88,38,72,58,78,28,22,32,72,88,68,58,48,62,5,8,12,18,10,82,8,5,28,58,35,28
503,62,58,68,65,48,88,38,62,42,55,52,58,68,12,48,22,22,82,65,38,58,48,8,15,22,5,5,5,88,35,18,62,25,48
504,65,60,50,70,28,85,35,55,80,40,75,50,70,15,35,45,25,65,75,55,55,50,5,10,15,5,5,5,85,30,25,60,20,45
505,75,80,35,85,25,15,40,55,95,50,85,65,90,55,20,15,45,85,75,85,60,50,5,10,65,5,5,5,50,30,20,55,20,30
506,80,85,20,60,8,65,35,70,95,60,85,70,75,35,25,20,12,18,85,95,55,50,5,5,8,5,5,5,92,30,40,15,50,65
507,68,52,35,72,62,18,48,65,88,55,72,50,78,35,22,38,22,78,68,48,58,62,8,12,15,5,5,5,88,20,28,55,25,35
508,65,55,45,70,28,85,35,60,55,50,60,50,75,15,40,50,25,85,70,50,55,65,10,20,25,5,5,5,80,20,25,60,20,40
509,65,45,60,55,65,85,45,70,35,50,45,55,60,25,50,25,15,55,55,25,65,50,5,10,10,0,5,0,90,10,15,55,20,75
510,68,72,45,62,28,82,22,55,58,42,60,52,78,12,48,18,22,78,65,68,55,48,8,12,18,5,5,5,88,25,32,62,22,38
511,55,50,40,60,22,85,35,65,40,50,45,50,55,15,35,50,45,90,60,55,50,50,95,5,10,5,5,5,10,20,25,50,10,40
512,70,75,65,70,55,90,40,60,85,50,75,65,80,10,40,20,65,85,70,60,60,50,10,40,70,20,15,5,30,20,20,65,30,50
513,68,62,42,72,58,18,48,55,32,45,48,52,68,38,22,28,18,22,58,52,62,58,5,8,12,5,6,5,88,22,32,60,38,42
514,65,75,55,70,28,85,35,55,60,45,60,50,70,15,50,25,15,75,65,70,55,50,5,10,10,0,0,0,90,30,25,65,20,40
515,68,82,35,72,28,15,22,45,32,48,55,75,88,92,38,12,12,18,65,78,62,52,5,3,8,2,4,2,92,10,18,58,45,28
516,65,50,45,60,55,90,45,70,65,40,60,45,65,10,35,25,20,40,70,35,55,50,5,5,5,0,0,0,90,20,15,55,10,40
517,65,55,60,65,38,88,45,70,35,45,50,55,55,8,45,25,18,82,72,48,62,48,5,8,12,3,2,0,92,25,22,58,25,65
518,68,42,45,62,82,88,38,72,55,48,52,58,45,12,35,38,28,55,65,22,58,48,5,8,10,3,6,2,92,25,18,42,12,75
519,72,68,42,62,22,18,38,55,88,48,82,58,65,72,28,35,22,58,68,78,55,62,8,6,12,5,7,4,88,32,38,58,42,75
520,68,62,28,65,38,18,32,55,82,58,72,52,70,55,22,45,22,58,68,68,55,52,5,8,12,3,5,3,88,25,22,48,28,62
521,65,45,55,70,72,85,45,60,55,40,50,50,75,15,35,20,25,45,65,25,65,45,5,10,10,5,5,5,90,20,15,60,20,35
522,65,45,40,70,55,85,50,65,75,60,70,45,75,5,35,45,15,10,70,35,55,50,5,10,10,5,5,5,90,20,25,60,20,60
523,55,60,45,58,48,75,35,50,68,42,62,55,65,78,38,28,22,62,72,48,55,52,8,18,25,12,10,5,82,15,35,48,25,75
524,65,50,45,60,50,85,45,55,55,40,50,45,70,15,35,25,25,65,65,35,60,50,5,5,10,0,0,0,85,20,25,55,10,60
525,65,60,25,70,35,15,25,55,75,45,65,50,80,45,20,15,55,85,70,75,40,65,85,10,15,25,15,5,20,20,25,55,25,45
526,62,48,52,58,42,88,48,68,38,55,45,42,72,12,48,28,22,82,60,32,58,48,8,12,18,6,5,5,88,22,28,55,18,38
527,68,62,28,72,52,18,48,65,88,55,75,48,78,42,22,18,22,62,70,58,55,52,5,8,12,5,6,5,88,25,22,62,32,38
528,68,82,38,65,24,12,28,48,58,72,62,68,88,62,28,18,18,82,72,78,52,48,8,12,22,6,6,6,82,22,28,62,28,38
529,68,52,45,62,58,88,42,55,72,38,60,48,70,12,35,22,62,68,65,28,58,48,8,35,65,18,22,15,45,25,18,62,32,75
530,72,68,38,70,48,12,48,55,88,62,78,68,75,42,28,22,22,62,72,70,58,55,5,5,8,5,5,5,88,25,22,62,18,38
531,65,45,55,70,65,85,55,60,75,40,65,50,70,5,45,55,25,40,70,35,60,50,5,15,10,5,5,5,85,20,25,55,30,40
532,75,80,20,55,15,20,45,60,90,50,85,70,65,55,15,10,40,85,80,95,45,50,10,15,65,35,25,30,45,30,20,10,35,40
533,68,62,28,72,38,18,42,58,88,52,78,48,82,55,22,18,22,68,72,68,55,52,8,6,12,5,5,5,88,15,22,62,18,35
534,68,62,25,72,22,18,28,55,88,62,78,52,70,82,18,38,22,42,68,72,58,52,8,6,12,5,5,5,88,25,22,48,12,35
535,68,78,42,72,38,18,32,55,62,45,68,70,82,65,48,22,22,58,75,72,58,52,8,12,18,5,6,5,88,25,28,62,22,38
536,62,58,42,58,52,18,48,55,58,48,55,52,72,12,32,22,42,92,62,52,48,52,12,18,78,8,22,8,32,28,38,52,38,48
537,68,52,62,72,48,88,45,65,28,42,38,48,78,8,45,22,18,65,68,25,72,38,0,8,12,0,0,0,92,25,18,68,12,28
538,75,85,35,70,45,15,25,55,95,65,85,60,90,65,25,10,20,45,80,80,55,50,5,5,10,0,0,0,95,20,15,65,20,30
539,65,75,35,70,35,15,25,55,85,60,80,65,80,55,25,15,15,75,75,80,55,60,5,10,15,5,5,5,85,40,35,60,40,30
540,68,82,25,62,22,18,25,45,72,38,65,58,78,22,28,18,15,25,70,85,55,52,8,5,12,6,5,5,88,20,32,60,22,35
541,65,55,60,75,55,85,45,50,60,40,55,65,70,40,45,50,25,85,70,50,60,65,10,40,30,5,5,5,70,20,30,55,20,40
542,72,78,28,62,20,12,22,58,88,48,72,52,68,58,18,38,18,38,75,82,52,48,5,5,8,5,5,5,92,25,32,42,22,48
543,75,82,35,68,22,8,32,62,68,60,65,58,78,88,28,18,18,42,72,80,55,52,5,5,12,5,5,5,92,15,22,68,35,48
544,65,42,58,68,73,78,52,55,38,48,42,52,62,28,48,58,42,82,62,32,48,52,88,12,18,22,12,5,22,18,38,52,28,38
545,68,62,35,58,28,22,42,55,88,45,72,50,65,8,25,38,32,88,70,68,48,62,12,15,22,8,10,5,78,35,55,58,12,75
546,68,78,25,62,22,12,28,55,72,45,58,52,82,92,18,22,42,85,68,82,48,52,88,8,25,12,10,5,28,15,18,55,28,62
547,75,80,35,60,12,70,35,55,90,50,85,65,40,15,25,30,50,40,70,85,45,50,10,10,35,5,25,5,75,20,20,10,30,85
548,62,52,58,68,38,92,42,55,38,42,48,50,62,12,42,52,58,88,62,38,48,52,18,62,42,12,10,8,48,22,28,58,28,42
549,68,72,35,62,42,18,52,55,88,48,78,65,75,55,22,18,58,88,70,68,45,62,15,55,48,12,10,8,28,22,28,58,25,38
550,68,52,38,65,58,18,48,62,78,45,72,48,75,22,28,32,22,62,68,55,58,52,8,12,15,5,6,5,88,25,35,62,22,38
551,65,70,45,68,22,85,25,45,75,40,65,55,60,35,40,50,15,85,70,72,55,60,5,10,15,5,5,5,90,10,25,65,20,55
552,65,70,45,60,18,85,35,55,60,40,55,50,50,20,40,45,20,80,70,75,55,50,10,10,20,5,5,5,90,20,30,40,20,40
553,65,70,35,60,35,10,25,55,80,45,75,60,70,55,25,15,20,85,65,75,55,50,5,10,15,5,5,5,85,20,25,50,10,40
554,72,58,42,68,52,88,32,55,88,40,72,48,62,22,38,42,22,42,72,42,62,52,5,8,8,5,5,5,88,28,22,62,22,38
555,68,72,55,62,48,88,42,45,78,38,72,65,70,8,35,22,72,85,68,48,55,62,5,12,25,15,8,82,12,25,28,58,22,40
556,68,52,45,58,58,88,48,72,88,62,82,48,55,8,32,38,38,82,72,42,62,48,5,12,22,8,10,3,78,25,18,65,22,82
557,68,62,25,58,42,18,28,55,88,62,82,48,72,55,22,28,22,38,65,70,58,52,5,8,12,3,4,2,88,25,32,55,18,45
558,68,52,35,58,48,22,42,65,82,55,72,45,62,18,25,38,25,55,70,58,62,48,8,6,12,5,7,5,88,25,32,60,22,78
559,65,75,25,70,22,15,25,45,35,40,50,55,80,55,20,15,20,65,75,80,55,50,10,10,15,5,5,5,85,20,25,60,20,40
560,68,62,45,58,38,88,32,65,82,70,75,48,60,15,42,28,18,42,72,55,58,52,0,5,8,0,0,0,92,25,22,62,12,48
561,68,72,35,65,28,15,35,45,88,50,75,65,78,72,22,38,42,82,70,78,55,60,8,12,35,5,5,8,82,25,28,52,12,45
562,75,60,40,70,60,15,45,65,80,40,70,50,80,15,25,20,25,65,75,45,60,55,5,5,10,5,5,5,85,20,25,70,20,25
563,68,52,62,78,48,92,35,65,35,40,45,55,82,8,48,22,25,85,72,28,68,38,5,10,8,5,5,5,88,25,15,72,18,25
564,75,65,35,70,55,15,45,65,85,60,80,50,85,35,25,25,25,35,75,55,55,50,5,5,10,5,5,5,90,20,25,65,40,45
565,75,80,25,65,30,10,30,55,95,60,85,50,70,65,15,25,20,60,75,85,55,60,5,5,10,5,5,5,90,20,25,50,20,40
566,65,45,35,55,25,85,65,70,75,60,70,50,50,15,60,55,25,85,65,50,55,50,5,10,15,5,5,5,90,20,25,55,20,40
567,65,75,45,60,20,85,25,70,90,40,85,55,65,10,25,35,15,75,70,80,55,50,5,5,10,0,0,0,90,20,25,50,30,60
568,68,62,35,65,48,12,52,58,82,55,72,50,78,38,22,18,58,88,70,60,42,55,8,12,75,10,15,10,25,25,18,52,12,28
569,72,78,35,68,27,12,42,58,92,48,82,62,70,22,18,12,22,78,75,85,55,52,5,5,8,5,5,5,88,18,28,62,38,78
570,72,78,35,68,32,18,22,55,92,48,85,62,82,88,25,38,18,62,75,80,58,52,8,12,15,5,6,5,88,28,32,68,22,65
571,65,70,35,60,28,15,25,45,85,40,75,50,75,35,25,20,25,85,65,80,55,60,75,10,15,10,5,5,40,20,25,55,30,50
572,65,55,45,70,60,15,45,50,55,40,60,50,75,35,40,25,25,25,65,45,60,50,5,5,10,0,5,0,85,20,25,55,30,35
573,62,48,42,58,48,28,32,52,55,38,48,58,68,12,68,42,22,68,65,45,55,58,5,5,8,5,5,5,88,18,52,50,22,72
574,68,52,38,62,48,28,42,55,88,50,78,52,65,12,25,35,18,82,72,58,55,62,8,6,12,5,7,5,88,0,38,48,25,35
575,68,62,25,72,28,18,22,55,82,58,75,52,78,12,22,38,18,42,70,78,55,68,8,6,12,5,7,5,88,25,32,62,18,48
576,60,75,20,55,12,8,25,65,35,50,40,55,80,75,15,25,25,65,70,85,45,50,90,5,10,5,5,0,15,30,10,15,20,50
577,68,72,45,78,22,88,25,62,85,55,75,48,82,12,35,38,18,82,72,68,58,52,8,6,12,5,4,5,92,25,22,65,18,42
578,75,85,20,55,10,10,65,60,90,40,75,70,80,15,25,20,15,35,80,95,50,50,5,5,10,5,5,5,90,20,30,15,40,50
579,62,68,72,60,38,88,48,55,35,48,58,62,70,8,52,18,20,82,72,45,60,48,5,12,18,5,5,5,88,28,22,55,28,42
580,62,48,42,58,52,88,48,65,58,45,55,42,62,8,48,28,18,78,62,32,55,48,5,12,15,3,5,3,88,25,22,52,28,38
581,65,35,55,60,68,95,58,70,55,50,50,40,60,10,40,45,15,40,60,30,60,40,5,10,10,5,5,5,85,20,20,50,30,40
582,68,62,35,60,42,12,38,55,78,48,72,52,68,42,28,22,28,72,62,68,55,58,5,8,12,3,4,2,88,18,22,58,25,48
583,65,55,60,70,48,88,42,58,62,38,55,48,68,12,38,22,22,78,72,42,58,48,5,12,18,5,5,5,88,18,22,62,28,52
584,65,55,75,60,50,95,55,45,55,35,65,60,70,15,45,25,75,90,70,40,55,50,10,15,45,55,25,60,20,10,25,60,35,65
585,72,78,42,68,24,88,28,58,92,55,82,62,78,18,32,22,58,92,74,82,48,52,8,18,82,12,10,6,28,22,24,64,28,78
586,65,60,45,70,35,85,30,60,55,40,60,50,70,20,40,30,20,70,70,55,65,50,10,15,20,10,10,5,85,20,25,50,20,60
587,72,78,25,68,22,12,28,65,88,70,80,55,82,55,18,22,18,62,75,82,58,52,8,6,12,5,5,5,88,25,22,65,20,42
588,68,52,45,70,62,88,35,55,62,48,60,42,58,15,38,52,18,40,72,28,75,45,5,8,10,3,5,2,92,25,22,65,12,40
589,68,62,35,58,28,18,22,48,82,42,72,55,78,55,22,18,52,88,68,72,38,52,88,8,12,25,6,5,8,25,28,58,12,35
590,82,58,72,88,85,92,55,45,62,95,68,90,78,8,38,15,92,75,80,28,72,48,2,3,5,4,6,96,4,12,10,75,65,42
591,68,62,55,72,32,92,35,75,35,25,45,40,88,8,45,15,15,55,75,38,65,48,5,10,8,2,3,2,90,10,25,70,12,25
592,75,45,30,65,80,15,55,60,85,50,75,45,80,10,20,25,15,25,70,40,65,55,5,5,5,5,5,5,95,20,20,55,15,40
593,65,45,75,70,75,90,35,50,25,40,35,60,85,15,55,20,45,70,75,20,65,40,5,85,10,5,5,5,40,10,15,70,25,30
594,55,45,40,60,65,35,50,40,35,30,45,55,65,75,30,45,20,55,55,40,60,70,5,10,10,0,5,0,85,0,65,50,20,35
595,65,55,45,60,25,85,45,70,45,50,55,40,65,15,35,25,25,75,70,50,55,50,5,10,15,5,5,5,85,20,25,60,15,65
596,65,60,45,70,40,85,50,55,70,50,65,45,75,15,35,25,35,90,65,55,50,55,10,25,40,5,5,5,70,20,20,60,15,30
597,65,45,40,60,55,85,45,55,70,35,60,50,55,40,35,45,15,45,65,30,60,50,5,5,10,0,5,0,90,20,25,45,15,55
598,65,50,70,75,60,95,55,45,25,40,45,60,85,5,35,15,85,95,65,20,55,50,0,5,10,5,5,90,5,30,25,70,35,40
599,72,62,38,68,58,18,48,42,63,45,58,68,72,28,28,18,28,82,68,58,42,52,8,68,12,6,6,6,45,22,22,48,35,62
600,65,55,45,70,75,15,55,40,65,30,60,55,75,35,25,15,55,85,70,35,50,55,5,40,60,10,15,20,25,5,25,60,40,35
601,62,58,42,65,28,82,32,55,58,45,52,48,68,12,48,38,22,68,72,62,58,52,5,8,12,3,4,2,88,25,22,55,18,48
602,72,65,60,75,40,90,48,55,50,40,58,50,80,10,42,20,58,88,70,48,62,50,10,38,52,8,5,8,68,22,20,70,12,30
603,68,72,35,62,22,18,25,48,55,42,52,58,78,82,25,18,22,58,65,70,55,52,8,6,12,5,7,5,88,25,28,48,12,38
604,75,70,45,80,28,85,45,55,95,50,85,70,80,15,35,45,80,95,75,75,40,50,5,5,10,5,5,90,5,20,25,65,30,60
605,68,62,45,72,38,88,42,55,82,48,78,52,75,18,35,28,22,82,68,58,62,48,8,15,25,5,5,5,82,12,22,58,12,32
606,55,50,65,60,35,85,35,50,35,45,45,50,45,15,55,25,35,85,65,40,55,50,5,25,35,5,5,5,75,20,25,55,20,60
607,68,52,38,72,68,18,48,55,42,45,40,58,78,12,32,38,38,92,65,45,55,52,95,8,12,15,10,5,8,25,35,62,28,35
608,65,75,40,70,45,15,35,55,75,50,70,60,85,90,25,20,15,20,70,70,65,55,5,5,10,5,5,5,90,30,25,65,20,40
609,75,60,45,80,55,85,45,65,85,55,75,50,80,15,25,35,25,40,70,35,65,50,5,10,10,5,5,5,90,20,25,70,20,40
610,65,45,35,60,72,92,45,65,85,55,80,50,75,15,25,35,20,35,70,40,55,50,5,5,10,5,5,5,90,20,25,55,20,75
611,65,75,25,70,30,15,25,45,75,40,60,55,85,50,35,15,25,85,65,80,55,50,90,10,15,5,5,5,20,30,20,60,10,25
612,75,65,20,70,20,15,35,60,85,50,80,55,70,40,30,25,25,55,75,90,60,50,5,5,10,5,5,5,85,30,20,40,50,70
613,75,70,35,65,25,15,45,50,85,45,75,60,80,25,20,15,75,90,70,80,40,55,5,10,25,35,10,85,10,20,25,65,30,50
614,55,72,35,60,22,15,25,45,40,35,50,55,75,55,25,20,35,85,65,78,45,50,95,5,5,5,5,5,10,10,20,50,10,20
615,55,60,45,55,22,65,25,50,40,45,50,55,45,85,25,30,45,85,60,65,50,55,25,35,55,15,25,15,45,20,60,50,35,45
616,55,50,65,60,35,85,45,70,40,30,45,50,60,15,75,25,15,45,70,35,65,40,5,10,10,5,5,5,85,20,25,55,15,55
617,68,62,35,58,28,15,42,48,82,45,72,55,65,8,25,18,68,95,70,78,38,55,22,55,48,12,15,28,18,5,35,52,25,40
618,62,72,42,68,27,72,22,38,32,48,52,68,58,78,42,28,18,82,62,68,58,62,5,8,18,5,5,5,88,22,38,58,22,48
619,85,75,20,50,15,75,45,60,65,50,70,75,65,10,40,70,15,55,80,90,55,50,5,5,10,5,5,5,90,30,25,10,30,40
620,80,75,20,60,10,35,35,50,25,40,30,45,70,15,20,25,25,95,65,85,50,50,90,10,15,10,20,5,20,20,30,10,25,40
621,75,65,45,70,28,85,35,60,85,65,80,55,75,15,35,45,25,45,75,70,55,50,10,10,15,5,5,5,85,30,25,65,20,40
622,68,55,42,62,58,88,38,72,82,58,68,48,70,18,32,28,18,52,65,38,68,52,5,8,10,3,5,3,92,22,25,58,28,35
623,68,72,25,62,28,18,22,48,65,42,58,52,78,88,28,22,22,62,68,74,55,52,5,8,12,5,5,5,88,25,22,48,18,38
624,75,85,25,70,22,5,25,55,90,45,75,70,85,95,15,10,15,25,80,90,65,50,0,0,5,0,0,0,95,30,15,60,25,40
625,65,50,45,70,40,90,50,60,40,50,45,50,55,20,55,60,20,80,60,40,60,65,0,10,10,0,0,0,90,20,30,50,10,40
626,55,60,35,60,42,15,45,50,25,45,40,55,70,10,20,25,35,85,65,55,50,55,95,5,10,10,5,5,15,0,25,50,20,35
627,55,45,50,60,55,85,45,55,35,50,40,50,65,15,50,35,25,75,60,30,60,50,75,15,25,10,10,5,25,20,30,50,20,45
628,75,70,25,55,12,75,20,50,90,45,80,55,65,10,15,25,45,85,70,85,35,50,10,15,75,20,35,10,30,0,20,30,25,45
629,70,75,40,65,25,15,35,60,85,50,80,65,75,10,30,20,85,95,70,80,40,60,5,5,10,20,5,95,5,30,40,60,50,50
630,68,72,35,65,32,12,38,55,62,48,58,52,78,88,28,22,52,92,65,70,45,55,75,8,35,18,12,5,15,25,22,60,38,45
631,55,50,35,60,22,18,48,65,28,52,42,48,58,72,25,38,18,68,55,68,52,48,5,5,8,5,5,5,92,22,35,45,28,38
632,75,80,25,65,15,75,25,55,95,45,85,70,65,35,15,25,35,75,80,90,50,50,10,15,45,5,5,5,70,30,20,10,20,60
633,65,45,55,60,65,85,45,55,50,40,50,45,50,15,35,25,25,35,65,25,55,45,5,10,15,5,5,5,85,20,25,55,15,40
634,75,70,25,65,18,15,35,60,90,55,85,50,65,45,20,45,20,45,75,85,55,50,5,5,10,5,5,5,90,20,25,60,30,80
635,65,70,40,60,25,25,30,50,65,40,55,50,75,10,45,25,20,80,60,70,55,60,15,10,20,5,10,5,85,30,35,50,20,40
636,62,78,68,65,28,92,22,48,25,42,55,58,82,8,45,18,38,88,72,68,62,48,12,35,42,8,10,8,72,15,28,58,22,38
637,68,72,25,55,22,18,42,48,88,52,75,45,65,82,15,38,38,88,70,78,45,55,12,18,55,8,10,8,62,25,28,50,12,48
638,55,60,45,65,25,85,25,45,35,40,50,65,50,75,40,25,15,85,70,55,60,55,5,10,25,5,5,5,90,20,35,50,15,45
639,68,62,45,58,22,82,38,55,72,48,65,52,70,12,38,35,18,42,68,60,55,52,5,8,10,3,5,2,88,25,22,58,28,65
640,68,72,35,62,28,18,22,48,75,42,65,58,82,38,25,12,18,42,70,78,55,52,8,6,12,5,7,5,88,25,22,48,30,38
641,68,62,35,72,28,22,25,55,82,45,68,60,72,38,32,48,18,62,70,75,58,65,8,6,12,5,5,5,88,30,42,62,12,28
642,75,55,35,70,82,12,48,52,88,42,72,58,78,8,28,42,38,88,68,52,55,58,92,6,12,8,6,4,18,25,28,58,38,55
643,75,60,70,80,82,95,55,70,65,50,60,55,85,10,40,20,15,25,70,30,75,50,5,10,10,5,5,5,90,20,15,70,40,30
644,75,85,35,65,28,8,35,45,88,40,72,65,82,92,18,12,62,88,70,80,48,55,78,12,25,45,15,8,22,20,22,62,15,42
645,68,62,35,70,52,18,28,55,82,48,75,52,72,38,25,22,22,58,68,58,55,52,8,12,15,5,6,5,88,25,28,62,18,35
646,72,48,42,78,62,88,38,68,82,55,65,52,80,18,28,42,22,28,70,32,58,48,8,10,12,6,6,5,88,20,22,62,18,28
647,65,60,35,70,28,15,35,55,25,45,40,50,45,35,25,35,25,45,55,70,55,60,5,10,15,5,5,5,85,20,25,50,15,45
648,68,62,35,78,52,18,28,55,25,42,40,58,82,35,30,48,22,65,72,58,65,55,8,12,15,5,5,5,88,20,25,70,15,25
649,68,62,35,72,48,22,55,58,78,45,70,65,75,55,25,18,25,75,72,68,62,58,8,12,15,5,5,5,88,30,25,55,20,45
650,80,85,20,60,5,25,55,70,45,65,50,75,80,10,15,25,10,45,85,95,55,50,5,5,10,5,5,5,90,20,40,25,50,40
651,75,82,35,70,32,12,28,55,92,40,85,65,88,92,18,12,18,15,75,78,62,48,5,5,8,5,5,5,92,20,22,68,25,30
652,75,65,30,70,60,15,45,55,85,50,70,55,80,65,20,15,20,35,75,60,65,55,5,5,10,0,0,0,90,10,20,60,25,40
653,68,72,25,62,32,12,22,55,68,48,60,52,78,58,18,22,18,55,65,70,45,52,8,12,18,5,6,5,88,25,28,55,15,48
654,55,48,42,62,38,85,55,35,45,40,68,72,52,65,58,70,35,92,75,52,65,75,5,15,25,5,5,5,80,20,55,48,25,30
655,65,55,40,70,55,25,50,45,85,35,75,60,75,10,25,35,90,95,70,50,40,65,5,10,15,20,10,95,5,30,55,55,35,40
656,62,48,45,68,38,88,42,65,35,40,48,52,55,12,42,58,22,78,68,32,58,52,3,8,12,2,3,2,88,18,22,55,8,38
657,72,85,40,75,42,12,28,45,92,65,88,70,88,82,18,12,78,95,78,75,55,62,5,8,15,10,8,85,18,5,22,68,25,35
658,72,78,48,68,24,88,42,62,88,45,72,58,82,8,32,18,38,88,68,72,52,48,12,18,48,6,6,6,68,22,28,68,12,38
659,68,62,45,72,58,22,48,52,88,38,78,65,75,72,28,18,62,88,70,55,42,65,8,68,55,12,10,18,28,5,32,58,35,40
660,70,85,20,40,8,55,70,60,35,50,50,65,70,30,20,30,15,20,75,95,60,50,5,10,15,5,5,5,85,20,30,10,40,40
661,75,65,45,80,55,75,35,55,85,40,75,50,80,15,35,45,45,85,70,55,60,50,90,10,15,10,5,5,20,25,25,70,20,30
662,65,70,45,75,35,85,45,55,75,40,70,50,85,10,35,25,55,95,80,65,60,50,60,15,45,30,10,5,25,20,25,70,15,40
663,55,50,45,60,28,65,35,50,40,45,50,55,65,75,35,45,45,85,60,55,40,55,90,10,15,20,15,5,20,20,40,50,30,45
664,65,75,35,70,30,15,25,45,75,40,60,55,85,55,25,15,55,85,70,70,50,55,20,25,75,10,15,10,45,20,25,65,10,35
665,65,60,50,70,40,85,30,55,70,45,65,50,75,20,55,30,20,60,70,55,60,50,10,15,25,5,5,5,85,30,25,60,20,40
666,72,68,32,70,38,18,28,52,88,42,75,58,82,12,22,18,18,62,72,72,58,55,5,5,8,5,5,5,88,25,28,62,22,38
667,62,68,48,58,22,82,32,52,63,42,58,48,52,18,38,28,48,82,68,65,52,48,12,28,58,8,8,8,55,18,28,52,18,55
668,75,70,25,60,15,80,35,55,85,45,65,50,70,10,20,35,25,90,70,90,45,50,85,10,15,10,10,5,25,20,20,10,25,40
669,75,80,25,70,12,15,35,55,65,40,60,50,75,45,35,20,25,65,80,85,60,50,5,10,15,5,5,5,85,30,10,20,15,45
670,70,85,40,75,28,15,25,60,80,50,70,65,80,40,30,20,55,75,70,85,50,60,10,20,70,10,10,20,40,0,20,65,30,50
671,62,58,28,64,27,18,32,52,38,47,45,48,68,55,22,28,22,72,58,62,48,52,8,12,18,6,5,5,82,20,32,50,18,38
672,65,70,45,60,25,85,20,50,30,40,50,45,70,10,55,20,20,60,70,65,60,50,5,10,10,5,5,5,90,20,30,50,20,40
673,65,70,30,60,25,20,25,50,35,45,45,55,65,75,25,30,20,75,65,70,55,50,10,10,15,5,5,5,85,20,30,50,20,40
674,65,70,35,60,25,20,25,50,55,40,50,55,75,10,40,20,25,80,70,75,55,50,20,45,55,15,15,10,60,30,45,60,25,40
675,65,75,30,60,12,85,40,55,70,50,65,45,60,35,25,40,15,25,70,85,55,50,5,5,10,5,5,5,90,10,20,25,30,45
676,72,62,48,68,52,88,28,55,88,58,78,52,78,8,28,22,58,88,72,52,42,48,95,5,8,12,5,3,8,25,22,62,12,68
677,65,75,45,70,28,88,22,60,38,35,50,55,72,8,42,18,18,82,68,62,58,48,5,8,12,5,5,5,92,25,22,52,12,40
678,68,72,55,75,28,88,25,62,35,45,58,65,78,35,48,25,15,45,72,68,60,55,8,12,15,5,5,5,92,20,25,70,22,55
679,65,55,60,70,55,85,45,50,55,40,50,45,75,15,35,55,35,85,65,45,55,50,85,10,15,10,10,5,25,20,25,60,25,35
680,72,68,25,70,28,18,42,55,92,48,78,52,68,12,22,58,32,95,65,82,45,62,94,4,6,5,4,3,8,25,38,58,28,35
681,65,55,60,70,38,85,45,55,35,40,50,50,60,15,45,25,25,85,65,30,55,50,5,10,15,5,5,5,85,20,25,60,15,70
682,75,70,25,65,35,15,25,55,85,50,80,60,75,65,15,20,15,45,70,75,55,60,5,5,10,5,5,5,85,40,25,65,20,35
683,65,50,40,60,35,85,35,55,45,40,50,45,55,15,35,60,25,65,70,45,55,65,5,10,10,5,5,0,90,20,25,50,20,75
684,72,68,28,62,35,18,22,58,88,62,78,48,82,38,18,22,18,42,72,78,52,60,5,5,8,0,0,0,92,25,28,65,12,45
685,68,62,35,72,58,18,48,55,82,45,75,50,78,42,25,22,22,78,65,60,65,55,5,8,12,3,5,2,85,20,25,62,30,70
686,62,48,68,65,53,93,40,72,28,48,38,52,62,8,58,18,20,80,72,20,58,42,0,5,8,0,0,0,92,25,22,58,12,42
687,80,90,20,60,8,20,45,70,95,50,85,70,75,80,10,20,30,70,80,95,60,50,5,10,15,5,5,5,85,30,20,10,40,50
688,72,58,42,68,62,88,48,62,88,52,72,48,78,18,28,38,22,72,75,42,62,48,8,12,18,6,6,6,88,22,22,62,18,72
689,68,52,45,72,58,88,52,65,62,55,58,48,70,22,38,48,18,32,65,35,60,48,5,8,10,3,5,5,92,25,22,55,20,35
690,75,65,25,60,15,85,25,55,85,45,75,40,70,15,20,25,15,25,70,90,55,50,5,5,10,5,5,5,85,20,10,30,15,40
691,68,72,35,65,38,18,22,52,68,42,58,48,78,55,22,18,22,62,65,62,55,48,8,6,12,5,5,5,88,12,22,58,15,28
692,62,68,78,65,48,90,38,55,28,42,52,60,72,12,58,18,22,62,68,45,68,48,3,12,22,4,5,3,88,25,18,62,35,72
693,68,78,25,55,12,82,42,65,88,45,72,58,68,8,22,28,22,48,65,92,55,48,5,8,12,5,5,5,88,18,22,35,28,55
694,70,78,35,68,38,8,48,45,88,42,82,72,75,35,18,12,78,95,72,76,52,65,5,12,22,28,15,85,8,10,25,62,38,48
695,62,48,68,65,72,92,52,55,28,42,38,52,78,12,58,22,25,65,72,18,68,48,8,35,15,5,5,5,82,20,18,62,22,32
696,65,75,30,70,22,15,25,60,85,50,75,55,80,45,20,30,35,85,70,85,50,60,95,5,10,10,5,5,10,20,20,60,30,40
697,68,72,35,62,38,12,42,55,82,48,70,58,78,68,28,18,58,82,65,74,52,55,12,68,48,22,15,12,28,5,22,58,32,38
698,72,58,38,68,78,18,62,52,92,62,82,58,78,12,28,42,22,68,75,48,55,58,5,5,8,5,5,5,92,22,28,48,25,38
699,70,78,25,68,22,8,22,55,88,48,82,62,85,92,18,12,18,92,72,85,45,52,95,5,8,12,5,5,10,0,22,58,28,38
700,78,82,22,68,8,78,58,72,92,65,85,68,82,12,18,12,18,38,82,92,58,48,5,5,8,5,5,5,88,25,28,12,22,35
701,68,52,35,70,72,18,48,55,82,45,65,50,68,25,22,28,38,62,72,48,58,52,88,8,12,10,8,5,18,22,32,55,25,38
702,68,62,45,72,52,88,38,65,78,48,60,52,82,25,38,22,18,62,68,42,65,48,8,12,15,5,6,5,88,25,22,70,12,18
703,65,70,25,60,15,85,25,55,35,45,50,50,75,5,15,25,55,85,75,80,40,50,15,10,75,10,20,5,25,20,30,10,20,45
704,68,72,38,65,24,18,28,52,42,48,55,58,72,62,28,22,22,82,68,74,58,55,8,18,42,6,9,4,78,32,28,62,22,45
705,65,70,25,55,15,8,35,50,45,40,50,45,55,35,15,20,25,45,60,85,45,50,10,15,20,5,5,5,85,20,10,30,10,40
706,68,52,35,72,62,18,28,58,64,55,62,48,78,42,38,52,22,58,70,48,55,68,5,8,10,3,5,5,88,35,32,58,22,28
707,65,50,45,60,55,85,50,70,60,50,65,50,75,10,40,30,20,80,70,40,60,50,5,10,10,5,5,5,90,20,20,60,20,40
708,75,45,35,70,75,15,55,60,85,50,75,55,80,45,25,35,25,45,70,40,65,55,5,10,10,5,5,5,90,20,25,65,30,40
709,72,68,28,70,38,18,48,55,85,60,72,62,75,35,22,18,55,88,68,70,48,58,72,38,12,8,5,5,12,22,28,62,12,42
710,45,40,55,50,50,90,45,50,35,40,60,55,45,15,65,70,65,85,65,25,45,50,10,60,40,20,15,25,35,20,25,40,20,45
711,68,52,62,74,58,88,42,72,64,48,58,44,82,12,38,22,22,58,68,28,68,48,6,12,10,4,6,4,88,18,22,64,12,28
712,65,45,70,75,80,90,55,50,25,40,35,60,75,10,50,25,60,30,65,20,65,45,10,80,35,10,10,10,30,20,25,55,15,30
713,68,72,35,70,32,8,25,45,55,50,60,55,85,95,25,10,55,85,75,70,55,50,15,45,55,10,5,5,35,20,25,60,25,40
714,68,72,25,65,32,15,35,48,88,42,75,62,78,92,18,38,22,68,72,78,55,60,8,6,12,5,7,5,88,25,28,52,22,45
715,75,65,35,70,55,15,45,55,90,50,85,60,80,35,25,20,25,85,75,55,65,55,5,10,15,5,5,5,85,30,25,70,20,40
716,65,40,45,70,68,15,55,60,25,50,35,55,75,45,50,40,25,65,70,30,55,50,0,5,5,0,0,0,90,20,25,50,35,30
717,68,45,25,62,72,18,48,65,88,55,72,48,70,12,22,38,22,25,65,42,58,52,5,5,8,5,5,5,92,20,28,55,32,45
718,65,75,25,60,22,15,25,55,35,45,40,55,75,85,20,25,15,20,50,80,65,55,5,5,10,5,5,5,90,30,25,60,20,70
719,75,55,35,65,78,12,52,58,82,62,68,48,78,42,18,22,12,22,72,48,55,48,3,4,8,3,4,3,92,18,22,62,38,42
720,68,82,42,72,38,12,28,55,72,45,65,62,78,92,35,12,48,85,68,78,58,52,8,25,55,10,6,5,68,10,22,62,18,42
721,65,80,20,55,12,8,35,50,88,45,75,55,70,42,18,25,22,62,68,85,48,50,8,12,25,5,5,5,82,10,12,15,30,82
722,80,75,20,60,8,12,35,55,85,50,70,55,65,35,15,25,18,22,75,90,45,50,5,5,8,5,5,5,88,20,15,10,25,55
723,72,68,32,62,37,18,52,48,88,58,72,65,78,62,22,28,38,82,68,70,52,60,5,8,35,5,5,8,75,25,28,58,22,50
724,68,72,25,55,12,48,38,52,58,45,50,48,42,18,28,38,58,92,72,82,35,50,85,8,22,55,25,5,12,20,32,18,28,48
725,65,60,25,55,12,88,35,70,35,50,45,40,65,8,25,45,18,38,55,82,55,50,5,5,8,5,5,5,92,20,15,10,35,45
726,62,58,68,60,52,92,48,35,28,42,45,72,55,15,38,18,88,85,65,32,48,52,5,12,8,25,15,92,3,25,28,55,42,48
727,65,55,45,70,55,85,45,40,55,50,60,70,75,75,35,25,55,85,65,35,65,55,5,30,60,10,5,5,40,20,45,60,25,35
728,62,78,28,68,24,12,22,48,38,45,42,52,72,38,18,15,18,62,58,72,55,52,8,10,22,5,5,5,82,15,28,58,12,35
729,72,58,38,78,68,18,48,52,88,42,72,62,82,38,22,18,78,92,68,42,62,68,2,4,8,6,4,92,6,28,32,68,38,32
730,62,48,52,68,58,88,32,58,38,52,42,48,42,12,35,22,22,62,68,28,58,48,3,8,8,3,3,3,92,18,22,55,12,58
731,72,68,35,75,28,12,42,58,68,45,55,52,78,48,22,48,18,62,70,72,55,60,8,12,15,5,6,5,88,25,38,62,35,40
732,85,90,15,75,8,5,25,55,92,45,80,70,85,35,10,15,12,25,88,95,65,50,5,5,10,5,5,5,92,10,20,5,30,70
733,65,55,35,60,25,30,65,50,85,40,75,55,70,15,45,55,25,65,70,75,50,55,10,10,15,5,10,5,85,30,60,50,20,45
734,68,82,35,72,27,18,22,45,62,38,58,70,85,92,25,12,38,92,75,78,55,52,85,8,15,12,5,5,25,10,22,65,18,28
735,75,80,20,65,15,5,40,60,85,50,70,55,65,30,10,20,25,45,70,90,50,40,5,5,10,5,5,5,85,0,10,20,30,40
736,62,68,48,72,28,88,32,58,38,45,52,55,68,18,42,28,22,62,72,58,62,48,8,12,18,5,6,4,92,25,22,58,18,45
737,65,55,45,60,55,85,50,45,70,40,65,50,70,25,35,20,65,75,65,35,55,50,15,70,40,20,10,15,50,20,25,55,30,40
738,75,82,25,68,22,8,25,55,92,35,85,65,78,55,15,18,15,75,80,88,55,50,0,5,10,0,0,0,95,20,25,70,10,75
739,62,48,55,68,68,82,52,58,45,42,52,55,58,35,38,52,28,72,60,38,55,58,8,18,42,12,15,12,68,5,35,48,25,42
740,68,72,25,62,32,18,22,48,88,45,75,58,78,35,15,18,22,55,65,78,55,52,8,12,15,5,6,5,88,20,28,62,18,38
741,68,72,25,62,28,8,38,55,88,42,78,58,75,92,18,32,18,82,65,80,55,62,5,8,12,5,5,5,88,22,25,48,15,40
742,70,65,30,70,35,10,35,60,85,50,75,55,80,50,20,30,15,45,70,70,60,60,0,0,5,0,0,0,95,20,30,65,20,40
743,62,48,55,58,38,88,48,52,52,42,50,48,45,12,58,42,18,65,68,32,58,48,3,8,5,2,4,2,92,22,28,52,25,65
744,75,80,25,65,15,10,35,55,85,60,70,50,80,85,20,25,20,45,75,90,55,50,5,5,10,5,5,5,90,20,15,40,45,50
745,72,58,65,70,58,88,48,68,82,42,72,52,85,18,55,28,22,62,68,38,68,48,8,12,10,5,5,5,92,25,32,72,22,38
746,72,42,58,82,78,96,52,68,28,48,38,52,78,12,42,58,18,52,68,22,72,58,4,6,8,4,4,4,92,18,22,62,38,28
747,75,80,25,60,8,70,35,65,75,55,70,50,65,15,25,20,22,40,85,90,45,50,8,12,18,5,5,5,85,10,20,5,30,40
748,75,82,35,70,22,8,28,65,92,55,85,60,78,88,25,15,12,22,72,88,55,50,0,0,5,0,0,0,95,20,18,65,40,45
749,75,45,70,80,85,95,55,75,25,55,40,60,85,5,45,55,15,25,75,20,80,35,0,0,0,0,0,0,100,10,15,65,25,30
750,62,58,42,65,38,18,32,55,28,48,45,52,68,62,35,22,22,65,68,52,58,52,8,12,15,5,6,5,88,25,28,55,12,38
751,72,65,38,68,52,18,48,52,88,48,72,58,78,12,28,22,82,92,68,58,55,58,8,12,22,25,10,88,8,22,38,68,32,42
752,72,58,48,55,58,92,52,68,88,62,82,65,42,28,22,25,62,82,70,38,48,52,5,35,45,12,18,8,55,22,18,62,12,85
753,65,60,40,70,35,10,25,45,25,35,40,55,75,45,35,55,15,60,65,60,55,65,5,5,10,5,5,5,85,20,25,50,20,30
754,65,78,35,72,28,15,25,55,35,50,55,68,82,55,25,18,22,65,75,80,62,48,8,12,20,5,5,5,88,30,22,70,25,28
755,68,62,45,58,38,88,48,55,82,52,72,60,58,42,28,48,38,88,70,65,52,62,5,35,42,12,8,5,65,22,32,58,18,48
756,65,60,25,60,28,15,25,50,35,45,45,50,70,35,20,15,20,75,55,65,55,60,5,5,10,5,5,5,90,20,25,50,10,40
757,68,72,25,62,22,15,25,55,60,45,55,40,75,85,15,20,18,65,65,78,55,50,8,12,18,5,5,5,88,25,25,45,20,35
758,68,72,45,75,28,88,35,55,82,42,75,58,85,8,35,22,25,75,78,68,62,48,5,12,18,5,5,5,92,25,25,65,30,35
759,62,48,55,58,42,88,45,52,53,38,50,58,68,5,42,22,62,85,65,32,55,48,15,68,35,12,10,28,18,35,38,60,25,48
760,65,75,20,55,12,8,35,60,85,55,70,50,75,25,15,25,40,85,70,90,45,50,92,8,15,12,10,5,25,5,10,15,35,45
761,75,80,25,65,15,85,35,55,90,60,75,70,65,15,20,25,15,55,80,90,60,50,5,5,10,0,0,0,95,40,40,20,30,50
762,68,72,25,65,28,12,38,55,92,48,78,62,68,72,18,32,42,94,65,82,45,58,96,4,8,6,5,3,12,5,22,55,25,35
763,62,58,42,68,28,82,32,55,52,38,58,48,60,12,48,42,22,58,65,62,55,48,8,6,12,5,5,5,88,25,22,52,12,38
764,65,45,40,60,55,85,25,50,50,35,55,70,45,85,25,40,15,35,65,30,55,70,5,5,5,0,5,0,95,20,25,45,10,75
765,65,45,75,70,78,95,55,60,25,40,50,55,80,10,40,20,55,20,70,20,70,40,5,70,50,10,10,10,30,0,10,60,30,40
766,65,40,55,70,62,88,48,72,28,52,38,48,78,12,42,22,22,52,68,18,68,42,5,8,10,5,5,5,92,25,18,58,28,35
767,68,62,48,72,32,88,28,58,55,42,60,48,78,12,38,22,18,82,68,52,55,48,8,12,15,5,6,5,88,25,22,62,12,28
768,68,72,35,62,28,15,45,55,82,40,75,50,78,35,25,20,25,55,65,78,55,50,5,8,12,5,5,5,85,20,25,45,15,35
769,68,62,22,60,18,12,28,55,72,45,58,48,75,38,25,35,32,88,62,82,48,52,95,5,8,10,5,3,12,15,18,25,22,40
770,72,68,35,70,52,18,42,58,88,45,82,62,78,55,22,28,22,62,68,72,55,48,8,12,15,5,6,5,88,25,32,58,18,38
771,68,72,25,62,22,15,18,55,82,58,70,48,78,55,22,12,18,62,68,78,60,52,5,3,8,2,4,2,92,10,18,55,12,45
772,68,82,35,72,25,15,25,55,88,45,75,65,85,92,22,12,42,68,78,80,55,60,78,8,35,25,15,18,28,30,25,65,15,40
773,68,52,38,72,58,22,48,65,35,55,40,50,78,42,25,38,18,82,65,32,55,52,8,12,15,5,5,5,88,20,28,62,22,18
774,68,55,52,62,58,92,42,68,72,48,65,52,58,12,38,45,22,38,68,48,55,48,0,0,0,0,0,0,88,0,18,58,28,42
775,45,50,40,55,25,85,35,30,55,40,50,65,45,55,50,75,15,85,65,55,45,65,5,5,10,0,0,0,90,20,45,40,25,35
776,68,72,25,62,32,18,42,58,88,52,75,48,78,68,22,28,18,38,65,82,55,48,5,8,12,3,4,2,92,35,22,58,25,38
777,65,55,40,70,25,90,30,60,30,50,45,40,75,10,30,40,20,60,70,50,60,50,5,5,10,5,5,5,90,20,20,60,20,40
778,65,78,35,62,22,15,25,48,28,42,45,58,72,82,32,18,18,38,68,75,55,52,8,12,18,5,6,5,88,22,28,48,12,38
779,55,60,50,58,28,88,42,52,25,38,42,48,65,8,35,28,68,92,55,50,45,48,22,45,55,18,12,25,15,5,22,52,25,38
780,65,50,45,70,35,85,50,60,40,50,45,50,65,10,40,55,20,60,70,40,60,50,5,5,5,5,5,5,90,20,20,60,10,30
781,75,70,30,65,28,15,45,55,90,40,85,50,80,45,20,25,25,65,75,80,50,55,5,35,45,5,5,5,70,30,20,60,35,40
782,62,48,55,72,58,88,32,58,28,42,38,52,52,28,42,62,18,68,68,28,68,52,5,8,8,0,3,0,92,22,28,52,18,38
783,68,45,35,62,58,22,72,55,82,48,70,52,58,38,25,48,25,55,65,42,55,52,8,6,12,5,7,5,88,20,28,58,22,45
784,68,62,58,64,52,88,42,48,82,55,78,72,58,75,38,28,22,45,68,48,55,52,0,0,5,0,0,0,95,18,22,62,32,68
785,75,80,35,70,28,10,25,45,95,55,85,65,85,35,15,10,40,90,75,85,55,60,5,15,55,10,5,5,60,30,25,70,20,40
786,75,80,20,65,15,15,35,55,85,40,70,65,75,45,15,10,25,65,75,90,60,50,5,10,15,5,5,5,85,20,20,10,15,60
787,65,55,45,70,60,15,55,50,55,45,50,55,75,35,25,45,55,85,65,50,60,65,5,25,35,10,10,5,70,20,30,55,25,40
788,65,70,40,70,45,20,30,50,40,40,50,55,80,60,30,20,20,60,70,65,60,50,10,10,15,5,5,5,90,20,30,60,20,40
789,75,65,25,60,15,85,35,55,65,45,60,50,70,15,35,25,25,45,70,80,55,50,5,5,10,5,5,5,85,20,25,40,30,45
790,75,70,35,65,28,15,45,55,85,40,80,50,85,75,25,15,20,25,75,80,55,60,5,5,10,5,5,5,90,10,25,65,30,40
791,72,65,42,60,26,90,32,68,88,52,80,50,75,12,28,40,20,42,70,72,62,52,3,5,8,0,2,0,92,25,20,58,32,48
792,68,62,45,72,52,12,38,48,82,35,70,55,68,8,28,18,58,88,65,58,52,62,8,35,55,12,10,18,32,5,25,58,22,45
793,55,50,65,60,38,92,28,45,25,40,42,58,62,15,45,18,62,88,68,28,52,48,5,72,55,8,10,5,25,15,22,48,20,38
794,70,85,40,75,22,10,30,50,65,60,70,80,85,75,30,20,45,85,70,90,60,70,5,10,85,20,15,10,40,20,25,65,40,50
795,75,80,20,65,15,10,25,60,90,65,80,55,85,75,15,25,20,35,70,90,55,50,5,5,10,5,5,5,85,20,15,40,30,50
796,65,75,30,70,32,15,35,55,60,45,65,50,80,55,35,20,20,65,70,75,55,50,5,10,15,5,5,5,85,25,25,60,30,40
797,75,60,35,80,60,15,50,55,85,45,75,70,80,65,25,40,25,75,70,55,65,70,5,5,10,0,5,0,95,20,25,65,15,30
798,75,85,25,65,22,15,25,55,90,45,80,70,85,85,15,20,55,85,75,90,50,55,65,10,45,60,20,15,25,30,25,60,20,70
799,68,62,22,58,18,12,32,55,62,48,58,52,65,68,28,45,22,62,65,78,45,50,8,6,12,5,7,5,88,25,22,28,38,55
800,68,72,35,62,32,18,22,48,38,52,45,55,78,58,22,18,25,72,65,68,48,52,8,12,22,5,6,5,88,25,22,58,28,42
801,68,72,45,65,28,88,25,55,82,40,75,58,62,12,35,22,48,82,70,68,55,52,8,65,35,5,5,5,55,25,18,62,12,38
802,55,65,45,60,25,80,35,50,40,45,50,55,65,25,35,25,55,85,65,60,45,50,75,15,25,40,10,10,15,20,35,50,20,55
803,65,50,35,70,55,15,25,55,25,40,35,45,75,65,40,15,15,25,55,30,60,50,5,5,5,5,5,5,90,20,25,55,10,40
804,68,52,38,62,58,25,62,55,82,45,72,48,68,8,32,42,22,58,65,48,55,52,5,8,12,3,4,2,88,18,45,50,28,38
805,65,75,60,70,35,85,25,55,25,40,45,55,80,25,45,15,20,65,70,50,65,55,5,10,10,0,5,0,85,20,25,70,15,30
806,68,62,35,70,58,18,48,72,65,45,58,52,78,42,22,28,22,38,72,55,65,55,5,5,8,3,5,2,92,25,25,62,20,40
807,65,75,25,70,22,15,25,45,35,50,45,60,80,55,20,15,15,85,70,80,40,55,90,5,10,5,5,5,10,20,25,50,20,40
808,65,72,58,68,32,88,38,52,42,35,48,62,70,38,48,22,38,88,72,68,58,52,5,18,22,5,5,5,82,15,28,62,28,42
809,62,68,72,58,37,92,42,48,38,42,60,55,68,8,52,18,68,92,65,52,48,52,12,18,82,28,38,22,28,8,22,62,28,68
810,72,65,42,70,28,88,22,58,80,48,72,52,78,12,32,38,18,62,68,60,55,48,8,12,18,5,5,5,92,22,25,62,12,38
811,72,78,28,68,27,12,22,52,73,48,68,42,82,68,18,12,18,62,75,78,58,52,5,5,8,5,5,5,92,15,22,62,8,38
812,68,52,42,67,52,88,48,62,72,45,65,48,78,12,38,22,22,78,68,32,58,48,5,8,12,5,5,5,92,18,22,62,12,38
813,72,65,30,60,28,18,32,52,85,48,72,42,78,40,18,22,22,62,70,70,55,50,5,5,8,5,5,5,92,20,28,62,22,55
814,62,58,42,65,32,88,28,48,68,45,62,58,52,38,48,32,22,82,70,52,58,52,8,18,22,10,8,5,88,25,28,60,22,68
815,65,60,55,70,30,90,35,55,35,45,50,50,75,10,50,25,40,85,70,45,55,50,15,55,40,10,10,10,60,20,35,65,25,30
816,72,78,35,82,22,18,52,55,88,48,75,62,85,38,22,12,58,82,68,80,55,50,35,8,65,18,10,12,25,30,22,68,15,28
817,75,80,20,70,15,10,25,60,85,50,75,65,70,55,15,20,45,85,80,90,40,50,95,5,10,20,5,5,10,30,25,10,20,55
818,65,35,60,70,85,90,55,60,30,50,40,55,75,10,45,40,20,10,60,20,70,50,5,5,5,5,5,5,90,20,20,65,20,30
819,55,75,35,60,25,15,20,25,45,50,65,85,70,80,40,30,20,60,65,80,45,75,90,10,15,10,10,5,25,30,50,50,20,40
820,65,55,35,70,40,15,35,50,45,40,50,55,75,85,25,45,25,65,60,50,55,60,5,10,15,5,5,5,85,20,25,55,20,30
821,75,82,45,78,42,15,25,55,88,65,80,70,92,95,25,15,18,75,85,78,68,55,8,12,20,5,5,5,88,25,22,72,35,40
822,65,75,25,55,12,85,40,60,90,50,70,55,65,10,45,35,15,40,70,90,55,50,5,5,10,5,5,5,90,20,10,15,30,55
823,62,58,45,68,42,88,32,55,58,48,52,50,72,18,52,28,22,82,65,45,58,48,8,18,22,10,12,8,78,25,32,55,22,38
824,68,45,62,75,58,88,42,55,35,30,48,52,78,12,42,28,45,65,72,22,58,50,88,12,15,10,10,10,18,20,22,62,12,28
825,65,50,45,70,55,85,40,55,75,50,65,40,80,15,50,25,15,65,70,35,75,45,5,10,10,5,5,5,85,30,15,60,20,50
826,72,45,55,68,78,92,52,58,68,48,62,52,70,12,38,42,22,68,65,22,68,48,5,8,10,5,5,5,88,28,18,62,32,38
827,75,80,35,70,35,15,25,55,90,50,85,60,85,15,25,20,20,65,75,80,55,65,5,10,15,5,5,5,90,30,25,70,20,40
828,68,62,65,70,42,92,38,48,85,35,78,62,82,8,28,18,58,92,72,42,55,48,12,68,52,15,10,28,22,20,22,68,25,32
829,75,85,40,70,50,15,25,60,90,70,85,75,90,85,30,10,15,10,80,75,70,60,5,5,10,5,5,5,90,20,20,65,40,30
830,65,45,70,75,72,95,45,55,40,35,50,55,85,15,45,25,25,40,65,20,75,45,5,10,10,5,5,5,85,20,15,60,25,30
831,72,55,40,68,62,18,48,58,88,52,82,55,78,38,28,42,22,22,72,52,62,55,5,5,8,0,5,0,88,15,28,58,18,38
832,65,55,45,70,35,85,30,60,70,50,65,50,65,10,40,55,20,80,70,45,60,50,10,10,20,5,5,5,85,40,20,60,20,30
833,65,70,45,60,25,85,25,55,75,40,70,50,55,15,35,25,15,65,70,75,55,50,5,5,10,0,0,0,90,20,25,60,20,40
834,55,50,60,60,32,88,35,45,25,40,40,55,55,15,45,20,45,85,65,45,50,50,8,75,45,10,8,8,35,20,30,50,10,40
835,65,45,30,60,55,15,50,55,40,35,45,50,65,10,35,25,25,85,55,40,55,60,5,10,15,5,5,5,85,20,45,50,10,40
836,75,70,25,80,22,8,22,55,92,50,85,60,72,35,15,45,38,92,68,88,48,62,95,5,8,10,5,5,18,0,28,58,18,55
837,75,65,45,70,60,85,40,55,90,50,75,60,80,5,25,15,40,65,70,50,55,50,90,5,5,5,5,5,20,30,25,65,20,35
838,68,72,25,65,28,8,35,55,42,38,48,52,78,55,22,18,38,82,65,75,45,52,88,12,25,15,10,8,28,20,22,58,12,40
839,65,45,40,70,55,85,45,75,85,55,70,50,60,15,35,50,25,75,75,35,55,50,5,10,10,5,5,5,85,20,25,60,25,40
840,65,80,25,70,22,15,25,55,55,40,50,75,85,95,20,10,20,85,75,85,55,50,95,5,5,5,5,5,10,20,25,65,30,35
841,65,70,45,60,28,85,45,65,75,40,70,55,60,25,35,45,20,85,75,68,55,50,10,5,15,5,5,5,85,30,25,60,20,65
842,65,75,45,60,22,85,25,55,70,50,65,60,80,15,35,25,15,85,75,80,55,50,5,10,15,5,5,5,90,30,25,60,20,35
843,65,70,35,60,30,15,25,55,85,40,75,50,80,55,25,15,25,65,70,80,55,50,5,10,15,5,5,5,85,30,20,65,10,35
844,75,65,15,60,15,5,25,55,35,45,40,50,70,55,10,25,25,85,65,85,40,50,90,5,10,5,10,5,10,20,10,5,20,45
845,75,85,20,50,8,65,70,55,25,40,35,50,65,10,35,30,20,25,70,90,50,50,5,5,5,0,0,0,90,0,50,10,30,40
846,68,62,35,72,28,18,32,55,82,45,75,58,78,12,25,48,35,88,72,68,45,55,92,8,12,10,5,5,15,20,35,65,22,40
847,68,52,38,62,48,82,62,55,88,58,72,50,68,28,32,58,22,82,65,48,55,52,5,12,15,3,5,3,92,18,22,58,25,62
848,68,62,42,70,38,82,28,55,88,45,72,52,78,12,35,38,42,92,68,65,48,52,95,5,8,12,6,4,10,25,22,58,18,32
849,72,45,55,68,72,88,52,62,78,48,68,42,78,12,38,48,22,38,72,32,62,48,5,5,8,0,5,0,92,18,22,58,28,52
850,65,55,70,60,35,85,45,50,25,40,45,55,75,10,45,20,25,85,75,35,55,50,5,45,25,5,5,5,70,15,25,60,10,40
851,68,52,45,70,62,88,48,72,68,55,62,48,75,18,42,58,22,65,72,35,58,52,5,8,10,3,5,3,92,25,22,60,18,48
852,55,50,45,65,28,85,35,60,25,40,45,50,70,15,35,30,20,85,55,45,55,50,10,15,15,5,5,5,85,20,35,60,10,40
853,72,62,48,68,42,88,38,58,82,52,72,58,78,18,32,42,22,62,72,52,62,48,8,12,18,6,6,6,82,22,28,68,28,58
854,75,80,25,70,28,8,25,55,92,65,85,60,85,55,15,20,15,35,75,85,65,50,5,5,10,5,5,5,95,30,15,70,25,40
855,68,62,45,65,48,92,48,55,82,52,78,60,68,25,35,22,62,85,72,48,58,52,8,75,55,12,5,8,35,18,22,58,12,42
856,75,55,35,65,60,15,45,70,85,50,80,60,75,40,25,30,25,65,70,50,55,60,5,10,15,5,5,5,85,20,25,65,40,75
857,68,78,42,72,32,12,25,48,58,35,62,55,82,88,22,18,22,78,68,72,55,52,8,25,35,5,5,5,75,40,25,62,22,28
858,75,80,20,55,10,65,25,60,35,50,40,65,70,5,25,40,35,95,75,90,45,50,95,5,10,15,5,5,15,20,40,15,30,50
859,68,72,45,62,32,88,22,48,88,42,78,68,58,82,28,18,58,82,72,68,55,52,5,35,55,15,8,25,45,20,28,62,12,48
860,68,78,25,72,28,15,22,55,75,62,70,58,82,85,18,12,18,65,68,82,55,50,8,10,12,5,5,5,88,30,25,65,15,45
861,65,55,60,70,35,85,45,70,25,40,45,50,75,10,45,20,20,65,70,40,55,50,0,5,10,0,0,0,95,30,15,65,10,40
862,65,45,40,70,38,92,55,62,35,48,42,55,68,25,38,58,18,65,62,28,72,58,5,12,8,3,4,2,88,25,22,58,12,28
863,65,45,55,70,60,85,45,55,25,50,40,50,60,15,45,50,25,40,65,30,55,50,5,10,10,5,5,5,85,20,25,55,20,35
864,75,82,25,68,22,8,25,55,88,45,72,60,85,55,18,28,18,42,70,88,55,52,92,8,12,10,8,5,25,20,22,58,25,45
865,68,72,25,62,38,12,32,58,85,45,78,55,82,68,18,12,18,22,72,68,55,52,5,5,8,5,5,5,92,20,22,60,25,48
866,68,62,25,72,22,12,68,58,78,45,62,50,82,88,18,28,18,68,65,72,55,52,5,8,12,5,5,5,92,15,22,58,35,38
867,72,62,38,68,62,12,48,55,88,52,78,58,68,38,22,32,32,82,72,52,55,62,92,8,12,18,6,4,18,25,28,58,42,68
868,65,55,35,60,28,15,45,40,70,45,55,75,50,35,45,70,25,85,65,60,55,65,5,10,15,5,10,5,85,20,50,50,30,45
869,68,78,25,62,28,15,22,45,65,35,58,62,72,45,18,12,18,65,75,80,55,50,8,12,25,5,5,5,85,10,22,48,15,40
870,65,85,25,70,28,5,25,55,55,45,60,65,85,95,30,15,15,75,75,80,50,55,5,10,15,0,0,0,85,0,20,60,10,40
871,75,80,30,65,15,75,40,55,90,50,75,65,45,20,25,35,20,85,70,85,50,50,10,10,15,5,5,5,85,40,20,45,25,40
872,65,45,55,70,55,85,45,60,35,40,50,50,75,15,50,55,25,65,65,25,60,45,5,10,10,5,5,5,85,20,25,55,20,35
873,70,80,20,60,5,85,45,70,30,50,60,70,70,10,20,40,15,20,90,95,60,50,5,5,5,5,5,5,90,30,20,10,40,40
874,68,62,35,58,52,18,48,55,82,45,72,50,78,68,22,18,22,25,65,60,55,48,8,6,10,5,7,5,88,12,25,58,15,38
875,72,58,62,78,58,92,48,68,52,38,48,52,82,18,42,22,22,72,68,32,72,48,5,8,8,0,0,0,88,15,18,72,22,28
876,75,65,40,60,25,15,45,55,90,50,85,65,70,25,15,20,85,95,75,80,40,55,10,15,25,40,20,85,10,30,25,60,35,70
877,65,55,45,70,35,90,25,60,35,40,50,45,75,15,45,25,20,55,65,40,55,50,5,10,10,5,5,5,85,30,25,60,15,45
878,65,45,40,70,55,85,45,75,85,55,75,50,70,15,35,45,25,65,75,35,60,50,5,10,10,5,5,5,85,20,25,65,20,40
879,75,65,30,70,38,15,45,55,85,40,75,50,80,65,20,35,25,45,70,70,55,60,5,5,10,0,0,0,90,20,25,65,25,30
880,65,70,25,75,35,15,25,55,85,60,75,50,85,95,15,25,15,85,70,75,55,50,5,10,15,5,5,5,90,40,25,65,20,45
881,65,55,60,70,50,90,35,65,35,40,50,50,75,15,45,25,20,40,65,30,65,45,5,10,10,5,5,5,85,20,25,60,25,30
882,85,90,20,65,8,75,55,60,80,50,70,75,80,10,35,25,18,60,82,95,45,50,8,12,15,5,5,5,88,25,30,10,40,45
883,65,70,35,60,35,15,25,45,55,40,60,75,75,55,25,20,15,75,65,70,55,50,5,5,10,5,5,5,85,20,25,50,10,40
884,55,45,65,50,55,85,45,60,40,35,50,45,40,15,60,25,55,75,65,30,45,50,10,25,35,10,10,10,70,30,20,50,25,70
885,68,72,25,62,28,8,32,55,62,48,58,52,78,60,18,22,18,68,65,78,45,55,5,8,12,3,4,3,88,15,28,58,35,42
886,68,82,35,72,22,15,25,55,58,42,62,68,85,78,28,18,18,68,72,80,62,58,8,12,15,5,5,5,88,22,25,55,38,35
887,65,55,45,60,50,85,45,55,65,40,60,50,70,15,40,25,55,85,70,35,55,50,10,75,40,5,5,10,30,20,25,55,20,35
888,60,65,30,55,25,15,25,50,40,50,45,50,70,55,20,20,40,95,60,70,50,50,90,10,10,10,10,5,10,20,25,50,10,40
889,68,72,35,62,32,18,28,55,82,48,70,60,78,55,25,18,22,78,65,70,58,52,8,12,18,5,6,5,82,25,22,55,20,45
890,65,70,25,60,15,85,40,55,85,45,75,50,55,15,20,35,55,85,70,80,40,50,10,15,75,10,10,5,25,20,10,45,10,65
891,72,78,32,68,23,18,52,62,92,68,82,58,88,58,22,18,28,62,72,82,55,58,8,12,42,6,10,6,68,35,22,62,38,38
892,58,48,42,62,38,82,32,55,42,35,48,52,48,35,58,62,22,62,58,45,58,55,5,12,18,5,8,5,88,22,28,52,12,45
893,68,52,45,62,58,88,32,55,48,50,52,42,58,12,38,22,18,62,65,28,55,48,5,8,12,3,5,2,85,15,18,58,25,72
894,68,72,45,62,22,88,25,55,82,48,75,58,65,15,25,35,45,85,70,78,40,55,5,55,75,10,8,5,25,20,25,50,30,45
895,65,35,45,70,80,90,55,60,55,40,50,45,65,25,30,55,15,40,70,25,60,50,5,5,10,0,5,0,85,10,20,55,30,40
896,75,80,25,70,22,15,25,55,85,65,75,60,85,65,15,25,15,55,75,85,55,50,5,5,10,5,5,5,90,40,20,65,25,60
897,55,35,50,65,72,92,52,58,28,42,45,48,68,12,38,62,18,65,55,25,68,55,2,8,12,3,5,2,88,22,28,48,18,32
898,75,65,45,70,55,95,45,60,85,50,80,55,75,5,40,25,25,70,75,50,65,55,0,5,10,0,5,0,95,30,25,70,20,40
899,62,48,55,68,52,88,38,45,28,42,40,58,72,55,38,22,18,82,65,25,60,52,8,12,18,5,8,5,88,15,18,55,12,35
900,68,82,28,65,24,12,22,48,58,55,62,68,82,92,32,18,18,62,72,78,52,48,5,8,12,5,5,5,88,15,28,58,25,22
901,65,55,60,70,55,15,45,50,40,45,55,50,75,85,35,20,65,95,70,40,55,50,85,10,25,40,15,5,10,20,25,65,15,25
902,75,65,40,70,55,15,45,60,90,50,80,65,75,70,20,30,35,85,70,70,60,55,5,10,20,5,5,5,85,0,20,60,30,40
903,65,70,40,60,25,85,30,50,60,40,65,55,60,35,45,30,20,45,70,75,55,50,10,10,15,5,5,5,85,20,30,60,20,45
904,68,72,42,78,38,18,28,55,62,45,58,60,82,35,28,22,38,88,72,68,55,52,92,8,12,10,8,5,12,25,22,68,12,32
905,68,52,38,67,52,18,48,58,72,42,68,53,78,8,42,28,22,62,72,58,62,68,6,8,12,4,5,4,88,22,48,58,18,48
906,68,62,45,58,38,88,42,55,82,48,72,52,68,35,28,22,18,72,65,58,55,48,0,8,15,0,0,0,92,20,18,62,12,38
907,68,72,25,62,22,18,28,55,88,48,78,58,72,82,18,32,22,58,68,78,55,52,8,12,18,5,6,5,82,25,22,58,18,72
908,68,62,42,58,24,88,32,55,58,38,52,48,72,18,44,52,12,38,68,64,58,48,0,0,0,0,0,0,95,22,28,52,12,28
909,72,55,35,65,68,18,58,72,88,52,78,58,72,52,22,42,22,42,58,52,52,62,5,5,8,0,5,0,88,18,22,58,28,38
910,72,48,28,62,68,12,52,58,92,45,82,52,68,8,22,28,22,62,72,42,55,48,5,5,8,5,5,5,88,18,32,62,38,42
911,68,62,35,60,38,12,42,55,82,48,72,52,68,8,28,38,48,78,65,68,45,58,12,55,48,18,15,8,42,22,32,58,35,48
912,72,68,45,62,30,82,48,55,88,60,72,58,78,8,25,35,58,92,70,70,42,50,78,12,35,45,15,8,18,25,22,65,20,55
913,68,62,42,58,22,88,48,55,82,45,72,50,65,8,28,38,22,78,68,68,48,52,12,8,18,6,5,5,82,25,22,52,28,65
914,68,62,45,65,28,82,32,55,88,42,78,60,48,38,35,52,42,92,72,68,48,55,88,8,12,18,5,5,12,22,25,58,18,40
915,65,70,35,70,28,15,25,50,55,45,60,55,80,45,30,20,35,85,65,75,55,60,95,5,10,5,5,5,15,20,25,65,40,50
916,65,45,40,60,70,90,50,70,55,50,50,40,60,10,45,30,20,30,65,30,50,50,5,10,10,5,5,5,90,20,20,50,20,40
917,70,40,60,70,75,95,55,60,85,50,70,55,65,5,30,40,25,10,70,30,60,50,5,10,15,5,5,5,85,20,25,55,40,60
918,68,82,28,72,19,12,22,48,58,42,52,62,88,78,18,15,18,92,72,88,45,55,96,4,8,5,4,3,12,15,22,48,12,38
919,75,80,25,65,15,75,35,55,90,45,75,65,60,25,20,30,25,45,70,85,55,50,10,25,35,5,10,5,70,30,20,15,35,40
920,65,70,25,60,22,15,25,55,75,45,70,50,80,15,35,25,15,55,65,80,55,50,5,10,15,5,5,5,85,30,25,60,20,35
921,72,68,32,78,27,12,22,52,88,48,72,42,82,38,22,35,38,92,72,78,58,55,92,5,8,8,5,5,12,18,28,68,15,32
922,68,78,28,72,24,12,22,52,72,42,62,58,82,92,32,18,18,90,68,82,48,52,96,6,8,6,6,6,18,28,22,58,28,38
923,65,70,25,60,15,75,25,55,35,45,50,40,55,10,20,45,25,90,65,85,40,50,95,5,5,5,5,5,10,20,25,30,10,40
924,65,55,40,70,28,25,35,45,55,40,50,55,75,45,35,65,35,95,60,70,50,60,85,10,15,10,10,5,20,20,55,50,30,40
925,72,65,38,75,60,20,50,55,85,48,70,60,80,38,28,40,22,82,72,68,55,58,8,12,22,5,5,5,82,25,28,62,22,38
926,72,78,25,68,28,15,22,55,88,48,75,62,82,85,18,25,18,72,70,82,55,52,5,8,12,5,5,5,88,20,28,65,22,38
927,68,52,45,72,32,88,28,55,62,38,58,48,78,12,50,42,18,65,75,45,55,48,8,10,12,5,5,5,85,25,22,60,15,35
928,65,55,50,70,40,85,35,55,35,40,50,50,55,15,45,25,25,65,70,40,60,50,5,10,15,5,5,5,85,20,25,60,15,55
929,75,85,20,70,12,8,35,65,92,55,80,60,78,75,15,25,42,88,72,95,45,50,8,5,78,12,18,12,48,5,12,15,25,40
930,65,45,60,70,55,95,50,55,35,40,45,50,75,15,45,25,45,85,65,25,55,50,10,75,55,10,10,15,35,5,20,60,20,30
931,68,62,45,72,38,88,22,55,78,42,65,48,82,8,35,18,18,82,70,52,58,48,8,12,15,5,5,5,88,25,22,62,12,45
932,68,52,38,62,58,22,78,55,82,48,72,50,60,12,28,42,18,62,65,48,55,52,0,0,5,0,0,0,92,25,28,58,18,35
933,68,52,38,55,38,88,58,72,88,48,78,52,55,12,32,45,22,62,65,48,58,52,5,8,12,5,6,5,88,25,22,62,12,75
934,68,72,35,70,32,15,25,55,82,45,75,50,78,55,25,18,22,65,70,78,55,60,8,12,25,5,5,5,80,30,25,65,20,40
935,75,82,25,68,28,8,22,55,90,45,82,60,85,75,15,12,18,55,72,85,58,62,5,5,10,5,5,5,92,10,18,68,25,35
936,65,45,35,60,72,18,48,55,58,42,48,50,62,22,28,38,38,65,55,42,52,55,92,5,8,15,12,3,8,5,32,48,25,45
937,72,62,48,68,58,88,48,62,82,55,72,52,78,8,28,22,82,92,68,42,52,48,3,4,8,5,4,92,8,18,18,62,12,38
938,68,62,35,72,48,22,35,55,58,42,52,65,68,38,42,48,18,62,65,58,55,68,8,12,10,5,5,5,88,25,38,58,22,28
939,78,72,32,68,42,12,38,58,92,45,82,62,78,45,22,18,22,88,72,78,52,62,8,12,18,5,5,5,82,25,28,68,18,35
940,68,62,38,72,58,18,48,55,82,52,75,48,78,35,28,22,48,82,68,52,58,52,12,15,72,10,18,8,38,22,25,62,12,32
941,65,85,20,50,8,25,45,70,55,60,50,55,65,25,25,20,15,60,70,90,45,40,5,5,10,0,0,0,85,15,20,10,30,55
942,65,75,70,70,38,95,40,60,25,50,55,60,85,10,65,20,25,85,70,50,70,50,5,10,15,5,5,5,90,0,20,65,30,60
943,72,62,55,68,52,88,48,58,68,42,62,52,78,12,48,22,62,92,72,42,62,48,8,48,72,8,8,8,28,18,18,68,18,32
944,68,62,42,58,22,88,32,55,82,58,72,48,60,12,35,38,22,82,68,70,48,52,8,18,35,5,5,5,78,25,22,52,18,38
945,75,65,60,70,65,95,45,55,85,40,75,50,85,15,55,20,25,40,70,35,75,50,5,5,10,0,0,0,95,30,15,70,10,40
946,68,62,35,72,32,18,48,55,75,50,68,58,78,82,22,25,38,92,72,68,42,58,88,8,12,10,8,5,12,20,28,62,18,38
947,65,45,55,75,70,15,45,50,25,35,40,55,80,10,35,25,35,75,70,20,60,55,65,10,15,10,10,5,40,0,30,65,20,25
948,80,85,20,70,10,10,30,60,90,50,80,70,70,55,20,30,20,40,80,95,60,50,5,5,10,5,5,5,90,20,20,10,40,50
949,65,55,40,60,38,85,50,45,85,50,80,75,40,15,30,70,25,65,70,60,55,50,5,10,15,5,5,5,85,20,25,55,10,45
950,75,68,35,72,42,15,45,55,88,40,75,50,82,35,15,20,25,65,78,70,55,60,5,8,10,5,5,5,92,25,25,65,20,35
951,65,70,35,60,15,75,30,55,75,45,65,50,70,20,40,45,20,80,70,80,55,50,10,5,15,5,5,5,85,20,35,40,25,45
952,68,62,45,72,38,88,28,55,72,48,65,42,78,12,38,22,18,62,68,52,65,52,8,6,12,5,5,5,88,25,22,62,12,35
953,68,42,35,62,78,12,58,72,64,55,58,48,65,8,28,38,22,58,60,40,55,52,5,5,12,5,5,5,88,0,25,48,42,45
954,68,52,45,62,58,88,48,72,58,55,62,48,68,12,38,42,22,68,65,32,52,48,5,8,12,3,4,2,92,25,15,58,22,75
955,72,68,28,62,38,12,22,48,88,42,78,52,82,40,18,22,42,88,68,78,38,52,88,8,12,8,5,5,12,25,28,58,12,32
956,70,75,30,65,25,5,40,20,85,40,75,80,80,5,20,30,15,10,70,85,60,85,5,5,10,5,5,5,90,20,50,40,20,30
957,55,40,35,65,55,85,60,65,35,50,40,45,50,35,25,70,20,55,60,30,55,60,5,5,10,5,5,5,90,20,25,50,10,40
958,68,62,55,72,38,92,48,55,78,45,72,68,75,35,42,28,22,85,75,58,65,55,8,15,12,5,7,5,88,25,18,62,22,45
959,68,52,42,63,48,88,45,72,68,55,62,48,70,12,35,22,18,82,65,38,58,52,5,8,12,5,5,5,92,35,18,58,22,75
960,68,72,35,62,28,18,38,45,82,42,68,65,70,55,22,28,62,82,65,70,38,52,8,12,18,25,10,78,8,25,32,58,22,40
961,65,75,30,60,25,15,40,55,70,45,60,50,80,65,20,25,35,85,65,80,50,55,90,5,10,5,5,5,15,0,20,60,30,40
962,65,35,40,70,85,15,55,50,55,45,60,55,65,25,30,20,20,40,70,40,75,65,5,10,15,5,10,5,90,20,40,50,45,70
963,68,62,35,72,38,12,42,58,55,48,52,45,68,38,28,42,22,58,62,60,55,62,0,0,5,0,0,0,92,15,28,48,18,42
964,65,60,40,70,25,80,30,50,60,40,55,45,70,10,50,30,20,80,65,65,60,50,5,25,35,5,5,5,75,20,30,55,20,40
965,75,65,35,70,55,15,45,60,85,50,75,55,80,45,20,40,25,65,70,65,55,70,5,5,10,0,0,0,90,20,25,60,25,55
966,65,60,55,70,38,92,42,55,68,45,62,50,68,12,38,22,58,88,72,52,48,52,8,75,62,12,10,8,35,25,18,55,15,28
967,62,48,68,72,52,88,48,58,28,38,42,52,62,12,48,22,22,62,68,25,58,48,3,8,12,2,4,2,88,25,22,58,12,38
968,75,80,20,60,15,25,45,70,40,50,55,65,70,50,25,30,20,45,75,90,55,50,10,15,20,10,10,10,85,30,35,15,25,50
969,68,42,55,62,78,92,48,65,58,35,52,48,60,8,38,28,18,25,72,25,68,45,0,5,0,0,0,0,92,15,22,55,18,75
970,65,45,55,70,55,85,45,60,35,40,50,50,75,15,45,40,25,65,65,25,60,45,5,10,10,5,5,5,85,20,25,60,15,35
971,65,60,35,55,25,65,25,50,80,45,70,55,75,15,35,40,45,85,75,70,40,50,90,5,10,15,5,5,10,30,25,55,20,60
972,68,55,62,78,38,92,48,52,28,42,45,58,82,8,38,32,62,96,72,35,58,48,12,78,55,18,8,5,35,22,18,62,28,25
973,72,52,48,68,58,88,42,62,82,48,68,52,78,12,32,42,48,88,72,38,58,52,88,8,12,8,8,5,12,18,22,62,22,32
974,72,58,32,68,52,18,48,55,88,45,72,50,78,38,18,22,22,58,75,52,62,58,5,5,8,5,5,5,88,20,28,58,18,45
975,75,80,35,65,28,15,45,55,85,40,75,60,80,70,25,20,65,95,70,80,45,55,80,20,25,30,15,25,10,20,25,65,30,50
976,65,55,45,70,32,85,35,60,40,35,50,45,75,20,50,55,25,80,70,50,55,50,75,10,15,10,10,5,25,20,30,60,10,20
977,65,45,40,60,65,85,55,50,80,55,70,60,50,15,35,75,25,75,65,35,55,45,0,5,10,0,0,0,90,20,25,50,10,40
978,72,62,48,68,30,88,48,72,88,58,78,58,62,12,28,38,22,88,72,58,55,50,8,18,28,5,5,5,88,25,22,68,18,45
979,65,55,45,70,55,85,45,60,75,40,65,50,80,15,35,25,25,85,70,35,55,50,5,10,15,5,5,5,90,20,15,60,25,35
980,55,45,50,60,55,90,50,65,30,40,45,50,70,10,40,35,20,80,65,35,55,50,5,10,10,5,5,5,90,20,20,55,10,40
981,65,50,55,70,55,85,45,60,45,40,50,55,50,25,60,35,25,65,70,40,65,55,5,10,10,5,5,5,85,20,25,60,15,45
982,75,70,40,70,45,15,55,50,85,55,80,65,80,10,25,20,85,90,70,65,50,70,5,5,10,10,5,95,5,20,40,60,20,30
983,68,72,35,70,32,18,38,55,75,48,62,58,78,55,28,22,58,88,72,68,52,65,72,45,22,12,10,12,18,40,25,62,38,42
984,65,60,45,60,28,85,45,55,75,40,70,50,65,15,55,25,55,85,70,60,50,50,35,25,60,20,15,10,45,20,25,60,20,55
985,68,78,32,72,27,18,22,48,72,42,62,58,82,88,22,18,38,62,68,82,52,55,92,8,12,10,6,5,18,22,28,58,22,38
986,65,60,45,70,30,90,40,55,50,45,55,50,75,15,60,25,25,75,70,45,65,50,5,10,15,5,5,5,85,30,25,65,20,55
987,68,62,48,72,32,88,22,55,52,38,45,48,78,12,28,18,38,88,65,50,58,52,92,8,10,6,5,5,12,15,22,62,12,28
988,65,60,35,55,22,85,25,50,80,40,70,55,60,75,25,45,15,65,70,65,55,50,5,10,10,5,5,5,90,20,25,50,15,55
989,65,60,45,70,30,85,25,55,50,40,55,50,75,10,35,20,15,85,70,50,60,50,5,10,10,5,5,5,90,20,20,60,10,40
990,75,65,35,70,20,75,35,55,85,40,80,60,65,15,25,30,25,45,75,85,55,50,5,5,10,0,5,0,85,20,15,40,25,60
991,72,68,38,70,42,18,48,55,82,52,72,58,82,88,28,18,58,82,68,68,52,55,8,42,58,12,8,8,35,22,28,62,22,38
992,72,78,32,68,24,18,22,52,82,48,74,58,82,88,28,18,18,38,72,82,58,62,8,12,18,6,6,6,88,22,28,55,22,65
993,80,75,20,65,12,8,35,55,92,50,78,62,68,72,12,18,18,42,82,95,55,48,5,5,8,5,5,5,92,25,15,35,45,58
994,70,80,30,60,15,75,35,60,50,40,55,50,70,10,30,40,15,25,65,85,60,50,5,5,10,5,5,5,90,20,25,40,30,50
995,68,78,25,62,22,18,22,55,92,58,85,62,78,88,15,18,42,62,72,88,48,62,18,12,72,8,10,12,38,35,22,58,20,52
996,68,72,35,62,28,18,32,48,58,42,55,68,70,38,42,22,22,75,65,78,55,52,8,6,12,5,7,5,88,25,28,52,18,32
997,85,90,20,75,10,15,35,60,95,50,85,75,80,45,10,15,20,25,85,95,55,50,5,5,10,5,5,5,90,30,20,10,25,40
998,72,48,62,78,68,92,52,68,38,42,48,52,82,18,58,38,22,65,72,28,72,48,3,4,5,0,0,0,94,25,22,68,22,32
999,68,72,25,65,32,8,28,55,92,48,85,62,78,35,18,42,22,58,75,78,52,65,5,8,12,5,5,5,88,25,22,58,15,38
1000,68,62,45,70,38,88,48,55,72,42,65,50,75,12,38,22,22,82,68,35,58,48,5,12,15,3,2,3,92,18,25,62,15,40
1001,75,80,25,65,15,5,25,60,95,55,85,70,80,95,15,20,45,70,75,90,50,50,85,10,25,20,10,5,15,30,15,60,20,40
1002,60,55,55,65,45,85,45,50,35,50,50,45,70,10,25,30,35,85,60,30,50,50,90,5,10,5,5,5,10,20,25,55,10,40
1003,68,82,35,72,28,15,22,55,38,45,48,62,78,35,28,18,25,78,65,80,58,52,8,12,25,5,5,5,85,20,25,55,12,40
1004,75,80,25,65,8,45,35,55,85,50,70,60,50,45,20,25,25,65,75,90,45,50,5,5,10,5,5,5,85,40,35,30,40,60
