stimulus,trustworthy,attractive,dominant,smart,age,gender,weight,typical,happy,familiar,outgoing,memorable,well-groomed,long-haired,smug,dorky,skin-color,hair-color,alert,cute,privileged,liberal,asian,middle-eastern,hispanic,islander,native,black,white,looks-like-you,gay,electable,godly,outdoors
1,65,60,55,65,45,95,45,50,30,55,45,50,60,10,35,30,25,30,60,35,50,50,0,10,10,0,0,0,90,50,50,55,40,65
2,75,85,45,70,35,15,45,40,90,50,85,75,80,70,10,15,30,10,80,75,50,50,0,30,60,40,0,40,10,50,50,60,30,65
3,75,55,60,85,45,85,45,40,30,45,40,50,90,5,35,30,20,40,70,35,75,50,0,0,0,0,0,0,95,10,30,65,30,20
4,75,85,40,70,25,15,45,40,70,50,65,75,85,60,10,15,75,85,70,80,55,50,5,30,40,45,40,70,5,10,50,60,30,40
5,75,70,40,65,40,15,45,50,85,55,75,50,70,10,20,30,20,40,60,65,55,50,0,0,0,0,0,0,90,0,0,50,30,45
6,65,70,55,60,35,85,45,40,45,50,55,55,65,30,40,35,20,40,60,55,55,50,0,0,0,0,0,0,95,50,50,50,40,60
7,65,70,55,58,30,95,45,50,52,45,60,40,55,5,35,30,20,40,60,55,45,50,0,0,0,0,0,0,90,50,50,55,40,75
9,85,60,40,75,65,15,55,50,80,70,75,55,70,40,10,30,20,40,65,55,50,50,0,0,0,0,0,0,90,0,50,45,30,40
10,65,55,45,60,45,85,55,50,40,50,45,50,55,20,30,40,30,85,55,45,50,50,5,40,60,10,10,5,40,50,50,50,40,55
11,85,75,45,80,40,20,45,50,85,60,75,55,90,5,10,15,25,40,70,70,60,50,95,5,5,5,5,5,5,50,50,70,10,30
12,85,80,10,65,10,20,30,40,85,50,75,60,80,10,5,15,15,30,70,95,50,50,0,0,0,0,0,0,95,50,50,40,30,40
13,85,70,55,75,40,100,55,50,90,60,80,55,65,10,15,20,25,40,70,60,45,50,0,0,0,0,0,0,95,0,50,60,40,85
14,75,70,40,65,30,100,45,50,85,60,75,50,80,10,15,30,20,30,60,75,60,50,0,0,0,0,0,0,90,50,50,60,40,45
15,65,58,45,60,25,90,45,50,40,55,50,55,65,10,30,40,40,95,60,65,45,50,100,0,0,10,10,0,0,50,50,40,30,50
16,75,65,60,70,75,85,50,40,40,50,50,60,75,20,30,20,30,40,60,30,50,50,95,10,10,10,10,5,15,10,50,65,40,60
17,65,68,45,55,25,85,40,50,50,45,55,40,60,10,30,35,25,35,60,65,50,50,5,40,45,10,10,5,75,50,50,50,30,55
18,75,85,40,65,25,15,45,40,70,50,65,70,80,90,10,15,75,90,60,80,50,50,5,10,15,30,20,85,5,10,50,55,30,45
19,75,85,40,70,25,15,40,45,75,50,70,60,85,30,10,20,20,80,65,80,60,50,0,0,0,0,0,0,90,50,50,55,30,50
20,75,70,45,65,25,15,45,40,80,50,75,60,85,5,10,20,75,90,70,75,50,50,5,5,5,5,5,95,5,50,50,60,40,40
21,75,80,40,65,25,15,45,50,55,60,65,55,85,90,30,20,20,85,60,85,55,50,70,10,30,20,10,5,15,50,50,50,10,40
22,75,70,45,60,35,15,40,45,85,50,75,55,65,75,30,40,20,30,65,70,50,50,0,0,0,0,0,0,90,50,50,50,30,80
23,75,70,45,75,40,100,45,50,65,55,60,50,80,10,20,30,25,30,65,55,60,50,0,0,0,0,0,0,85,0,0,60,30,40
24,75,60,65,75,85,85,55,40,45,50,55,55,80,10,30,20,20,20,60,20,75,45,0,0,0,0,0,0,95,10,30,70,40,40
25,85,75,40,70,40,15,45,50,80,60,75,55,85,80,10,20,20,40,70,65,60,50,0,0,0,0,0,0,90,0,0,65,30,60
26,65,85,40,60,30,15,45,40,55,30,65,70,80,85,30,20,20,30,60,80,70,50,0,10,5,0,0,0,90,10,50,50,10,30
27,85,75,40,70,35,15,45,50,90,60,80,55,85,80,10,20,30,40,75,70,50,50,0,0,60,0,0,0,40,50,50,65,30,40
28,65,75,45,70,25,100,40,45,40,50,55,55,80,10,30,35,25,95,60,70,60,50,0,70,30,0,0,0,30,50,50,55,30,40
29,75,70,55,60,30,100,50,50,55,45,55,40,75,10,30,20,30,90,60,55,50,50,0,60,30,0,0,0,70,0,50,50,40,50
30,75,65,40,60,35,15,45,50,85,55,75,50,60,70,10,20,20,40,65,70,50,50,0,0,0,0,0,0,90,50,50,50,40,75
31,55,58,62,55,55,75,50,45,45,40,55,50,55,40,45,30,25,45,55,40,55,50,5,10,10,5,5,5,85,10,50,50,30,65
32,85,88,40,75,25,15,45,40,95,60,85,70,90,95,10,15,65,35,75,90,55,50,40,45,75,60,50,10,10,50,50,65,30,60
33,85,90,10,50,5,15,40,40,75,80,60,70,85,30,5,10,10,40,70,100,50,50,0,0,0,0,0,0,95,50,50,10,30,20
34,85,75,40,70,25,15,45,50,95,60,85,65,70,80,10,30,20,30,75,85,50,50,0,0,0,0,0,0,90,50,50,50,10,70
35,55,65,60,55,35,90,45,50,40,45,55,50,65,10,45,30,25,85,75,50,55,50,0,10,10,0,0,0,85,10,50,50,30,55
36,75,70,55,75,40,100,45,40,55,45,55,50,85,10,30,20,30,15,65,45,70,50,0,40,30,0,0,0,70,20,50,65,30,40
37,75,85,10,50,10,15,40,40,45,50,50,60,70,80,5,10,15,25,60,95,60,50,0,0,0,0,0,0,95,0,50,10,10,30
38,75,65,55,70,40,100,50,55,60,50,65,45,85,5,30,20,20,30,60,45,65,50,0,0,0,0,0,0,95,50,50,70,40,55
39,75,70,40,60,35,15,45,50,85,55,75,50,70,75,10,20,20,30,65,75,50,50,0,0,0,0,0,0,85,0,0,50,10,30
40,85,70,55,75,40,100,50,45,75,60,70,50,90,0,10,20,20,30,65,45,75,50,0,0,0,0,0,0,95,50,50,80,40,40
41,65,60,45,55,35,85,40,45,55,50,60,65,55,10,40,50,25,30,60,55,50,50,0,20,10,0,0,0,85,0,50,50,30,50
42,75,80,45,70,35,15,45,50,55,40,60,55,85,30,10,15,75,10,65,75,50,50,0,0,50,60,50,70,0,0,50,60,30,55
43,75,78,45,65,30,15,45,50,85,55,80,60,85,90,20,30,20,85,70,80,60,50,0,0,0,0,0,0,90,0,0,50,10,30
44,75,65,40,55,25,10,50,50,60,50,65,45,70,10,30,35,30,95,55,70,40,50,100,0,0,60,50,0,0,0,50,50,30,60
45,75,78,55,60,30,100,50,45,65,50,60,55,75,0,40,30,85,90,65,70,50,50,0,0,0,0,0,100,0,50,50,55,40,50
46,75,80,45,70,25,10,40,50,85,60,75,55,85,10,20,30,20,85,70,85,70,50,0,0,0,0,0,0,100,50,50,65,30,40
47,85,88,10,75,15,15,40,45,70,60,75,70,80,75,10,20,20,40,75,95,65,50,0,0,0,0,0,0,90,50,50,40,30,40
48,75,50,45,70,65,100,55,40,60,50,65,45,60,5,30,40,20,30,65,40,50,50,0,0,0,0,0,0,85,0,50,50,30,40
49,65,75,55,60,25,100,45,50,55,40,60,55,70,10,40,30,30,85,60,70,50,50,5,80,40,5,5,5,40,10,50,50,30,50
50,75,70,45,65,25,100,40,50,80,55,75,50,85,5,10,20,20,95,60,75,50,50,100,0,0,0,0,0,0,50,50,60,30,40
51,75,85,40,70,25,15,45,40,75,50,65,60,80,70,10,20,75,20,60,80,50,50,85,10,40,60,50,10,10,50,50,50,10,40
52,65,75,55,70,30,100,40,45,30,40,45,60,80,10,35,20,35,15,75,55,60,50,0,60,50,40,0,0,20,10,50,65,30,55
53,65,75,40,60,20,25,45,50,45,55,50,55,70,90,30,30,30,85,55,75,55,50,10,40,50,20,20,10,40,50,50,50,40,45
54,65,75,45,60,25,15,40,50,55,40,55,45,70,10,40,30,20,40,50,70,60,50,0,0,0,0,0,0,95,0,50,50,30,60
55,75,70,40,60,20,15,45,50,85,60,75,55,70,5,10,20,20,30,65,80,50,50,0,0,0,0,0,0,90,50,50,50,40,70
56,75,85,45,70,30,15,45,40,95,50,85,75,80,75,10,15,35,15,70,80,55,50,10,60,70,40,40,20,20,50,50,50,30,40
57,85,80,30,75,15,20,45,40,75,60,70,65,80,40,10,20,30,85,70,90,40,50,95,5,5,10,10,5,5,10,50,40,10,60
58,75,70,45,65,35,15,45,50,60,55,60,50,75,20,30,35,20,40,65,65,55,50,0,0,0,0,0,0,85,50,50,55,40,45
59,85,75,30,60,15,20,45,50,90,60,75,55,70,30,10,20,20,40,70,95,50,50,0,0,0,0,0,0,85,50,50,40,50,50
60,75,85,20,50,10,15,45,40,45,60,55,65,50,90,10,20,15,35,60,95,50,50,0,0,0,0,0,0,90,50,50,10,10,60
61,75,70,30,65,15,15,45,50,55,50,60,45,80,10,20,30,30,30,60,85,55,50,0,40,30,0,0,0,60,50,50,40,30,40
62,75,70,40,65,15,10,45,50,60,55,65,50,80,5,10,30,20,40,60,85,60,50,0,0,0,0,0,0,95,50,50,50,50,60
63,75,78,55,70,30,95,45,50,60,55,65,50,80,5,30,20,25,90,60,65,55,50,0,30,10,0,0,0,85,50,50,55,40,55
64,75,80,45,70,35,15,45,50,85,60,75,55,90,85,10,15,25,35,70,75,60,50,0,20,60,0,0,0,70,0,0,65,10,30
65,75,60,55,70,60,90,50,45,40,50,45,50,75,20,30,30,20,20,55,40,65,50,0,0,0,0,0,0,100,0,50,60,40,50
66,65,55,40,55,30,15,45,50,75,50,60,40,50,60,30,45,20,40,55,60,50,50,0,0,0,0,0,0,85,50,50,45,30,40
67,65,75,55,60,25,100,45,40,45,40,50,55,85,10,30,20,20,85,60,65,55,50,0,30,10,0,0,0,80,0,50,55,30,45
68,75,65,40,60,30,10,45,50,80,55,70,45,60,10,20,40,20,70,65,70,50,50,0,0,0,0,0,0,100,50,50,50,30,40
69,75,70,40,60,30,15,45,50,85,55,75,50,60,85,10,20,20,80,65,75,50,50,0,0,0,0,0,0,85,50,50,50,10,80
70,75,70,55,65,45,90,45,50,60,55,65,50,75,10,30,20,20,40,60,45,60,50,0,0,0,0,0,0,95,50,50,60,40,65
71,75,78,45,60,30,100,45,40,90,50,80,55,70,5,10,20,35,10,70,75,40,50,0,0,60,50,0,0,0,0,0,50,10,65
72,65,85,60,75,40,15,45,40,40,30,55,70,85,75,30,10,25,80,70,65,70,50,5,60,55,10,10,5,30,10,50,55,20,30
73,85,80,10,60,10,15,40,45,75,50,70,55,50,75,5,15,20,30,70,95,50,50,0,0,0,0,0,0,90,50,50,10,10,60
74,75,70,45,80,35,25,45,40,75,50,70,55,75,30,10,20,30,20,70,75,50,50,90,5,10,10,10,5,5,50,50,50,10,40
75,65,75,60,70,25,100,45,40,30,45,40,55,75,5,35,20,30,20,70,60,50,50,5,40,30,5,5,5,70,50,50,55,40,75
76,75,85,40,65,25,15,45,40,80,50,75,60,85,90,10,15,20,30,70,85,55,50,0,10,10,0,0,0,85,50,50,50,30,40
77,75,65,45,60,35,100,45,50,90,55,80,40,70,10,20,30,20,30,70,60,55,50,0,0,0,0,0,0,90,0,50,55,30,40
78,75,50,65,80,85,10,55,40,30,45,40,60,85,5,30,20,80,75,70,20,65,50,5,5,5,5,5,95,5,10,50,70,40,30
79,75,60,40,65,45,15,45,50,80,55,70,50,55,60,10,30,20,40,70,65,50,50,0,0,0,0,0,0,90,0,50,50,40,60
80,75,55,65,60,75,85,55,45,40,50,45,55,70,10,30,20,20,40,60,30,60,40,0,0,0,0,0,0,95,0,0,65,40,55
81,85,80,10,50,5,15,40,40,65,50,60,55,70,75,5,10,15,20,75,95,40,50,0,0,0,0,0,0,95,50,50,10,30,40
82,75,85,40,70,25,15,45,40,65,50,60,65,85,90,10,15,20,10,70,80,55,50,85,10,20,10,10,5,15,50,50,50,10,60
83,85,75,40,75,65,20,45,50,80,60,70,55,75,85,10,15,25,20,65,60,65,55,0,0,0,0,0,0,95,0,0,60,30,40
84,65,55,45,70,35,100,45,50,40,50,45,40,60,10,30,40,20,80,55,45,50,50,0,0,0,0,0,0,90,50,50,50,30,40
85,75,65,40,70,25,15,45,50,85,55,75,50,70,80,10,30,20,85,65,75,50,50,0,0,0,0,0,0,80,50,50,50,10,60
86,65,70,45,60,30,100,45,50,75,55,70,50,75,10,30,35,20,30,60,65,55,50,0,0,0,0,0,0,85,50,50,55,40,75
87,75,85,30,65,25,15,40,45,80,50,75,60,85,70,10,20,20,30,70,90,60,55,0,0,0,0,0,0,90,10,50,50,40,75
88,65,60,45,65,30,100,45,50,40,45,45,40,70,10,35,30,20,85,55,50,55,50,0,0,0,0,0,0,90,0,50,50,30,40
89,75,85,30,60,20,15,45,40,90,50,80,70,85,80,10,20,20,40,70,95,65,50,0,0,0,0,0,0,80,0,0,40,10,30
90,75,55,45,70,65,20,55,50,75,60,70,50,75,10,30,30,25,40,65,50,50,50,0,0,0,0,0,0,85,0,50,50,40,50
91,65,85,45,60,25,15,40,40,45,30,55,70,80,75,30,20,25,85,65,80,60,50,5,40,45,10,10,5,75,10,50,50,30,60
92,75,70,55,70,40,100,50,45,75,50,65,55,85,5,30,20,30,40,60,50,60,50,0,60,30,0,0,0,70,50,50,65,40,50
93,85,80,40,75,25,15,45,50,95,60,85,65,80,90,10,20,20,85,70,85,50,50,100,0,0,0,0,0,0,50,50,60,30,60
94,75,70,45,65,30,100,45,50,60,55,60,50,75,10,20,30,20,30,60,65,55,50,0,0,0,0,0,0,90,50,50,55,30,45
95,85,70,40,75,65,15,45,50,90,60,80,65,70,30,10,20,20,75,70,65,50,50,0,0,0,0,0,0,95,0,50,50,40,60
96,75,55,45,60,55,85,55,50,50,40,50,45,55,30,40,35,20,40,55,40,50,50,0,0,0,0,0,0,95,0,50,50,40,55
97,85,75,40,70,30,15,45,50,80,60,75,55,85,80,10,20,20,40,70,75,60,50,0,0,0,0,0,0,90,50,50,65,30,40
98,85,90,10,60,10,20,45,50,75,60,70,75,80,10,5,15,20,30,80,100,50,50,0,0,0,0,0,0,80,50,50,10,50,50
99,75,65,45,70,35,10,45,50,85,55,75,40,80,10,20,30,20,15,65,60,55,50,0,0,0,0,0,0,90,0,50,60,30,45
100,75,85,40,65,30,15,45,50,90,60,80,65,75,70,10,20,20,30,70,85,55,50,0,0,0,0,0,0,90,50,50,50,30,75
101,75,65,40,60,35,20,45,50,80,55,70,50,60,40,10,20,15,25,65,70,45,50,0,0,0,0,0,0,95,50,50,50,30,85
102,85,65,40,80,75,15,45,50,60,55,60,45,85,60,10,20,20,40,70,50,65,50,0,0,0,0,0,0,95,0,0,55,40,30
103,75,70,40,60,25,15,45,50,65,55,60,50,65,85,30,40,20,75,60,75,50,50,0,0,0,0,0,0,90,50,50,50,40,50
104,75,70,55,60,35,100,50,45,55,50,60,50,65,10,40,30,20,80,60,55,50,50,0,0,0,0,0,0,90,50,50,50,40,70
105,75,85,45,60,30,15,40,45,90,50,80,65,85,75,10,15,25,85,70,80,60,50,5,30,40,5,5,5,75,50,50,55,10,30
106,75,85,40,65,25,15,40,45,85,50,80,60,85,90,10,15,20,30,70,85,65,55,0,0,0,0,0,0,95,50,50,50,30,60
107,75,80,45,70,40,15,45,40,85,50,75,65,80,70,20,10,30,40,65,75,55,50,0,30,60,40,0,40,30,0,0,60,10,40
108,65,78,45,60,25,15,45,50,40,55,50,65,75,90,30,20,35,75,60,75,55,50,40,30,60,70,65,20,20,50,50,50,40,55
109,75,85,45,70,30,15,40,45,90,50,80,75,85,90,10,15,35,85,75,80,60,50,10,70,40,20,30,20,20,50,50,65,40,45
110,85,80,10,50,5,15,45,40,100,60,90,75,60,40,10,20,20,30,85,100,50,50,0,0,0,0,0,0,80,0,50,10,50,50
111,85,65,40,80,45,25,45,50,75,60,70,55,75,10,15,30,20,30,65,60,55,60,0,0,0,0,0,0,85,0,50,65,30,40
112,75,85,40,65,25,15,45,50,90,40,80,60,85,80,10,15,20,40,70,85,60,50,0,10,10,0,0,0,80,0,0,50,10,30
113,75,65,40,60,25,30,45,50,70,55,65,50,60,30,30,40,20,30,60,70,50,50,0,40,30,0,0,0,80,50,50,50,30,60
114,85,90,10,50,5,15,45,40,55,60,50,70,75,30,5,10,25,85,80,100,50,50,0,60,40,0,0,0,30,50,50,10,10,10
115,75,70,45,75,30,10,40,45,55,50,60,55,70,20,30,35,25,15,65,65,60,50,0,0,0,0,0,0,95,50,50,55,30,45
116,85,65,55,80,65,100,55,45,60,50,55,50,85,10,30,20,35,25,60,40,60,50,95,5,10,15,10,5,5,10,50,70,40,40
117,75,70,55,75,35,100,50,45,60,50,65,55,85,10,40,30,20,30,70,55,70,50,0,0,0,0,0,0,90,50,50,65,40,45
118,75,70,55,80,35,100,50,45,55,40,55,50,75,0,30,20,75,90,65,50,55,50,0,50,30,20,20,85,10,10,50,60,30,40
119,75,80,40,70,25,15,45,40,85,50,75,60,85,80,10,20,20,10,70,85,55,50,0,30,40,0,0,0,70,50,50,60,30,40
120,65,70,40,60,15,10,45,40,30,50,45,55,75,10,45,35,15,15,70,85,60,50,0,0,0,0,0,0,95,50,50,40,30,40
121,75,65,40,60,20,15,45,50,60,55,65,45,60,10,30,40,20,25,55,75,50,50,0,0,0,0,0,0,90,50,50,50,40,60
122,65,75,50,60,25,85,40,50,50,45,55,50,70,20,30,35,20,30,60,70,60,50,0,0,0,0,0,0,90,0,50,55,30,60
123,75,65,55,80,65,15,45,40,45,50,50,55,85,30,30,20,20,30,60,30,70,50,0,0,0,0,0,0,90,0,50,65,40,40
124,65,70,45,60,25,10,40,45,40,50,55,55,50,60,35,40,20,30,55,65,55,50,0,0,0,0,0,0,100,50,50,50,30,55
125,75,60,65,75,55,85,50,45,40,50,45,55,80,10,30,20,35,30,60,30,70,50,10,75,40,10,10,10,20,10,50,65,40,40
126,75,60,65,60,45,90,65,50,55,40,55,45,65,0,40,30,20,80,55,40,50,50,0,30,30,0,0,0,85,0,50,50,40,75
127,85,88,10,70,10,20,45,40,65,75,70,60,75,80,5,15,30,40,75,95,50,50,0,0,0,0,0,0,80,0,50,10,10,60
128,75,85,45,70,30,15,40,40,80,50,75,65,85,80,10,15,25,30,70,80,60,50,0,30,20,0,0,0,80,50,50,60,30,40
129,85,80,10,60,10,15,40,50,95,60,85,70,75,30,5,15,25,40,75,100,40,50,5,45,40,10,10,5,30,50,50,10,10,30
130,65,55,50,55,45,90,55,50,45,50,50,40,55,5,30,35,20,30,55,40,50,50,0,0,0,0,0,0,85,50,50,50,40,60
131,75,70,40,60,25,15,45,50,85,55,75,50,60,85,10,30,20,40,65,80,50,50,0,0,0,0,0,0,85,50,50,50,30,90
132,75,65,55,60,45,90,50,50,55,40,60,45,70,5,30,20,25,30,60,40,55,50,0,0,0,0,0,0,95,0,50,55,30,50
133,75,85,40,70,25,15,45,50,75,60,70,65,80,90,10,20,20,40,65,85,60,55,0,0,0,0,0,0,95,50,50,50,30,65
134,65,70,60,65,35,100,50,50,40,45,50,55,80,0,30,20,25,30,60,45,55,50,0,60,30,0,0,0,75,0,50,60,30,50
135,75,65,55,70,35,100,55,50,60,55,65,50,70,10,40,30,20,40,60,55,60,50,0,0,0,0,0,0,90,0,0,55,0,40
136,85,80,20,70,15,15,45,50,90,60,75,65,70,80,10,20,20,30,75,95,50,50,0,0,0,0,0,0,85,0,0,10,10,60
137,75,85,40,65,25,15,45,50,70,55,65,60,75,10,20,30,30,35,60,80,50,50,0,40,50,0,0,0,40,50,50,50,10,60
138,75,70,60,75,40,90,50,45,55,40,60,50,85,10,30,20,20,30,65,45,75,50,0,0,0,0,0,0,95,10,10,70,10,30
139,65,68,40,60,25,15,45,50,45,55,50,45,60,70,30,35,20,30,55,70,50,50,5,10,10,5,5,5,85,50,50,50,40,50
140,75,60,45,70,35,100,50,50,60,50,55,40,80,0,30,35,30,20,60,50,55,50,0,40,60,0,0,0,20,50,50,55,40,45
141,85,75,45,70,35,10,45,50,90,60,80,55,85,20,10,20,25,85,75,70,60,50,0,0,0,0,0,0,90,50,50,65,30,40
142,75,85,40,70,30,15,45,40,75,50,70,60,85,90,10,15,20,30,65,80,70,50,0,0,0,0,0,0,95,50,50,60,30,60
143,85,70,40,80,45,20,45,50,90,60,75,55,75,30,10,20,20,40,70,65,55,50,0,0,0,0,0,0,90,0,0,60,10,30
144,65,55,45,70,40,95,45,50,50,40,50,45,60,10,30,40,20,40,60,45,55,50,0,0,0,0,0,0,90,0,50,50,30,55
145,65,68,45,60,30,100,45,50,75,55,70,50,65,10,30,40,20,85,60,70,55,50,0,0,0,0,0,0,90,50,50,50,30,55
146,75,70,55,65,40,90,50,45,60,50,65,55,75,10,40,30,25,20,65,55,50,50,0,0,0,0,0,0,85,50,50,60,40,70
147,65,45,40,60,65,85,60,50,45,55,50,40,60,5,30,40,20,30,55,30,50,50,0,0,0,0,0,0,85,0,50,50,40,45
148,75,70,45,65,35,100,45,50,60,55,65,50,75,10,30,35,30,30,60,55,50,50,0,0,0,0,0,0,85,50,50,60,40,70
149,75,55,50,70,75,85,55,45,40,50,45,55,75,10,30,20,30,20,60,20,60,45,5,10,10,5,5,5,85,10,40,65,30,55
150,75,85,40,70,30,20,45,40,80,50,75,65,70,10,15,20,30,85,70,80,50,50,5,60,40,5,5,5,40,50,50,50,30,60
151,75,60,45,65,45,90,60,50,60,55,55,40,70,10,30,35,25,40,55,45,55,50,0,0,0,0,0,0,85,0,50,55,40,65
152,85,80,10,60,10,10,40,50,95,70,85,65,80,5,5,15,20,30,75,100,50,50,0,0,0,0,0,0,90,50,50,40,50,50
153,85,75,40,70,35,15,45,50,90,60,75,55,80,85,10,20,20,85,70,75,55,50,0,0,0,0,0,0,90,50,50,50,30,40
154,75,60,45,70,45,90,45,50,60,55,65,40,70,10,30,40,25,30,60,45,55,50,0,0,0,0,0,0,95,50,50,60,40,55
156,75,60,45,70,35,100,50,55,60,50,55,45,70,5,30,40,20,85,60,55,50,50,0,0,0,0,0,0,90,50,50,50,30,40
157,85,80,10,60,10,15,45,50,75,60,70,55,80,10,5,15,20,30,70,95,50,50,0,0,0,0,0,0,95,50,50,10,10,30
158,75,55,40,65,40,15,55,50,60,50,55,45,60,70,30,40,20,40,55,50,50,50,0,0,0,0,0,0,85,50,50,45,40,55
159,75,78,60,65,30,100,45,40,60,50,65,55,70,10,30,20,25,90,70,65,45,50,0,40,30,0,0,0,85,50,50,60,30,85
160,75,60,55,70,55,95,55,45,40,50,50,45,75,5,30,30,20,80,60,35,50,50,0,10,5,0,0,0,90,50,50,50,40,60
161,75,85,40,65,25,15,45,50,80,60,75,65,70,90,10,20,20,40,60,85,55,50,0,0,0,0,0,0,95,0,0,50,10,70
162,75,70,55,65,35,100,45,50,50,40,55,45,75,10,30,30,20,40,60,55,60,50,0,0,0,0,0,0,100,0,50,60,30,55
163,65,55,50,70,55,90,55,45,40,50,45,55,65,10,40,30,35,30,60,30,55,50,5,60,55,10,10,5,40,10,50,50,30,40
164,75,85,20,60,10,20,40,45,45,50,55,65,40,60,10,20,20,40,65,95,50,50,0,0,0,0,0,0,85,50,50,10,10,40
165,75,70,45,65,35,15,55,50,75,40,65,50,75,85,30,20,20,80,60,70,55,50,0,0,0,0,0,0,90,0,50,50,30,40
166,75,70,40,60,25,30,45,50,85,55,75,50,65,10,15,20,20,85,70,80,50,50,0,0,0,0,0,0,80,50,50,50,40,80
167,75,50,45,80,55,15,45,40,45,50,50,40,85,5,30,40,20,40,60,30,70,50,0,0,0,0,0,0,95,10,50,60,30,30
168,85,80,40,75,30,15,45,40,95,50,90,65,85,80,10,20,20,85,70,85,60,50,95,0,0,0,0,0,0,50,50,60,40,50
169,65,60,45,60,40,15,45,50,55,50,55,45,70,75,40,30,20,40,60,55,50,50,0,0,0,0,0,0,85,0,50,50,40,60
170,85,75,45,70,45,15,50,50,80,60,75,55,70,60,10,15,75,10,65,65,40,50,70,30,60,50,50,10,10,50,50,60,40,55
171,75,55,40,60,35,25,55,50,65,50,60,45,65,20,30,40,20,85,55,60,50,50,0,0,0,0,0,0,80,50,50,45,30,40
172,75,70,30,60,15,10,40,50,60,55,65,50,70,20,30,20,30,15,70,85,40,50,0,60,50,0,0,0,10,50,50,40,30,75
173,75,60,40,70,30,20,45,50,65,55,60,50,75,5,30,40,75,10,65,65,45,50,95,5,5,10,5,5,5,50,50,50,40,45
174,85,88,20,75,10,15,40,45,70,60,75,70,80,75,10,15,25,30,75,95,50,50,60,40,40,30,30,5,45,50,50,50,50,80
175,55,75,45,60,25,15,40,45,30,40,45,65,75,70,35,30,20,40,60,70,65,50,0,0,0,0,0,0,90,50,50,50,30,40
176,85,80,40,75,30,15,45,50,90,60,75,65,85,80,10,20,20,90,70,85,55,50,95,5,5,5,5,5,5,50,50,60,10,30
177,75,65,55,70,35,100,45,50,45,40,55,50,60,10,30,35,20,40,60,50,55,50,0,0,0,0,0,0,95,0,50,55,30,50
178,65,75,40,60,25,15,45,50,55,40,60,55,70,60,30,20,30,20,65,75,50,50,50,50,50,50,50,50,50,50,50,50,50,50
179,75,80,45,70,30,15,45,40,55,50,60,75,85,20,30,20,85,90,65,75,50,50,0,0,0,0,0,100,0,50,50,60,40,50
180,65,75,45,60,30,15,40,45,40,50,55,60,55,20,35,30,25,15,65,70,50,50,5,40,30,5,5,5,75,50,50,50,40,55
181,85,70,45,75,35,25,40,50,90,60,80,55,75,60,10,20,20,85,70,65,50,50,0,0,0,0,0,0,90,50,50,60,30,65
182,65,70,55,60,30,100,45,40,50,45,55,60,55,10,40,30,30,70,60,65,40,50,5,75,40,5,5,5,35,50,50,50,40,65
183,65,75,55,60,25,90,45,40,50,45,55,60,70,20,40,30,30,15,65,65,55,50,5,75,45,5,5,5,35,10,50,55,30,45
184,85,75,45,80,35,25,45,50,90,60,85,65,90,5,10,20,30,10,75,70,60,50,70,30,60,40,40,10,10,50,50,75,30,40
185,75,80,45,70,30,15,40,45,55,50,60,65,75,70,30,35,25,30,65,75,55,50,5,40,45,10,10,5,85,50,50,55,30,60
186,75,65,40,70,25,10,45,50,55,50,55,40,80,10,30,45,15,40,60,65,60,50,0,0,0,0,0,0,95,50,50,55,40,45
187,75,70,55,60,30,100,45,50,65,50,60,45,75,0,30,30,35,85,60,65,50,50,0,60,50,40,50,0,40,50,50,55,40,75
188,75,85,40,65,25,15,45,50,70,55,65,60,85,90,20,15,30,75,60,80,55,50,95,10,15,20,10,5,10,50,50,50,10,40
189,85,65,40,80,55,15,45,40,75,50,70,55,80,10,20,30,20,40,65,50,60,55,0,0,0,0,0,0,95,0,50,60,30,40
190,75,70,55,70,40,90,50,50,65,55,60,45,75,10,20,30,20,30,60,50,60,50,0,0,0,0,0,0,85,0,0,65,30,40
191,85,75,45,80,35,25,40,50,90,60,85,65,80,5,10,20,20,40,75,70,65,60,0,0,0,0,0,0,95,50,50,70,40,55
192,75,60,40,70,35,100,45,50,75,55,65,45,70,10,20,40,20,30,60,55,55,50,0,0,0,0,0,0,90,50,50,55,40,45
193,75,50,45,65,55,25,50,50,45,55,50,40,60,40,30,35,20,35,55,40,50,50,0,0,0,0,0,0,85,0,50,45,30,40
194,85,80,20,60,10,50,50,40,95,50,85,70,75,10,10,20,20,5,75,98,30,50,95,5,5,40,40,5,5,10,50,10,10,60
195,75,60,45,65,30,10,45,50,60,55,55,40,65,10,30,40,20,40,60,55,50,50,0,0,0,0,0,0,95,50,50,50,30,55
196,65,68,55,60,35,95,45,50,40,45,50,55,70,10,45,30,35,85,65,55,50,50,5,60,70,20,50,10,30,10,50,55,40,60
197,65,50,40,70,45,85,55,50,40,55,45,40,60,30,35,55,25,30,55,40,55,50,0,0,0,0,0,0,90,50,50,50,30,40
198,75,70,40,60,45,15,45,50,85,60,75,55,70,65,10,20,20,30,65,75,50,50,0,0,0,0,0,0,85,0,0,50,10,60
199,75,70,40,65,35,20,45,50,80,55,75,50,70,20,10,20,25,30,60,75,50,50,0,0,0,0,0,0,85,50,50,50,40,50
200,65,55,50,50,45,85,60,50,40,45,50,55,40,20,45,40,30,70,55,40,30,50,0,40,40,0,0,0,60,0,50,45,30,75
201,75,65,50,60,45,100,55,50,60,55,55,50,70,10,30,20,75,20,60,45,40,50,0,60,40,30,40,10,10,0,50,55,30,65
202,75,70,40,75,40,15,45,50,65,60,60,55,70,20,30,35,20,40,65,65,55,50,0,0,0,0,0,0,90,50,50,55,40,50
203,65,75,60,65,30,85,45,50,55,40,55,50,70,10,40,20,30,20,60,65,55,50,5,45,35,5,5,5,60,50,50,55,40,65
204,65,75,45,60,25,15,40,45,50,55,60,65,55,75,30,40,20,25,60,70,55,50,0,40,30,0,0,0,85,50,50,50,30,55
205,75,65,40,60,30,10,40,50,60,45,55,40,70,5,30,40,20,90,65,60,50,50,0,0,0,0,0,0,85,50,50,50,30,60
206,75,70,40,65,35,15,45,50,80,55,70,45,80,40,10,20,20,60,60,65,55,50,0,0,0,0,0,0,90,50,50,55,30,40
207,75,85,40,65,25,15,45,40,55,50,60,70,75,80,30,20,20,40,65,80,60,50,0,0,0,0,0,0,85,50,50,50,30,60
208,75,60,45,65,35,100,50,50,65,55,60,50,55,40,30,40,30,80,60,55,40,50,90,10,20,30,10,5,5,50,50,50,30,75
209,75,85,40,70,30,15,45,40,60,50,65,60,80,85,20,30,20,40,60,80,65,55,0,0,0,0,0,0,95,50,50,55,40,50
210,75,70,55,65,25,100,45,50,55,50,60,50,65,5,30,35,30,20,60,65,50,50,0,40,30,0,0,0,70,50,50,55,40,75
211,75,85,40,70,30,15,45,40,65,50,60,65,80,75,20,15,30,40,60,75,60,50,5,45,50,10,10,5,40,50,50,55,30,45
212,75,70,45,75,35,10,40,50,55,40,60,50,70,30,30,30,20,40,65,55,50,50,0,0,0,0,0,0,100,0,50,55,40,75
213,75,80,45,70,30,20,45,40,85,50,75,60,75,85,10,15,30,25,65,80,55,50,5,40,60,10,10,5,45,50,50,50,10,60
214,75,80,30,65,15,20,40,45,70,50,65,55,60,75,20,30,15,25,60,85,55,50,0,0,0,0,0,0,95,50,50,40,45,50
215,75,60,45,55,35,90,60,50,70,55,65,40,55,10,20,30,25,85,60,55,50,50,0,0,0,0,0,0,85,50,50,50,40,50
216,75,85,40,65,30,15,45,40,90,50,85,70,75,90,20,30,15,40,75,85,60,50,0,0,0,0,0,0,95,0,50,50,10,40
217,85,75,40,70,25,15,45,50,90,60,80,55,65,60,10,20,20,40,75,85,50,50,0,0,0,0,0,0,95,50,50,50,40,70
218,85,80,10,50,10,50,40,40,90,60,70,50,70,10,10,20,15,30,80,100,50,50,0,0,0,0,0,0,95,50,50,10,10,10
219,75,85,40,65,25,15,45,40,80,50,75,60,80,90,10,20,15,30,60,85,60,50,0,0,0,0,0,0,95,50,50,55,30,65
220,65,70,45,75,30,25,40,45,40,50,55,60,65,70,30,35,20,10,60,65,50,50,0,0,0,0,0,0,85,50,50,50,30,45
221,75,70,40,60,30,20,50,45,95,50,85,60,55,80,10,20,40,20,70,80,30,50,0,0,85,40,50,0,0,0,50,50,30,60
222,65,85,45,70,25,15,40,45,40,50,55,60,80,90,30,20,20,85,50,75,60,50,0,10,5,0,0,0,80,50,50,50,30,40
223,75,55,40,65,45,15,50,50,50,55,50,45,60,40,30,35,15,75,55,50,50,50,0,0,0,0,0,0,10,50,50,45,40,45
224,75,85,40,70,25,15,45,40,55,50,60,65,85,80,30,20,20,30,65,80,75,50,0,0,0,0,0,0,90,50,50,60,40,45
225,75,65,40,70,40,15,45,50,60,55,65,50,60,85,30,20,25,30,60,55,50,50,0,0,0,0,0,0,90,50,50,50,40,55
226,85,88,10,60,10,20,45,40,65,50,60,70,75,60,5,15,15,40,75,95,50,50,0,0,0,0,0,0,90,50,50,10,10,40
227,75,65,40,60,35,30,45,50,60,55,55,45,70,40,30,40,20,30,55,60,55,50,0,0,0,0,0,0,90,50,50,50,30,40
228,85,80,40,75,30,15,45,50,90,60,85,65,90,70,10,20,20,40,75,85,65,55,0,0,0,0,0,0,95,50,50,70,40,50
229,75,70,55,75,45,15,50,40,45,50,60,65,70,75,30,20,85,80,65,55,45,50,5,5,5,10,5,95,5,10,50,60,40,65
230,75,70,45,65,35,100,45,50,60,55,65,50,75,5,20,30,25,15,60,55,50,50,0,30,10,0,0,0,85,50,50,60,30,55
231,75,70,40,60,25,20,45,50,75,55,70,50,65,85,30,40,15,20,60,80,55,50,0,0,0,0,0,0,95,50,50,50,40,55
232,75,85,20,60,10,15,40,50,45,55,50,65,70,60,10,15,30,20,70,95,40,50,90,10,10,40,40,10,10,50,50,30,40,50
233,75,65,50,80,55,100,45,40,60,50,65,55,85,10,30,20,20,30,70,40,70,50,0,0,0,0,0,0,95,0,50,60,30,40
234,75,60,45,70,40,15,55,50,55,50,55,45,65,30,30,40,75,90,60,50,45,50,95,5,5,10,5,5,5,50,50,50,30,40
235,75,85,30,65,15,25,40,45,80,50,75,70,80,75,10,20,20,40,70,90,55,50,95,5,5,5,5,5,5,50,50,40,10,70
236,75,70,55,65,40,95,50,45,50,40,55,50,60,30,40,30,25,85,60,55,50,50,5,15,10,5,5,5,85,10,50,55,30,60
237,75,60,40,65,35,25,45,50,80,55,70,45,75,5,10,30,20,20,60,65,50,50,0,0,0,0,0,0,90,50,50,50,30,60
238,75,60,40,65,55,15,55,50,65,55,60,45,70,85,30,35,20,40,55,50,50,50,0,0,0,0,0,0,85,50,50,50,40,45
239,85,75,40,80,35,15,45,50,85,60,75,55,90,70,10,20,20,40,70,75,65,55,0,0,0,0,0,0,95,50,50,65,30,40
240,65,70,55,65,30,100,50,45,55,40,60,50,75,5,40,30,30,85,60,65,50,50,0,30,20,20,10,80,10,10,50,55,30,45
241,75,70,45,75,40,15,45,50,65,55,60,50,75,80,30,30,20,60,65,60,55,50,0,0,0,0,0,0,90,0,0,50,30,40
242,85,70,40,75,45,15,45,50,80,60,75,55,70,75,10,20,20,60,65,65,55,50,0,0,0,0,0,0,90,50,50,50,40,75
243,85,88,10,60,10,15,40,45,95,70,80,75,85,75,5,15,20,25,75,100,50,50,50,50,50,50,50,50,50,50,50,50,50,50
244,75,80,40,65,25,15,45,50,95,60,85,65,70,75,10,20,20,30,70,85,55,50,0,30,40,0,0,0,80,50,50,50,30,60
245,75,70,40,65,30,15,45,50,80,55,70,45,75,85,10,20,15,40,60,75,55,50,0,0,0,0,0,0,95,50,50,50,30,60
246,75,65,40,70,30,25,45,50,60,55,55,50,75,20,30,40,30,10,65,65,50,50,70,30,40,30,40,10,20,50,50,50,30,40
247,85,88,35,75,25,15,40,45,90,60,80,70,85,90,10,20,20,30,75,92,55,50,95,5,5,10,5,5,5,50,50,65,10,60
248,75,65,45,60,35,90,45,50,85,55,70,40,65,10,15,30,20,30,60,55,50,50,0,0,0,0,0,0,90,50,50,55,40,70
249,75,85,40,65,25,15,45,40,90,50,80,60,70,85,10,30,20,60,70,90,55,50,0,0,0,0,0,0,95,50,50,50,30,70
250,85,80,40,75,30,15,45,50,95,60,85,65,75,70,10,20,20,30,70,85,50,50,0,0,0,0,0,0,90,0,0,50,10,80
251,75,70,40,65,25,15,45,50,75,55,70,50,60,75,20,45,20,40,60,75,55,50,0,0,0,0,0,0,95,50,50,50,30,65
252,85,80,30,70,15,15,40,45,85,60,75,65,80,85,10,20,20,40,75,95,60,50,0,0,0,0,0,0,85,50,50,40,30,40
253,75,50,45,70,55,90,60,50,50,40,50,45,60,20,30,40,20,40,55,30,55,50,0,0,0,0,0,0,95,0,50,45,40,50
254,75,70,40,75,45,10,40,45,80,50,75,65,70,60,30,60,20,40,70,65,60,55,0,0,0,0,0,0,95,10,50,50,10,30
255,65,75,55,60,20,100,45,40,55,45,60,65,80,5,30,20,30,95,70,75,50,50,100,0,0,50,50,0,0,50,50,55,40,50
256,75,78,35,60,15,15,30,40,85,50,80,55,50,45,20,40,20,30,70,85,55,50,0,0,0,0,0,0,95,50,50,45,30,75
257,85,88,10,70,10,20,45,40,65,50,60,75,80,10,5,15,30,20,75,95,50,50,5,60,40,10,10,10,20,10,50,10,10,30
258,75,55,40,65,35,15,45,50,60,55,55,45,60,70,30,40,15,40,60,65,50,50,0,0,0,0,0,0,95,50,50,45,30,40
259,75,85,40,70,25,15,40,45,55,50,60,65,90,70,30,20,20,60,65,80,65,50,95,10,10,10,10,5,15,50,50,50,30,40
260,75,85,45,65,30,15,40,45,90,50,80,70,85,60,10,15,65,15,75,80,40,50,10,10,85,70,50,10,10,50,50,55,30,60
261,85,88,30,75,15,15,40,45,90,60,80,70,85,90,10,20,20,30,75,95,65,50,0,0,0,0,0,0,95,50,50,50,40,60
262,75,70,30,60,15,20,45,50,55,50,60,45,70,10,20,30,25,40,75,85,50,50,0,0,0,0,0,0,85,50,50,50,50,50
263,75,80,30,65,15,15,40,45,95,50,85,60,80,10,10,20,30,15,70,90,50,50,95,10,10,40,10,5,5,50,50,40,10,50
264,75,85,20,60,15,15,40,45,90,50,75,60,80,85,10,20,20,40,70,95,60,50,0,0,0,0,0,0,85,50,50,40,30,50
265,75,70,40,80,25,15,45,50,55,40,60,50,85,60,30,45,20,85,65,75,55,50,100,0,0,0,0,0,0,0,50,50,30,40
266,75,70,45,65,30,20,40,50,90,55,80,50,60,10,15,30,25,40,70,75,45,50,0,0,0,0,0,0,85,50,50,50,40,75
267,65,68,40,55,25,20,45,50,70,55,65,50,55,40,30,45,20,45,60,75,50,50,0,0,0,0,0,0,95,50,50,50,50,55
268,65,85,45,70,30,20,40,45,40,50,55,75,80,90,30,20,25,85,60,75,65,50,0,0,0,0,0,0,85,50,50,50,40,50
269,75,70,40,65,25,20,45,50,85,55,75,50,80,85,10,30,20,40,70,80,50,50,0,0,0,0,0,0,90,50,50,50,30,60
270,65,68,45,60,25,10,45,50,55,40,60,45,70,10,30,35,20,40,60,70,65,50,0,0,0,0,0,0,95,0,50,55,30,65
271,75,80,40,70,30,15,45,50,90,40,85,55,90,85,10,20,20,20,75,85,70,50,0,0,0,0,0,0,95,0,0,65,30,40
272,75,55,60,55,55,85,60,50,65,50,60,45,55,10,40,30,25,40,60,40,50,50,0,0,0,0,0,0,85,0,50,55,45,75
273,75,60,40,65,30,15,45,50,95,55,80,50,60,85,10,40,20,40,70,75,50,50,0,0,0,0,0,0,90,50,50,50,30,40
274,75,60,45,70,40,100,50,45,55,50,55,40,75,0,30,35,25,90,60,45,50,50,60,40,40,30,30,0,30,50,50,50,40,60
275,75,70,45,65,30,15,40,40,80,50,75,60,70,0,30,20,30,80,60,75,40,50,0,60,40,0,0,0,0,50,50,50,30,40
276,65,60,40,75,30,10,45,50,55,40,55,45,80,10,30,40,20,30,60,55,70,50,0,0,0,0,0,0,95,0,0,60,30,30
277,75,80,45,70,25,10,40,45,55,50,60,55,85,10,30,35,15,30,65,75,70,50,0,0,0,0,0,0,100,50,50,60,40,45
278,75,55,40,70,55,20,45,50,55,60,55,45,65,10,30,35,25,45,60,45,55,50,0,0,0,0,0,0,85,50,50,50,40,65
279,65,70,60,65,35,90,50,50,45,55,55,50,60,10,40,30,25,30,60,45,50,50,5,30,20,5,5,5,85,50,50,55,40,60
280,85,75,45,80,40,15,45,50,85,60,75,55,90,20,10,15,20,60,70,65,70,55,0,0,0,0,0,0,95,50,50,75,40,45
281,65,85,40,60,25,15,45,40,50,45,55,70,85,75,30,20,30,85,60,80,65,50,90,10,10,20,10,5,5,10,50,50,10,30
282,55,65,45,60,30,25,45,50,40,45,55,50,70,5,30,35,20,40,65,60,50,50,85,10,10,10,10,5,15,10,50,50,10,40
283,75,60,55,75,55,90,50,45,50,40,55,45,80,5,40,30,20,30,60,35,70,50,0,0,0,0,0,0,95,10,50,65,40,45
284,75,70,40,65,20,25,45,50,75,55,65,50,70,30,10,20,20,10,60,75,50,50,0,0,0,0,0,0,85,50,50,50,30,40
285,65,85,30,60,15,15,40,45,30,50,40,65,75,85,20,30,10,20,50,90,70,50,0,0,0,0,0,0,95,10,50,40,30,40
286,85,75,30,70,15,15,40,50,90,60,80,55,75,10,10,20,20,85,75,95,50,50,0,0,0,0,0,0,90,50,50,40,30,70
287,55,45,50,50,45,85,65,50,30,40,40,45,60,10,40,30,20,30,55,30,50,50,0,0,0,0,0,0,80,0,50,45,30,40
288,75,70,55,65,30,95,45,50,60,40,65,45,80,5,30,20,25,10,60,65,60,50,5,40,15,5,5,5,75,50,50,60,30,45
289,75,85,40,70,30,20,45,50,80,60,75,65,70,60,10,20,65,30,70,80,40,50,10,30,80,40,40,10,10,50,50,50,30,70
290,75,50,45,70,45,85,50,50,40,50,45,40,70,5,30,40,20,30,60,40,55,50,0,0,0,0,0,0,95,0,50,50,30,60
291,75,60,40,65,30,10,55,50,70,55,65,50,55,75,30,60,20,30,60,65,50,50,0,0,0,0,0,0,85,50,50,45,30,60
292,85,75,40,80,35,20,45,50,85,60,75,55,80,10,10,20,15,30,70,70,65,55,0,0,0,0,0,0,95,50,50,65,40,60
293,75,65,50,70,40,100,50,50,60,55,65,50,70,10,30,35,20,30,60,55,55,50,0,0,0,0,0,0,90,50,50,55,40,50
294,65,85,30,60,25,15,40,40,70,30,75,80,85,90,20,30,20,85,60,90,50,50,80,10,10,10,10,5,15,10,50,40,10,30
295,75,65,40,60,35,10,45,55,80,60,70,45,75,10,20,30,20,40,65,60,55,50,0,0,0,0,0,0,95,50,50,55,30,45
296,85,75,45,70,30,100,45,50,90,60,80,55,85,10,15,20,20,85,75,70,60,50,95,5,5,10,5,5,15,50,50,75,40,55
297,75,70,45,70,30,20,40,50,95,50,85,60,75,5,10,30,25,85,70,75,50,50,0,30,30,0,0,0,80,50,60,50,10,40
298,75,85,20,60,15,15,40,45,55,50,60,65,70,85,10,15,20,30,50,95,40,50,95,5,5,10,10,5,5,50,50,30,10,40
299,65,50,45,60,55,20,60,50,30,40,35,45,60,20,30,40,30,30,55,40,50,50,0,0,50,0,0,0,40,0,0,45,30,40
300,75,60,45,65,55,100,45,50,55,50,60,40,65,10,30,35,20,40,60,45,55,50,0,0,0,0,0,0,90,0,50,50,30,55
301,75,80,55,65,30,100,45,50,85,60,75,55,70,10,20,30,25,90,70,75,50,50,0,30,20,0,0,0,85,0,50,60,40,75
302,75,50,40,65,60,45,55,50,55,60,50,45,70,20,10,30,15,70,60,40,45,50,0,0,0,0,0,0,10,50,50,40,30,65
303,75,78,40,65,25,15,45,50,85,60,75,55,70,75,10,30,20,40,65,80,55,50,0,0,0,0,0,0,85,0,0,50,10,45
304,85,65,40,75,70,15,55,50,80,60,70,45,80,40,10,20,20,30,60,55,65,50,0,0,0,0,0,0,95,0,0,60,40,30
305,65,85,30,60,25,20,40,30,55,40,60,75,85,10,20,30,15,75,70,90,50,50,85,10,10,10,10,5,15,10,50,40,10,30
306,75,65,45,70,35,85,55,50,55,40,55,45,65,20,30,40,30,85,60,55,50,50,5,45,35,5,5,5,75,50,50,50,40,60
307,75,85,40,60,25,15,45,50,70,40,65,60,80,90,20,10,20,30,75,85,55,50,70,30,40,30,40,10,20,10,50,50,10,40
308,75,70,45,60,30,25,40,50,85,40,75,55,70,0,10,20,30,10,65,75,45,50,5,30,65,20,10,5,40,50,50,55,10,60
309,75,50,55,60,65,85,55,45,40,50,45,40,60,10,30,30,20,15,55,30,50,50,0,0,0,0,0,0,95,0,50,50,40,75
310,75,60,55,80,65,100,60,40,45,50,50,55,75,0,30,20,85,80,70,30,60,50,0,0,0,0,0,100,0,10,50,70,40,30
311,75,65,45,70,35,15,45,50,60,55,65,50,70,85,30,40,20,40,60,65,55,50,0,0,0,0,0,0,90,50,50,50,30,40
312,75,85,30,70,20,15,40,45,80,50,75,65,80,60,10,20,15,85,70,90,60,50,95,5,5,5,5,5,5,50,50,50,10,30
313,75,70,55,65,35,100,50,50,75,40,70,50,80,10,30,20,30,85,60,65,60,50,0,30,20,0,0,0,80,0,50,60,30,40
314,75,65,45,70,35,10,40,50,55,40,55,45,80,10,30,35,20,30,60,50,65,50,0,0,0,0,0,0,90,0,0,60,30,40
315,75,70,45,75,30,100,40,45,65,50,60,40,80,10,30,20,20,30,60,55,65,50,0,0,0,0,0,0,95,0,50,60,30,40
316,75,85,40,65,30,15,45,50,90,60,80,65,85,90,10,15,30,30,70,85,55,50,5,20,40,5,5,5,60,50,50,60,10,40
318,75,78,45,70,30,15,45,50,60,55,65,50,80,85,20,15,25,10,60,75,40,50,100,0,0,0,0,0,0,0,0,50,10,40
319,85,90,10,50,5,5,50,50,60,40,50,60,80,5,10,10,20,30,70,100,50,50,0,0,0,0,0,0,80,50,50,10,50,50
320,75,85,30,65,20,15,40,45,70,50,65,60,75,80,10,20,25,10,70,90,40,50,95,5,10,30,40,5,5,50,50,50,10,45
322,55,60,65,50,30,15,45,40,30,45,40,55,50,10,40,30,25,85,70,45,40,50,5,40,45,30,30,5,30,20,50,45,30,75
323,75,70,55,65,40,100,50,50,75,60,70,55,75,10,30,20,45,25,65,55,50,50,0,40,60,30,40,0,40,0,0,60,30,60
324,85,75,45,70,35,20,45,50,95,60,85,55,75,5,10,20,25,30,75,70,55,50,0,0,0,0,0,0,90,50,50,60,40,80
325,85,88,40,75,25,15,45,40,90,60,80,65,90,85,10,15,30,10,70,85,60,50,95,5,5,10,5,5,5,50,50,70,10,60
326,75,60,40,80,55,15,45,50,60,50,55,45,75,10,30,40,20,40,65,45,60,50,0,0,0,0,0,0,95,50,50,55,40,50
327,75,80,30,65,15,40,45,40,55,50,60,65,70,30,20,30,20,40,75,95,50,50,0,0,0,0,0,0,85,50,50,40,30,40
328,65,60,55,55,40,90,50,45,45,40,50,55,50,10,40,30,25,40,60,40,45,50,5,40,35,10,10,5,85,10,50,50,30,75
329,85,88,10,70,10,15,45,40,90,60,80,65,75,60,5,15,20,30,75,95,50,50,0,0,0,0,0,0,90,50,50,10,10,70
330,75,70,40,65,35,15,45,50,85,40,75,50,70,20,10,20,20,30,60,75,55,50,0,0,0,0,0,0,95,0,50,50,30,45
331,65,75,45,70,30,20,40,50,45,55,50,60,70,60,30,35,25,35,55,70,55,50,0,0,0,0,0,0,85,50,50,50,30,40
332,75,65,40,60,25,15,45,50,65,55,60,45,55,85,30,40,20,40,55,70,50,50,0,0,0,0,0,0,85,50,50,50,30,40
333,75,70,45,75,35,100,45,50,70,55,65,50,85,10,20,30,20,30,60,60,70,50,0,0,0,0,0,0,90,50,50,65,40,40
334,75,70,45,60,35,15,45,50,65,55,60,50,65,85,30,20,30,40,60,70,40,50,80,10,40,60,50,5,10,50,50,50,30,75
335,75,70,45,65,35,100,45,50,60,55,65,50,60,10,30,35,20,30,60,55,50,50,0,0,0,0,0,0,90,50,50,55,40,60
336,85,90,10,50,5,15,45,40,95,60,80,70,75,5,5,10,20,40,85,100,50,50,0,0,0,0,0,0,85,50,50,10,10,40
337,75,60,45,65,45,100,50,50,60,55,60,40,65,5,30,35,25,30,55,45,50,50,0,0,0,0,0,0,85,50,50,55,40,60
339,65,75,40,60,30,15,45,50,40,45,55,60,70,80,30,35,20,30,65,75,60,50,0,0,0,0,0,0,90,50,50,50,40,50
340,85,55,40,80,75,10,60,45,65,50,60,40,75,5,10,30,20,15,60,30,60,50,0,0,0,0,0,0,95,0,50,50,40,30
341,75,60,55,65,55,85,50,50,55,50,60,50,65,10,40,30,25,40,60,40,55,50,0,0,0,0,0,0,90,0,50,55,45,65
342,65,55,45,60,35,85,45,50,55,40,55,45,55,10,30,40,30,80,60,50,50,50,5,60,40,5,5,5,40,10,50,50,40,50
343,85,90,10,75,10,15,45,40,95,60,80,70,85,70,5,10,20,90,85,100,50,50,100,0,0,0,0,0,0,50,50,10,10,30
344,85,90,10,60,10,20,40,40,75,50,65,70,60,30,5,15,30,40,75,100,50,50,70,30,30,30,30,10,40,50,50,50,50,50
345,75,70,45,65,35,100,50,50,85,40,80,55,75,10,20,30,30,20,70,65,55,50,5,60,40,10,10,5,45,10,50,60,10,60
346,75,85,40,65,25,15,40,50,95,60,80,65,85,90,10,20,20,30,70,85,60,55,0,0,0,0,0,0,95,50,50,55,30,65
347,75,70,45,65,30,100,45,50,75,55,65,50,60,5,30,35,40,10,60,65,50,50,5,75,50,10,50,10,10,50,50,55,40,55
348,85,75,55,70,30,100,45,40,90,50,80,60,85,0,10,20,85,95,75,70,50,50,0,0,0,0,0,100,0,50,50,65,40,75
349,75,50,40,70,45,100,55,50,55,60,55,40,70,5,30,45,20,30,60,40,50,50,0,0,0,0,0,0,85,0,50,45,30,40
350,75,55,40,65,35,15,55,50,60,50,55,45,60,20,30,40,20,80,60,55,50,50,0,40,0,0,0,0,85,50,50,50,30,40
351,75,70,45,60,25,20,45,50,65,55,65,50,55,10,30,35,25,20,60,75,40,50,0,0,0,0,0,0,85,50,50,50,30,70
352,75,60,65,80,65,100,55,40,30,45,40,55,85,5,20,15,75,20,70,30,60,50,0,0,0,0,0,90,0,0,0,65,40,45
353,85,90,10,50,5,15,45,40,45,70,40,60,80,10,10,20,15,30,75,100,50,50,0,0,0,0,0,0,95,50,50,10,10,10
354,75,85,40,70,25,15,45,40,65,50,60,75,90,95,10,15,30,10,70,85,60,50,95,5,10,20,10,5,5,50,50,50,10,30
355,65,60,40,55,25,30,45,50,60,40,55,45,65,20,55,45,20,35,60,65,55,50,0,0,0,0,0,0,95,0,50,45,10,30
356,65,60,45,55,25,20,45,50,55,40,55,45,60,0,30,35,35,10,60,65,45,50,75,30,50,60,50,40,10,20,50,50,30,45
357,85,90,10,60,10,15,40,40,45,50,50,75,80,60,5,10,30,30,70,100,50,50,5,40,30,5,5,5,60,50,50,10,40,30
358,75,85,45,80,25,15,45,40,90,50,85,70,90,95,10,15,30,75,70,85,60,50,5,30,70,10,10,10,10,50,50,50,10,30
359,75,85,20,60,10,15,40,45,55,50,60,65,80,30,10,15,20,25,70,95,60,50,0,0,0,0,0,0,90,50,50,10,10,40
360,75,65,40,60,35,15,50,50,75,55,65,50,60,85,20,30,20,40,60,70,50,50,0,0,0,0,0,0,85,50,50,50,40,45
361,75,60,45,80,40,100,45,50,65,55,60,45,85,10,20,30,20,40,70,45,70,50,0,0,0,0,0,0,95,50,50,65,40,30
362,75,65,55,60,35,100,50,45,55,50,60,55,65,20,40,30,30,20,60,50,50,50,95,10,15,20,10,5,5,50,50,50,40,60
363,65,70,55,60,35,100,45,50,55,40,60,45,75,10,30,20,30,10,60,55,50,50,90,10,10,10,10,5,5,10,50,50,10,75
364,75,60,45,70,40,100,50,50,65,40,60,45,75,10,30,40,20,40,60,50,65,55,0,0,0,0,0,0,95,20,40,55,30,35
365,85,65,30,75,25,10,45,50,85,60,70,55,70,80,10,40,15,90,75,80,50,60,0,20,10,0,0,0,90,50,50,40,30,60
366,75,55,45,65,40,85,55,50,70,55,60,45,60,30,30,40,25,80,60,50,50,50,0,0,0,0,0,0,90,0,50,50,30,40
367,75,85,30,70,25,15,40,45,90,60,80,75,85,30,10,20,20,40,75,90,55,50,95,5,5,10,10,5,5,10,50,50,10,60
368,75,70,40,65,30,15,45,50,80,60,75,55,70,20,10,20,20,30,60,75,50,50,0,0,0,0,0,0,90,50,50,50,40,70
369,75,85,40,60,25,15,45,50,90,55,80,65,75,95,10,20,20,25,60,85,60,50,0,0,0,0,0,0,95,50,50,50,30,70
372,75,78,55,65,35,100,50,45,90,50,80,55,85,0,10,20,35,15,70,65,50,50,0,75,40,0,0,0,20,50,50,60,30,40
373,85,88,45,75,25,15,45,40,90,50,80,70,85,90,10,15,30,80,75,85,55,50,5,40,60,30,10,5,45,50,50,60,10,75
374,75,78,45,65,30,15,45,50,85,60,75,55,80,85,20,30,20,40,65,80,60,50,0,0,0,0,0,0,90,50,50,55,30,40
375,75,65,45,60,45,85,50,55,75,60,70,45,65,10,20,30,25,40,60,50,55,50,0,0,0,0,0,0,95,0,50,55,40,60
376,55,65,45,50,30,20,40,45,45,50,55,50,60,70,40,30,35,10,55,60,50,50,10,60,50,10,10,10,10,50,50,50,30,60
377,85,75,55,80,40,100,50,40,85,50,75,60,90,0,10,15,85,90,70,50,60,50,0,0,0,0,0,100,0,0,0,75,40,30
378,75,60,40,65,25,30,45,50,55,50,55,45,60,10,30,40,20,40,60,65,50,50,0,0,0,0,0,0,85,50,50,45,30,70
379,75,70,40,65,25,15,45,50,75,55,65,50,70,85,20,30,20,40,60,75,55,50,0,0,0,0,0,0,85,50,50,50,30,45
380,75,85,30,65,20,15,40,45,70,50,65,70,85,90,20,10,20,95,60,90,55,50,95,5,5,5,5,5,5,10,50,50,10,40
381,75,50,45,60,85,85,65,50,55,60,55,40,65,0,30,35,20,15,60,30,50,50,0,0,0,0,0,0,95,50,50,45,40,55
382,75,70,45,60,35,15,40,45,65,50,60,55,55,65,30,40,20,10,60,65,40,50,0,0,0,0,0,0,90,0,50,50,30,70
383,75,65,45,60,35,100,50,55,70,60,65,45,60,5,20,30,20,40,60,55,50,50,0,0,0,0,0,0,95,50,50,55,40,55
384,75,70,40,65,45,15,45,50,85,60,75,55,70,60,10,20,20,40,65,65,55,50,0,0,0,0,0,0,90,0,0,50,30,40
385,85,75,40,70,65,25,55,50,80,60,75,55,70,30,10,15,45,40,65,60,50,50,10,10,70,40,10,10,10,10,10,50,10,40
386,55,65,60,55,35,90,50,45,40,40,45,50,75,10,45,30,30,20,60,45,55,50,5,70,40,5,5,5,40,50,50,55,40,45
387,75,65,40,70,45,20,45,50,55,50,55,50,60,65,30,35,30,25,60,55,50,50,75,10,20,10,10,5,15,50,50,50,40,45
388,75,80,40,65,30,15,45,50,90,60,85,55,75,70,10,20,20,40,70,85,55,50,0,0,0,0,0,0,95,0,0,50,10,40
389,65,85,45,60,25,15,40,40,30,45,50,75,80,90,30,10,30,85,60,75,60,50,10,40,60,30,30,20,20,10,50,50,10,40
390,75,85,40,65,25,15,45,40,60,50,70,75,80,85,30,20,30,10,60,80,55,50,0,60,50,0,0,0,40,50,50,50,40,50
391,50,65,40,50,30,15,45,40,55,30,60,65,55,80,30,40,20,75,50,70,50,50,0,0,0,0,0,0,80,0,50,50,10,75
392,65,70,45,60,25,10,45,50,55,40,55,50,60,10,40,30,20,90,60,65,50,50,95,10,10,10,10,10,10,10,50,50,10,40
393,65,60,40,55,25,15,45,50,55,40,50,45,60,10,30,40,20,40,50,65,55,50,0,0,0,0,0,0,95,0,50,50,40,45
394,75,55,40,65,45,10,50,55,60,65,55,45,60,40,10,30,15,30,60,55,50,55,0,0,0,0,0,0,95,50,50,45,40,45
395,65,85,40,60,25,15,45,50,45,55,55,65,80,85,30,20,20,30,60,85,55,50,100,0,0,0,0,0,0,50,50,50,30,40
396,65,55,45,60,35,30,45,50,40,45,50,50,60,10,30,40,20,85,55,50,50,50,5,5,5,5,5,5,85,50,50,50,40,60
397,85,80,10,60,10,15,45,50,95,60,80,70,75,30,5,10,20,40,70,98,50,50,95,5,5,5,5,5,5,50,50,10,10,40
398,75,80,30,65,15,20,45,50,70,55,65,60,75,85,10,20,30,25,60,85,50,50,0,40,30,0,0,0,60,50,50,50,40,55
399,85,65,40,70,40,10,55,50,75,60,65,55,70,75,20,30,20,80,60,70,45,55,100,0,0,0,0,0,0,50,50,45,40,30
400,75,80,40,65,30,15,45,50,90,60,85,55,80,75,10,20,20,25,70,85,55,50,0,0,0,0,0,0,95,50,50,50,30,60
401,75,60,55,70,65,85,55,45,50,40,55,50,65,10,30,30,20,70,60,30,60,50,0,0,0,0,0,0,95,10,50,55,40,50
402,65,75,55,60,30,15,40,45,50,40,60,55,70,30,40,35,20,35,65,60,65,50,0,0,0,0,0,0,95,0,50,55,30,60
403,75,60,45,70,40,100,55,50,75,40,65,45,70,10,30,35,30,90,60,55,50,50,100,0,0,0,0,0,0,0,50,50,30,40
404,85,80,40,75,30,15,45,50,95,60,85,65,80,90,10,20,20,40,70,85,55,50,0,0,0,0,0,0,95,50,50,60,30,75
405,75,70,55,65,35,100,50,50,55,50,60,45,75,0,30,20,20,40,60,50,60,50,0,0,0,0,0,0,95,50,50,60,40,65
406,85,88,10,60,5,15,45,40,95,50,80,70,75,85,5,15,20,30,75,100,50,50,0,0,0,0,0,0,95,50,50,10,50,50
407,75,65,45,70,45,15,45,50,40,55,50,50,75,70,30,20,20,40,60,55,60,50,0,0,0,0,0,0,85,50,50,55,40,60
408,85,80,45,75,35,20,45,50,90,60,80,65,85,30,10,20,30,20,70,75,55,50,90,0,0,0,0,0,0,50,50,60,30,70
409,75,80,40,65,30,15,45,50,60,55,65,50,85,90,30,20,15,40,60,85,60,50,0,0,0,0,0,0,95,50,50,50,30,60
411,75,60,45,70,35,100,45,50,55,50,60,40,70,10,30,40,20,30,60,55,55,50,0,0,0,0,0,0,90,50,50,55,40,65
412,75,65,45,70,35,100,55,50,80,40,75,50,70,5,20,30,30,10,65,60,50,50,0,70,60,0,0,0,0,0,0,50,30,40
413,75,78,45,70,25,15,40,50,75,40,65,55,80,85,10,20,20,90,60,80,55,50,5,45,30,5,5,5,85,10,50,55,30,45
414,65,85,40,70,25,15,45,30,45,40,55,75,80,85,30,20,20,35,75,80,65,50,0,0,0,0,0,0,85,10,50,50,30,45
415,75,60,40,65,30,25,45,50,55,50,55,45,60,30,30,40,20,30,60,65,50,50,0,0,0,0,0,0,85,50,50,50,30,50
416,75,60,40,70,30,20,45,50,80,55,65,45,70,85,10,40,15,30,60,75,50,55,0,0,0,0,0,0,90,50,50,50,30,40
417,75,60,45,70,35,10,45,50,55,50,55,40,75,5,30,35,30,90,65,55,50,50,85,10,40,30,10,5,5,50,50,50,30,45
418,85,80,30,75,15,20,45,50,85,60,75,55,70,90,10,20,25,40,70,95,65,50,0,0,0,0,0,0,90,50,50,40,30,60
419,65,75,30,55,15,20,40,45,30,50,40,60,65,30,20,30,25,45,60,85,40,50,0,10,0,0,0,0,85,50,50,30,40,50
420,85,75,45,70,30,100,45,40,90,60,80,55,85,5,10,20,20,95,75,70,50,50,100,0,0,0,0,0,0,50,50,65,40,75
421,85,55,40,80,45,20,45,50,65,50,60,45,75,70,10,30,20,40,70,50,55,50,0,0,0,0,0,0,95,0,50,45,30,40
422,65,70,45,60,30,20,40,50,45,55,50,55,65,40,30,35,25,40,70,65,55,50,0,0,0,0,0,0,85,50,50,50,40,45
423,75,50,45,80,55,20,45,50,40,45,45,40,75,0,30,35,20,40,60,30,60,50,0,0,0,0,0,0,90,50,50,55,40,40
424,85,60,40,75,75,15,55,50,80,65,70,50,75,5,10,20,20,20,60,55,50,50,0,0,0,0,0,0,95,0,0,40,30,40
425,85,80,10,60,10,15,45,40,95,70,85,65,75,60,5,20,15,40,75,100,50,50,0,0,0,0,0,0,95,50,50,10,50,50
426,75,65,45,70,45,20,40,50,60,55,55,50,70,20,30,35,25,40,60,50,55,50,0,0,0,0,0,0,85,50,50,55,40,55
427,65,55,45,60,75,20,45,40,30,45,40,55,60,30,35,30,25,40,55,40,50,50,0,0,0,0,0,0,90,0,50,45,40,55
428,85,70,45,80,65,15,45,50,75,60,70,55,85,10,10,15,20,40,65,50,75,60,0,0,0,0,0,0,95,0,0,70,30,40
429,85,75,30,60,15,40,45,50,70,65,75,60,40,30,20,30,20,80,70,90,50,50,0,0,0,0,0,0,85,0,50,40,30,60
430,85,80,20,60,15,15,45,50,95,70,85,65,75,60,10,30,20,40,75,98,50,50,0,0,0,0,0,0,90,50,50,40,50,50
431,85,75,30,60,15,10,45,50,95,60,85,65,70,5,10,20,30,85,75,90,40,50,90,10,20,40,10,5,5,50,50,40,30,70
432,75,85,30,65,15,15,40,45,60,50,65,70,80,75,20,10,20,40,60,90,60,50,95,5,5,10,5,5,5,10,50,40,10,30
433,85,80,45,75,30,15,45,40,85,50,75,60,80,75,10,20,75,20,70,75,50,50,10,60,40,50,50,60,10,50,50,60,30,65
434,85,88,45,75,25,100,40,40,90,50,80,70,90,0,10,15,75,95,85,85,50,50,0,30,20,30,10,95,0,50,50,70,40,50
435,85,75,45,65,35,25,45,50,90,60,80,55,65,40,10,20,20,40,75,70,40,50,0,0,0,0,0,0,85,0,50,50,10,90
436,85,65,45,80,65,15,40,50,55,40,55,50,75,10,20,30,20,40,60,45,60,55,0,0,0,0,0,0,90,0,0,60,30,40
437,75,50,40,70,45,95,60,50,55,50,50,45,65,10,30,40,20,40,55,40,50,50,0,0,0,0,0,0,90,50,50,45,30,60
439,85,80,40,75,25,15,45,50,90,60,85,65,85,80,10,20,20,90,70,85,60,50,100,0,0,0,0,0,0,50,50,60,30,40
440,85,80,10,60,10,15,40,50,95,70,85,65,75,40,5,15,20,40,80,100,50,50,0,0,0,0,0,0,90,50,50,10,50,50
441,75,70,45,65,35,15,40,50,85,55,75,60,65,70,20,30,20,85,70,75,50,50,0,0,0,0,0,0,90,50,50,50,40,80
442,85,80,10,60,10,15,40,50,95,70,85,65,75,80,5,15,15,30,75,98,55,50,0,0,0,0,0,0,95,50,50,40,30,60
443,65,60,55,55,35,100,50,50,55,40,55,45,55,0,45,30,45,80,60,50,40,50,0,0,75,50,50,0,0,0,50,50,30,80
444,85,75,40,70,30,20,45,50,95,60,80,55,65,60,10,25,25,40,75,80,50,50,0,0,0,0,0,0,90,50,50,50,40,85
446,65,55,50,75,45,85,55,50,45,40,50,45,70,10,30,35,25,15,60,40,60,50,95,5,10,10,10,5,5,10,50,60,30,40
447,65,50,45,75,45,85,60,50,40,45,55,40,60,20,30,40,20,30,65,35,60,50,0,0,0,0,0,0,85,0,0,50,30,30
448,85,70,45,75,40,15,45,50,90,60,80,55,75,10,10,20,20,40,70,65,50,50,0,0,0,0,0,0,90,50,50,60,40,60
449,85,90,10,50,10,20,40,50,40,60,50,70,80,30,10,10,20,40,60,100,50,50,0,0,0,0,0,0,80,50,50,10,50,50
450,85,80,40,75,30,15,45,50,90,60,85,65,80,85,10,20,15,40,70,85,60,50,0,0,0,0,0,0,95,50,50,65,40,75
451,85,75,55,70,45,15,60,40,90,50,80,65,80,10,10,10,85,90,75,70,40,50,0,0,0,0,0,100,0,20,50,60,30,40
452,85,70,45,75,35,20,45,50,90,60,80,55,75,5,10,20,25,30,70,75,50,50,0,0,0,0,0,0,90,50,50,60,40,75
453,85,88,10,50,10,15,55,40,95,60,80,75,70,0,10,20,45,60,75,100,30,50,90,10,10,20,10,10,10,10,50,10,40,60
454,65,85,40,60,25,15,35,45,50,55,60,70,90,85,30,20,15,40,65,80,70,50,95,10,10,10,10,5,10,10,50,50,10,30
455,85,75,40,70,35,20,45,50,90,60,80,65,85,80,10,20,40,15,75,75,50,50,0,0,60,0,0,0,0,0,0,50,10,30
456,75,78,45,70,25,15,40,45,60,50,65,60,75,85,30,20,40,10,65,80,50,50,10,30,85,40,40,10,10,50,50,50,30,60
457,75,85,40,65,25,15,45,50,80,60,75,70,80,90,10,20,75,85,70,85,50,50,10,10,30,70,60,70,5,50,50,50,30,60
458,75,70,45,65,30,100,45,50,85,60,75,55,80,5,10,20,30,20,70,75,50,50,85,10,20,30,10,5,15,50,50,60,10,40
459,75,60,45,70,40,100,50,55,55,50,60,45,85,10,20,30,15,40,65,40,75,45,0,0,0,0,0,0,95,50,50,65,30,35
8,85,80,10,65,10,20,40,45,95,70,85,60,80,30,5,15,15,40,75,98,50,50,0,0,0,0,0,0,90,0,50,10,10,30
155,75,85,40,70,30,15,45,40,65,50,60,65,85,90,20,15,20,40,75,80,65,50,0,0,0,0,0,0,95,50,50,55,30,45
317,85,80,20,65,10,50,45,40,60,50,65,70,40,20,10,15,25,40,75,95,40,50,0,30,30,20,20,0,60,0,50,10,10,70
321,75,45,60,85,85,85,45,40,30,50,40,55,80,5,35,30,20,15,70,20,75,50,0,0,0,0,0,0,95,10,50,65,40,30
338,65,75,45,70,30,10,40,45,50,40,55,50,70,10,30,35,20,30,60,65,60,50,0,10,5,0,0,0,90,50,50,55,30,45
370,85,75,55,80,45,100,50,40,85,50,75,55,90,0,10,20,20,30,70,45,70,50,0,0,0,0,0,0,95,0,0,75,10,30
371,75,85,40,65,25,15,40,45,90,50,80,60,70,95,10,20,20,40,75,85,60,50,0,0,0,0,0,0,85,50,50,50,30,70
410,75,70,45,60,30,100,40,50,95,40,85,55,65,30,10,20,20,30,80,75,55,50,0,0,0,0,0,0,100,0,50,50,10,60
438,85,75,40,70,35,15,45,50,90,60,80,55,85,80,10,20,20,30,75,70,65,50,0,0,0,0,0,0,95,50,50,60,40,65
445,75,85,40,70,25,15,45,40,65,50,60,65,85,90,10,20,20,40,60,80,70,50,0,0,0,0,0,0,90,50,50,60,30,40
460,75,95,30,70,20,15,30,40,50,45,60,85,95,80,10,5,15,90,75,90,80,50,95,10,5,5,5,5,10,10,50,50,40,30
461,75,65,55,70,65,20,40,45,45,50,55,55,70,20,30,30,25,35,60,40,50,50,0,0,0,0,0,0,85,50,50,50,40,75
462,75,85,40,70,25,20,45,40,75,50,65,60,80,60,10,20,20,30,60,85,65,55,0,0,0,0,0,0,90,50,50,50,30,40
463,75,78,45,80,45,15,40,40,50,45,55,65,85,30,30,20,20,70,60,65,70,55,0,0,0,0,0,0,95,0,50,60,40,45
464,75,65,55,70,45,100,50,55,75,60,70,50,80,0,30,20,20,40,65,45,65,50,0,0,0,0,0,0,95,0,0,70,30,40
465,75,65,60,75,45,15,45,50,55,40,55,45,85,10,30,20,20,30,60,40,75,50,0,0,0,0,0,0,95,10,50,70,40,40
466,65,55,45,60,30,90,50,50,50,40,50,40,60,20,40,45,20,30,55,50,55,50,0,0,0,0,0,0,95,0,50,50,30,40
467,75,65,40,70,45,15,50,50,60,50,55,45,75,80,10,20,20,10,65,60,50,50,95,5,5,5,5,5,5,50,50,50,50,40
468,75,65,45,60,35,95,50,55,55,60,60,45,65,5,30,40,25,85,60,55,50,50,0,10,10,0,0,0,90,50,50,50,30,70
469,85,80,30,70,15,15,40,45,95,50,85,60,75,70,10,20,15,20,75,95,60,50,0,0,0,0,0,0,95,50,50,50,40,65
470,85,75,30,60,15,20,45,50,80,60,75,55,85,10,10,15,35,85,70,95,40,50,5,40,50,10,10,5,20,10,50,10,10,40
471,75,70,55,60,35,85,50,50,75,50,70,50,65,10,30,20,25,40,60,55,50,50,0,0,0,0,0,0,90,50,50,60,40,75
472,75,78,45,72,30,15,45,50,45,55,55,60,85,30,30,25,20,45,65,75,65,55,0,0,0,0,0,0,95,50,50,60,40,45
473,55,75,45,60,15,20,40,45,30,40,45,65,50,10,40,30,25,40,70,80,30,50,10,40,30,10,10,10,70,10,50,40,10,60
474,75,65,40,70,35,15,45,50,75,55,60,45,80,85,10,20,20,80,60,65,55,50,0,0,0,0,0,0,90,50,50,50,30,40
475,75,85,30,70,20,15,45,40,65,50,60,65,80,85,20,30,20,90,60,90,50,50,100,0,0,0,0,0,0,50,50,50,30,40
476,75,78,55,60,35,100,45,40,85,45,80,60,70,10,20,15,75,15,70,75,50,50,10,40,70,75,60,10,20,10,50,55,30,70
477,75,65,45,60,30,90,45,50,70,55,65,40,60,5,30,40,20,30,60,65,50,50,0,0,0,0,0,0,95,50,50,55,40,55
478,75,65,45,60,35,95,45,50,60,55,65,40,70,5,30,35,20,25,60,55,50,50,0,0,0,0,0,0,90,50,50,55,40,55
479,85,75,40,70,30,15,45,50,90,60,80,55,85,90,10,20,20,25,75,80,55,50,0,0,0,0,0,0,95,50,50,65,30,60
480,85,70,45,80,65,20,45,50,85,60,75,55,85,5,10,15,25,40,70,50,65,55,0,0,0,0,0,0,90,0,0,70,30,60
481,85,70,40,75,30,20,45,50,95,60,80,55,75,20,10,25,30,85,70,75,40,50,100,0,0,0,0,0,0,50,50,50,30,70
482,75,50,60,85,65,10,45,40,30,45,40,55,80,5,30,20,25,30,70,20,75,50,0,50,0,0,0,0,85,10,50,65,40,30
483,75,65,55,60,35,100,50,50,60,55,65,50,75,10,30,30,20,40,60,55,60,50,0,0,0,0,0,0,90,50,50,60,40,55
484,75,65,45,60,30,100,45,50,70,55,65,50,55,10,30,40,20,40,60,65,50,50,0,0,0,0,0,0,95,50,50,50,40,75
485,65,50,40,70,40,90,55,50,30,45,40,45,65,10,20,55,40,85,60,40,45,50,40,45,55,30,20,0,20,50,50,40,30,35
486,75,65,45,60,45,85,50,40,80,50,70,55,55,10,30,20,40,80,65,50,40,50,0,30,30,0,0,0,70,0,50,55,30,85
487,75,70,45,60,25,100,45,50,85,55,75,50,80,0,10,20,20,85,65,75,55,50,0,0,0,0,0,0,90,50,50,50,30,40
488,75,78,45,70,35,20,45,50,40,55,55,60,75,70,30,35,25,40,65,70,60,50,0,0,0,0,0,0,95,50,50,55,40,50
489,85,80,20,75,10,15,45,40,85,60,75,65,80,10,10,15,25,40,70,95,50,50,90,10,10,10,10,5,15,50,50,40,30,50
490,75,70,45,60,25,100,40,50,75,40,70,45,75,5,20,30,20,85,65,75,55,50,0,0,0,0,0,0,90,0,50,55,30,70
491,75,85,45,70,25,15,40,40,55,50,60,65,90,95,30,20,20,40,65,80,70,50,85,30,30,30,30,5,15,50,50,50,40,50
492,65,60,50,55,35,100,45,50,55,40,55,45,60,0,40,30,20,85,60,50,50,50,0,0,0,0,0,0,100,0,50,50,30,50
494,75,70,45,65,25,15,40,40,60,50,60,55,75,20,30,35,20,85,60,70,55,50,95,5,5,5,5,5,5,50,50,50,10,40
495,75,65,55,70,40,100,50,50,55,40,55,45,80,5,30,20,20,15,60,45,60,50,100,0,0,0,0,0,0,0,50,60,30,40
496,85,70,40,75,30,25,45,50,90,60,80,55,75,5,10,30,20,40,70,75,50,50,0,0,0,0,0,0,95,50,50,50,30,60
497,65,85,35,60,20,15,40,45,50,55,55,70,80,90,30,25,20,60,65,85,60,50,95,10,10,10,10,5,15,50,50,50,30,40
498,75,65,50,70,30,10,45,50,45,50,55,50,80,5,30,30,75,20,60,55,50,50,0,0,0,0,0,100,0,0,50,60,40,40
499,75,70,45,60,25,100,45,50,90,40,80,55,50,85,10,30,20,10,70,75,50,50,0,0,0,0,0,0,85,0,50,50,10,40
500,55,50,45,55,40,90,55,50,40,45,45,40,60,10,35,30,35,85,55,40,50,50,5,65,55,5,5,5,45,50,50,50,40,45
501,75,85,45,70,25,15,40,45,55,50,60,75,85,80,30,20,75,10,65,80,55,50,5,5,15,20,10,85,5,10,50,60,40,55
502,85,75,45,80,35,20,45,50,90,60,75,65,85,70,10,20,30,20,75,70,50,50,0,0,60,40,0,30,0,50,50,70,40,50
503,65,70,55,60,35,90,45,50,50,40,55,45,65,5,30,30,20,85,60,45,50,50,0,20,10,0,0,0,90,0,50,55,30,60
504,75,60,45,65,30,100,50,55,70,60,65,45,70,10,20,35,15,40,60,65,50,50,0,10,5,0,0,0,95,50,50,40,30,55
505,75,85,40,70,25,15,45,40,95,50,80,65,85,80,10,20,20,85,75,85,60,50,0,30,60,0,0,0,70,50,50,55,30,40
506,85,80,10,60,5,15,40,50,95,70,85,65,75,40,5,10,15,20,80,100,40,50,0,0,0,0,0,0,95,50,50,10,10,30
507,85,65,40,75,45,20,45,50,90,70,80,55,75,40,10,25,25,30,70,60,55,60,5,10,10,5,5,5,85,50,50,65,40,55
508,75,70,45,75,30,10,45,50,55,50,60,50,70,10,30,35,20,85,60,65,55,50,0,40,10,0,0,0,80,50,50,50,30,55
509,65,55,50,55,55,85,55,50,45,50,50,40,60,30,40,30,20,40,50,40,55,50,0,0,0,0,0,0,85,0,50,50,40,70
510,75,85,55,70,25,100,45,40,60,50,65,60,90,10,30,20,20,85,70,75,65,50,0,30,10,0,0,0,85,50,50,65,40,45
511,65,60,40,55,20,15,45,50,55,50,55,45,60,10,30,40,25,85,60,65,45,50,100,0,0,0,0,0,0,50,50,50,50,50
512,75,80,65,70,45,90,50,40,75,50,70,60,85,10,30,20,40,20,70,50,65,50,0,60,50,0,0,0,50,0,0,70,30,55
513,75,70,45,75,40,15,45,40,35,50,55,50,75,40,30,20,20,30,65,55,60,50,0,0,0,0,0,0,95,50,50,55,40,45
514,75,78,45,70,25,10,40,45,60,50,65,55,75,10,30,35,20,30,65,70,60,50,0,0,0,0,0,0,100,50,50,55,30,55
515,65,85,40,60,25,15,45,40,45,50,55,70,80,95,30,20,10,20,70,80,75,50,0,0,0,0,0,0,95,0,50,50,40,45
516,75,70,55,75,40,100,50,45,60,50,65,50,80,10,40,30,20,40,60,55,70,50,0,0,0,0,0,0,95,50,50,65,40,50
517,65,70,55,60,30,100,45,50,45,40,50,45,60,10,35,30,20,40,55,55,50,50,0,0,0,0,0,0,90,50,50,50,30,60
518,75,60,55,65,75,85,50,40,55,45,60,50,55,5,30,20,20,80,65,30,45,50,0,10,10,0,0,0,85,10,50,55,30,75
519,75,65,40,60,30,15,45,50,90,55,80,50,65,10,10,30,20,40,70,75,50,50,0,0,0,0,0,0,95,50,50,50,30,70
520,85,65,40,75,35,20,45,50,90,60,75,55,65,80,10,30,25,40,70,75,50,50,0,0,0,0,0,0,90,50,50,50,40,75
521,85,70,60,80,65,95,45,40,60,50,65,55,90,5,20,10,20,20,70,30,75,50,0,0,0,0,0,0,95,0,0,80,30,40
522,75,60,45,70,65,95,55,50,80,60,75,45,70,0,20,30,20,10,65,40,55,50,0,0,0,0,0,0,95,50,50,55,40,60
523,65,60,45,55,40,20,45,50,65,40,60,45,60,70,30,30,25,30,60,55,50,50,0,0,0,0,0,0,85,0,50,50,30,75
524,75,65,45,60,40,100,50,50,50,55,55,45,70,10,30,35,20,40,55,50,60,50,0,0,0,0,0,0,90,0,50,55,40,60
525,75,70,40,65,25,15,45,40,65,50,60,55,65,75,30,35,30,10,60,75,45,50,95,5,10,40,45,5,5,50,50,50,40,55
526,75,70,55,65,35,100,45,50,50,40,55,45,80,5,30,30,20,30,60,50,60,50,0,0,0,0,0,0,90,0,50,55,30,45
527,75,70,40,65,35,15,45,50,80,60,70,55,75,85,10,20,20,30,60,75,55,50,0,0,0,0,0,0,90,50,50,60,30,40
528,65,85,40,60,25,15,40,45,55,50,60,75,85,80,30,20,15,30,70,80,70,50,0,0,0,0,0,0,10,10,50,50,30,40
529,75,65,45,70,55,15,40,50,60,55,65,50,75,10,30,20,45,30,60,40,55,50,0,60,40,30,40,10,40,0,50,60,30,70
530,75,65,40,60,35,20,50,50,80,55,70,50,65,40,20,30,25,45,60,65,50,50,0,0,0,0,0,0,85,50,50,50,40,50
531,85,55,45,70,65,100,60,50,75,60,65,50,75,0,30,40,20,40,60,45,50,50,0,0,0,0,0,0,85,0,50,55,40,60
532,85,90,10,60,10,15,45,40,95,70,80,75,85,80,5,10,30,20,75,100,50,50,0,40,50,0,0,0,40,0,50,10,10,30
533,85,75,40,70,35,15,45,50,90,60,75,55,80,70,10,20,20,30,75,70,55,50,0,0,0,0,0,0,95,50,50,60,30,40
534,75,60,30,70,25,15,45,50,85,60,75,45,65,80,10,40,20,40,65,75,55,50,0,0,0,0,0,0,90,50,50,40,30,40
535,65,85,45,70,30,15,40,40,50,55,60,75,80,70,30,20,25,40,65,75,60,50,0,0,0,0,0,0,85,50,50,55,40,45
536,65,70,45,60,35,15,45,50,45,55,55,50,75,10,30,20,30,90,60,65,50,50,0,40,60,0,0,0,20,0,0,50,30,40
537,65,60,55,65,35,100,50,50,40,45,45,50,75,5,40,30,20,30,60,45,60,50,0,0,0,0,0,0,90,50,50,60,40,40
538,75,85,45,70,35,15,40,45,90,50,80,65,90,85,10,15,20,75,70,80,70,50,0,0,0,0,0,0,95,0,0,60,10,30
539,75,80,40,65,30,15,45,50,85,55,75,60,85,80,10,20,20,30,70,85,60,50,0,0,0,0,0,0,90,0,0,50,10,30
540,75,85,40,70,25,15,45,40,60,50,65,60,90,20,30,20,20,80,70,85,75,50,0,0,0,0,0,0,90,50,50,50,40,30
541,75,65,45,70,40,25,45,50,55,50,60,55,65,10,30,35,20,15,60,55,50,50,0,40,30,0,0,0,80,50,50,50,30,60
542,75,70,30,60,20,15,40,50,75,55,65,45,60,75,10,20,20,30,60,85,55,50,0,0,0,0,0,0,95,0,0,40,10,40
543,75,85,40,65,25,15,45,50,60,55,65,70,85,90,30,20,20,40,60,80,65,50,0,0,0,0,0,0,85,0,0,50,10,55
544,75,55,45,70,65,25,55,40,55,50,55,50,70,10,30,30,35,20,60,45,40,50,85,10,40,30,40,5,5,10,50,50,30,45
545,75,65,40,60,25,20,45,50,85,55,75,50,60,5,10,30,25,10,70,75,50,50,0,40,30,0,0,0,70,50,50,50,30,70
546,75,85,40,65,25,15,45,40,55,50,60,65,80,90,10,15,20,40,60,85,55,50,85,10,10,10,10,5,15,50,50,50,10,70
547,85,80,20,60,10,20,40,40,90,50,85,65,40,10,10,30,30,40,75,95,40,50,85,10,10,30,10,5,15,10,50,10,10,70
548,65,60,55,70,35,90,50,50,40,45,50,40,65,10,30,40,30,85,60,45,55,50,5,60,40,10,10,5,40,10,50,50,30,45
549,75,80,45,65,30,20,45,50,95,40,85,60,80,60,10,20,30,20,70,85,50,50,5,30,75,10,10,5,25,10,50,55,10,40
550,85,55,45,80,55,15,45,50,65,60,60,45,75,10,10,20,20,30,60,40,55,50,0,0,0,0,0,0,90,0,50,60,30,40
551,75,78,45,70,25,15,40,45,60,50,65,55,60,65,30,35,20,30,60,75,55,50,0,0,0,0,0,0,90,50,50,50,30,55
552,75,70,30,65,15,15,40,50,60,55,65,50,70,30,40,30,20,30,60,85,55,50,0,10,10,0,0,0,85,50,50,40,30,50
553,65,75,45,60,30,20,40,50,70,55,65,50,70,85,30,25,25,15,60,75,50,50,0,0,0,0,0,0,85,50,50,50,30,75
554,75,70,45,75,35,10,40,50,85,40,80,55,75,20,15,30,20,40,70,65,60,50,0,0,0,0,0,0,100,0,0,65,10,40
555,75,85,55,70,35,100,50,40,65,30,70,60,80,0,20,10,75,90,60,65,50,50,0,0,0,0,0,85,0,0,50,50,10,40
556,75,70,45,60,40,100,45,50,85,60,80,55,65,0,20,30,20,40,70,65,50,50,0,0,0,0,0,0,90,50,50,60,40,80
557,75,70,40,65,30,15,45,50,85,60,75,55,65,80,10,20,20,30,60,75,55,50,0,0,0,0,0,0,90,0,50,50,30,70
558,75,55,40,55,45,15,60,50,80,60,70,45,50,10,20,30,20,40,60,55,40,50,0,0,0,0,0,0,85,50,50,45,30,75
559,65,85,40,60,25,15,40,45,40,50,55,70,75,85,30,20,20,30,60,80,60,50,5,10,10,5,5,5,85,50,50,50,30,60
560,75,70,55,60,30,90,45,50,85,40,75,45,70,10,20,30,20,40,65,65,55,50,0,0,0,0,0,0,95,0,50,60,30,65
561,75,78,45,65,30,20,45,50,85,60,75,65,70,85,10,20,35,25,60,80,50,55,5,40,60,30,45,10,40,50,50,55,30,65
562,75,60,45,70,40,25,45,50,75,55,65,40,80,10,15,20,20,60,60,55,60,50,0,0,0,0,0,0,90,50,50,65,30,40
563,65,60,55,70,40,100,50,45,40,50,45,50,85,10,40,30,20,30,60,45,75,50,0,0,0,0,0,0,90,50,50,65,30,40
564,85,75,40,80,45,15,45,50,85,60,75,55,80,20,10,15,20,30,70,65,60,55,0,0,0,0,0,0,95,50,50,70,40,50
565,75,70,40,65,30,15,45,50,90,60,80,55,65,75,10,30,20,40,70,75,50,50,0,0,0,0,0,0,85,50,50,50,30,60
566,65,60,45,55,25,15,45,50,75,55,70,50,55,10,40,45,20,30,60,65,50,50,0,0,0,0,0,0,85,50,50,50,50,70
567,75,80,45,65,20,15,40,50,90,55,85,60,75,10,20,30,25,40,70,85,60,50,0,0,0,0,0,0,85,50,50,55,40,75
568,75,65,45,70,45,15,50,50,85,60,75,55,70,30,10,20,30,10,65,60,50,50,0,0,70,40,0,0,20,50,50,55,40,50
569,85,75,45,70,30,15,40,50,95,60,85,65,70,20,10,20,20,80,75,80,40,50,0,0,0,0,0,0,90,50,50,60,30,80
570,85,75,40,80,30,15,45,50,90,60,75,55,85,80,10,30,20,40,70,80,60,50,0,0,0,0,0,0,90,50,50,65,30,70
571,75,80,45,65,30,20,45,40,75,50,70,60,75,80,10,15,30,20,65,85,50,50,90,10,10,40,10,5,5,50,50,50,10,70
572,65,75,55,60,45,15,40,45,45,50,60,55,85,70,30,20,20,25,65,55,75,50,0,0,0,0,0,0,95,0,0,60,30,40
573,65,55,50,60,40,20,45,50,45,50,55,50,60,5,40,30,25,60,65,45,50,50,0,0,0,0,0,0,85,50,50,50,40,70
575,75,78,40,70,25,20,45,40,85,50,75,60,80,5,10,30,20,60,70,85,55,50,0,0,0,0,0,0,95,50,50,50,30,60
576,75,85,20,65,15,15,40,45,50,55,55,60,80,85,10,15,20,40,60,95,50,50,95,5,5,5,5,5,5,50,50,40,10,60
577,75,78,40,72,25,15,45,50,85,55,75,60,85,10,20,35,20,30,70,80,65,55,5,15,10,5,5,5,85,50,50,60,30,65
578,85,90,10,50,5,15,45,40,95,60,70,75,80,20,10,5,15,30,75,100,60,50,0,0,0,0,0,0,95,50,50,10,40,30
579,65,75,60,55,30,95,45,40,50,45,55,50,70,5,30,20,30,85,60,55,50,50,0,30,10,0,0,0,80,50,50,55,40,60
580,75,60,45,65,40,95,50,55,60,50,60,40,70,5,30,35,20,85,60,45,50,50,0,0,0,0,0,0,90,50,50,55,40,55
581,75,60,55,65,55,90,55,50,55,50,55,45,60,5,40,30,20,30,60,40,50,50,0,0,0,0,0,0,95,50,50,55,40,55
582,75,70,40,65,30,15,45,50,75,60,65,55,70,80,10,20,20,30,60,75,50,50,0,0,0,0,0,0,85,50,50,50,30,60
583,75,78,55,65,35,95,45,50,60,40,65,55,70,5,30,20,30,20,60,55,50,50,5,30,20,5,5,5,85,10,50,60,40,70
584,75,65,55,60,40,100,55,45,50,40,55,50,65,5,30,20,75,85,60,45,40,50,0,0,0,0,0,100,0,0,50,55,30,50
585,75,70,45,60,25,15,40,50,85,55,75,50,70,10,20,30,30,15,65,75,50,50,0,0,70,0,0,0,0,50,50,50,40,70
586,75,78,55,65,30,100,45,40,50,45,60,55,70,10,30,25,25,40,65,60,55,50,0,0,0,0,0,0,90,50,50,55,30,75
587,85,80,35,75,25,15,40,45,90,60,80,55,85,85,10,20,20,40,70,85,65,50,0,0,0,0,0,0,95,50,50,60,40,50
588,75,65,40,70,45,10,45,50,60,55,65,45,75,10,20,30,20,40,60,50,60,55,0,0,0,0,0,0,95,50,50,55,30,50
589,75,70,40,60,30,15,45,50,85,55,75,60,70,40,10,15,75,90,65,75,40,50,100,0,0,50,50,0,0,50,50,55,30,50
590,75,60,65,70,75,90,55,40,50,45,55,65,70,5,30,20,85,80,60,30,50,50,5,5,5,5,5,100,0,10,50,65,40,45
591,75,65,55,70,30,100,50,50,50,40,55,45,85,5,30,20,20,30,60,50,65,50,0,0,0,0,0,0,90,0,50,60,30,40
592,85,70,40,75,65,15,45,50,80,60,75,55,75,10,10,20,20,25,65,55,60,50,0,0,0,0,0,0,90,0,0,50,30,70
593,75,55,65,75,55,90,50,40,45,30,50,55,80,5,30,20,35,30,60,30,70,50,5,75,40,5,5,5,45,10,50,70,40,40
594,75,55,45,70,55,25,45,50,40,45,50,40,75,30,30,30,20,40,60,40,60,50,0,0,0,0,0,0,85,0,50,55,30,40
595,65,60,55,55,25,90,45,50,55,50,55,40,60,5,40,35,20,85,55,55,50,50,0,0,0,0,0,0,95,50,50,50,40,55
596,75,70,55,60,30,100,50,45,65,50,60,40,75,5,20,30,30,10,60,65,50,50,0,40,60,30,40,0,40,50,50,55,30,60
597,75,65,45,70,45,15,40,50,55,40,60,50,65,30,30,40,20,40,60,50,55,50,0,0,0,0,0,0,100,0,50,50,30,60
598,75,65,60,70,45,100,50,40,40,30,50,55,80,0,30,20,85,90,65,30,55,50,0,0,0,0,0,100,0,10,50,65,40,45
599,75,65,45,60,45,15,55,50,60,55,55,50,55,10,30,20,35,40,60,55,40,50,0,70,40,10,10,0,20,0,50,50,40,80
600,65,60,45,55,65,15,60,50,65,40,60,45,70,20,30,20,30,85,55,45,50,50,0,40,45,0,0,0,70,0,0,45,30,40
601,75,60,40,65,30,95,50,55,60,50,55,45,60,5,30,40,15,70,65,55,45,50,0,20,10,5,5,0,95,50,50,40,30,45
602,75,80,60,70,30,90,45,40,55,45,65,60,85,10,30,20,30,15,65,60,70,50,5,40,45,5,5,5,75,50,50,65,30,40
603,75,85,40,70,25,15,45,40,50,55,60,65,80,90,30,20,20,40,65,80,65,50,0,0,0,0,0,0,85,50,50,55,40,50
604,85,75,45,70,25,10,40,40,95,50,85,60,80,5,10,20,85,90,75,80,50,50,0,0,0,0,0,100,0,50,50,60,40,60
605,75,78,45,70,30,100,45,50,85,40,75,55,70,10,20,30,25,20,70,75,60,50,0,30,20,0,0,0,85,0,50,55,30,40
606,65,75,60,65,30,100,45,40,45,50,55,60,65,10,40,30,25,85,70,60,50,50,5,45,35,10,10,5,85,50,50,55,40,75
607,75,60,45,70,45,15,55,50,55,50,55,50,80,10,30,20,30,95,65,50,50,50,95,5,5,5,5,5,5,50,50,50,40,50
608,75,85,45,70,25,15,40,40,65,50,70,60,85,90,10,20,20,20,65,80,75,50,0,0,0,0,0,0,95,10,50,55,10,30
609,75,60,45,75,45,90,55,50,70,55,65,45,80,5,30,40,20,30,60,45,60,50,0,0,0,0,0,0,95,50,50,55,40,30
610,85,70,45,75,65,10,40,50,90,60,80,55,75,5,10,20,25,30,70,40,50,50,0,0,0,0,0,0,85,0,50,60,30,65
611,75,85,40,70,25,15,45,40,80,50,75,65,85,80,10,15,20,30,70,85,60,50,95,10,10,10,10,5,15,50,50,60,10,65
612,75,70,40,60,20,25,45,50,85,55,80,60,65,10,15,30,20,40,70,85,50,50,0,0,0,0,0,0,85,50,50,50,40,75
613,75,85,40,65,25,15,45,40,70,50,75,60,70,30,10,15,75,85,60,80,40,50,0,0,0,0,0,100,0,0,50,50,10,60
614,55,85,40,60,25,15,40,45,45,50,60,70,80,85,30,35,20,90,75,85,60,50,100,0,0,0,0,0,0,50,50,50,30,40
615,65,68,40,55,25,35,45,50,50,45,55,50,45,70,30,40,30,20,60,70,45,50,0,30,40,0,0,0,70,0,50,50,30,55
616,65,70,60,65,35,90,45,50,55,40,55,50,60,10,45,30,20,40,60,50,50,50,0,0,0,0,0,0,95,0,50,50,30,65
617,75,78,45,70,25,20,45,50,65,40,60,55,75,5,10,20,30,10,70,80,50,50,10,60,40,10,10,10,30,50,50,50,10,40
618,65,75,45,60,30,10,40,45,40,50,55,60,65,70,40,35,20,30,50,70,60,50,0,0,0,0,0,0,90,50,50,50,30,55
619,75,85,20,50,10,50,40,40,70,60,65,55,70,10,10,20,20,40,75,95,50,50,0,0,0,0,0,0,85,50,50,10,50,50
620,65,85,20,50,10,20,40,45,30,55,40,60,70,30,15,10,25,85,55,95,40,50,95,10,10,10,10,5,5,10,50,10,10,30
621,75,65,40,70,25,10,40,45,90,50,75,55,70,10,20,40,15,40,65,75,60,50,0,0,0,0,0,0,100,50,50,55,30,45
622,75,60,45,70,45,20,40,50,85,40,75,45,70,10,20,30,25,30,65,55,60,50,0,0,0,0,0,0,90,0,50,55,30,40
623,75,85,40,70,25,20,45,40,65,50,60,65,80,85,10,20,20,70,60,80,60,50,0,0,0,0,0,0,95,50,50,55,30,45
624,75,85,40,65,25,15,45,40,60,50,65,55,85,90,10,15,15,20,60,80,70,50,0,0,0,0,0,0,95,50,50,60,30,40
625,75,65,45,70,35,100,45,50,40,55,50,50,70,10,30,40,20,85,60,55,60,50,0,0,0,0,0,0,90,50,50,50,30,40
626,75,70,45,75,35,20,45,50,45,55,50,55,70,30,30,30,25,35,60,65,55,50,95,5,5,10,10,5,10,50,50,55,40,60
627,65,60,45,70,45,85,45,50,55,40,55,45,65,10,30,35,25,30,60,45,55,50,0,0,0,0,0,0,90,0,50,50,30,55
628,85,80,30,65,10,15,45,50,95,40,85,60,70,20,10,20,40,10,75,95,50,50,0,0,70,0,0,0,0,0,50,50,50,50
629,75,85,40,70,15,15,45,50,80,40,75,65,85,10,10,15,85,90,75,90,40,50,0,0,0,0,0,100,0,0,50,50,30,60
630,75,85,40,70,30,15,45,40,65,50,60,65,85,80,10,15,30,15,60,75,60,50,85,10,10,10,10,5,10,50,50,55,10,45
631,55,58,40,52,25,20,45,50,45,40,50,45,60,85,30,45,20,45,55,65,50,50,0,0,0,0,0,0,85,0,50,45,30,40
632,85,80,20,70,10,20,45,40,90,50,75,60,80,70,10,15,25,40,75,95,50,50,60,40,50,30,30,5,40,50,50,10,10,40
633,75,65,55,70,55,100,50,45,55,50,60,50,75,10,30,20,25,35,60,40,60,50,0,40,30,0,0,0,85,0,50,65,40,55
634,75,70,30,60,20,15,45,50,85,60,75,55,65,70,10,25,20,30,65,85,50,50,0,0,0,0,0,0,90,50,50,40,30,75
635,75,70,45,65,25,30,40,45,60,50,65,55,80,5,30,20,20,85,70,75,55,50,0,0,0,0,0,0,85,50,50,50,30,40
636,65,75,55,60,25,90,45,40,40,50,50,55,85,10,30,20,30,85,60,65,60,50,5,40,30,5,5,5,75,50,50,55,40,45
637,75,70,40,55,25,15,45,50,85,40,75,50,60,90,10,30,20,85,65,80,50,50,0,0,0,0,0,0,90,50,50,50,10,40
638,55,65,50,55,25,85,40,45,30,40,45,50,55,70,40,35,20,85,60,60,50,50,5,15,10,5,5,5,85,50,50,50,30,45
639,75,65,40,60,20,10,45,50,60,55,65,45,70,10,30,40,20,40,60,75,55,50,0,0,0,0,0,0,90,50,50,50,30,70
640,75,85,40,70,30,15,45,40,75,50,65,60,90,70,10,20,20,30,60,80,75,50,0,0,0,0,0,0,95,50,50,65,30,40
641,75,55,40,70,25,20,45,50,65,50,60,45,60,30,30,65,20,40,60,70,50,50,0,0,0,0,0,0,90,50,50,45,30,40
642,85,60,40,75,55,25,50,50,90,65,75,55,70,5,10,30,20,85,70,55,50,60,0,0,0,0,0,0,90,0,50,55,30,70
643,75,55,60,80,75,90,55,40,55,30,50,45,85,5,40,20,20,20,65,20,75,45,0,0,0,0,0,0,95,10,10,70,30,30
644,75,85,45,70,25,15,40,40,80,50,75,70,80,90,10,15,75,15,65,85,60,50,60,40,60,50,50,30,20,10,50,55,10,65
645,75,65,40,70,35,15,45,50,80,55,75,50,70,20,10,30,20,40,65,60,55,50,0,0,0,0,0,0,90,50,50,55,40,45
646,85,65,45,80,55,10,45,50,70,40,60,45,85,10,20,30,15,25,75,40,70,50,0,0,0,0,0,0,95,0,0,65,30,30
647,55,65,40,55,25,15,45,50,30,45,40,50,55,70,30,35,30,40,60,70,45,50,5,30,20,5,5,5,75,50,50,45,30,60
648,75,85,45,80,30,15,40,40,35,45,40,70,85,60,20,15,20,30,75,70,75,50,0,0,0,0,0,0,95,10,50,60,30,40
649,75,78,45,70,35,20,45,50,75,60,70,65,80,75,10,20,25,40,65,75,55,50,0,0,0,0,0,0,85,0,50,50,10,60
650,85,95,10,60,5,15,40,30,55,70,50,80,90,10,5,15,10,40,75,100,60,50,0,0,0,0,0,0,95,50,50,10,40,30
651,85,90,45,75,30,15,45,40,95,50,85,60,95,90,10,15,20,30,70,85,75,50,0,0,0,0,0,0,95,50,50,70,30,40
652,85,75,40,70,55,15,45,50,75,60,70,55,80,85,10,20,20,30,65,60,65,50,0,0,0,0,0,0,95,50,50,60,40,65
653,75,78,45,70,30,15,45,50,55,60,65,55,85,40,30,20,30,45,60,75,60,50,65,30,30,20,20,10,40,50,50,55,30,40
654,55,58,45,52,30,85,55,45,40,40,55,50,55,30,35,45,25,85,65,55,50,50,0,0,0,0,0,0,85,0,50,50,30,40
655,85,75,55,80,35,20,45,50,90,60,85,70,85,0,10,20,85,90,75,70,50,50,0,0,0,0,0,100,0,50,50,65,40,50
656,65,60,45,70,35,100,45,50,50,40,50,45,65,10,30,40,20,85,60,55,50,50,0,0,0,0,0,0,95,50,50,50,30,40
657,75,85,45,70,30,15,45,40,90,30,80,65,90,95,10,10,30,95,75,75,60,50,5,15,25,20,10,85,10,10,50,65,30,40
658,75,80,45,65,25,100,45,50,85,40,75,55,85,5,10,20,20,25,70,75,60,50,0,0,0,0,0,0,85,0,0,60,10,40
659,75,70,45,80,45,20,50,40,85,50,75,55,80,70,10,20,25,30,70,65,60,50,0,40,30,0,0,0,75,0,0,60,30,40
660,85,90,10,50,5,15,40,30,50,60,50,70,75,60,5,10,15,20,75,100,40,50,0,0,0,0,0,0,95,0,50,10,30,40
661,85,70,40,80,35,15,45,50,90,60,75,55,85,20,10,30,20,85,70,65,60,50,100,0,0,0,0,0,0,50,50,75,30,40
662,75,70,55,65,30,100,50,45,60,50,65,55,85,10,30,20,40,10,60,65,55,50,0,0,70,60,0,0,0,0,0,60,10,30
663,65,60,45,65,30,50,45,50,50,40,55,50,60,70,30,35,20,85,60,55,50,50,95,5,5,5,5,5,5,50,50,50,30,45
664,75,85,45,70,30,15,40,40,65,50,60,65,85,80,10,15,25,30,60,75,65,50,0,30,40,0,0,0,75,50,50,60,30,40
665,75,65,45,60,30,100,40,50,60,55,65,45,70,10,30,35,20,30,60,60,55,50,0,0,0,0,0,0,90,50,50,50,30,45
666,75,70,45,75,30,20,45,50,85,55,75,50,80,10,15,25,15,40,70,75,60,55,0,0,0,0,0,0,95,50,50,60,40,45
667,75,70,45,60,25,100,45,50,65,55,60,50,55,20,30,35,30,85,60,75,50,50,0,60,60,0,0,0,40,50,50,50,40,65
668,85,80,20,70,10,75,45,50,95,60,85,65,80,10,15,20,30,15,75,95,50,50,70,40,40,30,30,5,40,50,50,50,30,40
669,85,88,15,70,10,15,40,45,75,60,70,75,80,65,20,10,20,40,75,95,50,50,0,0,0,0,0,0,85,0,50,40,30,45
670,75,85,40,65,25,15,45,40,60,50,65,70,80,75,10,15,70,30,60,80,55,50,10,40,60,70,50,10,10,50,50,50,30,60
671,65,60,40,55,30,15,45,50,45,55,50,45,55,85,30,40,20,70,50,60,50,50,0,0,0,0,0,0,90,50,50,50,30,40
672,65,75,60,65,35,90,45,40,50,45,55,50,70,10,30,20,25,40,60,55,60,50,0,0,0,0,0,0,95,0,50,55,40,65
673,65,85,30,70,20,15,40,45,40,50,55,75,60,80,20,30,20,30,60,85,60,50,0,0,0,0,0,0,85,50,50,40,30,45
674,65,75,40,60,25,20,45,40,45,50,55,60,80,0,30,35,25,85,65,75,55,50,0,40,30,0,0,0,70,50,50,50,30,40
675,75,70,30,60,15,35,40,50,55,60,65,55,70,40,20,30,20,30,65,90,50,50,0,0,0,0,0,0,85,50,50,40,40,50
676,85,75,45,70,40,100,50,40,90,60,80,55,75,10,10,20,30,20,75,65,40,50,95,5,10,20,10,5,10,50,50,65,30,75
677,65,75,55,60,25,100,45,50,45,40,55,50,80,5,30,35,20,30,60,70,60,50,0,0,0,0,0,0,95,0,50,55,30,50
678,65,75,55,60,30,15,40,45,50,40,55,50,65,30,45,35,20,40,60,65,60,50,0,0,0,0,0,0,95,0,50,55,30,50
679,75,65,45,70,35,100,45,50,55,40,55,45,75,5,30,35,20,90,60,55,50,50,100,0,0,0,0,0,0,20,50,50,30,40
680,75,65,35,70,25,20,45,50,90,60,75,55,70,30,10,40,20,85,65,80,45,50,95,5,5,5,5,5,5,50,50,50,10,40
681,75,70,55,65,35,100,50,45,40,50,50,55,75,10,30,30,30,85,60,55,60,50,0,40,40,0,0,0,70,50,50,60,40,60
682,85,75,40,70,35,20,45,50,90,60,80,55,75,70,10,20,20,40,75,80,55,50,0,0,0,0,0,0,95,0,0,60,30,45
683,65,70,45,60,30,85,40,50,55,45,55,50,55,10,30,35,20,40,60,65,50,50,0,0,0,0,0,0,95,50,50,50,40,80
684,85,75,40,70,30,15,45,50,90,60,80,55,75,70,10,20,20,60,75,80,50,50,0,0,0,0,0,0,90,50,50,60,30,70
685,75,65,45,60,40,20,50,50,85,55,70,50,75,40,30,35,20,30,65,60,50,50,0,0,0,0,0,0,90,50,50,50,40,80
686,65,55,50,60,45,85,50,50,30,40,40,45,60,10,35,30,20,30,55,40,50,50,0,0,0,0,0,0,85,0,50,50,30,55
687,85,88,10,70,10,20,45,40,95,60,80,75,70,85,5,15,25,40,75,100,50,50,0,40,30,0,0,0,70,0,50,10,10,40
688,85,65,45,75,45,90,50,55,85,60,75,50,80,10,20,30,20,30,70,55,60,50,0,0,0,0,0,0,95,50,50,65,40,70
689,75,60,45,70,45,85,50,55,65,50,60,40,75,10,30,40,20,40,60,50,65,50,0,0,0,0,0,0,95,0,50,55,40,45
691,75,85,40,70,30,15,40,45,60,50,65,60,85,80,20,15,20,40,65,75,65,50,0,0,0,0,0,0,90,50,50,60,40,45
692,65,75,60,65,30,95,45,50,40,45,55,55,70,10,35,25,25,35,60,60,55,50,5,15,15,5,5,5,85,50,50,60,40,70
693,85,80,20,60,10,15,45,50,95,70,85,65,80,5,10,20,20,40,75,98,50,50,0,0,0,0,0,0,90,50,50,40,30,60
694,75,85,45,70,30,15,40,40,80,50,75,65,80,70,10,15,75,85,70,80,50,50,5,5,10,10,5,90,5,50,50,60,10,40
695,65,60,55,70,45,90,50,40,40,30,50,45,75,10,30,20,30,40,60,30,65,50,0,20,10,0,0,0,85,10,50,60,30,40
696,75,85,30,65,20,15,40,45,90,50,80,60,85,70,10,20,20,10,75,95,55,50,100,0,0,0,0,0,0,10,50,50,10,40
697,75,85,40,70,25,15,45,40,80,50,75,65,90,95,10,20,20,85,70,85,60,50,0,40,50,0,0,0,30,50,50,60,10,30
698,75,70,45,60,65,15,45,50,90,55,85,50,75,5,10,20,20,75,70,65,55,50,0,0,0,0,0,0,95,0,0,50,30,40
699,75,85,40,70,25,15,45,40,80,50,75,65,90,85,10,15,20,95,70,85,60,50,100,0,0,0,0,0,0,50,50,50,30,40
700,85,80,10,50,10,50,45,40,95,70,85,60,75,10,5,15,15,40,75,100,50,50,0,0,0,0,0,0,90,50,50,40,50,60
701,85,75,40,70,55,20,45,50,85,60,75,55,80,30,10,15,25,35,70,65,50,50,90,5,5,5,5,5,5,50,50,60,40,70
702,75,65,45,70,35,100,55,50,65,40,60,45,85,10,30,35,20,30,60,55,70,50,0,0,0,0,0,0,90,50,50,65,30,40
703,75,70,30,65,15,10,45,50,45,55,50,60,80,10,20,30,35,20,70,85,40,50,10,70,60,30,40,10,20,50,50,50,40,50
704,65,75,40,60,25,15,45,50,45,55,50,55,70,85,30,30,20,30,60,75,55,50,5,40,35,5,5,5,75,50,50,50,40,55
705,75,85,20,60,10,15,45,40,50,55,55,65,50,60,10,15,20,40,70,95,50,50,10,40,20,10,10,5,80,50,50,10,30,40
706,75,65,40,80,45,20,45,50,60,55,55,50,75,70,30,40,20,30,65,60,55,50,0,0,0,0,0,0,90,0,50,50,30,40
707,75,65,55,65,40,95,50,50,55,50,60,45,75,5,40,30,30,10,60,45,50,50,0,40,30,0,0,0,70,50,50,55,40,50
708,85,60,40,80,75,15,55,50,75,60,65,45,75,20,10,20,20,30,60,40,65,50,0,0,0,0,0,0,95,0,0,50,30,40
709,85,75,40,70,35,15,45,50,90,60,80,55,75,40,10,20,20,85,70,80,50,50,0,30,10,0,0,0,80,50,50,60,30,40
710,50,50,45,50,35,100,50,50,40,50,50,50,45,0,30,40,30,10,60,45,50,50,0,70,40,0,0,10,10,50,50,50,50,50
711,75,60,55,70,45,90,50,50,65,40,60,45,80,5,30,20,20,30,60,40,65,50,0,0,0,0,0,0,95,0,0,65,30,40
712,75,45,55,80,75,90,55,40,40,30,45,50,70,5,30,35,35,20,65,20,60,50,5,65,45,10,10,5,30,10,50,60,40,30
713,75,85,45,70,30,15,40,45,55,50,60,75,85,90,10,15,35,85,65,75,60,50,5,65,55,20,10,5,40,50,50,60,30,45
714,85,75,40,70,30,15,45,50,90,60,80,65,75,90,10,20,20,60,75,70,55,50,0,0,0,0,0,0,95,50,50,60,30,75
716,75,55,40,65,65,15,55,50,45,50,55,40,70,60,30,35,20,40,60,45,55,50,0,0,0,0,0,0,85,0,0,50,40,45
717,85,65,40,75,55,15,45,50,90,60,75,50,80,0,10,20,20,25,70,60,55,50,0,0,0,0,0,0,95,0,0,50,30,60
718,65,85,30,60,20,15,40,45,35,50,45,70,75,95,20,30,15,25,40,90,70,50,0,0,0,0,0,0,95,50,50,40,30,75
719,85,70,45,75,65,20,50,55,75,60,70,50,80,75,10,15,25,15,60,65,60,50,0,0,0,0,0,0,95,0,0,55,40,60
720,75,85,45,70,30,15,40,45,60,50,65,70,60,90,30,20,30,20,65,75,55,50,10,60,70,40,40,10,30,50,50,55,30,65
721,85,80,30,70,15,20,45,40,95,60,85,75,70,60,10,20,40,30,80,95,50,50,40,40,60,50,40,0,30,50,50,50,40,85
722,85,80,10,60,10,15,40,50,85,70,75,65,80,40,5,10,15,20,75,95,50,50,0,0,0,0,0,0,95,50,50,50,50,70
723,85,75,40,70,35,20,50,50,90,60,80,55,75,85,10,20,25,30,70,75,50,50,0,0,0,0,0,0,80,50,50,50,30,60
724,75,70,30,60,15,20,40,45,55,50,60,55,50,20,10,20,30,10,65,85,30,50,95,5,5,40,50,5,5,50,50,40,10,60
725,65,75,30,60,15,10,45,50,40,55,50,50,70,10,30,20,20,30,60,85,60,50,0,0,0,0,0,0,85,0,0,40,10,40
726,65,75,60,65,35,100,50,40,40,30,55,65,70,10,30,20,75,85,70,55,45,50,0,30,40,40,40,90,0,10,50,55,30,50
727,75,65,45,70,40,15,45,50,55,40,55,45,75,60,30,35,30,10,60,55,55,50,5,40,65,30,40,5,35,50,50,60,40,45
728,65,85,40,60,25,15,45,40,45,50,55,70,85,75,30,20,20,40,60,80,60,50,5,10,10,5,5,5,85,10,50,50,30,40
729,85,75,45,80,55,15,50,40,90,50,75,65,85,40,10,15,75,85,70,60,60,50,5,15,30,20,10,70,10,10,50,70,30,40
730,75,65,55,70,45,85,40,50,45,55,50,55,60,10,30,35,25,40,65,40,55,50,0,0,0,0,0,0,90,0,50,55,40,60
731,75,70,40,75,25,15,45,50,65,55,60,50,75,85,30,45,20,75,60,75,55,50,0,0,0,0,0,0,90,50,50,50,30,40
732,85,80,10,50,10,15,40,40,65,50,60,55,70,60,5,15,15,25,75,95,50,50,0,0,0,0,0,0,95,50,50,10,10,40
734,75,90,40,70,25,15,45,40,65,30,60,75,90,95,10,10,20,85,70,85,70,50,85,10,10,10,10,5,15,10,50,60,10,40
735,85,80,10,60,15,15,40,45,95,70,85,65,80,75,5,15,15,30,75,95,60,50,0,0,0,0,0,0,95,50,50,40,30,60
736,75,80,55,65,30,100,45,40,50,45,55,60,75,10,30,25,20,30,60,70,60,50,0,0,0,0,0,0,90,50,50,60,40,55
737,75,70,55,75,45,100,50,40,65,50,60,55,75,10,30,20,40,30,60,45,50,50,0,60,60,30,40,10,30,0,50,60,30,40
738,85,75,40,70,25,15,45,50,90,60,80,55,70,85,10,20,20,40,75,85,50,50,0,0,0,0,0,0,95,50,50,50,30,75
739,75,55,45,70,55,30,50,45,55,50,60,40,65,30,35,40,25,35,60,45,50,55,5,15,20,5,5,5,85,10,50,50,30,45
740,85,80,40,75,30,15,45,50,90,60,85,55,85,70,10,20,20,30,75,85,60,50,0,0,0,0,0,0,95,50,50,65,40,60
741,85,80,40,75,25,15,45,50,90,60,85,65,85,90,10,20,20,85,70,85,60,50,0,0,0,0,0,0,90,50,50,60,30,70
742,75,70,40,75,30,15,45,50,80,55,70,50,75,85,10,20,20,40,65,75,60,55,0,0,0,0,0,0,95,50,50,55,30,60
743,65,60,55,55,35,90,50,45,40,40,50,50,60,20,45,35,25,75,60,50,50,50,0,0,0,0,0,0,95,50,50,50,40,65
744,75,80,30,65,15,20,40,50,85,60,75,55,70,85,10,20,25,40,60,90,65,50,0,0,0,0,0,0,90,50,50,40,30,55
745,85,75,55,78,40,100,50,45,80,60,75,55,90,5,20,15,20,30,70,50,75,50,0,0,0,0,0,0,95,0,0,80,10,30
746,65,55,45,75,65,85,40,45,30,50,40,50,70,20,35,45,20,30,60,30,60,50,0,0,0,0,0,0,90,50,50,55,40,45
747,85,80,10,60,10,15,45,50,65,50,60,55,70,10,5,15,20,40,75,95,40,50,0,30,10,0,0,0,80,0,50,10,10,10
748,85,88,30,75,20,15,40,45,95,70,85,65,90,95,10,20,25,30,80,95,75,50,0,0,0,0,0,0,95,50,50,60,40,70
749,75,45,40,70,85,85,60,50,30,40,40,45,75,5,20,30,20,20,60,20,65,50,0,0,0,0,0,0,95,10,50,55,30,30
750,65,60,40,65,30,10,45,55,30,50,45,50,70,75,20,35,20,40,60,65,50,50,0,0,0,0,0,0,95,50,50,40,30,45
751,75,70,45,65,35,20,45,50,80,40,70,55,75,10,15,20,75,20,60,65,50,50,0,50,50,50,50,50,0,0,50,60,30,50
752,75,65,50,60,45,100,50,40,85,50,80,55,50,10,10,20,30,70,70,55,40,50,0,60,60,40,40,0,40,0,50,50,30,90
753,65,68,45,70,30,15,40,50,40,45,50,55,75,85,30,40,15,75,60,65,55,50,0,0,0,0,0,0,10,50,50,50,30,40
754,65,75,45,60,30,15,40,50,40,55,50,60,80,85,30,20,20,40,65,70,60,50,0,0,0,0,0,0,85,50,50,55,30,45
755,75,65,45,60,30,100,50,50,70,55,65,50,55,60,30,40,20,85,60,60,50,50,0,40,40,0,0,0,80,50,50,50,30,55
756,65,75,40,60,25,15,45,50,45,55,55,60,65,70,30,35,20,30,55,75,50,50,0,0,0,0,0,0,85,0,0,50,30,60
757,75,78,35,70,20,15,45,50,60,55,65,50,80,85,20,30,25,40,60,85,60,50,0,0,0,0,0,0,85,50,50,45,30,40
758,75,78,45,70,30,100,45,40,85,50,80,55,85,5,15,20,25,85,70,75,65,50,0,0,0,0,0,0,95,50,50,65,30,40
759,65,75,55,60,35,100,45,40,55,45,60,50,70,0,40,30,30,85,65,55,50,50,0,40,50,30,0,20,40,0,50,55,30,50
760,85,88,15,70,10,15,45,40,80,60,75,70,85,20,10,5,25,30,75,95,50,50,95,5,5,10,5,5,5,50,50,10,10,60
761,85,80,10,60,10,15,45,50,95,70,80,65,75,10,5,15,15,40,75,100,60,50,0,0,0,0,0,0,95,50,50,40,50,50
762,85,75,40,70,30,15,55,50,95,60,85,65,75,80,10,20,20,10,75,80,50,50,100,0,0,0,0,0,0,50,50,50,50,50
763,65,70,55,60,30,90,45,50,55,50,55,45,60,10,40,30,20,40,60,55,50,50,0,0,0,0,0,0,95,50,50,50,30,45
764,65,60,45,65,40,85,45,50,55,40,55,45,60,75,30,35,20,30,60,45,55,50,0,0,0,0,0,0,95,20,40,50,30,65
765,65,50,60,65,75,85,55,45,40,50,50,45,70,10,30,20,30,20,55,20,60,45,5,40,35,10,10,5,75,10,50,55,30,40
766,65,55,60,70,65,85,45,40,30,45,40,50,75,5,35,20,25,30,60,30,65,45,0,0,0,0,0,0,90,0,0,60,30,40
767,75,70,45,65,30,100,50,55,60,50,60,45,85,5,30,35,20,25,65,60,60,50,0,0,0,0,0,0,95,50,50,55,40,45
768,75,80,40,65,30,15,45,40,70,50,65,55,85,75,20,15,20,30,60,85,60,50,0,0,0,0,0,0,95,50,50,55,40,45
769,75,80,30,65,20,15,45,50,70,60,65,55,75,70,10,20,20,85,60,85,50,50,95,5,5,5,5,5,5,50,50,40,10,40
770,85,75,40,70,35,15,45,50,90,60,75,55,80,85,10,20,20,40,70,75,60,50,0,0,0,0,0,0,90,50,50,65,30,60
771,75,80,35,65,25,15,40,45,85,50,70,55,85,80,10,20,15,40,60,85,60,50,0,0,0,0,0,0,95,50,50,50,30,60
772,75,85,40,70,25,15,45,40,75,50,70,60,90,95,10,15,20,40,75,80,65,50,85,10,30,20,10,5,15,50,50,60,10,30
773,75,55,45,80,45,15,40,50,45,40,45,40,85,60,30,35,20,30,60,45,60,55,5,5,5,5,5,5,85,10,50,55,30,30
774,75,60,45,65,40,85,50,50,65,40,60,45,60,10,30,40,20,40,60,50,55,50,0,0,0,0,0,0,95,0,50,55,30,45
775,55,58,45,50,25,85,45,40,45,30,55,60,50,40,55,65,20,30,55,55,45,50,0,0,0,0,0,0,85,0,50,40,30,45
776,75,70,40,65,30,15,45,50,80,55,70,45,65,75,10,20,20,30,60,75,55,50,0,0,0,0,0,0,90,50,50,50,30,60
777,75,65,45,70,30,100,40,50,50,45,50,40,75,5,30,35,20,30,60,55,60,50,0,0,0,0,0,0,95,50,50,55,40,50
778,65,85,40,60,25,15,45,40,35,50,55,75,70,90,30,20,20,40,65,80,60,50,0,0,0,0,0,0,85,10,50,50,30,60
779,65,68,55,60,25,100,50,50,40,45,50,55,70,10,30,35,75,95,60,65,50,50,50,50,50,50,50,50,50,50,50,50,50,50
780,75,60,45,70,30,100,45,50,40,55,45,40,75,5,30,40,20,30,60,50,55,50,0,0,0,0,0,0,90,50,50,50,30,40
781,75,80,40,60,30,15,45,50,95,55,85,60,75,80,10,20,20,30,70,85,55,50,0,0,0,0,0,0,90,50,50,50,40,60
782,65,60,45,75,40,15,45,50,40,55,50,50,60,30,40,45,20,40,60,45,60,55,0,0,0,0,0,0,10,50,50,50,30,40
783,75,45,35,55,45,20,70,50,75,60,65,40,55,30,20,60,15,40,55,50,45,50,0,0,0,0,0,0,90,0,50,40,30,45
784,75,78,45,65,40,100,45,40,70,50,75,60,65,75,30,35,20,70,60,65,60,50,0,0,0,0,0,0,100,0,50,55,30,65
785,75,85,40,70,30,15,45,40,90,50,80,65,85,70,10,15,25,10,75,85,60,50,5,40,30,5,5,5,80,50,50,55,30,40
786,85,80,10,65,15,15,40,45,70,50,60,55,75,30,5,10,15,30,75,95,50,50,0,0,0,0,0,0,90,50,50,10,10,40
787,75,65,45,70,45,15,45,50,60,55,60,50,70,60,30,35,30,85,65,55,50,50,0,0,60,0,0,0,40,0,0,50,30,40
788,65,75,55,70,35,15,45,50,45,40,55,50,85,80,30,20,20,40,65,60,70,50,0,0,0,0,0,0,90,10,50,60,30,40
789,85,75,20,60,10,15,45,50,70,65,60,55,80,5,10,20,20,40,75,95,50,50,0,0,0,0,0,0,90,50,50,40,50,50
790,75,70,40,65,30,15,45,50,85,55,75,45,80,85,10,20,20,30,60,75,60,50,0,0,0,0,0,0,95,50,50,55,30,40
791,75,70,40,65,30,10,45,50,85,40,75,50,70,10,20,30,20,40,60,75,60,50,0,0,0,0,0,0,95,0,50,55,30,45
792,75,65,45,70,45,15,40,50,80,40,75,55,70,5,10,20,30,20,65,55,50,50,0,40,50,0,0,0,20,0,0,60,30,70
793,75,78,55,70,30,100,45,40,50,45,55,60,75,10,30,20,35,90,65,60,50,50,5,75,60,5,5,5,30,50,50,55,40,55
794,75,85,30,60,15,20,45,40,65,50,60,70,75,80,20,30,35,85,70,90,55,50,40,45,50,40,40,30,30,50,50,50,40,45
796,75,85,40,70,30,15,45,50,60,55,65,60,80,90,30,20,20,40,65,80,60,50,5,10,10,5,5,5,85,50,50,50,30,40
797,75,60,40,70,55,15,55,50,75,65,60,50,70,75,20,30,20,40,60,55,50,50,0,0,0,0,0,0,90,50,50,50,40,40
798,75,85,40,65,25,15,45,40,80,50,75,60,85,80,10,20,30,20,70,85,60,50,70,30,40,60,50,10,20,10,50,50,10,70
799,75,85,30,60,15,20,40,45,55,50,65,60,70,80,10,20,20,40,70,95,50,50,0,0,0,0,0,0,85,0,50,40,30,60
800,75,85,40,70,30,15,45,40,50,55,60,70,80,90,30,20,20,75,65,80,65,50,0,10,5,0,0,0,90,50,50,55,30,60
801,75,80,45,65,25,100,40,50,85,40,75,55,70,10,20,30,20,85,70,75,50,50,0,40,30,0,0,0,80,50,50,55,30,60
802,65,75,55,60,25,100,45,40,45,50,55,55,70,20,40,30,35,90,60,70,50,50,85,10,40,80,75,10,5,10,50,50,10,65
803,65,70,45,60,40,15,45,50,30,40,45,55,65,85,35,30,15,30,60,55,60,50,0,0,0,0,0,0,95,50,50,55,40,50
804,75,55,40,60,45,15,55,50,85,60,70,45,65,10,20,40,20,40,60,65,50,50,0,0,0,0,0,0,90,50,50,50,30,40
805,65,85,55,70,30,10,45,40,45,30,55,60,80,30,35,25,20,30,65,75,75,50,0,0,0,0,0,0,100,0,0,60,30,40
806,85,70,45,75,65,20,45,50,60,55,65,50,80,75,30,20,25,40,60,55,60,50,0,0,0,0,0,0,90,0,0,65,40,55
807,65,85,30,60,20,15,40,45,50,55,60,70,80,90,20,15,15,85,65,85,60,50,95,5,5,5,5,5,5,10,50,40,10,60
808,65,75,55,60,30,100,45,40,50,45,55,50,65,10,30,35,20,85,60,65,50,50,0,30,10,0,0,0,85,50,50,50,30,55
809,65,70,55,60,30,100,45,40,50,45,60,55,75,0,30,20,40,85,70,55,50,50,0,40,50,0,0,0,30,0,50,50,30,65
810,75,65,40,65,30,100,45,50,70,55,60,45,80,10,20,30,20,30,60,65,60,50,0,0,0,0,0,0,90,50,50,55,30,40
811,75,80,40,70,30,15,45,50,60,55,65,50,85,80,20,15,20,40,60,75,60,50,0,0,0,0,0,0,85,0,0,55,10,40
812,75,65,45,70,40,100,45,50,60,55,60,45,75,5,30,35,30,20,65,50,55,50,0,40,30,0,0,0,70,50,50,60,30,55
813,75,80,40,65,25,15,45,50,85,60,75,55,70,60,10,20,20,30,70,85,50,50,0,0,0,0,0,0,90,50,50,50,30,60
814,75,70,45,65,30,10,45,50,60,55,65,50,60,30,40,35,20,85,60,65,55,50,0,0,0,0,0,0,100,50,50,50,40,75
815,65,68,55,62,30,85,45,50,40,45,50,40,75,5,35,30,25,85,60,55,55,50,5,45,15,5,5,5,75,50,50,55,40,45
816,75,85,40,70,25,15,45,40,90,50,80,60,90,75,10,15,30,85,70,85,60,50,0,0,70,0,0,0,20,50,50,50,30,40
817,85,90,10,60,10,15,45,40,95,70,80,75,60,40,5,10,20,20,75,100,30,50,100,0,0,0,0,0,0,0,50,10,10,60
818,75,45,55,70,85,85,60,50,45,55,50,40,75,5,30,35,20,15,60,20,65,45,0,0,0,0,0,0,95,10,40,60,40,45
819,55,75,40,60,25,15,45,30,45,40,55,85,70,90,30,40,20,60,65,80,50,60,95,5,5,5,5,5,5,10,50,45,10,30
820,65,70,45,75,30,15,40,45,40,50,55,55,65,85,30,40,20,30,60,65,60,55,0,0,0,0,0,0,85,50,50,50,30,40
821,85,80,40,75,30,15,45,50,85,40,70,55,90,85,10,15,20,85,75,75,65,50,0,0,0,0,0,0,95,0,0,60,30,40
822,85,75,20,60,10,15,45,50,80,70,75,55,70,10,15,30,20,40,65,95,50,50,0,0,0,0,0,0,90,0,50,40,30,60
823,75,70,55,65,35,100,45,50,55,40,60,45,80,0,40,30,20,90,60,55,60,50,0,40,30,0,0,0,80,0,50,55,30,40
824,75,55,45,80,55,15,50,40,45,50,55,50,85,5,30,35,35,40,70,40,65,50,75,50,50,50,50,5,15,50,50,60,40,40
825,75,78,55,72,45,10,45,50,80,60,75,55,85,10,20,15,20,30,70,60,65,50,0,0,0,0,0,0,95,0,50,65,40,60
826,75,55,40,80,65,100,50,45,70,50,60,40,75,5,20,30,20,30,60,40,60,50,0,0,0,0,0,0,90,0,50,55,40,50
827,75,85,40,70,30,20,45,40,90,50,80,60,85,10,10,15,25,40,75,80,60,50,0,0,0,0,0,0,85,50,50,65,30,40
828,85,75,55,80,35,100,50,40,90,50,85,60,90,0,10,20,40,80,75,60,65,50,0,75,40,0,0,0,30,50,50,75,30,40
829,75,85,45,70,35,15,40,40,80,50,75,60,90,95,10,10,20,15,70,75,80,50,0,0,0,0,0,0,95,0,0,65,10,30
830,75,65,60,70,65,90,50,45,50,40,55,50,85,10,30,20,30,30,60,30,70,45,5,35,40,10,10,5,85,10,40,75,40,45
831,85,65,40,75,65,15,45,50,90,60,80,55,75,40,10,20,15,20,70,60,65,50,0,0,0,0,0,0,95,0,0,50,30,40
832,75,70,45,75,35,100,45,50,60,55,65,50,80,10,30,40,20,85,60,55,60,50,0,0,0,0,0,0,95,50,50,55,30,40
833,75,78,45,65,25,15,40,50,60,55,65,50,60,10,20,30,20,40,60,80,60,50,0,0,0,0,0,0,95,50,50,55,40,65
834,55,65,50,55,30,85,45,40,30,45,40,55,60,10,35,30,35,80,60,50,45,50,10,75,40,10,10,10,30,20,50,50,30,55
835,65,55,40,60,35,20,45,50,30,45,40,40,60,10,30,45,25,35,45,55,50,50,0,0,0,0,0,0,85,50,50,45,30,40
836,75,65,40,70,30,25,45,50,90,55,80,50,60,30,10,30,30,20,70,75,40,50,95,5,10,15,10,5,5,50,50,50,10,70
837,85,70,45,75,45,100,50,50,90,60,80,55,75,10,10,20,20,40,70,60,50,50,60,10,10,10,10,5,85,10,50,65,10,60
838,65,75,40,60,25,15,45,50,50,45,55,50,70,85,30,30,30,35,60,75,50,50,40,30,60,30,40,10,20,50,50,50,30,50
839,75,55,45,65,45,85,50,50,70,55,60,40,60,10,30,40,20,85,60,45,50,50,0,0,0,0,0,0,95,0,50,50,40,45
840,75,85,40,65,25,15,45,40,60,50,65,70,90,95,30,20,20,95,70,85,60,50,95,5,5,5,5,5,5,10,50,50,10,40
841,75,78,45,65,30,10,40,45,70,50,65,55,60,20,30,35,25,30,60,75,50,50,0,0,0,0,0,0,95,50,50,55,30,75
842,75,78,45,70,25,10,40,50,55,40,60,45,85,5,30,20,20,90,65,75,65,50,0,0,0,0,0,0,95,0,50,60,30,40
843,75,85,40,70,30,15,45,40,80,50,75,60,90,70,10,15,20,30,70,80,65,50,0,0,0,0,0,0,95,50,50,60,30,40
844,75,85,20,60,10,15,45,40,50,55,55,65,70,75,10,15,20,90,65,95,40,50,100,0,0,0,0,0,0,50,50,30,40,50
845,85,90,10,60,5,15,45,40,45,70,50,75,80,5,10,20,20,30,70,100,50,50,60,30,30,30,30,5,85,50,50,10,10,30
846,75,60,40,70,35,25,50,50,85,55,75,50,65,10,15,45,20,85,65,70,50,50,90,5,5,5,5,5,5,50,50,50,10,60
847,75,60,45,65,35,10,45,50,85,55,70,45,60,20,30,40,20,15,60,65,50,50,0,0,0,0,0,0,90,50,50,50,30,40
848,75,70,40,65,30,10,45,50,85,60,75,55,70,10,20,30,20,85,60,75,50,50,100,0,0,0,0,0,0,50,50,50,30,40
849,85,55,45,75,65,85,55,50,65,60,60,40,80,5,30,35,20,30,60,30,65,50,0,0,0,0,0,0,95,0,50,70,40,45
850,65,70,55,60,30,100,45,50,40,45,45,50,75,0,30,35,20,80,60,55,50,50,0,60,10,0,0,0,85,50,50,50,30,55
851,75,65,45,70,40,90,55,50,60,55,60,45,75,10,30,35,20,30,65,50,55,50,0,0,0,0,0,0,95,0,50,55,40,50
852,65,60,45,65,25,90,45,50,40,45,45,40,75,10,35,30,20,85,60,55,60,50,0,10,0,0,0,0,90,0,50,50,30,40
853,75,65,40,70,35,10,45,50,80,55,75,45,70,30,20,30,20,40,60,60,65,55,0,0,0,0,0,0,90,50,50,60,30,60
854,75,80,40,65,30,15,45,50,85,60,75,55,85,80,10,20,20,40,70,85,60,50,0,0,0,0,0,0,95,50,50,55,40,50
855,75,70,55,65,35,100,50,50,85,60,75,55,70,10,15,20,30,20,70,60,50,50,0,70,40,0,0,0,40,50,50,60,40,60
856,75,65,45,60,45,15,55,50,90,55,80,50,70,10,20,15,20,40,70,60,55,50,0,0,0,0,0,0,85,0,0,50,30,75
857,75,85,45,70,30,15,40,45,55,50,60,65,90,95,30,20,25,40,65,75,65,50,5,40,30,5,5,5,75,50,50,60,40,45
858,85,88,10,75,5,15,45,40,30,60,40,70,80,10,5,15,25,85,75,95,40,50,95,5,5,10,10,5,5,10,50,10,10,50
859,75,70,45,65,30,10,40,50,85,55,80,55,60,75,20,30,35,25,70,75,50,50,5,40,60,30,50,5,45,50,50,50,40,65
860,75,80,40,65,25,15,45,50,60,55,65,50,75,85,30,35,20,40,60,85,55,50,0,0,0,0,0,0,90,50,50,50,40,60
861,65,70,55,60,30,100,45,50,45,50,55,45,75,5,40,30,20,40,60,55,50,50,0,0,0,0,0,0,100,50,50,55,40,50
862,75,55,40,70,30,100,55,50,45,50,45,40,60,20,30,65,20,40,55,50,55,50,0,0,0,0,0,0,90,50,50,45,30,40
863,65,50,45,60,55,90,55,50,40,45,45,40,55,10,35,40,20,30,55,30,50,50,0,0,0,0,0,0,95,0,50,45,30,50
864,75,85,30,60,20,15,40,45,90,50,80,70,90,85,10,20,20,40,75,95,60,50,95,5,5,5,5,5,5,10,50,40,10,50
865,75,80,40,65,35,15,45,50,85,60,75,55,70,80,10,20,20,25,65,75,60,50,0,0,0,0,0,0,95,50,50,55,40,60
866,75,78,45,80,25,15,55,40,75,50,65,60,85,80,10,20,20,40,65,82,70,50,0,0,0,0,0,0,90,50,50,55,30,40
867,85,75,40,70,45,15,50,50,90,60,80,55,75,10,10,20,30,25,70,75,50,50,95,5,5,40,50,5,5,50,50,60,40,65
868,65,68,45,55,35,20,45,50,55,40,55,50,60,75,40,30,25,85,60,65,45,50,0,40,30,0,0,0,75,0,50,50,30,60
869,75,85,40,70,25,15,45,40,55,50,60,65,80,90,10,15,30,40,65,80,55,50,60,40,45,30,40,5,35,50,50,50,10,65
870,75,85,40,70,25,15,45,40,50,45,55,70,80,90,30,20,20,30,60,80,60,50,5,40,45,10,10,5,30,10,50,50,10,60
871,85,75,20,60,15,15,45,50,95,60,80,65,50,30,10,20,20,30,75,95,40,50,0,0,0,0,0,0,85,50,50,10,10,30
872,65,50,40,75,45,90,45,50,45,40,45,40,60,10,30,55,20,30,60,35,60,50,0,0,0,0,0,0,95,0,50,50,30,30
873,65,75,20,55,10,15,40,45,40,50,50,55,70,5,10,30,15,25,75,90,60,50,0,0,0,0,0,0,95,50,50,40,30,40
874,75,80,40,70,30,15,45,50,85,60,75,55,85,80,10,20,20,30,65,75,60,50,0,0,0,0,0,0,90,50,50,60,40,50
875,75,65,55,80,45,100,45,40,55,45,50,40,85,10,30,20,20,30,60,40,75,50,0,0,0,0,0,0,95,10,50,70,30,30
876,85,80,40,65,20,25,45,50,95,60,90,75,70,10,10,20,75,85,80,90,40,50,0,0,30,80,75,80,0,50,50,50,40,90
877,75,65,45,70,35,10,40,50,55,50,60,45,70,10,30,35,20,40,65,55,55,50,0,0,0,0,0,0,95,50,50,55,40,60
878,75,55,45,65,45,90,55,50,70,60,65,40,60,5,30,40,20,30,60,45,50,50,0,0,0,0,0,0,95,50,50,55,40,45
879,85,70,40,75,30,15,45,50,80,60,70,55,85,80,10,30,20,40,75,75,60,50,0,0,0,0,0,0,95,50,50,50,40,45
880,75,70,40,75,30,20,45,50,65,55,60,50,80,85,10,30,15,30,60,75,55,50,0,0,0,0,0,0,90,50,50,50,30,60
881,65,70,55,75,35,100,50,45,45,40,55,50,75,5,30,35,20,40,65,50,60,50,0,0,0,0,0,0,95,0,50,60,30,45
882,85,90,10,60,5,15,45,40,75,70,65,60,80,5,10,15,20,40,70,100,50,50,0,0,0,0,0,0,80,50,50,50,50,50
883,65,75,45,60,30,20,45,40,55,50,60,55,70,80,30,25,25,85,55,70,50,50,5,30,30,5,5,5,85,50,50,50,40,55
884,65,70,55,60,35,85,50,50,45,40,55,50,55,10,30,30,30,70,60,55,45,50,5,40,50,40,40,5,45,50,50,50,40,75
885,75,85,40,70,30,15,45,50,60,55,65,60,80,85,20,30,30,40,65,80,60,50,5,10,10,5,5,5,85,50,50,55,40,50
886,75,85,40,70,25,15,45,40,55,50,60,65,90,80,30,20,20,30,65,80,70,50,0,0,0,0,0,0,90,0,50,60,30,40
887,75,65,55,60,35,95,50,50,55,40,60,45,70,5,30,20,25,85,60,50,55,50,5,60,40,5,5,5,75,10,50,55,30,50
888,65,75,40,60,25,20,45,50,50,55,55,60,70,75,30,35,30,10,60,80,45,50,95,10,10,40,50,10,10,50,50,50,30,45
890,75,80,30,65,15,20,45,50,90,55,85,60,70,10,15,25,35,85,75,95,50,50,0,60,60,40,50,10,20,50,50,50,50,70
892,65,55,45,60,30,85,40,50,45,55,50,45,40,20,35,60,20,30,55,50,50,50,0,0,0,0,0,0,95,0,50,45,30,70
893,75,65,60,70,45,100,45,50,55,50,60,55,65,5,40,30,30,40,65,40,50,50,0,0,0,0,0,0,85,50,50,60,40,80
894,75,80,45,70,20,10,40,45,75,50,70,60,85,5,20,30,30,90,75,85,55,50,5,75,60,10,10,5,35,50,50,60,40,55
895,75,55,45,65,65,85,55,50,55,60,55,45,60,10,30,35,25,30,60,30,50,50,0,0,0,0,0,0,95,0,50,50,40,50
896,85,75,30,70,25,15,40,50,90,60,80,55,75,85,10,20,20,30,70,85,60,50,0,0,0,0,0,0,95,50,50,50,40,60
897,65,50,45,75,45,85,50,50,40,40,50,45,70,10,30,40,20,40,70,40,60,50,0,0,0,0,0,0,90,0,50,55,30,40
898,85,75,45,70,35,20,40,50,90,60,80,55,75,0,10,20,25,30,75,70,50,50,0,0,0,0,0,0,95,50,50,60,40,60
899,65,55,45,70,45,30,40,45,35,50,40,50,60,40,30,35,20,25,60,45,55,50,0,0,0,0,0,0,85,50,50,50,30,40
900,65,85,40,60,25,15,45,40,55,50,60,70,85,90,30,20,15,40,65,80,70,50,0,0,0,0,0,0,95,50,50,50,30,40
901,75,70,55,75,40,20,45,40,45,30,60,55,80,75,30,20,65,85,70,55,50,50,90,10,20,40,10,5,5,10,50,65,30,40
902,75,78,45,70,35,15,45,50,90,60,85,65,75,80,10,20,20,85,70,75,55,50,0,40,30,0,0,0,80,0,0,50,10,60
903,75,85,45,65,25,10,40,40,60,50,65,60,80,10,30,20,20,40,70,75,60,50,0,0,0,0,0,0,95,50,50,55,30,50
904,75,78,45,72,35,15,45,50,55,40,55,60,85,20,10,15,25,10,65,70,60,50,95,5,5,10,5,5,5,10,50,65,30,40
905,75,65,40,70,35,25,45,50,60,55,65,50,75,5,30,35,20,40,60,65,55,50,0,0,0,0,0,0,90,50,50,55,40,45
906,75,65,45,60,35,100,45,50,70,55,65,45,60,75,30,40,20,85,60,55,50,50,0,0,0,0,0,0,95,0,50,50,30,60
907,75,70,30,60,25,15,45,50,90,65,80,55,70,85,10,20,20,40,65,85,50,50,0,0,0,0,0,0,85,50,50,50,30,70
908,75,70,40,65,25,10,45,50,55,40,60,45,80,10,30,40,15,75,60,75,60,50,0,0,0,0,0,0,100,0,50,50,30,40
909,75,55,40,60,55,15,60,50,80,65,70,45,55,75,10,30,20,40,60,50,50,50,0,0,0,0,0,0,95,50,50,45,40,55
910,85,65,40,75,55,15,55,50,95,70,80,55,75,5,10,20,20,40,70,60,50,50,0,0,0,0,0,0,90,50,50,60,40,45
911,75,70,40,65,35,15,45,50,75,55,65,50,70,10,20,30,25,35,60,75,50,50,0,0,0,0,0,0,85,50,50,50,40,60
912,75,80,45,65,30,100,45,40,85,50,75,60,85,5,10,20,30,10,70,75,50,50,50,50,50,50,50,50,50,50,50,60,40,65
913,75,70,40,60,20,100,45,50,80,55,75,50,70,5,10,20,20,30,65,75,50,50,0,0,0,0,0,0,85,50,50,50,50,60
914,75,70,45,65,25,15,45,50,80,40,75,55,50,20,10,30,20,90,70,75,40,50,100,0,0,0,0,0,0,0,50,50,10,40
915,75,85,40,70,30,15,45,40,55,50,60,65,85,80,30,20,20,30,65,75,60,50,95,5,5,5,5,5,5,50,50,50,30,40
916,75,50,55,60,65,90,55,50,50,45,50,40,55,5,30,30,20,30,55,30,50,50,0,0,0,0,0,0,95,0,50,50,40,60
917,85,65,55,75,75,90,55,50,80,60,70,55,75,0,30,20,25,85,70,40,55,50,0,30,40,0,0,0,80,0,50,65,40,60
918,75,85,30,65,20,15,40,45,55,50,60,70,85,75,20,30,15,5,70,90,60,50,95,5,5,5,5,5,5,10,50,40,10,30
919,85,80,20,75,10,20,40,45,90,60,85,65,70,30,10,15,30,40,80,95,50,50,0,40,30,0,0,0,70,50,50,50,40,75
920,75,80,40,65,25,15,45,40,60,50,65,55,75,30,30,40,20,40,60,85,55,50,0,0,0,0,0,0,90,50,50,50,30,40
921,75,65,40,70,25,20,45,50,80,40,75,55,85,10,10,30,20,85,70,75,50,50,100,0,0,0,0,0,0,50,50,50,10,30
922,75,85,40,70,25,15,45,40,60,50,65,60,85,90,10,20,20,10,60,80,55,50,100,0,0,0,0,0,0,50,50,50,30,40
923,75,80,30,65,15,10,45,40,50,55,60,65,75,5,10,20,20,85,70,95,50,50,100,0,0,0,0,0,0,0,50,40,30,50
924,65,60,40,70,30,25,45,50,55,40,55,45,65,70,30,40,20,10,60,65,50,50,90,10,10,10,10,5,5,10,50,50,10,60
925,75,65,40,70,35,20,45,50,80,60,70,55,65,75,30,40,20,85,60,70,50,50,0,0,0,0,0,0,80,50,50,50,30,40
926,75,85,40,70,25,15,45,40,80,50,75,65,85,80,10,20,20,40,65,85,60,55,0,0,0,0,0,0,90,50,50,60,30,50
927,75,60,45,70,35,100,45,50,55,50,55,40,70,5,30,40,20,85,60,50,55,50,0,0,0,0,0,0,90,50,50,50,30,40
929,85,88,20,75,15,15,45,40,90,60,80,70,85,80,10,20,25,30,75,95,60,50,10,40,30,10,10,5,75,50,50,40,10,50
930,65,55,55,70,40,100,55,50,45,40,50,45,75,5,30,30,20,90,60,40,65,50,0,40,30,0,0,0,85,0,50,60,30,30
931,75,70,55,75,35,100,45,50,75,40,70,45,85,0,20,15,20,30,70,60,70,50,0,0,0,0,0,0,95,0,0,70,30,40
932,75,55,40,65,40,20,65,50,75,60,65,45,60,5,10,30,25,40,60,55,50,50,0,0,0,0,0,0,85,50,50,50,30,40
933,75,60,40,55,30,100,45,50,90,60,75,45,65,5,10,30,20,40,60,65,50,50,0,0,0,0,0,0,95,50,50,50,40,70
934,75,78,40,70,30,15,45,50,75,60,70,55,80,85,10,20,25,35,65,75,60,55,5,10,15,5,5,5,85,50,50,65,10,40
935,85,80,40,75,30,15,45,50,90,60,85,55,90,85,10,20,20,40,70,85,65,50,0,0,0,0,0,0,95,50,50,70,40,55
936,75,60,45,65,55,15,50,50,55,50,55,45,70,20,40,30,20,30,60,50,50,50,85,0,0,0,0,0,0,0,50,50,40,60
937,85,70,45,75,45,100,50,50,80,60,75,55,85,0,10,20,75,90,70,60,40,50,0,0,0,0,0,100,0,50,50,65,40,45
938,75,60,40,80,35,25,45,50,60,55,55,50,70,20,30,45,20,30,65,60,55,60,5,5,5,5,5,5,85,50,50,50,40,45
939,75,70,45,65,35,15,40,50,85,55,75,50,70,30,10,20,20,15,60,65,50,50,0,0,0,0,0,0,85,50,50,50,30,55
940,85,70,45,75,45,15,40,50,80,60,75,55,85,10,10,15,20,90,70,65,60,50,0,0,0,0,0,0,85,50,50,70,40,50
941,75,85,20,60,10,30,45,50,40,65,55,70,75,20,10,15,25,40,65,95,50,50,0,0,0,0,0,0,85,50,50,10,10,70
942,65,75,60,65,35,85,45,50,50,40,55,50,75,20,40,30,25,30,60,60,65,50,0,0,0,0,0,0,85,0,50,55,30,70
943,75,70,55,70,40,100,50,45,65,50,60,55,80,5,30,20,65,20,60,50,60,50,0,50,60,30,40,0,10,0,50,65,40,60
944,75,65,40,60,30,85,45,50,85,55,75,50,60,10,20,40,30,25,70,70,50,50,0,40,50,0,0,0,40,50,50,50,30,40
945,85,70,55,75,55,95,45,50,75,40,65,45,85,5,10,20,20,40,70,30,75,45,0,0,0,0,0,0,95,0,0,80,10,30
946,65,75,45,60,30,15,45,50,55,40,60,50,65,80,30,20,20,90,60,70,50,50,95,5,5,10,5,5,5,10,50,50,10,60
947,75,50,55,80,75,20,50,45,30,40,40,50,85,10,20,30,30,40,60,30,65,50,0,0,70,0,0,0,30,0,0,60,30,30
948,85,80,10,60,10,15,40,50,95,60,80,65,75,70,5,10,20,40,75,98,50,50,0,0,0,0,0,0,90,50,50,10,10,30
949,75,70,45,60,35,15,45,50,90,40,80,55,65,10,20,30,20,30,70,65,55,50,0,0,0,0,0,0,95,0,50,55,30,60
950,85,75,45,70,35,15,45,50,90,60,80,55,85,75,10,20,20,40,75,70,60,50,0,0,0,0,0,0,95,50,50,65,40,50
951,75,80,30,65,15,20,45,40,60,50,65,55,70,30,20,35,20,35,60,90,60,50,0,0,0,0,0,0,85,50,50,40,30,40
952,75,65,45,70,35,10,45,50,60,40,55,45,80,10,30,35,20,40,60,50,65,50,0,0,0,0,0,0,95,50,50,60,30,40
953,75,55,45,60,65,20,55,50,55,60,55,45,65,5,30,35,25,40,60,40,50,50,0,0,0,0,0,0,85,0,50,50,40,65
954,75,55,45,65,45,90,55,50,55,60,55,40,65,10,30,35,25,30,60,40,50,50,0,0,0,0,0,0,85,0,50,50,30,60
955,75,80,40,70,35,15,45,50,85,60,75,55,85,70,10,20,20,10,70,75,50,50,0,0,0,0,0,0,80,50,50,60,30,40
956,75,70,40,55,30,20,45,40,85,50,80,75,70,20,30,65,15,25,60,80,50,60,0,0,0,0,0,0,90,50,50,45,30,40
957,65,50,40,60,45,85,55,50,50,45,50,40,55,30,35,65,20,40,55,45,50,50,0,0,0,0,0,0,90,0,50,45,30,40
958,75,80,45,70,35,95,45,40,65,50,60,55,70,10,30,25,20,30,60,70,60,50,0,0,0,0,0,0,95,50,50,55,40,55
959,75,65,50,60,35,100,45,50,65,55,60,45,70,10,30,35,20,85,60,55,50,50,0,0,0,0,0,0,90,50,50,55,40,75
961,75,85,30,70,25,15,40,45,65,50,60,65,85,80,10,20,20,40,70,85,60,50,95,5,5,5,5,5,5,10,50,50,10,30
962,75,55,45,65,65,15,50,40,55,45,55,50,60,20,40,30,20,30,60,40,50,50,0,0,0,0,0,0,90,0,50,50,30,60
963,75,70,40,65,30,15,45,50,55,50,60,55,65,75,30,35,20,40,60,65,50,50,0,0,0,0,0,0,90,50,50,50,30,60
964,75,70,45,65,25,100,40,50,60,55,65,50,75,10,30,35,20,10,60,75,55,50,0,0,0,0,0,0,85,50,50,55,40,60
965,75,65,40,70,40,15,45,50,85,60,75,55,70,60,10,30,20,40,65,70,50,50,0,0,0,0,0,0,90,50,50,50,30,60
966,65,58,45,60,35,95,50,55,60,50,65,55,70,10,20,30,30,85,75,55,50,50,0,60,40,0,0,0,40,50,50,45,30,40
967,65,55,60,65,45,85,50,50,40,45,50,50,60,10,30,30,25,35,60,30,55,50,0,10,10,0,0,0,85,10,50,55,40,55
968,85,80,10,60,10,15,45,40,50,55,55,65,70,75,5,15,15,40,75,95,50,50,0,0,0,0,0,0,90,50,50,10,30,40
969,75,55,45,70,65,90,55,40,60,50,55,45,65,5,30,35,20,30,60,30,55,50,0,0,0,0,0,0,95,0,50,50,40,70
970,75,65,55,75,45,15,45,40,45,50,50,45,80,10,30,20,20,30,60,40,70,50,0,0,0,0,0,0,95,50,50,65,30,40
971,75,65,40,60,25,50,45,50,85,55,75,50,70,10,15,20,30,20,70,75,40,50,95,5,5,40,50,5,5,50,50,50,10,60
972,65,60,45,75,35,10,45,50,40,45,50,55,70,10,30,40,30,15,65,55,60,55,10,40,60,10,10,5,35,50,50,55,30,40
973,85,65,45,75,55,100,50,50,80,60,70,50,80,10,15,20,40,20,70,40,55,50,0,30,60,10,10,0,30,0,50,65,40,40
974,85,75,40,70,35,15,50,55,80,60,75,50,70,85,10,20,20,40,65,70,50,50,0,0,0,0,0,0,90,50,50,60,40,75
975,85,80,40,75,30,20,45,50,95,60,85,70,80,60,10,15,75,20,75,85,40,50,0,0,50,50,0,50,0,0,0,60,10,70
976,75,65,40,80,30,10,45,50,50,40,45,45,75,10,30,60,20,30,60,55,60,50,0,0,0,0,0,0,90,0,50,45,30,30
977,75,55,45,50,45,90,60,50,80,60,70,40,55,10,20,30,20,30,60,45,40,50,0,0,0,0,0,0,85,0,0,50,10,60
978,75,70,45,60,30,100,45,50,85,60,75,50,70,5,10,20,20,85,65,65,50,50,0,0,0,0,0,0,90,50,50,55,30,60
979,75,70,55,75,40,100,50,45,65,50,60,55,75,10,30,20,25,20,65,50,60,50,0,0,0,0,0,0,90,0,50,65,30,40
980,65,60,45,60,35,90,45,50,30,55,40,45,65,10,35,40,25,30,55,50,55,50,0,0,0,0,0,0,95,50,50,50,30,45
981,75,70,55,75,40,100,45,40,50,45,55,50,65,30,40,30,20,40,60,50,65,50,0,0,0,0,0,0,95,0,50,60,30,55
982,85,88,45,80,25,15,45,40,90,50,85,75,80,10,10,20,85,90,75,85,50,60,0,0,0,0,0,100,0,0,50,70,30,40
983,75,85,45,70,30,15,40,45,65,50,60,65,80,70,30,20,30,10,60,75,55,50,5,60,55,10,10,5,40,50,50,55,30,45
984,75,70,45,60,30,100,50,50,75,55,70,50,65,10,20,30,30,90,60,65,40,50,0,40,60,0,0,0,30,50,50,55,30,60
985,75,85,40,70,25,15,45,40,60,50,65,70,80,90,30,20,20,40,60,85,55,50,95,5,5,5,5,5,5,50,50,50,10,40
986,65,75,55,60,30,10,45,40,55,45,60,50,70,20,40,30,20,80,65,65,60,50,0,10,5,0,0,0,95,50,50,55,40,50
987,75,65,45,70,30,10,45,50,55,40,55,45,80,10,30,35,20,85,60,55,60,50,100,0,0,0,0,0,0,50,50,60,30,40
988,75,65,40,60,30,15,45,50,80,55,70,50,60,75,30,45,20,40,65,70,50,50,0,0,0,0,0,0,90,50,50,50,30,60
989,75,65,45,60,30,85,45,50,55,50,55,40,75,5,30,35,20,10,60,55,55,50,0,0,0,0,0,0,95,50,50,55,40,50
990,85,75,30,60,15,10,40,50,90,65,80,55,70,20,10,25,20,40,75,95,50,50,0,0,0,0,0,0,90,50,50,40,30,70
991,75,80,45,70,35,15,45,40,75,50,65,55,85,80,10,15,30,10,60,70,55,50,5,60,55,10,10,5,40,50,50,60,30,40
992,75,80,40,65,25,15,45,50,70,40,65,55,85,90,10,20,20,30,60,85,55,50,0,0,0,0,0,0,90,0,50,50,10,60
993,85,80,10,65,10,15,45,40,85,70,75,60,80,85,5,15,20,40,75,95,50,50,0,0,0,0,0,0,90,0,50,10,10,75
994,85,80,10,60,10,15,40,40,65,70,60,55,75,20,10,20,15,30,75,95,50,50,0,0,0,0,0,0,95,50,50,40,30,40
995,85,88,40,75,25,15,45,50,95,60,85,70,80,90,10,20,30,40,75,90,55,50,10,20,70,30,10,5,20,50,50,65,10,60
996,75,70,40,65,25,15,45,40,55,50,60,55,75,70,30,35,15,85,60,75,50,50,0,0,0,0,0,0,90,50,50,50,30,40
997,85,80,10,50,5,15,40,40,95,60,85,70,75,80,5,10,15,20,75,100,50,50,0,0,0,0,0,0,10,50,50,10,50,50
998,75,50,55,80,65,100,50,40,45,30,50,40,85,5,30,20,20,30,60,20,75,50,0,0,0,0,0,0,95,0,0,60,30,20
999,85,75,40,70,30,20,45,50,95,60,85,65,75,60,10,30,20,40,75,85,55,60,0,0,0,0,0,0,90,50,50,65,30,45
1000,75,65,50,60,35,100,50,50,60,55,60,45,70,10,30,35,20,10,65,55,50,50,0,0,0,0,0,0,90,50,50,55,40,50
1001,75,85,30,65,15,15,40,45,95,60,80,65,70,85,10,20,20,40,75,90,55,50,70,10,10,10,10,5,25,50,50,40,10,60
1002,75,65,50,70,35,100,50,50,50,50,50,50,80,0,30,30,30,90,60,50,50,50,100,0,0,0,0,0,0,50,50,60,40,40
1003,65,85,40,60,25,15,45,40,45,50,55,70,80,75,30,20,20,30,65,80,60,50,0,30,20,0,0,0,80,50,50,50,40,50
1004,85,80,10,60,10,20,40,50,90,70,75,65,60,40,5,15,15,30,70,95,40,50,0,0,0,0,0,0,90,50,50,10,10,60
