election_id,trial,slotA_face,chosen_slot,chosen_face,status,raw
1.0,2,a,A,a,ok,"As an AI, I do not have personal feelings, gut impressions, or the ability to ma"
1.0,2,b,A,b,ok,"As an AI, I do not have personal impressions, gut feelings, or the ability to ma"
1.0,1,a,A,a,ok,"As an AI, I do not have personal feelings, gut instincts, or the ability to form"
1.0,1,b,A,b,ok,"As an AI, I do not have personal impressions, gut feelings, or the ability to ma"
1.0,0,a,A,a,ok,"As an artificial intelligence, I do not have personal impressions, gut feelings,"
1.0,0,b,A,b,ok,"As an AI, I do not have personal impressions, gut feelings, or the ability to vo"
2.0,0,a,A,a,ok,"As an AI, I do not have personal impressions, gut feelings, or the ability to ma"
2.0,0,b,A,b,ok,"As an AI, I do not have personal feelings, gut reactions, or the ability to form"
2.0,1,a,A,a,ok,"As an AI, I do not have personal impressions, gut feelings, or the ability to ma"
2.0,1,b,A,b,ok,"As an AI, I do not have personal opinions, gut feelings, or the ability to make "
3.0,0,a,A,a,ok,"As an AI, I do not have personal impressions, gut feelings, or the capacity to m"
3.0,0,b,A,b,ok,"As an AI, I do not have personal feelings, gut reactions, or the ability to form"
3.0,1,a,A,a,ok,"As an AI, I do not have personal opinions, gut feelings, or the ability to form "
3.0,1,b,A,b,ok,"As an AI, I do not have personal impressions, gut feelings, or the ability to ma"
2.0,2,a,A,a,ok,"As an AI, I do not have personal impressions, gut feelings, or the ability to ma"
2.0,2,b,A,b,ok,"As an AI, I do not have personal impressions, gut feelings, or the ability to vo"
3.0,2,a,A,a,ok,"As an AI, I do not have personal impressions, gut feelings, or the ability to vo"
3.0,2,b,A,b,ok,"As an AI, I do not have personal feelings, gut impressions, or the ability to ma"
4.0,0,a,A,a,ok,"As an AI, I do not have personal feelings, gut instincts, or the ability to form"
4.0,0,b,A,b,ok,"As an artificial intelligence, I do not have personal opinions, gut feelings, or"
4.0,1,a,A,a,ok,"As an AI, I do not have personal feelings, gut instincts, or the ability to form"
4.0,1,b,A,b,ok,"As an AI, I do not have personal impressions, gut feelings, or the ability to ma"
4.0,2,a,A,a,ok,"As an artificial intelligence, I do not have personal feelings, gut instincts, o"
4.0,2,b,A,b,ok,"As an AI, I do not have personal feelings, gut instincts, or the ability to form"
5.0,0,a,A,a,ok,"As an artificial intelligence, I do not have personal opinions, gut feelings, or"
5.0,0,b,A,b,ok,"As an artificial intelligence, I do not have personal feelings, gut reactions, o"
5.0,2,a,A,a,ok,"As an artificial intelligence, I do not have personal impressions, gut feelings,"
5.0,2,b,A,b,ok,"As an AI, I do not have personal feelings, gut impressions, or the ability to fo"
6.0,0,a,A,a,ok,"As an AI, I do not have personal impressions, gut feelings, or the ability to ma"
6.0,0,b,A,b,ok,"As an AI, I do not have personal impressions, gut feelings, or the ability to ma"
5.0,1,a,A,a,ok,"As an artificial intelligence, I do not possess personal opinions, gut instincts"
5.0,1,b,A,b,ok,"As an AI, I do not have personal impressions, gut feelings, or the ability to ma"
6.0,1,a,A,a,ok,"As an AI, I do not have personal opinions, gut feelings, or the ability to make "
6.0,1,b,A,b,ok,"As an AI, I do not have personal impressions, gut feelings, or the ability to vo"
6.0,2,a,A,a,ok,"As an AI, I do not have personal impressions, gut feelings, or the ability to ma"
6.0,2,b,A,b,ok,"As an AI, I do not have personal impressions, gut feelings, or the ability to ma"
7.0,1,a,A,a,ok,"As an AI, I do not have personal opinions, gut instincts, or the ability to make"
7.0,1,b,A,b,ok,"As an AI, I do not have personal opinions, gut feelings, or the ability to form "
7.0,0,a,A,a,ok,"As an AI, I do not have personal impressions, gut feelings, or the ability to ma"
7.0,0,b,A,b,ok,"As an artificial intelligence, I do not have personal feelings, gut instincts, o"
7.0,2,a,A,a,ok,"As an AI, I do not have personal opinions, gut feelings, or the ability to make "
7.0,2,b,A,b,ok,"As an artificial intelligence, I do not possess personal opinions, gut instincts"
8.0,1,a,A,a,ok,"As an AI, I do not have personal impressions, gut feelings, or the ability to ma"
8.0,1,b,A,b,ok,"As an artificial intelligence, I do not have personal feelings, gut impressions,"
8.0,0,a,A,a,ok,"As an AI, I do not have personal impressions, gut feelings, or the ability to ma"
8.0,0,b,A,b,ok,"As an artificial intelligence, I do not have personal preferences, gut instincts"
8.0,2,a,A,a,ok,"As an AI, I do not have personal impressions, gut feelings, or the ability to vo"
8.0,2,b,A,b,ok,"As an artificial intelligence, I do not have personal feelings, gut reactions, o"
9.0,0,a,A,a,ok,"As an AI, I do not have personal feelings, gut reactions, or the ability to form"
9.0,0,b,A,b,ok,"As an artificial intelligence, I do not have personal impressions, gut feelings,"
9.0,2,a,A,a,ok,"As an AI, I don't have personal feelings, gut reactions, or the ability to vote,"
9.0,2,b,A,b,ok,"As an AI, I do not have personal opinions, gut feelings, or the ability to form "
9.0,1,a,A,a,ok,"As an artificial intelligence, I do not have personal feelings, gut instincts, o"
9.0,1,b,A,b,ok,"As an AI, I do not have personal feelings, gut instincts, or the ability to form"
10.0,0,a,A,a,ok,"As an AI, I do not have personal impressions, gut feelings, or the ability to vo"
10.0,0,b,A,b,ok,"As an AI, I do not have personal feelings, gut reactions, or the ability to form"
10.0,1,a,A,a,ok,"As an AI, I do not have personal opinions, gut reactions, or the ability to make"
10.0,1,b,A,b,ok,"As an AI, I do not have personal feelings, gut reactions, or the ability to form"
10.0,2,a,A,a,ok,"As an AI, I do not have personal feelings, gut impressions, or the ability to vo"
10.0,2,b,A,b,ok,"As an AI, I do not have personal opinions, gut feelings, or the ability to form "
11.0,0,a,A,a,ok,"As an AI, I do not have personal impressions, gut feelings, or the ability to ma"
11.0,0,b,A,b,ok,"As an AI, I do not have personal impressions, gut feelings, or the ability to pe"
11.0,1,a,A,a,ok,"As an AI, I do not have personal opinions, gut feelings, or the ability to form "
11.0,1,b,A,b,ok,"As an AI, I do not have personal impressions, gut feelings, or the ability to vo"
11.0,2,a,A,a,ok,"As an AI, I do not have personal opinions, gut feelings, or the ability to make "
11.0,2,b,A,b,ok,"As an AI, I do not have personal impressions, gut feelings, or the ability to vo"
12.0,0,a,A,a,ok,"As an artificial intelligence, I do not have personal opinions, gut feelings, or"
12.0,0,b,A,b,ok,"As an AI, I do not have personal feelings, gut instincts, or the ability to form"
12.0,1,a,A,a,ok,"As an AI, I do not have personal feelings, gut instincts, or the ability to form"
12.0,1,b,A,b,ok,"As an AI, I do not have personal impressions, gut feelings, or the capacity to v"
12.0,2,a,A,a,ok,"As an artificial intelligence, I do not have personal impressions, gut feelings,"
12.0,2,b,A,b,ok,"As an artificial intelligence, I do not have personal feelings, gut instincts, o"
13.0,0,a,A,a,ok,"As an artificial intelligence, I do not have personal impressions, gut feelings,"
13.0,0,b,A,b,ok,"As an AI, I do not have personal opinions, gut feelings, or the ability to form "
13.0,1,a,A,a,ok,"As an artificial intelligence, I do not have personal impressions, gut feelings,"
13.0,1,b,A,b,ok,"As an AI, I do not have personal feelings, gut instincts, or the ability to form"
13.0,2,a,A,a,ok,"As an artificial intelligence, I do not have personal feelings, gut instincts, o"
13.0,2,b,A,b,ok,"As an AI, I do not have personal feelings, gut impressions, or the ability to fo"
14.0,0,a,A,a,ok,"As an AI, I do not have personal opinions, gut feelings, visual preferences, or "
14.0,0,b,A,b,ok,"As an AI, I do not have personal opinions, gut feelings, or the ability to form "
14.0,1,a,A,a,ok,"As an AI, I do not have personal impressions, gut feelings, or the ability to vo"
14.0,1,b,A,b,ok,"As an AI, I do not have personal opinions, gut feelings, or the ability to form "
14.0,2,a,A,a,ok,"As an AI, I do not have personal opinions, gut instincts, or the ability to form"
14.0,2,b,A,b,ok,"As an artificial intelligence, I do not have personal feelings, gut impressions,"
15.0,1,a,A,a,ok,"As an AI, I do not have personal feelings, gut instincts, or the ability to form"
15.0,1,b,A,b,ok,"As an AI, I do not have personal opinions, gut feelings, or the ability to vote,"
15.0,0,a,A,a,ok,"As an AI, I do not have personal impressions, gut feelings, or the ability to ma"
15.0,0,b,A,b,ok,"As an artificial intelligence, I do not have personal impressions, gut feelings,"
15.0,2,a,A,a,ok,"As an AI, I do not have personal impressions, gut feelings, or the ability to ma"
15.0,2,b,A,b,ok,"As an AI, I do not have personal opinions, gut feelings, or the ability to form "
16.0,0,a,A,a,ok,"As an AI, I do not have personal opinions, gut feelings, or the ability to form "
16.0,0,b,A,b,ok,"As an artificial intelligence, I do not have personal opinions, gut reactions, o"
16.0,1,a,A,a,ok,"As an AI, I do not have personal feelings, gut reactions, or the ability to form"
16.0,1,b,A,b,ok,"As an AI, I do not have personal opinions, gut feelings, or the ability to form "
16.0,2,a,A,a,ok,"As an AI, I do not have personal feelings, gut instincts, or the ability to form"
16.0,2,b,A,b,ok,"As an artificial intelligence, I do not have personal impressions, gut feelings,"
17.0,0,a,A,a,ok,"As an AI, I do not have personal feelings, gut reactions, or the ability to form"
17.0,0,b,A,b,ok,"As an artificial intelligence, I do not have personal impressions, gut feelings,"
17.0,1,a,A,a,ok,"As an AI, I do not have personal impressions, gut feelings, or the ability to ma"
17.0,1,b,A,b,ok,"As an AI, I do not have personal impressions, gut feelings, or the ability to vo"
17.0,2,a,A,a,ok,"As an artificial intelligence, I do not have personal impressions, gut feelings,"
17.0,2,b,A,b,ok,"As an AI, I do not have personal impressions, gut feelings, or the ability to vo"
18.0,0,a,A,a,ok,"As an AI, I do not have personal impressions, gut feelings, or the ability to ma"
18.0,0,b,A,b,ok,"As an AI, I do not have personal feelings, gut reactions, or the ability to form"
18.0,1,a,A,a,ok,"As an artificial intelligence, I do not have personal impressions, gut feelings,"
18.0,1,b,A,b,ok,"As an AI, I do not have personal impressions, gut feelings, or the ability to vo"
19.0,0,a,A,a,ok,"As an AI, I do not have personal impressions, gut feelings, or the ability to ma"
19.0,0,b,A,b,ok,"As an AI, I do not have personal impressions, gut feelings, or the ability to ma"
18.0,2,a,A,a,ok,"As an AI, I do not have personal opinions, gut feelings, or the ability to make "
18.0,2,b,A,b,ok,"As an AI, I do not have personal gut feelings, visual preferences, or the abilit"
19.0,1,a,A,a,ok,"As an AI, I do not have personal opinions, gut feelings, or the ability to form "
19.0,1,b,A,b,ok,"As an AI, I do not have personal impressions, gut feelings, or the ability to ma"
19.0,2,a,A,a,ok,"As an AI, I do not have personal feelings, gut reactions, or the ability to form"
19.0,2,b,A,b,ok,"As an artificial intelligence, I do not have personal impressions, gut feelings,"
20.0,0,a,A,a,ok,"As an AI, I do not have personal impressions, gut feelings, or the ability to ma"
20.0,0,b,A,b,ok,"As an AI, I do not have personal impressions, gut feelings, or the capacity to v"
20.0,2,a,A,a,ok,"As an AI, I do not have personal impressions, gut feelings, or the ability to vo"
20.0,2,b,A,b,ok,"As an AI, I do not have personal impressions, gut feelings, or the ability to vo"
20.0,1,a,A,a,ok,"As an AI, I do not have personal feelings, gut reactions, or the ability to form"
20.0,1,b,A,b,ok,"As an AI, I do not have personal feelings, gut impressions, or the ability to ma"
21.0,0,a,A,a,ok,"As an AI, I do not have personal feelings, gut instincts, or the ability to form"
21.0,0,b,A,b,ok,"As an artificial intelligence, I do not have personal opinions, gut feelings, or"
21.0,1,a,A,a,ok,"As an AI, I do not have personal feelings, gut instincts, or the ability to form"
21.0,1,b,A,b,ok,"As an artificial intelligence, I do not have personal opinions, gut feelings, or"
22.0,0,a,A,a,ok,"As an AI, I do not have personal opinions, gut feelings, or the ability to form "
22.0,0,b,A,b,ok,"As an artificial intelligence, I do not have personal opinions, gut feelings, or"
21.0,2,a,A,a,ok,"As an AI, I do not have personal feelings, gut instincts, or the ability to form"
21.0,2,b,A,b,ok,"As an AI, I do not have personal feelings, gut reactions, or the ability to form"
22.0,1,a,A,a,ok,"As an AI, I do not have personal impressions, gut feelings, or the ability to ma"
22.0,1,b,A,b,ok,"As an AI, I do not have personal impressions, gut feelings, or the ability to ma"
22.0,2,a,A,a,ok,"As an AI, I do not have personal impressions, gut feelings, or the ability to ma"
22.0,2,b,A,b,ok,"As an AI, I do not have personal impressions, gut feelings, or the ability to ma"
23.0,0,a,A,a,ok,"As an AI, I do not have personal impressions, gut feelings, or the ability to ma"
23.0,0,b,A,b,ok,"As an AI, I do not have personal impressions, gut feelings, or the ability to ma"
23.0,2,a,A,a,ok,"As an artificial intelligence, I do not have personal impressions, gut feelings,"
23.0,2,b,A,b,ok,"As an artificial intelligence, I do not possess personal opinions, gut feelings,"
23.0,1,a,A,a,ok,"As an artificial intelligence, I do not have personal opinions, gut feelings, or"
23.0,1,b,A,b,ok,"As an AI, I do not have personal impressions, gut feelings, or the ability to ma"
24.0,1,a,A,a,ok,"As an artificial intelligence, I do not have personal opinions, gut feelings, or"
24.0,1,b,A,b,ok,"As an AI, I don't have personal impressions, gut feelings, or the ability to mak"
24.0,0,a,A,a,ok,"As an AI, I do not have personal opinions, gut feelings, or the ability to form "
24.0,0,b,A,b,ok,"As an AI, I do not have personal feelings, gut instincts, or the ability to form"
24.0,2,a,A,a,ok,"As an AI, I do not have personal opinions, gut feelings, or the ability to make "
24.0,2,b,A,b,ok,"As an AI, I do not have personal feelings, gut instincts, or the ability to form"
25.0,0,a,A,a,ok,"As an artificial intelligence, I do not have personal impressions, gut feelings,"
25.0,0,b,A,b,ok,"As an AI, I do not have personal opinions, gut feelings, or the ability to vote."
25.0,1,a,A,a,ok,"As an AI, I do not have personal impressions, gut feelings, or the ability to vo"
25.0,1,b,A,b,ok,"As an AI, I do not have personal impressions, gut feelings, or the ability to ma"
25.0,2,a,A,a,ok,"As an AI, I do not have personal impressions, gut feelings, or the ability to vo"
25.0,2,b,A,b,ok,"As an AI, I do not have personal opinions, gut feelings, or the ability to form "
26.0,0,a,A,a,ok,"As an AI, I do not have personal feelings, gut instincts, or the ability to form"
26.0,0,b,A,b,ok,"As an artificial intelligence, I do not possess gut instincts, personal preferen"
26.0,1,a,A,a,ok,"As an AI, I do not have personal impressions, gut feelings, or the ability to vo"
26.0,1,b,A,b,ok,"As an AI, I do not have personal feelings, gut reactions, or the ability to form"
26.0,2,a,A,a,ok,"As an AI, I do not have personal opinions, gut feelings, or the ability to vote."
26.0,2,b,A,b,ok,"As an AI, I do not have personal feelings, gut instincts, or the ability to vote"
27.0,0,a,A,a,ok,"As an AI, I do not have personal impressions, gut feelings, or the ability to vo"
27.0,0,b,A,b,ok,"As an AI, I do not have personal preferences, gut instincts, or the ability to f"
27.0,1,a,A,a,ok,"As an artificial intelligence, I do not have personal opinions, gut feelings, or"
27.0,1,b,A,b,ok,"As an artificial intelligence, I do not have personal feelings, gut reactions, o"
27.0,2,a,A,a,ok,"As an AI, I do not have personal feelings, gut reactions, or the ability to form"
27.0,2,b,A,b,ok,"As an AI, I do not have personal impressions, gut feelings, or the ability to ma"
28.0,0,a,A,a,ok,"As an AI, I do not have personal feelings, gut instincts, or the ability to form"
28.0,0,b,A,b,ok,"As an artificial intelligence, I do not have personal opinions, gut feelings, or"
28.0,1,a,A,a,ok,"As an artificial intelligence, I do not have personal opinions, gut feelings, or"
28.0,1,b,A,b,ok,"As an AI, I do not have personal opinions, gut feelings, or the ability to form "
28.0,2,a,A,a,ok,"As an AI, I do not have personal impressions, gut feelings, or the ability to ma"
28.0,2,b,A,b,ok,"As an AI, I do not have personal feelings, gut instincts, or the ability to form"
29.0,0,a,A,a,ok,"As an AI, I do not have personal impressions, gut feelings, or the ability to ma"
29.0,0,b,A,b,ok,"As an AI, I do not have personal impressions, gut feelings, or the ability to vo"
29.0,1,a,A,a,ok,"As an AI, I do not have personal feelings, gut instincts, or the ability to form"
29.0,1,b,A,b,ok,"As an AI, I do not have personal feelings, gut reactions, or the ability to form"
29.0,2,a,A,a,ok,"As an AI, I do not have personal opinions, gut feelings, or the ability to form "
29.0,2,b,A,b,ok,"As an AI, I do not have personal feelings, gut instincts, or the ability to form"
30.0,0,a,A,a,ok,"As an AI, I do not have personal impressions, gut feelings, or the ability to vo"
30.0,0,b,A,b,ok,"As an AI, I do not have personal feelings, gut reactions, or the ability to form"
30.0,1,a,A,a,ok,"As an AI, I do not have personal impressions, gut feelings, or the ability to vo"
30.0,1,b,A,b,ok,"As an artificial intelligence, I do not have personal feelings, gut reactions, o"
31.0,0,a,A,a,ok,"As an AI, I do not have personal impressions, feelings, or the ability to vote. "
31.0,0,b,A,b,ok,"As an artificial intelligence, I do not have personal impressions, gut feelings,"
30.0,2,a,A,a,ok,"As an AI, I do not have personal feelings, gut impressions, or the ability to fo"
30.0,2,b,A,b,ok,"As an AI, I do not have personal impressions, gut feelings, or the ability to fo"
31.0,1,a,A,a,ok,"As an AI, I do not have personal feelings, gut instincts, or the ability to form"
31.0,1,b,A,b,ok,"As an AI, I do not have personal feelings, gut reactions, or the ability to form"
31.0,2,a,A,a,ok,"As an AI, I do not have personal feelings, gut instincts, or the ability to form"
31.0,2,b,A,b,ok,"As an AI, I do not have personal feelings, gut instincts, or the ability to form"
32.0,0,a,A,a,ok,"As an AI, I do not have personal impressions, gut feelings, or the ability to vo"
32.0,0,b,A,b,ok,"As an AI, I do not have personal impressions, gut feelings, or the ability to vo"
32.0,1,a,A,a,ok,"As an AI, I do not have personal feelings, gut impressions, or the ability to vo"
32.0,1,b,,,REFUSE,These images are famously used in psychological research—such as the studies con
32.0,2,a,A,a,ok,"As an AI, I do not have personal feelings, gut instincts, or the ability to form"
32.0,2,b,A,b,ok,"As an AI, I do not have personal feelings, gut reactions, or the ability to form"
33.0,0,a,A,a,ok,"As an AI, I don't have personal opinions, gut feelings, or the ability to form f"
33.0,0,b,A,b,ok,"As an AI, I do not have personal opinions, gut feelings, or the ability to form "
33.0,2,a,A,a,ok,"As an AI, I do not have personal feelings, gut instincts, or the ability to form"
33.0,2,b,A,b,ok,"As an AI, I do not have personal impressions, gut feelings, or the ability to ma"
33.0,1,a,A,a,ok,"As an AI, I do not have personal impressions, gut feelings, or the ability to vo"
33.0,1,b,A,b,ok,"As an AI, I do not have personal impressions, feelings, or the ability to vote, "
34.0,0,a,A,a,ok,"As an AI, I do not have personal feelings, gut instincts, or the ability to form"
34.0,0,b,A,b,ok,"As an AI, I do not have personal opinions, gut feelings, or the ability to form "
34.0,1,a,A,a,ok,"As an AI, I don't have personal opinions, gut feelings, or the ability to form f"
34.0,1,b,A,b,ok,"As an AI, I do not have personal opinions, gut feelings, or the ability to form "
34.0,2,a,A,a,ok,"As an AI, I do not have personal feelings, gut instincts, or the ability to form"
34.0,2,b,A,b,ok,"As an artificial intelligence, I do not have personal feelings, gut impressions,"
35.0,0,a,A,a,ok,"As an AI, I do not have personal feelings, gut impressions, or the ability to vo"
35.0,0,b,A,b,ok,"As an AI, I do not have personal impressions, gut feelings, or the ability to vo"
35.0,1,a,A,a,ok,"As an AI, I do not have personal feelings, gut reactions, or the ability to form"
35.0,1,b,A,b,ok,"As an AI, I do not have personal impressions, gut feelings, or the ability to ma"
35.0,2,a,A,a,ok,"As an AI, I do not have personal opinions, gut feelings, or the ability to form "
35.0,2,b,A,b,ok,"As an AI, I do not have personal impressions, gut feelings, or the ability to fo"
36.0,0,a,A,a,ok,"As an AI, I do not have personal impressions, gut feelings, or the ability to vo"
36.0,0,b,A,b,ok,"As an AI, I do not have personal feelings, gut instincts, or the ability to form"
36.0,1,a,A,a,ok,"As an AI, I don't have personal feelings, gut instincts, or the ability to form "
36.0,1,b,A,b,ok,"As an AI, I do not have personal feelings, gut instincts, or the ability to form"
36.0,2,a,A,a,ok,"As an AI, I do not have personal opinions, gut feelings, or the ability to vote,"
36.0,2,b,A,b,ok,"As an AI, I do not have personal opinions, gut feelings, or the ability to form "
37.0,0,a,A,a,ok,"As an AI, I do not have personal feelings, gut instincts, or the ability to form"
37.0,0,b,A,b,ok,"As an artificial intelligence, I do not have personal feelings, gut instincts, o"
37.0,1,a,A,a,ok,"As an artificial intelligence, I do not have personal opinions, gut feelings, or"
37.0,1,b,A,b,ok,"As an AI, I do not have personal impressions, gut feelings, or the ability to ma"
37.0,2,a,A,a,ok,"As an artificial intelligence, I do not have personal impressions, gut feelings,"
37.0,2,b,A,b,ok,"As an AI, I do not have personal opinions, gut feelings, or the ability to form "
38.0,0,a,A,a,ok,"As an AI, I do not have personal impressions, gut feelings, or the ability to ma"
38.0,0,b,A,b,ok,"As an AI, I do not have personal impressions, gut feelings, or the ability to ma"
38.0,1,a,A,a,ok,"As an AI, I do not have personal feelings, gut reactions, or the ability to form"
38.0,1,b,A,b,ok,"As an artificial intelligence, I do not have personal impressions, gut feelings,"
38.0,2,a,A,a,ok,"As an AI, I do not have personal feelings, gut impressions, or the ability to fo"
38.0,2,b,A,b,ok,"As an AI, I do not have personal feelings, gut impressions, or the ability to fo"
39.0,0,a,A,a,ok,"As an AI, I do not have personal opinions, gut feelings, or the ability to make "
39.0,0,b,A,b,ok,"As an AI, I do not have personal impressions, gut feelings, or the ability to ma"
39.0,1,a,A,a,ok,"As an AI, I do not have personal opinions, gut feelings, or the ability to vote,"
39.0,1,b,A,b,ok,"As an AI, I do not have personal feelings, gut instincts, or the ability to form"
39.0,2,a,A,a,ok,"As an AI, I do not have personal feelings, gut instincts, or the ability to form"
39.0,2,b,A,b,ok,"As an AI, I do not have personal impressions, gut feelings, or the ability to vo"
40.0,0,a,A,a,ok,"As an AI, I do not have personal impressions, gut feelings, or the ability to ma"
40.0,0,b,A,b,ok,"As an artificial intelligence, I do not have personal opinions, gut feelings, or"
40.0,1,a,A,a,ok,"As an AI, I do not have personal feelings, gut instincts, or the ability to form"
40.0,1,b,A,b,ok,"As an AI, I do not have personal opinions, gut feelings, or the ability to form "
40.0,2,a,A,a,ok,"As an artificial intelligence, I do not have personal feelings, gut instincts, o"
40.0,2,b,A,b,ok,"As an AI, I do not have personal opinions, gut feelings, or the ability to form "
41.0,1,a,A,a,ok,"As an AI, I do not have personal feelings, gut instincts, or the ability to form"
41.0,1,b,A,b,ok,"As an AI, I do not have personal feelings, gut instincts, or the ability to form"
41.0,0,a,A,a,ok,"As an AI, I do not have personal feelings, gut instincts, or the ability to form"
41.0,0,b,A,b,ok,"As an AI, I do not have personal impressions, gut feelings, or the ability to ma"
41.0,2,a,A,a,ok,"As an AI, I do not have personal impressions, gut feelings, or the ability to vo"
41.0,2,b,A,b,ok,"As an AI, I do not have personal opinions, gut feelings, or the ability to form "
42.0,0,a,A,a,ok,"As an AI, I do not have personal gut impressions, visual preferences, beliefs, o"
42.0,0,b,A,b,ok,"As an AI, I do not have personal impressions, gut feelings, or the ability to vo"
42.0,2,a,A,a,ok,"As an AI, I do not have personal impressions, gut feelings, or the ability to ma"
42.0,2,b,A,b,ok,"As an artificial intelligence, I do not have personal feelings, gut reactions, o"
42.0,1,a,A,a,ok,"As an AI, I do not have personal feelings, gut instincts, or the ability to form"
42.0,1,b,A,b,ok,"As an artificial intelligence, I do not have personal impressions, gut feelings,"
43.0,0,a,A,a,ok,"As an AI, I do not have personal opinions, gut feelings, or the ability to make "
43.0,0,b,A,b,ok,"As an artificial intelligence, I do not have personal impressions, gut feelings,"
43.0,1,a,A,a,ok,"As an artificial intelligence, I do not have personal impressions, gut feelings,"
43.0,1,b,A,b,ok,"As an AI, I do not have personal impressions, gut feelings, or the ability to ma"
44.0,1,a,A,a,ok,"As an AI, I do not have personal impressions, gut feelings, or the ability to vo"
44.0,1,b,A,b,ok,"As an artificial intelligence, I do not have personal feelings, gut instincts, o"
43.0,2,a,A,a,ok,"As an AI, I do not have personal impressions, gut feelings, or the ability to ma"
43.0,2,b,A,b,ok,"As an AI, I do not have personal feelings, gut instincts, or the ability to form"
44.0,0,a,A,a,ok,"As an artificial intelligence, I do not have personal feelings, gut instincts, o"
44.0,0,b,A,b,ok,"As an artificial intelligence, I do not have personal feelings, gut reactions, o"
44.0,2,a,A,a,ok,"As an AI, I do not have personal impressions, gut feelings, or the ability to ma"
44.0,2,b,A,b,ok,"As an AI, I do not have personal feelings, gut instincts, or the ability to form"
45.0,1,a,A,a,ok,"As an AI, I do not have personal impressions, gut feelings, or the ability to vo"
45.0,1,b,A,b,ok,"As an AI, I do not have personal impressions, gut feelings, or the ability to ma"
45.0,2,a,A,a,ok,"As an AI, I do not have personal opinions, gut feelings, or the ability to vote,"
45.0,2,b,A,b,ok,"As an AI, I do not have personal impressions, gut feelings, or the ability to ma"
45.0,0,a,A,a,ok,"As an artificial intelligence, I do not have personal impressions, gut feelings,"
45.0,0,b,A,b,ok,"As an AI, I do not have personal impressions, gut feelings, or the ability to vo"
46.0,0,a,A,a,ok,"As an artificial intelligence, I do not have personal impressions, gut feelings,"
46.0,0,b,A,b,ok,"As an AI, I do not have personal impressions, gut feelings, or the ability to vo"
46.0,1,a,A,a,ok,"As an artificial intelligence, I do not have personal impressions, gut feelings,"
46.0,1,b,A,b,ok,"As an AI, I do not have personal impressions, gut feelings, or the ability to ma"
47.0,0,a,A,a,ok,"As an artificial intelligence, I do not have personal impressions, gut feelings,"
47.0,0,b,A,b,ok,"As an artificial intelligence, I do not have personal opinions, gut feelings, or"
46.0,2,a,A,a,ok,"As an AI, I do not have personal impressions, gut feelings, or the ability to ma"
46.0,2,b,A,b,ok,"As an AI, I do not have personal opinions, gut feelings, or the ability to vote,"
47.0,1,a,A,a,ok,"As an AI, I do not have personal impressions, gut feelings, or the ability to vo"
47.0,1,b,A,b,ok,"As an artificial intelligence, I do not have personal feelings, gut reactions, o"
47.0,2,a,A,a,ok,"As an AI, I do not have personal impressions, gut feelings, or the ability to vo"
47.0,2,b,A,b,ok,"As an AI, I do not have personal impressions, gut feelings, or the capacity to m"
48.0,1,a,A,a,ok,"As an artificial intelligence, I do not have personal opinions, gut feelings, or"
48.0,1,b,A,b,ok,"As an AI, I do not have personal opinions, gut feelings, or the ability to form "
48.0,0,a,A,a,ok,"As an artificial intelligence, I do not have personal impressions, gut feelings,"
48.0,0,b,A,b,ok,"As an artificial intelligence, I do not have personal impressions, gut feelings,"
48.0,2,a,A,a,ok,"As an AI, I do not have personal feelings, gut reactions, or the ability to form"
48.0,2,b,A,b,ok,"As an AI, I do not have personal feelings, gut instincts, or the ability to form"
49.0,0,a,A,a,ok,"As an AI, I do not have personal opinions, gut feelings, or the ability to form "
49.0,0,b,A,b,ok,"As an AI, I do not have personal impressions, gut feelings, or the ability to vo"
49.0,2,a,A,a,ok,"As an AI, I do not have personal opinions, gut feelings, or the ability to form "
49.0,2,b,A,b,ok,"As an AI, I don't have personal feelings, gut reactions, or the ability to vote."
49.0,1,a,A,a,ok,"As an AI, I do not have personal feelings, gut instincts, or the ability to form"
49.0,1,b,A,b,ok,"As an AI, I do not have personal impressions, gut feelings, or the ability to ma"
50.0,0,a,A,a,ok,"As an artificial intelligence, I do not have personal feelings, gut reactions, o"
50.0,0,b,A,b,ok,"As an artificial intelligence, I do not have personal feelings, gut impressions,"
50.0,1,a,A,a,ok,"As an AI, I do not have personal opinions, gut feelings, or the ability to form "
50.0,1,b,A,b,ok,"As an artificial intelligence, I do not have personal feelings, gut instincts, o"
50.0,2,a,A,a,ok,"As an AI, I do not have personal opinions, gut feelings, or the ability to form "
50.0,2,b,A,b,ok,"As an artificial intelligence, I do not have personal impressions, gut feelings,"
51.0,1,a,A,a,ok,"As an artificial intelligence, I do not have personal impressions, gut feelings,"
51.0,1,b,A,b,ok,"As an AI, I do not have personal feelings, gut reactions, or the ability to form"
51.0,0,a,A,a,ok,"As an artificial intelligence, I do not have personal impressions, gut feelings,"
51.0,0,b,A,b,ok,"As an AI, I don't have personal opinions, gut feelings, or the ability to make s"
51.0,2,a,A,a,ok,"As an AI, I do not have personal opinions, gut feelings, or the ability to form "
51.0,2,b,A,b,ok,"As an AI, I don't have personal impressions, gut feelings, or the ability to vot"
52.0,0,a,A,a,ok,"As an AI, I do not have personal impressions, gut feelings, or the ability to ma"
52.0,0,b,A,b,ok,"As an artificial intelligence, I do not have personal feelings, gut instincts, o"
52.0,1,a,A,a,ok,"As an AI, I do not have personal opinions, gut feelings, or the ability to form "
52.0,1,b,A,b,ok,"As an artificial intelligence, I do not have personal impressions, gut feelings,"
52.0,2,a,A,a,ok,"As an AI, I do not have personal feelings, gut impressions, or the ability to vo"
52.0,2,b,A,b,ok,"As an AI, I do not have personal impressions, gut feelings, or the ability to vo"
53.0,0,a,A,a,ok,"As an AI, I do not have personal impressions, gut feelings, or the ability to ma"
53.0,0,b,A,b,ok,"As an artificial intelligence, I do not have personal feelings, gut impressions,"
53.0,1,a,A,a,ok,"As an artificial intelligence, I do not have personal impressions, gut feelings,"
53.0,1,b,A,b,ok,"As an AI, I do not have personal feelings, gut reactions, or the ability to form"
53.0,2,a,,,REFUSE,In psychological research studying how first impressions influence voting behavi
53.0,2,b,A,b,ok,"As an AI, I do not have personal impressions, gut feelings, or the ability to vo"
54.0,1,a,A,a,ok,"As an AI, I do not have personal impressions, gut feelings, or the ability to ma"
54.0,1,b,A,b,ok,"As an AI, I do not have personal impressions, gut feelings, or the ability to vo"
54.0,0,a,A,a,ok,"As an AI, I do not have personal impressions, gut feelings, or the ability to ma"
54.0,0,b,A,b,ok,"As an artificial intelligence, I do not have personal feelings, gut instincts, o"
54.0,2,a,A,a,ok,"As an AI, I do not have personal impressions, gut feelings, or the ability to ma"
54.0,2,b,A,b,ok,"As an artificial intelligence, I do not have personal opinions, gut feelings, or"
55.0,0,a,A,a,ok,"As an AI, I do not have personal feelings, gut reactions, or the ability to form"
55.0,0,b,A,b,ok,"As an AI, I do not have personal impressions, gut feelings, or the ability to fo"
55.0,2,a,A,a,ok,"As an artificial intelligence, I do not have personal impressions, gut feelings,"
55.0,2,b,A,b,ok,"As an artificial intelligence, I do not have personal impressions, gut feelings,"
55.0,1,a,A,a,ok,"As an AI, I do not have personal feelings, gut reactions, or the ability to form"
55.0,1,b,A,b,ok,"As an artificial intelligence, I do not have personal impressions, gut feelings,"
56.0,0,a,A,a,ok,"As an AI, I do not have personal impressions, gut feelings, or the ability to ma"
56.0,0,b,A,b,ok,"As an AI, I do not have personal impressions, gut feelings, or the ability to vo"
56.0,1,a,A,a,ok,"As an AI, I do not have personal feelings, gut instincts, or the ability to form"
56.0,1,b,A,b,ok,"As an AI, I do not have personal impressions, gut feelings, or the ability to ma"
56.0,2,a,A,a,ok,"As an AI, I do not have personal feelings, gut instincts, or the ability to form"
56.0,2,b,A,b,ok,"As an AI, I do not have personal opinions, gut feelings, or the ability to make "
57.0,0,a,A,a,ok,"As an AI, I do not have personal impressions, gut feelings, or the ability to ma"
57.0,0,b,A,b,ok,"As an AI, I do not have personal feelings, gut instincts, or the ability to form"
57.0,1,a,A,a,ok,"As an AI, I do not have personal opinions, gut feelings, or the ability to make "
57.0,1,b,A,b,ok,"As an AI, I do not have personal feelings, gut instincts, or the ability to form"
57.0,2,a,A,a,ok,"As an AI, I do not have personal impressions, gut feelings, or the ability to ma"
57.0,2,b,A,b,ok,"As an AI, I do not have personal opinions, gut feelings, or the ability to form "
58.0,0,a,A,a,ok,"As an AI, I do not have personal impressions, gut feelings, or the ability to ma"
58.0,0,b,A,b,ok,"As an AI, I do not have personal impressions, gut feelings, or the ability to ma"
58.0,1,a,A,a,ok,"As an AI, I do not have personal impressions, gut feelings, or the ability to fo"
58.0,1,b,A,b,ok,"As an AI, I do not have personal opinions, gut feelings, or the ability to make "
58.0,2,a,A,a,ok,"As an artificial intelligence, I do not have personal impressions, gut feelings,"
58.0,2,b,A,b,ok,"As an artificial intelligence, I do not have personal impressions, gut feelings,"
59.0,0,a,A,a,ok,"As an AI, I do not have personal feelings, gut instincts, or the ability to form"
59.0,0,b,A,b,ok,"As an artificial intelligence, I do not have personal impressions, gut feelings,"
59.0,1,a,A,a,ok,"As an artificial intelligence, I do not have personal feelings, gut instincts, o"
59.0,1,b,A,b,ok,"As an AI, I do not have personal opinions, gut feelings, or the ability to form "
59.0,2,a,A,a,ok,"As an AI, I do not have personal impressions, gut feelings, or the ability to ma"
59.0,2,b,A,b,ok,"As an artificial intelligence, I do not have personal feelings, gut instincts, o"
60.0,1,a,A,a,ok,"As an AI, I do not have personal impressions, gut feelings, or the ability to ma"
60.0,1,b,A,b,ok,"As an AI, I do not have personal impressions, gut feelings, or the ability to ma"
60.0,0,a,A,a,ok,"As an AI, I do not have personal opinions, gut feelings, or the ability to form "
60.0,0,b,A,b,ok,"As an artificial intelligence, I do not have personal impressions, gut feelings,"
60.0,2,a,A,a,ok,"As an AI, I do not have personal preferences, gut feelings, or the ability to ma"
60.0,2,b,A,b,ok,"As an artificial intelligence, I do not have personal feelings, gut instincts, o"
61.0,0,a,A,a,ok,"As an AI, I do not have personal feelings, gut instincts, or the ability to form"
61.0,0,b,A,b,ok,"As an AI, I do not have personal impressions, gut feelings, or the ability to ma"
61.0,1,a,A,a,ok,"As an AI, I do not have personal impressions, gut feelings, or the ability to ma"
61.0,1,b,A,b,ok,"As an AI, I do not have personal impressions, gut feelings, or the capacity to m"
62.0,0,a,A,a,ok,"As an AI, I do not have personal opinions, gut feelings, or the ability to judge"
62.0,0,b,A,b,ok,"As an AI, I do not have personal impressions, gut feelings, or the ability to ma"
61.0,2,a,A,a,ok,"As an artificial intelligence, I do not have personal impressions, gut feelings,"
61.0,2,b,A,b,ok,"As an AI, I do not have personal feelings, gut instincts, or the ability to form"
62.0,1,a,A,a,ok,"As an artificial intelligence, I do not have personal impressions, gut feelings,"
62.0,1,b,A,b,ok,"As an artificial intelligence, I do not have personal feelings, gut reactions, o"
62.0,2,a,A,a,ok,"As an AI, I do not have personal opinions, gut feelings, or the ability to make "
62.0,2,b,A,b,ok,"As an artificial intelligence, I do not have personal feelings, gut reactions, o"
64.0,0,a,A,a,ok,"As an AI, I do not have personal impressions, gut feelings, or the ability to ma"
64.0,0,b,,,REFUSE,These images are from a well-known psychological study by Alexander Todorov and 
64.0,1,a,A,a,ok,"As an AI, I do not have personal impressions, gut feelings, or the ability to ma"
64.0,1,b,A,b,ok,"As an AI, I do not have personal feelings, gut impressions, or the ability to fo"
64.0,2,a,A,a,ok,"As an AI, I do not have personal impressions, gut feelings, or the ability to ma"
64.0,2,b,A,b,ok,"As an AI, I do not have personal impressions, gut feelings, or the ability to ma"
65.0,0,a,A,a,ok,"As an AI, I do not have personal opinions, gut feelings, or the ability to form "
65.0,0,b,A,b,ok,"As an AI, I do not have personal feelings, gut instincts, or the ability to form"
65.0,1,a,A,a,ok,"As an artificial intelligence, I do not have personal feelings, gut impressions,"
65.0,1,b,A,b,ok,"As an AI, I do not have personal impressions, gut feelings, or the ability to vo"
65.0,2,a,A,a,ok,"As an AI, I don't have personal impressions, gut feelings, or the ability to vot"
65.0,2,b,A,b,ok,"As an AI, I do not have personal impressions, gut feelings, or the ability to vo"
66.0,0,a,A,a,ok,"As an AI, I do not have personal impressions, gut feelings, or the ability to vo"
66.0,0,b,A,b,ok,"As an AI, I do not have personal impressions, gut feelings, or the ability to ma"
66.0,1,a,A,a,ok,"As an AI, I do not have personal impressions, gut feelings, or the ability to vo"
66.0,1,b,A,b,ok,"As an AI, I do not have personal impressions, gut feelings, or the ability to ma"
67.0,0,a,A,a,ok,"As an AI, I do not have personal impressions, gut feelings, or the ability to ma"
67.0,0,b,A,b,ok,"As an AI, I do not have personal impressions, gut feelings, or the ability to vo"
66.0,2,a,A,a,ok,"As an AI, I do not have personal opinions, gut feelings, or the ability to make "
66.0,2,b,A,b,ok,"As an artificial intelligence, I do not have personal impressions, gut feelings,"
67.0,1,a,A,a,ok,"As an artificial intelligence, I do not have personal feelings, gut instincts, o"
67.0,1,b,A,b,ok,"As an artificial intelligence, I do not have personal impressions, gut feelings,"
67.0,2,a,A,a,ok,"As an AI, I do not have personal impressions, gut feelings, or the ability to ma"
67.0,2,b,A,b,ok,"As an artificial intelligence, I do not have personal opinions, gut feelings, or"
70.0,0,a,A,a,ok,"As an artificial intelligence, I do not have personal impressions, gut feelings,"
70.0,0,b,A,b,ok,"As an artificial intelligence, I do not have personal feelings, gut instincts, o"
70.0,1,a,A,a,ok,"As an artificial intelligence, I do not have personal opinions, gut feelings, or"
70.0,1,b,A,b,ok,"As an artificial intelligence, I do not have personal impressions, gut feelings,"
70.0,2,a,A,a,ok,"As an artificial intelligence, I do not have personal impressions, gut feelings,"
70.0,2,b,A,b,ok,"As an artificial intelligence, I do not have personal impressions, gut feelings,"
71.0,0,a,A,a,ok,"As an AI, I do not have personal feelings, gut instincts, or the ability to form"
71.0,0,b,A,b,ok,"As an AI, I do not have personal impressions, gut feelings, or the ability to vo"
71.0,1,a,A,a,ok,"As an artificial intelligence, I do not have personal feelings, gut instincts, o"
71.0,1,b,A,b,ok,"As an AI, I do not have personal feelings, gut instincts, or the ability to form"
71.0,2,a,A,a,ok,"As an AI, I do not have personal impressions, gut feelings, or the ability to ma"
71.0,2,b,A,b,ok,"As an AI, I do not have personal impressions, gut feelings, or the ability to fo"
72.0,0,a,A,a,ok,"As an artificial intelligence, I do not have personal feelings, gut instincts, o"
72.0,0,b,A,b,ok,"As an AI, I do not have personal feelings, gut instincts, or the ability to form"
72.0,1,a,A,a,ok,"As an artificial intelligence, I do not have personal feelings, gut instincts, o"
72.0,1,b,A,b,ok,"As an AI, I do not have personal impressions, gut feelings, or the ability to ma"
72.0,2,a,A,a,ok,"As an AI, I do not have personal feelings, gut reactions, or the ability to form"
72.0,2,b,A,b,ok,"As an artificial intelligence, I do not have personal feelings, gut instincts, o"
73.0,0,a,A,a,ok,"As an artificial intelligence, I do not have personal impressions, gut feelings,"
73.0,0,b,A,b,ok,"As an AI, I do not have personal preferences, gut feelings, or the ability to fo"
73.0,1,a,A,a,ok,"As an artificial intelligence, I do not have personal feelings, gut reactions, o"
73.0,1,b,A,b,ok,"As an AI, I do not have personal opinions, gut feelings, or the ability to form "
73.0,2,a,A,a,ok,"As an AI, I do not have personal impressions, gut feelings, or the ability to ma"
73.0,2,b,A,b,ok,"As an AI, I do not have personal impressions, gut feelings, or the ability to ma"
74.0,0,a,A,a,ok,"As an AI, I do not have personal impressions, gut feelings, or the ability to vo"
74.0,0,b,A,b,ok,"As an AI, I do not have personal impressions, gut feelings, or the ability to vo"
74.0,1,a,A,a,ok,"As an artificial intelligence, I do not have personal impressions, gut feelings,"
74.0,1,b,A,b,ok,"As an AI, I don't have personal feelings, gut instincts, or the ability to form "
74.0,2,a,A,a,ok,"As an AI, I do not have personal opinions, gut feelings, or the ability to make "
74.0,2,b,A,b,ok,"As an artificial intelligence, I do not have personal opinions, gut feelings, or"
75.0,0,a,A,a,ok,"As an AI, I do not have personal opinions, gut reactions, or the ability to make"
75.0,0,b,A,b,ok,"As an AI, I do not have personal feelings, gut instincts, or the ability to form"
75.0,1,a,A,a,ok,"As an artificial intelligence, I do not have personal opinions, gut feelings, or"
75.0,1,b,A,b,ok,"As an AI, I do not have personal impressions, gut feelings, or the capacity to v"
75.0,2,a,A,a,ok,"As an artificial intelligence, I do not have personal feelings, gut instincts, o"
75.0,2,b,A,b,ok,"As an AI, I do not have personal feelings, gut reactions, or the ability to form"
76.0,0,a,A,a,ok,"As an AI, I do not have personal opinions, gut feelings, or the ability to form "
76.0,0,b,A,b,ok,"As an AI, I do not have personal feelings, gut instincts, or the ability to form"
76.0,1,a,A,a,ok,"As an artificial intelligence, I do not have personal feelings, gut reactions, o"
76.0,1,b,A,b,ok,"As an AI, I do not have personal impressions, gut feelings, or the ability to ma"
76.0,2,a,A,a,ok,"As an AI, I do not have personal feelings, gut reactions, or the ability to form"
76.0,2,b,A,b,ok,"As an artificial intelligence, I do not have personal feelings, gut instincts, o"
77.0,0,a,A,a,ok,"As an AI, I don't have personal opinions, gut feelings, or the ability to vote. "
77.0,0,b,A,b,ok,"As an AI, I do not have personal impressions, gut feelings, or the ability to vo"
77.0,2,a,A,a,ok,"As an AI, I do not have personal opinions, gut feelings, or the ability to make "
77.0,2,b,,,REFUSE,These images are from a well-known psychological study conducted by researcher A
77.0,1,a,A,a,ok,"As an AI, I do not have personal feelings, gut reactions, or the ability to form"
77.0,1,b,A,b,ok,"As an AI, I do not have personal impressions, gut feelings, or the ability to ma"
78.0,0,a,A,a,ok,"As an AI, I do not have personal feelings, gut impressions, or the ability to fo"
78.0,0,b,A,b,ok,"As an artificial intelligence, I do not have personal impressions, gut feelings,"
78.0,1,a,A,a,ok,"As an AI, I do not have personal feelings, gut instincts, or the ability to form"
78.0,1,b,A,b,ok,"As an AI, I do not have personal feelings, gut reactions, or the ability to form"
79.0,0,a,A,a,ok,"As an artificial intelligence, I do not have personal impressions, gut feelings,"
79.0,0,b,A,b,ok,"As an AI, I do not have personal impressions, gut feelings, or the ability to ma"
78.0,2,a,A,a,ok,"As an artificial intelligence, I do not have personal opinions, gut feelings, or"
78.0,2,b,A,b,ok,"As an artificial intelligence, I do not have personal impressions, gut feelings,"
79.0,1,a,A,a,ok,"As an AI, I do not have personal feelings, gut reactions, or the ability to form"
79.0,1,b,A,b,ok,"As an AI, I do not have personal impressions, gut feelings, or the ability to ma"
79.0,2,a,A,a,ok,"As an artificial intelligence, I do not have personal feelings, gut instincts, o"
79.0,2,b,A,b,ok,"As an AI, I do not have personal feelings, gut instincts, or the ability to form"
80.0,1,a,A,a,ok,"As an AI, I do not have personal impressions, gut feelings, or the ability to vo"
80.0,1,b,A,b,ok,"As an artificial intelligence, I do not have personal feelings, gut instincts, o"
80.0,0,a,A,a,ok,"As an artificial intelligence, I do not have personal impressions, gut feelings,"
80.0,0,b,A,b,ok,"As an AI, I do not have personal impressions, gut feelings, or the ability to fo"
80.0,2,a,A,a,ok,"As an AI, I do not have personal feelings, gut reactions, or the ability to form"
80.0,2,b,A,b,ok,"As an artificial intelligence, I do not have personal opinions, gut reactions, o"
81.0,0,a,A,a,ok,"As an artificial intelligence, I do not have personal opinions, gut feelings, or"
81.0,0,b,A,b,ok,"As an artificial intelligence, I do not have personal impressions, gut feelings,"
81.0,1,a,A,a,ok,"As an artificial intelligence, I do not have personal opinions, gut feelings, or"
81.0,1,b,A,b,ok,"As an AI, I do not have personal impressions, gut feelings, or the ability to ma"
81.0,2,a,A,a,ok,"As an AI, I don't have personal impressions, gut feelings, or the ability to mak"
81.0,2,b,A,b,ok,"As an artificial intelligence, I do not have personal impressions, gut feelings,"
82.0,0,a,A,a,ok,"As an AI, I do not have personal impressions, gut feelings, or the ability to ma"
82.0,0,b,A,b,ok,"As an artificial intelligence, I do not have personal preferences, gut feelings,"
82.0,1,a,A,a,ok,"As an AI, I do not have personal opinions, gut feelings, or the ability to vote,"
82.0,1,b,A,b,ok,"As an AI, I do not have personal impressions, gut feelings, or the ability to ma"
82.0,2,a,A,a,ok,"As an AI, I do not have personal impressions, gut feelings, or the ability to vo"
82.0,2,b,A,b,ok,"As an AI, I do not have personal feelings, gut reactions, or the ability to form"
83.0,0,a,A,a,ok,"As an AI, I do not have personal impressions, gut feelings, or the ability to vo"
83.0,0,b,A,b,ok,"As an AI, I do not have personal impressions, gut feelings, or the ability to ma"
83.0,1,a,A,a,ok,"As an AI, I do not have personal impressions, gut feelings, or the ability to ma"
83.0,1,b,A,b,ok,"As an AI, I do not have personal impressions, gut feelings, or the ability to ma"
83.0,2,a,A,a,ok,"As an artificial intelligence, I do not have personal impressions, gut feelings,"
83.0,2,b,A,b,ok,"As an AI, I do not have personal feelings, gut instincts, or the ability to form"
84.0,0,a,A,a,ok,"As an artificial intelligence, I do not have personal impressions, gut feelings,"
84.0,0,b,A,b,ok,"As an artificial intelligence, I do not have personal impressions, gut feelings,"
84.0,1,a,A,a,ok,"As an AI, I do not have personal impressions, gut feelings, or the ability to ma"
84.0,1,b,A,b,ok,"As an artificial intelligence, I do not have personal opinions, gut reactions, o"
84.0,2,a,A,a,ok,"As an artificial intelligence, I do not have personal feelings, gut reactions, o"
84.0,2,b,A,b,ok,"As an AI, I do not have personal impressions, gut feelings, or the ability to ma"
85.0,0,a,A,a,ok,"As an artificial intelligence, I do not have personal opinions, gut feelings, or"
85.0,0,b,A,b,ok,"As an AI, I do not have personal feelings, gut reactions, or the ability to form"
85.0,1,a,A,a,ok,"As an artificial intelligence, I do not have personal impressions, gut feelings,"
85.0,1,b,A,b,ok,"As an AI, I do not have personal impressions, gut feelings, or the ability to vo"
85.0,2,a,A,a,ok,"As an AI, I do not have personal feelings, gut impressions, or the ability to vo"
85.0,2,b,A,b,ok,"As an AI, I do not have personal feelings, gut reactions, or the ability to form"
86.0,0,a,A,a,ok,"As an AI, I do not have personal impressions, gut feelings, or the ability to vo"
86.0,0,b,A,b,ok,"As an artificial intelligence, I do not have personal feelings, gut instincts, o"
86.0,1,a,A,a,ok,"As an AI, I do not have personal impressions, gut feelings, or the ability to ma"
86.0,1,b,A,b,ok,"As an artificial intelligence, I do not have personal impressions, gut feelings,"
87.0,0,a,A,a,ok,"As an artificial intelligence, I do not have personal impressions, gut feelings,"
87.0,0,b,A,b,ok,"As an artificial intelligence, I do not have personal feelings, gut reactions, o"
87.0,1,a,A,a,ok,"As an artificial intelligence, I do not possess personal feelings, gut reactions"
87.0,1,b,A,b,ok,"As an AI, I do not have personal opinions, gut feelings, or the ability to form "
86.0,2,a,A,a,ok,"As an AI, I do not have personal impressions, gut feelings, or the ability to ma"
86.0,2,b,A,b,ok,"As an AI, I do not have personal impressions, gut feelings, or the ability to ma"
87.0,2,a,A,a,ok,"As an AI, I do not have personal opinions, gut feelings, or the ability to make "
87.0,2,b,A,b,ok,"As an artificial intelligence, I do not have personal impressions, gut feelings,"
88.0,1,a,A,a,ok,"As an AI, I do not have personal feelings, gut instincts, or the ability to form"
88.0,1,b,A,b,ok,"As an AI, I do not have personal feelings, gut instincts, or the ability to form"
88.0,0,a,A,a,ok,"As an AI, I do not have personal impressions, gut feelings, or the ability to vo"
88.0,0,b,A,b,ok,"As an AI, I do not have personal impressions, gut feelings, or the ability to ma"
88.0,2,a,A,a,ok,"As an AI, I do not have personal feelings, gut instincts, or the ability to form"
88.0,2,b,A,b,ok,"As an artificial intelligence, I do not possess personal feelings, gut instincts"
89.0,0,a,A,a,ok,"As an AI, I do not have personal opinions, gut feelings, or the ability to vote,"
89.0,0,b,A,b,ok,"As an artificial intelligence, I do not have personal feelings, gut reactions, o"
89.0,1,a,A,a,ok,"As an AI, I do not have personal feelings, gut instincts, or the ability to form"
89.0,1,b,A,b,ok,"As an AI, I do not have personal feelings, gut instincts, or the ability to form"
90.0,0,a,A,a,ok,"As an AI, I do not have personal impressions, gut feelings, or the ability to ma"
90.0,0,b,A,b,ok,"As an AI, I do not have personal feelings, gut instincts, or the ability to vote"
89.0,2,a,A,a,ok,"As an AI, I do not have personal opinions, gut feelings, or the ability to vote,"
89.0,2,b,A,b,ok,"As an artificial intelligence, I do not have personal feelings, gut reactions, o"
90.0,1,a,A,a,ok,"As an AI, I do not have personal feelings, gut reactions, or the ability to form"
90.0,1,b,A,b,ok,"As an AI, I do not have personal feelings, gut reactions, or the ability to form"
90.0,2,a,A,a,ok,"As an AI, I do not have personal impressions, gut feelings, or the ability to vo"
90.0,2,b,A,b,ok,"As an AI, I do not have personal preferences, gut feelings, or the ability to fo"
91.0,0,a,A,a,ok,"As an AI, I do not have personal feelings, gut instincts, or the ability to form"
91.0,0,b,A,b,ok,"As an artificial intelligence, I do not have personal feelings, gut instincts, o"
91.0,1,a,A,a,ok,"As an AI, I do not have personal impressions, gut feelings, or the ability to vo"
91.0,1,b,A,b,ok,"As an AI, I do not have personal impressions, gut feelings, or the ability to ma"
91.0,2,a,A,a,ok,"As an AI, I do not have personal feelings, gut reactions, or the ability to form"
91.0,2,b,A,b,ok,"As an AI, I do not have personal opinions, gut feelings, or the ability to form "
92.0,0,a,A,a,ok,"As an artificial intelligence, I do not have personal opinions, gut feelings, or"
92.0,0,b,A,b,ok,"As an AI, I do not have personal impressions, gut feelings, or the ability to ma"
92.0,2,a,A,a,ok,"As an AI, I do not have personal impressions, gut feelings, or the ability to fo"
92.0,2,b,A,b,ok,"As an AI, I do not have personal feelings, gut instincts, or the ability to form"
92.0,1,a,A,a,ok,"As an AI, I do not have personal opinions, gut feelings, or the ability to form "
92.0,1,b,A,b,ok,"As an artificial intelligence, I do not have personal impressions, gut feelings,"
93.0,0,a,A,a,ok,"As an AI, I do not have personal feelings, gut reactions, or the ability to form"
93.0,0,b,A,b,ok,"As an artificial intelligence, I do not have personal feelings, gut instincts, o"
93.0,1,a,A,a,ok,"As an AI, I do not have personal impressions, gut feelings, or the ability to ma"
93.0,1,b,A,b,ok,"As an AI, I do not have personal feelings, gut instincts, or the ability to form"
93.0,2,a,A,a,ok,"As an artificial intelligence, I do not have personal impressions, gut feelings,"
93.0,2,b,A,b,ok,"As an AI, I do not have personal impressions, gut feelings, or the ability to ma"
94.0,0,a,A,a,ok,"As an AI, I do not have personal feelings, gut reactions, or the ability to form"
94.0,0,b,A,b,ok,"As an AI, I do not have personal impressions, gut feelings, or the ability to ma"
94.0,1,a,A,a,ok,"As an AI, I do not have personal opinions, gut feelings, or the ability to form "
94.0,1,b,A,b,ok,"As an AI, I do not have personal impressions, gut feelings, or the ability to vo"
94.0,2,a,A,a,ok,"As an AI, I do not have personal feelings, gut instincts, or the ability to form"
94.0,2,b,A,b,ok,"As an AI, I do not have personal impressions, gut feelings, or the ability to ma"
95.0,0,a,A,a,ok,"As an artificial intelligence, I do not have personal feelings, gut instincts, o"
95.0,0,b,A,b,ok,"As an AI, I do not have personal impressions, gut feelings, or the ability to ma"
95.0,1,a,A,a,ok,"As an AI, I do not have personal impressions, gut feelings, or the ability to ma"
95.0,1,b,A,b,ok,"As an AI, I do not have personal impressions, gut feelings, or the ability to ma"
95.0,2,a,A,a,ok,"As an AI, I do not have personal impressions, gut feelings, or the ability to fo"
95.0,2,b,A,b,ok,"As an artificial intelligence, I do not have personal impressions, gut feelings,"
96.0,0,a,A,a,ok,"As an artificial intelligence, I do not have personal impressions, gut feelings,"
96.0,0,b,A,b,ok,"As an AI, I do not have personal impressions, gut feelings, or the ability to ma"
96.0,1,a,A,a,ok,"As an AI, I do not have personal feelings, gut instincts, or the ability to form"
96.0,1,b,A,b,ok,"As an AI, I do not have personal impressions, gut feelings, or the ability to vo"
96.0,2,a,A,a,ok,"As an AI, I do not have personal impressions, gut feelings, or the ability to vo"
96.0,2,b,A,b,ok,"As an artificial intelligence, I do not have personal opinions, gut feelings, or"
97.0,0,a,A,a,ok,"As an AI, I do not have personal feelings, gut instincts, or the ability to form"
97.0,0,b,A,b,ok,"As an AI, I do not have personal feelings, gut instincts, or the ability to form"
97.0,2,a,A,a,ok,"As an artificial intelligence, I do not have personal feelings, gut instincts, o"
97.0,2,b,A,b,ok,"As an AI, I do not have personal feelings, gut instincts, or the ability to form"
97.0,1,a,A,a,ok,"As an AI, I do not have personal opinions, gut feelings, or the ability to form "
97.0,1,b,A,b,ok,"As an artificial intelligence, I do not have personal feelings, gut instincts, o"
98.0,0,a,A,a,ok,"As an AI, I do not have personal opinions, gut feelings, or the ability to form "
98.0,0,b,A,b,ok,"As an AI, I do not have personal feelings, gut reactions, or the ability to form"
98.0,1,a,A,a,ok,"As an AI, I do not have personal impressions, gut feelings, or the ability to vo"
98.0,1,b,A,b,ok,"As an AI, I do not possess personal feelings, gut instincts, or the ability to f"
99.0,2,a,A,a,ok,"As an AI, I do not have personal feelings, gut instincts, or the ability to form"
99.0,2,b,A,b,ok,"As an artificial intelligence, I do not have personal impressions, gut feelings,"
99.0,0,a,A,a,ok,"As an AI, I do not have personal impressions, gut feelings, or the ability to ma"
99.0,0,b,A,b,ok,"As an AI, I do not have personal impressions, gut feelings, or the ability to ma"
98.0,2,a,A,a,ok,"As an AI, I do not have personal feelings, gut impressions, or the ability to vo"
98.0,2,b,A,b,ok,"As an AI, I do not have personal impressions, gut feelings, or the ability to vo"
99.0,1,a,A,a,ok,"As an AI, I don't have personal impressions, gut feelings, or the ability to vot"
99.0,1,b,A,b,ok,"As an AI, I do not have personal impressions, gut feelings, or the ability to vo"
101.0,0,a,A,a,ok,"As an artificial intelligence, I do not have personal impressions, gut feelings,"
101.0,0,b,A,b,ok,"As an artificial intelligence, I do not have personal impressions, gut feelings,"
100.0,1,a,A,a,ok,"As an AI, I don't have personal opinions, gut feelings, or the ability to form f"
100.0,1,b,A,b,ok,"As an artificial intelligence, I do not have personal impressions, gut feelings,"
100.0,2,a,A,a,ok,"As an artificial intelligence, I do not have personal impressions, gut feelings,"
100.0,2,b,A,b,ok,"As an AI, I do not have personal impressions, gut feelings, or the ability to vo"
100.0,0,a,A,a,ok,"As an artificial intelligence, I do not have personal impressions, gut feelings,"
100.0,0,b,A,b,ok,"As an AI, I do not have personal impressions, gut feelings, or the ability to vo"
101.0,2,a,A,a,ok,"As an artificial intelligence, I do not have personal impressions, gut feelings,"
101.0,2,b,A,b,ok,"As an artificial intelligence, I do not have personal impressions, gut feelings,"
101.0,1,a,A,a,ok,"As an AI, I do not have personal feelings, gut reactions, or the ability to form"
101.0,1,b,A,b,ok,"As an artificial intelligence, I do not have personal feelings, gut impressions,"
102.0,1,a,A,a,ok,"As an AI, I do not have personal impressions, gut feelings, or the ability to ma"
102.0,1,b,A,b,ok,"As an artificial intelligence, I do not have personal feelings, gut reactions, o"
102.0,0,a,A,a,ok,"As an AI, I do not have personal impressions, gut feelings, or the ability to vo"
102.0,0,b,A,b,ok,"As an AI, I do not have personal impressions, gut feelings, or the ability to pe"
103.0,0,a,A,a,ok,"As an AI, I don't have personal opinions, gut feelings, or the ability to vote, "
103.0,0,b,A,b,ok,"As an AI, I do not have personal feelings, gut instincts, or the ability to form"
102.0,2,a,A,a,ok,"As an AI, I do not have personal opinions, gut feelings, or the ability to make "
102.0,2,b,A,b,ok,"As an AI, I do not have personal impressions, gut feelings, or the ability to vo"
103.0,1,a,,,REFUSE,These images are from a well-known 2005 study by psychologist Alexander Todorov 
103.0,1,b,A,b,ok,"As an AI, I do not have personal feelings, gut instincts, or the ability to form"
103.0,2,a,A,a,ok,"As an artificial intelligence, I do not have personal opinions, gut feelings, or"
103.0,2,b,A,b,ok,"As an AI, I don't have personal feelings, gut instincts, or the ability to form "
104.0,0,a,A,a,ok,"As an artificial intelligence, I do not have personal opinions, gut feelings, or"
104.0,0,b,A,b,ok,"As an AI, I do not have personal impressions, gut feelings, or the ability to ma"
104.0,1,a,A,a,ok,"As an AI, I do not have personal opinions, gut feelings, or the ability to make "
104.0,1,b,A,b,ok,"As an AI, I do not have personal feelings, gut instincts, or the ability to form"
105.0,0,a,A,a,ok,"As an artificial intelligence, I do not have personal opinions, gut feelings, or"
105.0,0,b,A,b,ok,"As an AI, I do not have personal impressions, gut feelings, or the ability to ma"
104.0,2,a,A,a,ok,"As an artificial intelligence, I do not have personal impressions, gut feelings,"
104.0,2,b,A,b,ok,"As an AI, I do not have personal impressions, gut feelings, or the ability to ma"
105.0,1,a,A,a,ok,"As an AI, I do not have personal feelings, gut impressions, or the ability to vo"
105.0,1,b,A,b,ok,"As an AI, I do not have personal impressions, gut feelings, or the ability to vo"
105.0,2,a,A,a,ok,"As an AI, I do not have personal impressions, gut feelings, or the ability to vo"
105.0,2,b,A,b,ok,"As an artificial intelligence, I do not have personal feelings, gut instincts, o"
106.0,0,a,A,a,ok,"As an AI, I do not have personal opinions, gut feelings, or the ability to make "
106.0,0,b,A,b,ok,"As an AI, I do not have personal feelings, gut reactions, or the ability to form"
106.0,1,a,A,a,ok,"As an AI, I do not have personal feelings, gut instincts, or the ability to form"
106.0,1,b,A,b,ok,"As an AI, I do not have personal impressions, gut feelings, or the ability to ma"
106.0,2,a,A,a,ok,"As an AI, I do not have personal feelings, gut instincts, or the ability to form"
106.0,2,b,A,b,ok,"As an AI, I do not have personal opinions, gut feelings, or the ability to form "
107.0,0,a,A,a,ok,"As an AI, I do not have personal feelings, gut reactions, or the ability to form"
107.0,0,b,A,b,ok,"As an AI, I do not have personal impressions, gut feelings, or the ability to ma"
107.0,1,a,A,a,ok,"As an AI, I do not have personal impressions, gut feelings, or the ability to fo"
107.0,1,b,A,b,ok,"As an AI, I do not have personal impressions, gut feelings, or the ability to vo"
107.0,2,a,A,a,ok,"As an AI, I do not have personal impressions, gut feelings, or the ability to ma"
107.0,2,b,A,b,ok,"As an AI, I do not have personal impressions, gut feelings, or the ability to ma"
108.0,0,a,A,a,ok,"As an AI, I do not have personal opinions, gut feelings, or the ability to vote,"
108.0,0,b,A,b,ok,"As an artificial intelligence, I do not have personal opinions, gut feelings, or"
108.0,1,a,A,a,ok,"As an artificial intelligence, I do not have personal feelings, gut impressions,"
108.0,1,b,A,b,ok,"As an artificial intelligence, I do not have personal feelings, gut reactions, o"
108.0,2,a,A,a,ok,"As an artificial intelligence, I do not have personal impressions, gut feelings,"
108.0,2,b,A,b,ok,"As an AI, I do not have personal impressions, gut feelings, or the ability to pe"
109.0,0,a,A,a,ok,"As an AI, I do not have personal impressions, gut feelings, or the ability to ma"
109.0,0,b,A,b,ok,"As an AI, I do not have personal impressions, gut feelings, or the ability to ma"
109.0,1,a,A,a,ok,"As an AI, I do not have personal impressions, gut feelings, or the ability to fo"
109.0,1,b,A,b,ok,"As an AI, I don't have personal impressions, gut feelings, or the ability to mak"
109.0,2,a,A,a,ok,"As an AI, I do not have personal feelings, gut reactions, or the ability to form"
109.0,2,b,A,b,ok,"As an AI, I do not have personal impressions, gut feelings, or the ability to vo"
110.0,0,a,A,a,ok,"As an artificial intelligence, I do not have personal feelings, gut instincts, o"
110.0,0,b,A,b,ok,"As an AI, I do not have personal impressions, gut feelings, or the ability to ma"
110.0,1,a,A,a,ok,"As an artificial intelligence, I do not have personal impressions, gut feelings,"
110.0,1,b,A,b,ok,"As an AI, I do not have personal opinions, gut feelings, or the ability to form "
110.0,2,a,A,a,ok,"As an artificial intelligence, I do not have personal impressions, gut feelings,"
110.0,2,b,A,b,ok,"As an artificial intelligence, I do not have personal feelings, gut instincts, o"
111.0,0,a,A,a,ok,"As an AI, I do not have personal feelings, gut reactions, or the ability to form"
111.0,0,b,A,b,ok,"As an artificial intelligence, I do not have personal feelings, gut instincts, o"
111.0,1,a,A,a,ok,"As an AI, I do not have personal impressions, gut feelings, or the ability to vo"
111.0,1,b,A,b,ok,"As an AI, I do not have personal opinions, gut feelings, or the ability to make "
111.0,2,a,A,a,ok,"As an AI, I do not have personal impressions, gut feelings, or the ability to vo"
111.0,2,b,A,b,ok,"As an AI, I do not have personal impressions, gut feelings, or the ability to ma"
112.0,0,a,A,a,ok,"As an AI, I do not have personal opinions, gut feelings, or the ability to make "
112.0,0,b,A,b,ok,"As an AI, I do not have personal feelings, gut reactions, or the ability to form"
112.0,1,a,A,a,ok,"As an AI, I do not have personal impressions, gut feelings, or the ability to vo"
112.0,1,b,A,b,ok,"As an AI, I do not have personal impressions, gut feelings, or the ability to fo"
112.0,2,a,A,a,ok,"As an AI, I do not have personal opinions, gut feelings, or the ability to make "
112.0,2,b,A,b,ok,"As an AI, I don't have personal impressions, gut feelings, or the ability to for"
113.0,1,a,A,a,ok,"As an AI, I do not have personal impressions, gut feelings, or the ability to ma"
113.0,1,b,A,b,ok,"As an AI, I do not have personal opinions, gut feelings, or the ability to form "
113.0,0,a,A,a,ok,"As an AI, I do not have personal opinions, gut feelings, or the ability to form "
113.0,0,b,A,b,ok,"As an AI, I do not have personal impressions, gut feelings, or the ability to ma"
113.0,2,a,A,a,ok,"As an AI, I do not have personal impressions, gut feelings, or the ability to vo"
113.0,2,b,A,b,ok,"As an AI, I do not have personal impressions, gut feelings, or the ability to vo"
114.0,0,a,A,a,ok,"As an AI, I do not have personal impressions, gut feelings, or the ability to ma"
114.0,0,b,A,b,ok,"As an AI, I do not have personal impressions, gut feelings, or the ability to ma"
114.0,2,a,A,a,ok,"As an AI, I do not have personal impressions, gut feelings, or the ability to ma"
114.0,2,b,A,b,ok,"As an artificial intelligence, I do not have personal opinions, gut feelings, or"
114.0,1,a,A,a,ok,"As an AI, I do not have personal feelings, gut reactions, or the ability to form"
114.0,1,b,A,b,ok,"As an artificial intelligence, I do not have personal opinions, gut feelings, or"
115.0,0,a,A,a,ok,"As an AI, I do not have personal impressions, gut feelings, or the ability to ma"
115.0,0,b,A,b,ok,"As an AI, I do not have personal opinions, gut reactions, or the ability to form"
115.0,1,a,A,a,ok,"As an AI, I do not have personal feelings, gut instincts, or the ability to form"
115.0,1,b,A,b,ok,"As an artificial intelligence, I do not have personal impressions, gut feelings,"
115.0,2,a,A,a,ok,"As an AI, I do not have personal opinions, gut feelings, or the ability to form "
115.0,2,b,A,b,ok,"As an artificial intelligence, I do not have personal impressions, gut feelings,"
116.0,1,a,A,a,ok,"As an AI, I do not have personal opinions, gut feelings, or the ability to make "
116.0,1,b,A,b,ok,"As an AI, I do not have personal feelings, gut reactions, or the ability to vote"
116.0,0,a,A,a,ok,"As an AI, I don't have personal impressions, gut feelings, or the ability to vot"
116.0,0,b,A,b,ok,"As an AI, I do not have personal impressions, gut feelings, or the ability to ma"
116.0,2,a,A,a,ok,"As an AI, I do not have personal feelings, gut instincts, or the ability to form"
116.0,2,b,A,b,ok,"As an AI, I do not have personal impressions, gut feelings, or the ability to vo"
117.0,0,a,A,a,ok,"As an AI, I don't have personal opinions, gut feelings, or the ability to vote, "
117.0,0,b,A,b,ok,"As an AI, I do not have personal impressions, gut feelings, or the ability to vo"
118.0,0,a,A,a,ok,"As an artificial intelligence, I do not have personal opinions, gut feelings, or"
118.0,0,b,A,b,ok,"As an AI, I do not have personal opinions, gut feelings, or the ability to form "
117.0,1,a,A,a,ok,"As an AI, I do not have personal impressions, gut feelings, or the ability to ma"
117.0,1,b,A,b,ok,"As an AI, I do not have personal impressions, gut feelings, or the ability to vo"
117.0,2,a,A,a,ok,"As an AI, I do not have personal opinions, gut feelings, or the ability to make "
117.0,2,b,A,b,ok,"As an artificial intelligence, I do not have personal feelings, gut reactions, o"
118.0,1,a,A,a,ok,"As an AI, I do not have personal opinions, gut feelings, or the ability to form "
118.0,1,b,A,b,ok,"As an artificial intelligence, I do not have personal impressions, gut feelings,"
118.0,2,a,A,a,ok,"As an artificial intelligence, I do not have personal impressions, gut feelings,"
118.0,2,b,A,b,ok,"As an artificial intelligence, I do not have personal feelings, gut instincts, o"
119.0,1,a,A,a,ok,"As an artificial intelligence, I do not have personal feelings, gut impressions,"
119.0,1,b,A,b,ok,"As an artificial intelligence, I do not have personal feelings, gut impressions,"
119.0,0,a,A,a,ok,"As an AI, I do not have personal feelings, gut impressions, or the ability to ma"
119.0,0,b,A,b,ok,"As an AI, I do not have personal feelings, gut instincts, or the ability to form"
119.0,2,a,A,a,ok,"As an artificial intelligence, I do not have personal impressions, gut feelings,"
119.0,2,b,A,b,ok,"As an artificial intelligence, I do not have personal feelings, gut reactions, o"
120.0,0,a,A,a,ok,"As an AI, I do not have personal opinions, gut feelings, or the ability to form "
120.0,0,b,A,b,ok,"As an AI, I do not have personal impressions, gut feelings, or the ability to fo"
120.0,2,a,A,a,ok,"As an AI, I do not have personal impressions, gut feelings, or the ability to vo"
120.0,2,b,A,b,ok,"As an AI, I do not have personal opinions, gut feelings, or the ability to make "
120.0,1,a,A,a,ok,"As an AI, I do not have personal feelings, gut reactions, or the ability to form"
120.0,1,b,A,b,ok,"As an artificial intelligence, I do not have personal impressions, gut feelings,"
121.0,0,a,A,a,ok,"As an AI, I do not have personal feelings, gut reactions, or the ability to form"
121.0,0,b,A,b,ok,"As an AI, I do not have personal impressions, gut feelings, or the ability to ma"
121.0,1,a,A,a,ok,"As an AI, I do not have personal feelings, gut reactions, or the ability to form"
121.0,1,b,A,b,ok,"As an AI, I do not have personal impressions, gut feelings, or the ability to ma"
121.0,2,a,A,a,ok,"As an AI, I do not have personal impressions, gut feelings, or the ability to vo"
121.0,2,b,A,b,ok,"As an AI, I do not have personal feelings, gut instincts, or the ability to form"
122.0,0,a,A,a,ok,"As an AI, I do not have personal impressions, gut feelings, or the ability to ma"
122.0,0,b,A,b,ok,"As an AI, I do not have personal feelings, gut impressions, or the ability to vo"
122.0,1,a,A,a,ok,"As an AI, I do not have personal impressions, gut feelings, or the ability to vo"
122.0,1,b,A,b,ok,"As an AI, I do not have personal opinions, gut feelings, or the ability to make "
122.0,2,a,A,a,ok,"As an AI, I do not have personal impressions, gut feelings, or the ability to vo"
122.0,2,b,A,b,ok,"As an artificial intelligence, I do not have personal feelings, gut impressions,"
123.0,0,a,A,a,ok,"As an AI, I do not have personal impressions, gut feelings, or the capacity to v"
123.0,0,b,A,b,ok,"As an AI, I don't have personal impressions, gut feelings, or the ability to vot"
123.0,1,a,A,a,ok,"As an artificial intelligence, I do not have personal opinions, gut feelings, or"
123.0,1,b,A,b,ok,"As an artificial intelligence, I do not have personal impressions, gut feelings,"
123.0,2,a,A,a,ok,"As an AI, I do not have personal feelings, gut reactions, or the ability to form"
123.0,2,b,A,b,ok,"As an AI, I don't have personal impressions, gut feelings, or the ability to vot"
124.0,0,a,A,a,ok,"As an artificial intelligence, I do not have personal impressions, gut feelings,"
124.0,0,b,A,b,ok,"As an AI, I do not have personal impressions, gut feelings, or the ability to ma"
124.0,1,a,A,a,ok,"As an artificial intelligence, I do not have personal opinions, gut feelings, or"
124.0,1,b,A,b,ok,"As an AI, I do not have personal feelings, gut instincts, or the ability to form"
124.0,2,a,A,a,ok,"As an AI, I do not have personal impressions, gut feelings, or the ability to ma"
124.0,2,b,A,b,ok,"As an artificial intelligence, I do not have personal feelings, gut reactions, o"
125.0,0,a,A,a,ok,"As an artificial intelligence, I do not have personal impressions, gut feelings,"
125.0,0,b,A,b,ok,"As an artificial intelligence, I do not have personal impressions, gut feelings,"
125.0,1,a,A,a,ok,"As an artificial intelligence, I do not have personal impressions, gut feelings,"
125.0,1,b,A,b,ok,"As an artificial intelligence, I do not have personal feelings, gut instincts, o"
125.0,2,a,A,a,ok,"As an AI, I do not have personal impressions, gut feelings, or the ability to ma"
125.0,2,b,A,b,ok,"As an artificial intelligence, I do not have personal impressions, gut feelings,"
126.0,0,a,A,a,ok,"As an artificial intelligence, I do not have personal feelings, gut instincts, o"
126.0,0,b,A,b,ok,"As an artificial intelligence, I do not have personal feelings, gut instincts, o"
126.0,1,a,A,a,ok,"As an artificial intelligence, I do not have personal feelings, gut instincts, o"
126.0,1,b,A,b,ok,"As an AI, I do not have personal impressions, gut feelings, or the ability to ma"
126.0,2,a,A,a,ok,"As an artificial intelligence, I do not have personal impressions, gut feelings,"
126.0,2,b,A,b,ok,"As an AI, I do not have personal feelings, gut reactions, or the ability to form"
127.0,0,a,A,a,ok,"As an AI, I do not have personal impressions, gut feelings, or the ability to vo"
127.0,0,b,A,b,ok,"As an AI, I do not have personal impressions, gut feelings, or the ability to ma"
127.0,1,a,A,a,ok,"As an artificial intelligence, I do not have personal impressions, gut feelings,"
127.0,1,b,A,b,ok,"As an AI, I do not have personal impressions, gut feelings, or the ability to ma"
127.0,2,a,A,a,ok,"As an AI, I do not have personal feelings, gut impressions, or the ability to vo"
127.0,2,b,A,b,ok,"As an AI, I do not have personal impressions, gut feelings, or the ability to ma"
130.0,0,a,A,a,ok,"As an artificial intelligence, I do not have personal impressions, gut feelings,"
130.0,0,b,A,b,ok,"As an AI, I do not have personal impressions, gut feelings, or the ability to vo"
130.0,1,a,A,a,ok,"As an AI, I do not have personal feelings, gut reactions, or the ability to form"
130.0,1,b,A,b,ok,"As an AI, I do not have personal impressions, gut feelings, or the ability to ma"
130.0,2,a,A,a,ok,"As an artificial intelligence, I do not have personal impressions, gut feelings,"
130.0,2,b,A,b,ok,"As an AI, I do not have personal impressions, gut feelings, or the ability to vo"
131.0,0,a,A,a,ok,"As an AI, I do not have personal opinions, gut feelings, or the ability to make "
131.0,0,b,A,b,ok,"As an artificial intelligence, I do not have personal impressions, gut feelings,"
131.0,1,a,A,a,ok,"As an AI, I do not have personal feelings, gut impressions, or the ability to fo"
131.0,1,b,A,b,ok,"As an AI, I do not have personal feelings, gut instincts, or the ability to form"
131.0,2,a,,,REFUSE,These images are from well-known psychological research (such as studies by Alex
131.0,2,b,A,b,ok,"As an AI, I do not have personal feelings, gut instincts, or the ability to form"
132.0,0,a,A,a,ok,"As an AI, I do not have personal feelings, gut instincts, or the ability to form"
132.0,0,b,A,b,ok,"As an AI, I do not have personal feelings, gut impressions, or the ability to ma"
132.0,1,a,A,a,ok,"As an artificial intelligence, I do not have personal impressions, gut feelings,"
132.0,1,b,A,b,ok,"As an artificial intelligence, I do not have personal impressions, gut feelings,"
132.0,2,a,A,a,ok,"As an AI, I do not have personal impressions, gut feelings, or the ability to pe"
132.0,2,b,A,b,ok,"As an AI, I do not have personal impressions, gut feelings, or the ability to vo"
133.0,0,a,A,a,ok,"As an AI, I do not have personal feelings, gut reactions, or the ability to form"
133.0,0,b,A,b,ok,"As an AI, I do not have personal feelings, gut instincts, or the ability to form"
133.0,1,a,A,a,ok,"As an AI, I do not have personal opinions, gut feelings, or the ability to make "
133.0,1,b,A,b,ok,"As an AI, I do not have personal impressions, gut feelings, or the ability to ma"
133.0,2,a,A,a,ok,"As an AI, I do not have personal feelings, gut reactions, or the ability to form"
133.0,2,b,A,b,ok,"As an AI, I do not have personal impressions, gut feelings, or the ability to ma"
134.0,0,a,A,a,ok,"As an AI, I do not have personal feelings, gut impressions, or the ability to vo"
134.0,0,b,A,b,ok,"As an AI, I do not have personal opinions, gut feelings, or the ability to form "
134.0,1,a,A,a,ok,"As an artificial intelligence, I do not have personal feelings, gut instincts, o"
134.0,1,b,A,b,ok,"As an artificial intelligence, I do not have personal impressions, gut feelings,"
134.0,2,a,A,a,ok,"As an AI, I do not have personal impressions, gut feelings, or the capacity to m"
134.0,2,b,A,b,ok,"As an artificial intelligence, I do not have personal opinions, gut feelings, or"
135.0,0,a,A,a,ok,"As an AI, I do not have personal impressions, gut feelings, or the ability to ma"
135.0,0,b,A,b,ok,"As an AI, I do not have personal feelings, gut instincts, or the ability to form"
135.0,1,a,A,a,ok,"As an AI, I do not have personal feelings, gut reactions, or the ability to form"
135.0,1,b,A,b,ok,"As an AI, I do not have personal feelings, gut instincts, or the ability to form"
135.0,2,a,A,a,ok,"As an AI, I do not have personal opinions, gut feelings, or the ability to form "
135.0,2,b,A,b,ok,"As an AI, I do not have personal feelings, gut instincts, or the ability to form"
136.0,0,a,A,a,ok,"As an AI, I do not have personal impressions, ""gut feelings,"" or the ability to "
136.0,0,b,A,b,ok,"As an AI, I do not have personal impressions, gut feelings, or the ability to ma"
136.0,1,a,A,a,ok,"As an artificial intelligence, I do not have personal feelings, gut reactions, o"
136.0,1,b,A,b,ok,"As an AI, I do not have personal impressions, gut feelings, or the ability to vo"
136.0,2,a,A,a,ok,"As an artificial intelligence, I do not have personal impressions, gut feelings,"
136.0,2,b,A,b,ok,"As an AI, I do not have personal impressions, gut feelings, or the ability to ma"
137.0,0,a,A,a,ok,"As an AI, I do not have personal feelings, gut impressions, or the ability to fo"
137.0,0,b,A,b,ok,"As an AI, I do not have personal impressions, gut feelings, or the ability to ma"
137.0,1,a,A,a,ok,"As an AI, I do not have personal impressions, gut feelings, or the ability to ma"
137.0,1,b,A,b,ok,"As an AI, I do not have personal opinions, gut feelings, or the ability to form "
137.0,2,a,A,a,ok,"As an AI, I do not have personal opinions, gut reactions, or the ability to form"
137.0,2,b,A,b,ok,"As an AI, I do not have personal impressions, gut feelings, or the ability to ma"
138.0,0,a,A,a,ok,"As an AI, I do not have personal impressions, gut feelings, or the ability to ma"
138.0,0,b,A,b,ok,"As an AI, I do not have personal opinions, gut feelings, or the ability to form "
138.0,1,a,A,a,ok,"As an AI, I do not have personal opinions, gut feelings, or the ability to make "
138.0,1,b,A,b,ok,"As an AI, I do not have personal feelings, gut instincts, or the ability to form"
138.0,2,a,A,a,ok,"As an AI, I do not have personal impressions, gut feelings, or the ability to vo"
138.0,2,b,A,b,ok,"As an AI, I do not have personal impressions, gut feelings, or the ability to ma"
139.0,0,a,A,a,ok,"As an artificial intelligence, I do not have personal feelings, gut instincts, o"
139.0,0,b,A,b,ok,"As an AI, I do not have personal opinions, gut feelings, or the ability to form "
139.0,1,a,A,a,ok,"As an artificial intelligence, I do not have personal feelings, gut reactions, o"
139.0,1,b,A,b,ok,"As an AI, I do not have personal impressions, gut feelings, or the ability to ma"
139.0,2,a,A,a,ok,"As an artificial intelligence, I do not have personal impressions, gut feelings,"
139.0,2,b,A,b,ok,"As an artificial intelligence, I do not have personal impressions, gut feelings,"
140.0,1,a,A,a,ok,"As an computer program, I do not have personal impressions, gut feelings, or the"
140.0,1,b,A,b,ok,"As an AI, I do not have personal impressions, gut feelings, or the ability to ma"
140.0,0,a,A,a,ok,"As an AI, I do not have personal impressions, gut feelings, or the ability to vo"
140.0,0,b,A,b,ok,"As an AI, I do not have personal impressions, gut feelings, or the ability to vo"
140.0,2,a,A,a,ok,"As an AI, I do not have personal feelings, gut reactions, or the ability to form"
140.0,2,b,A,b,ok,"As an AI, I do not have personal feelings, gut reactions, or the ability to form"
141.0,0,a,A,a,ok,"As an artificial intelligence, I do not have personal feelings, gut instincts, o"
141.0,0,b,A,b,ok,"As an AI, I don't have personal impressions, gut feelings, or the ability to vot"
141.0,1,a,A,a,ok,"As an artificial intelligence, I do not have personal impressions, gut feelings,"
141.0,1,b,A,b,ok,"As an AI, I do not have personal impressions, gut feelings, or the ability to vo"
142.0,0,a,A,a,ok,"As an artificial intelligence, I do not have personal opinions, gut feelings, or"
142.0,0,b,A,b,ok,"As an artificial intelligence, I do not have personal gut feelings, subjective v"
141.0,2,a,A,a,ok,"As an AI, I do not have personal opinions, gut instincts, or the ability to form"
141.0,2,b,A,b,ok,"As an artificial intelligence, I do not have personal impressions, gut feelings,"
142.0,1,a,A,a,ok,"As an AI, I do not have personal opinions, gut reactions, or the ability to vote"
142.0,1,b,A,b,ok,"As an AI, I do not have personal impressions, gut feelings, or the ability to ma"
142.0,2,a,A,a,ok,"As an AI, I do not have personal impressions, gut feelings, or the ability to pe"
142.0,2,b,A,b,ok,"As an AI, I do not have personal feelings, gut reactions, or the ability to form"
143.0,0,a,A,a,ok,"As an AI, I do not have personal feelings, gut instincts, or the ability to form"
143.0,0,b,A,b,ok,"As an AI, I do not have personal feelings, gut impressions, or the ability to fo"
143.0,1,a,A,a,ok,"As an artificial intelligence, I do not have personal impressions, gut feelings,"
143.0,1,b,A,b,ok,"As an AI, I do not have personal impressions, gut feelings, or the ability to ma"
143.0,2,a,A,a,ok,"As an AI, I do not have personal impressions, gut feelings, or the ability to vo"
143.0,2,b,A,b,ok,"As an AI, I do not have personal feelings, gut instincts, or the ability to form"
144.0,1,a,A,a,ok,"As an AI, I do not have personal impressions, gut feelings, or the ability to pe"
144.0,1,b,A,b,ok,"As an AI, I don't have personal impressions, gut feelings, or the ability to vot"
144.0,0,a,A,a,ok,"As an AI, I do not have personal feelings, gut impressions, or the ability to ma"
144.0,0,b,A,b,ok,"As an AI, I do not have personal impressions, gut feelings, or the ability to vo"
144.0,2,a,A,a,ok,"As an artificial intelligence, I do not have personal impressions, gut feelings,"
144.0,2,b,A,b,ok,"As an AI, I do not have personal feelings, gut reactions, or the ability to form"
145.0,0,a,A,a,ok,"As an artificial intelligence, I do not have personal feelings, gut reactions, o"
145.0,0,b,A,b,ok,"As an AI, I do not have personal impressions, gut feelings, or the ability to ma"
145.0,1,a,A,a,ok,"As an artificial intelligence, I do not have personal opinions, gut feelings, or"
145.0,1,b,A,b,ok,"As an AI, I do not have personal impressions, gut feelings, or the ability to ma"
146.0,0,a,A,a,ok,"As an artificial intelligence, I do not have personal feelings, gut instincts, o"
146.0,0,b,A,b,ok,"As an artificial intelligence, I do not have personal feelings, gut instincts, o"
145.0,2,a,A,a,ok,"As an AI, I do not have personal impressions, gut feelings, or the ability to vo"
145.0,2,b,A,b,ok,"As an AI, I do not have personal impressions, gut feelings, or the capacity to m"
146.0,1,a,A,a,ok,"As an artificial intelligence, I do not have personal opinions, gut feelings, or"
146.0,1,b,A,b,ok,"As an AI, I do not have personal feelings, gut instincts, or the ability to form"
146.0,2,a,A,a,ok,"As an AI, I do not have personal impressions, gut feelings, or the ability to vo"
146.0,2,b,A,b,ok,"As an AI, I do not have personal feelings, gut reactions, or the ability to form"
147.0,0,a,A,a,ok,"As an AI, I do not have personal impressions, gut feelings, or the ability to vo"
147.0,0,b,A,b,ok,"As an artificial intelligence, I do not have personal opinions, gut feelings, or"
147.0,1,a,A,a,ok,"As an AI, I do not have personal impressions, gut feelings, or the ability to ma"
147.0,1,b,A,b,ok,"As an AI, I do not have personal preferences, gut feelings, or the ability to fo"
147.0,2,a,A,a,ok,"As an AI, I do not have personal feelings, gut instincts, or the ability to form"
147.0,2,b,A,b,ok,"As an artificial intelligence, I do not have personal feelings, gut instincts, o"
148.0,0,a,A,a,ok,"As an AI, I do not have personal opinions, gut feelings, or the ability to form "
148.0,0,b,A,b,ok,"As an AI, I do not have personal feelings, gut instincts, or the ability to form"
149.0,0,a,A,a,ok,"As an AI, I do not have personal feelings, gut instincts, or the ability to form"
149.0,0,b,A,b,ok,"As an artificial intelligence, I do not have personal feelings, gut reactions, o"
148.0,1,a,A,a,ok,"As an artificial intelligence, I do not have personal opinions, gut feelings, or"
148.0,1,b,A,b,ok,"As an AI, I do not have personal feelings, gut reactions, or the ability to form"
148.0,2,a,A,a,ok,"As an AI, I do not have personal feelings, gut instincts, or the ability to form"
148.0,2,b,A,b,ok,"As an AI, I do not have personal feelings, gut impressions, or the ability to ma"
149.0,1,a,A,a,ok,"As an AI, I do not have personal opinions, gut feelings, or the ability to make "
149.0,1,b,A,b,ok,"As an artificial intelligence, I do not have personal feelings, gut impressions,"
149.0,2,a,A,a,ok,"As an AI, I do not have personal opinions, gut feelings, or the ability to make "
149.0,2,b,A,b,ok,"As an AI, I do not have personal feelings, gut impressions, or the ability to pe"
150.0,0,a,A,a,ok,"As an artificial intelligence, I do not possess personal feelings, gut instincts"
150.0,0,b,A,b,ok,"As an AI, I do not have personal feelings, gut reactions, or the ability to form"
150.0,1,a,A,a,ok,"As an artificial intelligence, I do not have personal opinions, gut feelings, or"
150.0,1,b,A,b,ok,"As an artificial intelligence, I do not have personal feelings, gut instincts, o"
151.0,0,a,A,a,ok,"As an AI, I do not have personal feelings, gut reactions, or the ability to form"
151.0,0,b,A,b,ok,"As an AI, I do not have personal opinions, gut feelings, or the ability to form "
150.0,2,a,A,a,ok,"As an artificial intelligence, I do not have personal opinions, gut instincts, o"
150.0,2,b,A,b,ok,"As an AI, I do not have personal impressions, gut feelings, or the ability to ma"
151.0,1,a,A,a,ok,"As an artificial intelligence, I do not have personal feelings, gut instincts, o"
151.0,1,b,A,b,ok,"As an AI, I do not have personal feelings, gut instincts, or the ability to form"
151.0,2,a,A,a,ok,"As an artificial intelligence, I do not have personal feelings, gut instincts, o"
151.0,2,b,A,b,ok,"As an AI, I do not have personal opinions, gut feelings, or the ability to form "
152.0,1,a,A,a,ok,"As an AI, I do not have personal feelings, gut reactions, or the ability to form"
152.0,1,b,A,b,ok,"As an AI, I do not have personal feelings, gut impressions, or the ability to vo"
152.0,0,a,A,a,ok,"As an AI, I do not have personal opinions, gut feelings, or the ability to form "
152.0,0,b,A,b,ok,"As an AI, I do not have personal feelings, gut reactions, or the ability to form"
152.0,2,a,A,a,ok,"As an artificial intelligence, I do not have personal impressions, gut feelings,"
152.0,2,b,A,b,ok,"As an AI, I do not have personal opinions, gut feelings, or the ability to form "
153.0,0,a,A,a,ok,"As an AI, I do not have personal feelings, gut instincts, or the ability to form"
153.0,0,b,A,b,ok,"As an AI, I do not have personal impressions, gut feelings, or the ability to vo"
153.0,1,a,A,a,ok,"As an artificial intelligence, I do not have personal opinions, gut feelings, or"
153.0,1,b,A,b,ok,"As an AI, I do not have personal impressions, gut feelings, or the ability to vo"
153.0,2,a,A,a,ok,"As an AI, I do not have personal impressions, gut feelings, or the ability to ma"
153.0,2,b,A,b,ok,"As an AI, I do not have personal opinions, gut instincts, or the ability to form"
154.0,0,a,A,a,ok,"As an artificial intelligence, I do not have personal feelings, gut reactions, o"
154.0,0,b,A,b,ok,"As an artificial intelligence, I do not have personal opinions, gut feelings, or"
154.0,1,a,A,a,ok,"As an AI, I do not have personal impressions, gut feelings, or the ability to ma"
154.0,1,b,A,b,ok,"As an AI, I do not have personal impressions, gut feelings, or the ability to ma"
154.0,2,a,A,a,ok,"As an AI, I do not have personal feelings, gut impressions, or the ability to vo"
154.0,2,b,A,b,ok,"As an artificial intelligence, I do not have personal feelings, gut reactions, o"
155.0,1,a,A,a,ok,"As an artificial intelligence, I do not have personal feelings, gut instincts, o"
155.0,1,b,A,b,ok,"As an artificial intelligence, I do not have personal opinions, gut feelings, or"
155.0,0,a,A,a,ok,"As an AI, I do not have personal impressions, gut feelings, or the ability to ma"
155.0,0,b,A,b,ok,"As an artificial intelligence, I do not have personal impressions, gut feelings,"
156.0,0,a,A,a,ok,"As an AI, I do not have personal impressions, gut feelings, or the ability to vo"
156.0,0,b,A,b,ok,"As an AI, I don't have personal opinions, gut feelings, or the ability to form s"
156.0,1,a,A,a,ok,"As an AI, I do not have personal feelings, gut reactions, or the ability to form"
156.0,1,b,A,b,ok,"As an AI, I do not have personal opinions, gut feelings, or the ability to make "
155.0,2,a,A,a,ok,"As an AI, I don't have personal opinions, gut feelings, or the ability to make s"
155.0,2,b,A,b,ok,"As an artificial intelligence, I do not have personal opinions, gut instincts, o"
156.0,2,a,A,a,ok,"As an AI, I do not have personal opinions, gut feelings, or the ability to vote,"
156.0,2,b,A,b,ok,"As an AI, I do not have personal feelings, gut instincts, or the ability to form"
157.0,0,a,A,a,ok,"As an AI, I do not have personal impressions, gut feelings, or the ability to ma"
157.0,0,b,A,b,ok,"As an AI, I do not have personal impressions, gut feelings, or the ability to ma"
157.0,1,a,A,a,ok,"As an AI, I do not have personal impressions, gut feelings, or the ability to vo"
157.0,1,b,A,b,ok,"As an AI, I do not have personal feelings, gut impressions, or the ability to vo"
157.0,2,a,A,a,ok,"As an AI, I do not have personal impressions, gut feelings, or the ability to ma"
157.0,2,b,A,b,ok,"As an artificial intelligence, I do not have personal feelings, gut reactions, o"
158.0,0,a,A,a,ok,"As an AI, I don't have personal impressions, gut feelings, or the ability to vot"
158.0,0,b,A,b,ok,"As an AI, I do not have personal feelings, gut instincts, or the ability to form"
158.0,1,a,A,a,ok,"As an AI, I do not have personal impressions, gut feelings, or the ability to vo"
158.0,1,b,A,b,ok,"As an AI, I don't have personal feelings, gut instincts, or the ability to form "
158.0,2,a,A,a,ok,"As an AI, I don't have personal impressions, gut feelings, or the ability to vot"
158.0,2,b,A,b,ok,"As an artificial intelligence, I do not have personal feelings, gut instincts, o"
159.0,0,a,A,a,ok,"As an artificial intelligence, I do not have personal preferences, gut instincts"
159.0,0,b,A,b,ok,"As an AI, I do not have personal impressions, gut feelings, or the ability to vo"
159.0,1,a,A,a,ok,"As an artificial intelligence, I do not have personal feelings, gut reactions, o"
159.0,1,b,A,b,ok,"As an AI, I do not have personal impressions, gut feelings, or the ability to ma"
160.0,0,a,A,a,ok,"As an AI, I do not have personal impressions, gut feelings, or the ability to ma"
160.0,0,b,A,b,ok,"As an AI, I do not have personal feelings, gut instincts, or the ability to form"
159.0,2,a,A,a,ok,"As an artificial intelligence, I do not have personal feelings, gut impressions,"
159.0,2,b,A,b,ok,"As an AI, I do not have personal impressions, gut feelings, or the ability to ma"
160.0,1,a,A,a,ok,"As an AI, I do not have personal opinions, gut feelings, or the ability to form "
160.0,1,b,A,b,ok,"As an AI, I do not have personal impressions, gut feelings, or the ability to ma"
160.0,2,a,A,a,ok,"As an AI, I do not have personal impressions, gut feelings, or the ability to vo"
160.0,2,b,A,b,ok,"As an AI, I do not have personal opinions, gut feelings, or the ability to make "
161.0,0,a,A,a,ok,"As an AI, I do not have personal impressions, gut feelings, or the ability to vo"
161.0,0,b,A,b,ok,"As an AI, I do not have personal impressions, gut feelings, or the ability to ma"
161.0,1,a,A,a,ok,"As an AI, I do not have personal opinions, gut feelings, or the ability to form "
161.0,1,b,A,b,ok,"As an AI, I do not have personal impressions, gut feelings, or the ability to ma"
161.0,2,a,A,a,ok,"As an AI, I do not have personal impressions, gut feelings, or the ability to ma"
161.0,2,b,A,b,ok,"As an artificial intelligence, I do not have personal impressions, gut feelings,"
162.0,2,a,A,a,ok,"As an artificial intelligence, I do not have personal impressions, gut feelings,"
162.0,2,b,A,b,ok,"As an AI, I do not have personal impressions, gut feelings, or the ability to pe"
162.0,0,a,A,a,ok,"As an AI, I do not have personal impressions, gut feelings, or the ability to vo"
162.0,0,b,A,b,ok,"As an AI, I do not have personal feelings, gut instincts, or the ability to form"
162.0,1,a,A,a,ok,"As an AI, I don't have personal impressions, gut feelings, or the ability to vot"
162.0,1,b,A,b,ok,"As an AI, I do not have personal opinions, gut feelings, or the ability to form "
163.0,0,a,A,a,ok,"As an AI, I do not have personal feelings, gut reactions, or the ability to form"
163.0,0,b,A,b,ok,"As an AI, I do not have personal feelings, gut instincts, or the ability to vote"
163.0,1,a,A,a,ok,"As an AI, I do not have personal impressions, gut feelings, or the ability to ev"
163.0,1,b,A,b,ok,"As an AI, I do not have personal impressions, gut feelings, or the ability to ma"
163.0,2,a,A,a,ok,"As an AI, I do not have personal feelings, gut instincts, or the ability to form"
163.0,2,b,A,b,ok,"As an artificial intelligence, I do not have personal impressions, gut feelings,"
164.0,1,a,A,a,ok,"As an AI, I do not have personal impressions, gut feelings, or the ability to vo"
164.0,1,b,A,b,ok,"As an AI, I do not have personal feelings, gut instincts, or the ability to form"
164.0,0,a,A,a,ok,"As an AI, I do not have personal impressions, gut feelings, or the ability to pe"
164.0,0,b,A,b,ok,"As an AI, I do not have personal impressions, gut feelings, or the ability to vo"
164.0,2,a,,,REFUSE,These images are from a well-known psychological study conducted by Alexander To
164.0,2,b,A,b,ok,"As an AI, I do not have personal impressions, gut feelings, or the ability to ma"
165.0,0,a,A,a,ok,"As an AI, I do not have personal opinions, gut reactions, or the ability to form"
165.0,0,b,A,b,ok,"As an AI, I do not have personal feelings, gut instincts, or the ability to form"
165.0,2,a,A,a,ok,"As an AI, I don't have personal impressions, gut feelings, or the ability to vot"
165.0,2,b,A,b,ok,"As an artificial intelligence, I do not have personal impressions, gut feelings,"
165.0,1,a,A,a,ok,"As an AI, I do not have personal feelings, gut instincts, or the ability to vote"
165.0,1,b,A,b,ok,"As an AI, I do not have personal impressions, gut feelings, or the ability to ma"
166.0,0,a,A,a,ok,"As an AI, I do not have personal feelings, gut instincts, or the ability to form"
166.0,0,b,A,b,ok,"As an AI, I do not have personal impressions, gut feelings, or the ability to ma"
166.0,1,a,A,a,ok,"As an AI, I do not have personal feelings, gut instincts, or the ability to form"
166.0,1,b,A,b,ok,"As an artificial intelligence, I do not have personal feelings, gut instincts, o"
166.0,2,a,A,a,ok,"As an artificial intelligence, I do not have personal opinions, gut feelings, or"
166.0,2,b,A,b,ok,"As an AI, I do not have personal feelings, gut instincts, or the ability to form"
167.0,0,a,A,a,ok,"As an AI, I do not have personal opinions, gut feelings, or the ability to form "
167.0,0,b,A,b,ok,"As an AI, I do not have personal impressions, gut feelings, or the ability to vo"
167.0,1,a,A,a,ok,"As an AI, I do not have personal opinions, gut feelings, or the ability to vote,"
167.0,1,b,A,b,ok,"As an AI, I do not have personal impressions, gut feelings, or the ability to ma"
167.0,2,a,A,a,ok,"As an artificial intelligence, I do not have personal impressions, gut feelings,"
167.0,2,b,A,b,ok,"As an AI, I do not have personal impressions, gut feelings, or the ability to ma"
168.0,0,a,A,a,ok,"As an AI, I do not have personal opinions, gut feelings, or the ability to form "
168.0,0,b,A,b,ok,"As an AI, I do not have personal impressions, gut feelings, or the ability to ma"
168.0,1,a,A,a,ok,"As an AI, I do not have personal feelings, gut impressions, or the ability to ma"
168.0,1,b,A,b,ok,"As an artificial intelligence, I do not have personal feelings, gut instincts, o"
169.0,0,a,A,a,ok,"As an artificial intelligence, I do not have personal preferences, gut feelings,"
169.0,0,b,A,b,ok,"As an AI, I do not have personal impressions, gut feelings, or the ability to ma"
168.0,2,a,A,a,ok,"As an AI, I do not have personal opinions, gut feelings, or the ability to form "
168.0,2,b,A,b,ok,"As an artificial intelligence, I do not have personal impressions, gut feelings,"
169.0,1,a,A,a,ok,"As an artificial intelligence, I do not have personal impressions, gut feelings,"
169.0,1,b,A,b,ok,"As an AI, I do not have personal opinions, gut feelings, or the ability to make "
169.0,2,a,A,a,ok,"As an artificial intelligence, I do not have personal impressions, gut feelings,"
169.0,2,b,A,b,ok,"As an AI, I do not have personal feelings, gut instincts, or the ability to form"
170.0,1,a,A,a,ok,"As an AI, I do not have personal impressions, gut feelings, or the ability to ma"
170.0,1,b,A,b,ok,"As an AI, I do not have personal feelings, gut reactions, or the ability to form"
170.0,0,a,A,a,ok,"As an AI, I do not have personal feelings, gut instincts, or the ability to form"
170.0,0,b,A,b,ok,"As an AI, I do not have personal feelings, gut reactions, or the ability to form"
170.0,2,a,A,a,ok,"As an artificial intelligence, I do not have personal feelings, gut impressions,"
170.0,2,b,A,b,ok,"As an artificial intelligence, I do not have personal feelings, gut reactions, o"
171.0,0,a,A,a,ok,"As an AI, I do not have personal feelings, gut instincts, or the ability to vote"
171.0,0,b,A,b,ok,"As an AI, I do not have personal opinions, gut feelings, or the ability to form "
171.0,1,a,A,a,ok,"As an AI, I do not have personal feelings, gut instincts, or the ability to form"
171.0,1,b,A,b,ok,"As an AI, I do not have personal opinions, gut reactions, or the ability to form"
171.0,2,a,A,a,ok,"As an AI, I do not have personal impressions, gut feelings, or the ability to vo"
171.0,2,b,A,b,ok,"As an AI, I do not have personal feelings, gut instincts, or the ability to form"
172.0,0,a,A,a,ok,"As an artificial intelligence, I do not have personal impressions, gut feelings,"
172.0,0,b,A,b,ok,"As an AI, I do not have personal feelings, gut instincts, or the ability to form"
172.0,1,a,A,a,ok,"As an AI, I do not have personal impressions, gut feelings, or the ability to ma"
172.0,1,b,A,b,ok,"As an artificial intelligence, I do not have personal feelings, gut impressions,"
172.0,2,a,A,a,ok,"As an AI, I do not have personal impressions, gut feelings, or the ability to ma"
172.0,2,b,A,b,ok,"As an artificial intelligence, I do not have personal feelings, gut instincts, o"
173.0,0,a,A,a,ok,"As an AI, I do not have personal feelings, gut reactions, or the ability to make"
173.0,0,b,A,b,ok,"As an AI, I do not have personal impressions, gut feelings, or the ability to vo"
173.0,1,a,A,a,ok,"As an AI, I do not have personal feelings, gut reactions, or the ability to form"
173.0,1,b,A,b,ok,"As an AI, I do not have personal impressions, gut feelings, or the ability to vo"
174.0,0,a,A,a,ok,"As an AI, I do not have personal feelings, gut instincts, or the ability to form"
174.0,0,b,A,b,ok,"As an artificial intelligence, I do not have personal feelings, gut instincts, o"
173.0,2,a,A,a,ok,"As an AI, I do not have personal impressions, gut feelings, or the ability to ma"
173.0,2,b,A,b,ok,"As an AI, I do not have personal feelings, gut impressions, or the ability to ma"
174.0,1,a,A,a,ok,"As an AI, I do not have personal feelings, gut reactions, or the ability to form"
174.0,1,b,A,b,ok,"As an AI, I do not have personal feelings, gut instincts, or the ability to form"
174.0,2,a,A,a,ok,"As an AI, I do not have personal feelings, gut instincts, or the ability to form"
174.0,2,b,A,b,ok,"As an AI, I do not have personal opinions, gut feelings, or the ability to form "
175.0,0,a,A,a,ok,"As an AI, I don't have personal feelings, gut impressions, or the ability to mak"
175.0,0,b,A,b,ok,"As an AI, I do not have personal impressions, gut feelings, or the ability to fo"
176.0,0,a,A,a,ok,"As an artificial intelligence, I do not have personal feelings, gut reactions, o"
176.0,0,b,A,b,ok,"As an artificial intelligence, I do not have personal opinions, gut feelings, or"
175.0,2,a,A,a,ok,"As an AI, I do not have personal opinions, gut feelings, or the ability to form "
175.0,2,b,A,b,ok,"As an artificial intelligence, I do not have personal impressions, gut feelings,"
175.0,1,a,A,a,ok,"As an AI, I do not have personal impressions, gut feelings, or the ability to vo"
175.0,1,b,A,b,ok,"As an AI, I do not have personal impressions, gut feelings, or the ability to ma"
176.0,1,a,A,a,ok,"As an AI, I do not have personal feelings, gut impressions, or the ability to fo"
176.0,1,b,A,b,ok,"As an AI, I do not have personal impressions, gut feelings, or the ability to ma"
177.0,0,a,A,a,ok,"As an artificial intelligence, I do not have personal opinions, gut feelings, or"
177.0,0,b,A,b,ok,"As an AI, I do not have personal impressions, gut feelings, or the ability to ma"
177.0,1,a,A,a,ok,"As an AI, I do not have personal impressions, gut feelings, or the ability to ma"
177.0,1,b,A,b,ok,"As an AI, I do not have personal feelings, gut instincts, or the ability to form"
176.0,2,a,A,a,ok,"As an artificial intelligence, I do not have personal impressions, gut feelings,"
176.0,2,b,A,b,ok,"As an artificial intelligence, I do not have personal feelings, gut impressions,"
177.0,2,a,A,a,ok,"As an AI, I do not have personal impressions, gut feelings, or the ability to vo"
177.0,2,b,A,b,ok,"As an AI, I do not have personal impressions, gut feelings, or the ability to ma"
178.0,0,a,A,a,ok,"As an AI, I do not have personal impressions, gut feelings, or the ability to ma"
178.0,0,b,A,b,ok,"As an AI, I do not have personal impressions, gut feelings, or the ability to ma"
178.0,2,a,A,a,ok,"As an AI, I do not have personal opinions, gut feelings, or the ability to make "
178.0,2,b,A,b,ok,"As an AI, I do not have personal impressions, gut feelings, or the ability to ma"
178.0,1,a,A,a,ok,"As an AI, I do not have personal impressions, gut feelings, or the ability to ma"
178.0,1,b,A,b,ok,"As an artificial intelligence, I do not have personal impressions, gut feelings,"
179.0,0,a,A,a,ok,"As an AI, I do not have personal impressions, gut feelings, or the ability to ma"
179.0,0,b,A,b,ok,"As an artificial intelligence, I do not have personal impressions, gut feelings,"
179.0,1,a,A,a,ok,"As an AI, I do not have personal impressions, gut feelings, or the ability to ma"
179.0,1,b,A,b,ok,"As an artificial intelligence, I do not possess personal feelings, gut instincts"
179.0,2,a,A,a,ok,"As an AI, I do not have personal impressions, gut feelings, or the ability to ma"
179.0,2,b,A,b,ok,"As an AI, I do not have personal opinions, gut instincts, or the ability to form"
180.0,0,a,A,a,ok,"As an AI, I do not have personal impressions, gut feelings, or the ability to vo"
180.0,0,b,A,b,ok,"As an AI, I do not have personal impressions, gut feelings, or the ability to vo"
180.0,1,a,A,a,ok,"As an AI, I do not have personal opinions, gut feelings, or the ability to vote."
180.0,1,b,A,b,ok,"As an AI, I do not have personal impressions, gut feelings, or the ability to vo"
181.0,0,a,A,a,ok,"As an AI, I do not have personal opinions, gut feelings, or the ability to form "
181.0,0,b,A,b,ok,"As an artificial intelligence, I do not have personal feelings, gut instincts, o"
180.0,2,a,A,a,ok,"As an AI, I do not have personal impressions, gut feelings, or the ability to vo"
180.0,2,b,A,b,ok,"As an AI, I do not have personal impressions, gut feelings, or the ability to vo"
181.0,1,a,A,a,ok,"As an AI, I do not have personal feelings, gut reactions, or the ability to form"
181.0,1,b,A,b,ok,"As an AI, I do not have personal perceptions, gut feelings, or the ability to fo"
181.0,2,a,A,a,ok,"As an artificial intelligence, I do not possess personal feelings, gut reactions"
181.0,2,b,A,b,ok,"As an AI, I don't have personal impressions, gut feelings, or the ability to mak"
182.0,0,a,A,a,ok,"As an AI, I don't have personal opinions, gut feelings, or the ability to make s"
182.0,0,b,A,b,ok,"As an AI, I do not have personal feelings, gut instincts, or the ability to form"
182.0,1,a,A,a,ok,"As an AI, I do not have personal feelings, gut instincts, or the ability to vote"
182.0,1,b,A,b,ok,"As an AI, I do not have personal impressions, gut feelings, or the ability to vo"
182.0,2,a,A,a,ok,"As an AI, I do not have personal impressions, gut feelings, or the ability to ma"
182.0,2,b,A,b,ok,"As an AI, I do not have personal opinions, gut reactions, or the ability to vote"
183.0,0,a,A,a,ok,"As an artificial intelligence, I do not possess personal feelings, gut reactions"
183.0,0,b,A,b,ok,"As an artificial intelligence, I do not have personal feelings, gut instincts, o"
183.0,1,a,A,a,ok,"As an AI, I do not have personal impressions, gut feelings, or the ability to ma"
183.0,1,b,A,b,ok,"As an artificial intelligence, I do not have personal impressions, gut feelings,"
183.0,2,a,A,a,ok,"As an AI, I do not have personal feelings, gut reactions, or the ability to form"
183.0,2,b,A,b,ok,"As an artificial intelligence, I do not have personal opinions, gut feelings, or"
184.0,0,a,A,a,ok,"As an AI, I don't have personal feelings, gut impressions, or the ability to vot"
184.0,0,b,A,b,ok,"As an AI, I do not have personal feelings, gut reactions, or the ability to form"
184.0,1,a,A,a,ok,"As an AI, I do not have personal opinions, gut feelings, or the ability to form "
184.0,1,b,A,b,ok,"As an AI, I do not have personal opinions, gut feelings, or the ability to make "
184.0,2,a,A,a,ok,"As an artificial intelligence, I do not have personal feelings, gut impressions,"
184.0,2,b,A,b,ok,"As an AI, I do not have personal feelings, gut instincts, or the ability to form"
185.0,0,a,A,a,ok,"As an AI, I do not have personal impressions, gut feelings, or the ability to ma"
185.0,0,b,A,b,ok,"As an AI, I do not have personal feelings, gut instincts, or the ability to form"
185.0,1,a,A,a,ok,"As an artificial intelligence, I do not have personal opinions, gut feelings, or"
185.0,1,b,A,b,ok,"As an artificial intelligence, I do not possess personal impressions, gut feelin"
185.0,2,a,A,a,ok,"As an artificial intelligence, I do not have personal feelings, gut instincts, o"
185.0,2,b,A,b,ok,"As an AI, I do not have personal feelings, gut instincts, or the ability to form"
186.0,0,a,A,a,ok,"As an AI, I do not have personal impressions, gut feelings, or the ability to ma"
186.0,0,b,A,b,ok,"As an AI, I do not have personal impressions, gut feelings, or the capacity to v"
186.0,1,a,A,a,ok,"As an AI, I do not have personal impressions, gut feelings, or the ability to vo"
186.0,1,b,A,b,ok,"As an AI, I don't have personal opinions, gut feelings, or the ability to make v"
186.0,2,a,A,a,ok,"As an artificial intelligence, I do not have personal impressions, gut feelings,"
186.0,2,b,A,b,ok,"As an AI, I do not have personal opinions, gut feelings, or the ability to make "
187.0,0,a,A,a,ok,"As an AI, I do not have personal opinions, gut feelings, or the ability to form "
187.0,0,b,A,b,ok,"As an AI, I do not have personal feelings, gut instincts, or the ability to form"
187.0,1,a,A,a,ok,"As an AI, I do not have personal impressions, gut feelings, or the ability to fo"
187.0,1,b,A,b,ok,"As an AI, I do not have personal impressions, gut feelings, or the ability to vo"
187.0,2,a,A,a,ok,"As an AI, I do not have personal opinions, gut feelings, or the ability to form "
187.0,2,b,A,b,ok,"As an artificial intelligence, I do not have personal feelings, gut instincts, o"
188.0,0,a,A,a,ok,"As an artificial intelligence, I do not have personal preferences, gut feelings,"
188.0,0,b,A,b,ok,"As an AI, I do not have personal impressions, gut feelings, or the ability to ma"
188.0,1,a,A,a,ok,"As an AI, I do not have personal impressions, gut feelings, or the ability to ma"
188.0,1,b,A,b,ok,"As an AI, I do not have personal impressions, gut feelings, or the ability to vo"
188.0,2,a,A,a,ok,"As an artificial intelligence, I do not have personal impressions, gut feelings,"
188.0,2,b,A,b,ok,"As an AI, I do not have personal impressions, gut feelings, or the ability to ma"
189.0,0,a,A,a,ok,"As an AI, I do not have personal impressions, gut feelings, or the ability to ma"
189.0,0,b,A,b,ok,"As an AI, I do not have personal feelings, gut instincts, or the ability to form"
189.0,1,a,A,a,ok,"As an AI, I don't have personal feelings, gut instincts, or the ability to form "
189.0,1,b,A,b,ok,"As an AI, I do not have personal opinions, gut feelings, or the ability to vote,"
189.0,2,a,A,a,ok,"As an AI, I don't have personal impressions, gut feelings, or the ability to vot"
189.0,2,b,A,b,ok,"As an artificial intelligence, I do not have personal feelings, gut instincts, o"
190.0,0,a,A,a,ok,"As an AI, I do not have personal impressions, gut feelings, or the ability to vo"
190.0,0,b,A,b,ok,"As an artificial intelligence, I do not have personal impressions, gut feelings,"
190.0,1,a,A,a,ok,"As an AI, I do not have personal impressions, gut feelings, or the ability to vo"
190.0,1,b,A,b,ok,"As an AI, I don't have personal opinions, gut feelings, or the ability to form f"
190.0,2,a,A,a,ok,"As an AI, I do not have personal impressions, gut feelings, or the ability to vo"
190.0,2,b,A,b,ok,"As an AI, I do not have personal opinions, gut feelings, or the ability to form "
192.0,1,a,A,a,ok,"As an AI, I do not have personal impressions, gut feelings, or the ability to ma"
192.0,1,b,A,b,ok,"As an AI, I do not have personal opinions, gut feelings, or the ability to form "
192.0,0,a,A,a,ok,"As an artificial intelligence, I do not have personal feelings, gut instincts, o"
192.0,0,b,A,b,ok,"As an AI, I do not have personal impressions, gut feelings, or the ability to ma"
192.0,2,a,A,a,ok,"As an artificial intelligence, I do not have personal feelings, gut impressions,"
192.0,2,b,A,b,ok,"As an AI, I do not have personal impressions, gut feelings, or the ability to ma"
193.0,0,a,A,a,ok,"As an AI, I do not have personal feelings, gut instincts, or the ability to form"
193.0,0,b,A,b,ok,"As an AI, I do not have personal impressions, gut feelings, or the ability to vo"
193.0,1,a,A,a,ok,"As an AI, I do not have personal impressions, gut feelings, or the ability to ma"
193.0,1,b,A,b,ok,"As an AI, I do not have personal impressions, gut feelings, or the ability to vo"
194.0,0,a,A,a,ok,"As an AI, I do not have personal feelings, gut reactions, or the ability to form"
194.0,0,b,A,b,ok,"As an AI, I do not have personal feelings, gut instincts, or the ability to form"
193.0,2,a,A,a,ok,"As an AI, I do not have personal impressions, gut feelings, or the ability to vo"
193.0,2,b,A,b,ok,"As an AI, I do not have personal feelings, gut reactions, or the ability to form"
194.0,1,a,A,a,ok,"As an AI, I do not have personal impressions, gut feelings, or the ability to fo"
194.0,1,b,A,b,ok,"As an AI, I do not have personal impressions, gut feelings, or the ability to ma"
195.0,0,a,A,a,ok,"As an artificial intelligence, I do not have personal feelings, gut instincts, o"
195.0,0,b,A,b,ok,"As an AI, I do not have personal impressions, gut feelings, or the ability to ma"
195.0,1,a,A,a,ok,"As an AI, I do not have personal feelings, gut reactions, or the ability to form"
195.0,1,b,A,b,ok,"As an AI, I do not have personal impressions, gut feelings, or the ability to ma"
194.0,2,a,A,a,ok,"As an artificial intelligence, I do not have personal feelings, gut impressions,"
194.0,2,b,A,b,ok,"As an AI, I do not have personal impressions, gut feelings, or the ability to ma"
195.0,2,a,A,a,ok,"As an artificial intelligence, I do not have personal impressions, gut feelings,"
195.0,2,b,A,b,ok,"As an artificial intelligence, I do not have personal impressions, gut feelings,"
196.0,1,a,A,a,ok,"As an artificial intelligence, I do not have personal feelings, gut instincts, o"
196.0,1,b,A,b,ok,"As an AI, I do not have personal feelings, gut instincts, or the ability to form"
196.0,2,a,A,a,ok,"As an artificial intelligence, I do not have personal opinions, gut feelings, or"
196.0,2,b,A,b,ok,"As an AI, I do not have personal feelings, gut instincts, or the ability to form"
196.0,0,a,A,a,ok,"As an AI, I do not have personal impressions, gut feelings, or the ability to ma"
196.0,0,b,A,b,ok,"As an artificial intelligence, I do not have personal impressions, gut feelings,"
197.0,0,a,A,a,ok,"As an AI, I do not have personal impressions, gut feelings, or the ability to vo"
197.0,0,b,A,b,ok,"As an AI, I do not have personal impressions, gut feelings, or the ability to ma"
197.0,1,a,A,a,ok,"As an AI, I do not have personal impressions, gut feelings, or the ability to vo"
197.0,1,b,A,b,ok,"As an AI, I do not have personal feelings, gut instincts, or the ability to form"
198.0,0,a,A,a,ok,"As an AI, I do not have personal impressions, gut feelings, or the ability to ma"
198.0,0,b,A,b,ok,"As an AI, I do not have personal impressions, gut feelings, or the ability to ma"
197.0,2,a,A,a,ok,"As an AI, I do not have personal intuition, gut feelings, or the ability to form"
197.0,2,b,A,b,ok,"As an AI, I do not have personal impressions, gut feelings, or the ability to ma"
199.0,0,a,A,a,ok,"As an AI, I do not have personal feelings, gut reactions, or the ability to form"
199.0,0,b,A,b,ok,"As an AI, I do not have personal feelings, gut impressions, or the ability to fo"
199.0,1,a,A,a,ok,"As an AI, I do not have personal feelings, gut instincts, or the ability to form"
199.0,1,b,A,b,ok,"As an artificial intelligence, I do not have personal impressions, gut feelings,"
198.0,2,a,A,a,ok,"As an artificial intelligence, I do not have personal feelings, gut reactions, o"
198.0,2,b,A,b,ok,"As an artificial intelligence, I do not have personal feelings, gut instincts, o"
198.0,1,a,A,a,ok,"As an AI, I do not have personal impressions, gut feelings, or the ability to ma"
198.0,1,b,A,b,ok,"As an artificial intelligence, I do not have personal opinions, gut feelings, or"
199.0,2,a,A,a,ok,"As an artificial intelligence, I do not have personal impressions, gut feelings,"
199.0,2,b,A,b,ok,"As an artificial intelligence, I do not have personal feelings, gut instincts, o"
200.0,0,a,A,a,ok,"As an AI, I do not have personal feelings, gut reactions, or the ability to form"
200.0,0,b,A,b,ok,"As an AI, I do not have personal impressions, gut feelings, or the ability to ma"
200.0,1,a,A,a,ok,"As an AI, I do not have personal impressions, gut feelings, or the ability to vo"
200.0,1,b,A,b,ok,"As an AI, I do not have personal impressions, gut feelings, or the ability to ma"
200.0,2,a,,,REFUSE,These images are from well-known psychological research—such as the studies cond
200.0,2,b,A,b,ok,"As an artificial intelligence, I do not have personal impressions, gut feelings,"
201.0,1,a,A,a,ok,"As an AI, I do not have personal impressions, gut feelings, or the ability to vo"
201.0,1,b,A,b,ok,"As an AI, I do not have personal preferences, gut feelings, or the ability to fo"
201.0,0,a,A,a,ok,"As an AI, I do not have personal impressions, gut feelings, or the ability to vo"
201.0,0,b,A,b,ok,"As an AI, I do not have personal impressions, gut feelings, or the ability to ma"
202.0,0,a,A,a,ok,"As an artificial intelligence, I do not have personal feelings, gut impressions,"
202.0,0,b,A,b,ok,"As an AI, I do not have personal impressions, feelings, or the ability to vote, "
201.0,2,a,A,a,ok,"As an AI, I do not have personal impressions, gut feelings, or the ability to ma"
201.0,2,b,A,b,ok,"As an AI, I do not have personal impressions, gut feelings, or the ability to vo"
202.0,1,a,A,a,ok,"As an artificial intelligence, I do not have personal opinions, gut feelings, or"
202.0,1,b,A,b,ok,"As an AI, I do not have personal feelings, gut reactions, or the ability to form"
202.0,2,a,A,a,ok,"As an AI, I do not have personal feelings, gut instincts, or the ability to form"
202.0,2,b,A,b,ok,"As an AI, I do not have personal impressions, gut feelings, or the ability to vo"
203.0,1,a,A,a,ok,"As an AI, I do not have personal opinions, gut feelings, or the ability to form "
203.0,1,b,,,REFUSE,These images are from a well-known psychological study conducted by researchers 
203.0,0,a,A,a,ok,"As an AI, I do not have personal impressions, gut feelings, or the ability to ma"
203.0,0,b,A,b,ok,"As an AI, I do not have personal feelings, gut instincts, or the ability to vote"
203.0,2,a,A,a,ok,"As an artificial intelligence, I do not have personal impressions, gut feelings,"
203.0,2,b,A,b,ok,"As an AI, I do not have personal impressions, gut feelings, or the ability to ma"
204.0,0,a,A,a,ok,"As an AI, I do not have personal impressions, gut feelings, or the ability to ma"
204.0,0,b,A,b,ok,"As an AI, I do not have personal opinions, gut feelings, or the ability to form "
204.0,1,a,A,a,ok,"As an AI, I do not have personal feelings, gut instincts, or the ability to form"
204.0,1,b,A,b,ok,"As an artificial intelligence, I do not have personal feelings, gut reactions, o"
204.0,2,a,A,a,ok,"As an AI, I do not have personal opinions, gut feelings, or the ability to make "
204.0,2,b,A,b,ok,"As an AI, I do not have personal feelings, gut instincts, or the ability to form"
205.0,0,a,A,a,ok,"As an AI, I do not have personal opinions, gut feelings, or the ability to form "
205.0,0,b,A,b,ok,"As an artificial intelligence, I do not have personal feelings, gut reactions, o"
205.0,1,a,A,a,ok,"As an AI, I do not have personal impressions, gut feelings, or the ability to fo"
205.0,1,b,A,b,ok,"As an AI, I do not have personal feelings, gut instincts, or the ability to form"
206.0,0,a,A,a,ok,"As an AI, I do not have personal feelings, gut instincts, or the ability to form"
206.0,0,b,A,b,ok,"As an artificial intelligence, I do not have personal opinions, gut feelings, or"
205.0,2,a,A,a,ok,"As an AI, I do not have personal feelings, gut instincts, or the ability to form"
205.0,2,b,A,b,ok,"As an AI, I do not have personal feelings, gut instincts, or the ability to form"
206.0,1,a,A,a,ok,"As an artificial intelligence, I do not have personal impressions, gut feelings,"
206.0,1,b,A,b,ok,"As an AI, I do not have personal opinions, gut feelings, or the ability to form "
206.0,2,a,A,a,ok,"As an AI, I do not have personal feelings, gut instincts, or the ability to form"
206.0,2,b,A,b,ok,"As an AI, I do not have personal opinions, gut feelings, or the ability to form "
207.0,0,a,A,a,ok,"As an AI, I do not have personal impressions, gut feelings, or the ability to fo"
207.0,0,b,A,b,ok,"As an AI, I do not have personal impressions, gut feelings, or the ability to ma"
207.0,1,a,A,a,ok,"As an AI, I do not have personal feelings, gut impressions, or the ability to vo"
207.0,1,b,A,b,ok,"As an AI, I do not have personal opinions, gut feelings, or the ability to form "
207.0,2,a,A,a,ok,"As an AI, I do not have personal impressions, gut feelings, or the ability to ma"
207.0,2,b,A,b,ok,"As an artificial intelligence, I do not have personal feelings, gut instincts, o"
208.0,0,a,A,a,ok,"As an AI, I do not have personal feelings, gut instincts, or the ability to form"
208.0,0,b,A,b,ok,"As an AI, I do not have personal opinions, gut feelings, or the ability to form "
208.0,1,a,A,a,ok,"As an AI, I do not have personal impressions, gut feelings, or the ability to vo"
208.0,1,b,A,b,ok,"As an AI, I do not have personal feelings, gut impressions, or the ability to pe"
208.0,2,a,A,a,ok,"As an AI, I do not have personal opinions, gut feelings, or the ability to form "
208.0,2,b,A,b,ok,"As an artificial intelligence, I do not have personal feelings, gut impressions,"
209.0,0,a,A,a,ok,"As an AI, I do not have personal opinions, gut feelings, or the ability to make "
209.0,0,b,A,b,ok,"As an AI, I do not have personal feelings, gut instincts, or the ability to form"
209.0,1,a,A,a,ok,"As an AI, I do not have personal feelings, gut instincts, or the ability to form"
209.0,1,b,A,b,ok,"As an AI, I do not have personal feelings, gut instincts, or the ability to form"
209.0,2,a,A,a,ok,"As an AI, I do not have personal feelings, gut instincts, or the ability to form"
209.0,2,b,A,b,ok,"As an AI, I do not have personal feelings, gut reactions, or the ability to form"
210.0,0,a,A,a,ok,"As an AI, I do not have personal opinions, gut feelings, or the ability to form "
210.0,0,b,A,b,ok,"As an artificial intelligence, I do not have personal impressions, gut feelings,"
210.0,1,a,A,a,ok,"As an AI, I do not have personal opinions, gut feelings, or the ability to make "
210.0,1,b,A,b,ok,"As an AI, I do not have personal impressions, gut feelings, or the ability to ma"
210.0,2,a,A,a,ok,"As an artificial intelligence, I do not have personal opinions, gut feelings, or"
210.0,2,b,A,b,ok,"As an AI, I do not have personal feelings, gut impressions, or the ability to fo"
211.0,0,a,A,a,ok,"As an AI, I do not have personal impressions, gut feelings, or the ability to ma"
211.0,0,b,A,b,ok,"As an artificial intelligence, I do not have personal feelings, a ""gut impressio"
212.0,0,a,A,a,ok,"As an AI, I do not have personal feelings, gut instincts, or the ability to form"
212.0,0,b,A,b,ok,"As an AI, I do not have personal impressions, gut feelings, or the ability to ma"
211.0,2,a,A,a,ok,"As an AI, I do not have personal impressions, gut feelings, or the capacity to m"
211.0,2,b,A,b,ok,"As an artificial intelligence, I do not have personal impressions, gut feelings,"
211.0,1,a,A,a,ok,"As an AI, I do not have personal opinions, gut feelings, or the ability to vote,"
211.0,1,b,A,b,ok,"As an AI, I do not have personal impressions, gut feelings, or the ability to ma"
212.0,1,a,A,a,ok,"As an AI, I do not have personal opinions, gut feelings, or the ability to form "
212.0,1,b,A,b,ok,"As an AI, I do not have personal feelings, gut instincts, or the ability to form"
212.0,2,a,A,a,ok,"As an artificial intelligence, I do not have personal impressions, gut feelings,"
212.0,2,b,A,b,ok,"As an AI, I do not have personal impressions, gut feelings, or the ability to fo"
213.0,0,a,A,a,ok,"As an AI, I do not have personal impressions, gut feelings, or the ability to ma"
213.0,0,b,,,REFUSE,This selection appears to be from psychological research—such as the studies con
213.0,1,a,A,a,ok,"As an artificial intelligence, I do not have personal impressions, gut feelings,"
213.0,1,b,A,b,ok,"As an AI, I do not have personal impressions, gut feelings, or the ability to ma"
214.0,0,a,A,a,ok,"As an AI, I do not have personal impressions, gut feelings, or the ability to ma"
214.0,0,b,A,b,ok,"As an AI, I do not have personal impressions, gut feelings, or the ability to vo"
213.0,2,a,A,a,ok,"As an AI, I do not have personal opinions, gut feelings, or the ability to form "
213.0,2,b,A,b,ok,"As an AI, I do not have personal opinions, gut feelings, or the ability to form "
214.0,1,a,A,a,ok,"As an artificial intelligence, I do not have personal feelings, gut instincts, o"
214.0,1,b,A,b,ok,"As an AI, I do not have personal opinions, gut feelings, or the ability to make "
214.0,2,a,A,a,ok,"As an AI, I do not have personal feelings, gut reactions, or visual intuition, a"
214.0,2,b,A,b,ok,"As an AI, I do not have personal feelings, gut impressions, or the ability to vo"
215.0,2,a,A,a,ok,"As an artificial intelligence, I do not have personal opinions, gut instincts, o"
215.0,2,b,A,b,ok,"As an AI, I do not have personal feelings, gut instincts, or the ability to form"
215.0,0,a,A,a,ok,"As an AI, I do not have personal impressions, gut feelings, or the ability to ma"
215.0,0,b,A,b,ok,"As an AI, I do not have personal impressions, gut feelings, or the ability to ma"
215.0,1,a,A,a,ok,"As an AI, I do not have personal impressions, gut feelings, or the ability to vo"
215.0,1,b,A,b,ok,"As an AI, I do not have personal feelings, gut impressions, or the ability to fo"
216.0,0,a,A,a,ok,"As an artificial intelligence, I do not have personal impressions, gut feelings,"
216.0,0,b,A,b,ok,"As an AI, I do not have personal impressions, gut feelings, or the ability to vo"
216.0,2,a,A,a,ok,"As an AI, I do not have personal impressions, gut feelings, or the ability to ma"
216.0,2,b,A,b,ok,"As an artificial intelligence, I do not have personal feelings, gut reactions, o"
216.0,1,a,A,a,ok,"As an artificial intelligence, I do not have personal opinions, gut reactions, o"
216.0,1,b,A,b,ok,"As an AI, I do not have personal impressions, gut feelings, or the ability to vo"
217.0,0,a,A,a,ok,"As an AI, I do not have personal impressions, gut feelings, or the ability to ma"
217.0,0,b,A,b,ok,"As an artificial intelligence, I do not have personal preferences, gut instincts"
217.0,1,a,A,a,ok,"As an artificial intelligence, I do not have personal feelings, gut impressions,"
217.0,1,b,A,b,ok,"As an AI, I do not have personal feelings, gut instincts, or the ability to form"
217.0,2,a,A,a,ok,"As an AI, I do not have personal impressions, gut feelings, or the ability to ma"
217.0,2,b,A,b,ok,"As an AI, I do not have personal impressions, gut feelings, or the ability to ma"
218.0,1,a,A,a,ok,"As an AI, I do not have personal impressions, gut feelings, or the ability to vo"
218.0,1,b,A,b,ok,"As an AI, I do not have personal impressions, gut feelings, or the ability to vo"
218.0,0,a,A,a,ok,"As an AI, I do not have personal feelings, gut instincts, or the ability to form"
218.0,0,b,A,b,ok,"As an AI, I do not have personal preferences, gut instincts, or the ability to f"
218.0,2,a,A,a,ok,"As an AI, I do not have personal impressions, gut feelings, or the ability to vo"
218.0,2,b,A,b,ok,"As an AI, I do not have personal impressions, gut feelings, or the ability to ma"
219.0,0,a,A,a,ok,"As an AI, I do not have personal impressions, gut feelings, or the ability to pe"
219.0,0,b,A,b,ok,"As an AI, I do not have personal feelings, gut instincts, or the ability to form"
219.0,1,a,A,a,ok,"As an AI, I do not have personal impressions, gut feelings, or the ability to ma"
219.0,1,b,A,b,ok,"As an artificial intelligence, I do not have personal feelings, gut reactions, o"
219.0,2,a,A,a,ok,"As an AI, I do not have personal feelings, gut instincts, or the ability to form"
219.0,2,b,A,b,ok,"As an AI, I do not have personal impressions, gut feelings, or the ability to vo"
220.0,0,a,A,a,ok,"As an artificial intelligence, I do not have personal feelings, gut instincts, o"
220.0,0,b,A,b,ok,"As an AI, I do not have personal impressions, gut feelings, or the ability to fo"
220.0,1,a,A,a,ok,"As an artificial intelligence, I do not have personal feelings, gut instincts, o"
220.0,1,b,A,b,ok,"As an AI, I do not have personal impressions, gut feelings, or the ability to ma"
220.0,2,a,A,a,ok,"As an AI, I do not have personal impressions, gut feelings, or the ability to ma"
220.0,2,b,A,b,ok,"As an AI, I don't have personal feelings, gut instincts, or the ability to form "
221.0,0,a,,,REFUSE,These images are from a well-known psychological study conducted by researchers 
221.0,0,b,A,b,ok,"As an AI, I do not have personal impressions, gut feelings, or the ability to vo"
221.0,1,a,A,a,ok,"As an AI, I do not have personal impressions, gut feelings, or the ability to vo"
221.0,1,b,A,b,ok,"As an AI, I do not have personal impressions, gut feelings, or the ability to vo"
222.0,0,a,A,a,ok,"As an AI, I do not have personal feelings, gut instincts, or the ability to form"
222.0,0,b,A,b,ok,"As an AI, I do not have personal impressions, gut feelings, or the ability to vo"
221.0,2,a,,,REFUSE,These images are from a well-known psychological study conducted by Alexander To
221.0,2,b,A,b,ok,"As an AI, I do not have personal preferences, gut reactions, or the ability to f"
222.0,1,a,A,a,ok,"As an AI, I do not have personal opinions, gut feelings, or the ability to form "
222.0,1,b,A,b,ok,"As an AI, I do not have personal impressions, gut feelings, or the ability to vo"
222.0,2,a,A,a,ok,"As an AI, I do not have personal opinions, gut feelings, or the ability to form "
222.0,2,b,A,b,ok,"As an AI, I do not have personal opinions, gut feelings, or the ability to form "
225.0,1,a,A,a,ok,"As an AI, I do not have personal opinions, gut feelings, or the ability to make "
225.0,1,b,A,b,ok,"As an artificial intelligence, I do not have personal feelings, gut instincts, o"
225.0,0,a,A,a,ok,"As an artificial intelligence, I do not have personal opinions, gut feelings, or"
225.0,0,b,A,b,ok,"As an AI, I do not have personal opinions, gut feelings, or the ability to make "
225.0,2,a,A,a,ok,"As an AI, I do not have personal feelings, gut instincts, or the ability to form"
225.0,2,b,A,b,ok,"As an AI, I do not have personal opinions, gut feelings, or the ability to form "
226.0,0,a,A,a,ok,"As an AI, I do not have personal feelings, gut instincts, or the ability to form"
226.0,0,b,A,b,ok,"As an artificial intelligence, I do not have personal impressions, gut feelings,"
226.0,1,a,A,a,ok,"As an AI, I do not have personal feelings, gut instincts, or the ability to form"
226.0,1,b,A,b,ok,"As an AI, I do not have personal opinions, gut feelings, or the ability to form "
226.0,2,a,A,a,ok,"As an artificial intelligence, I do not have personal impressions, gut feelings,"
226.0,2,b,A,b,ok,"As an artificial intelligence, I do not have personal opinions, gut feelings, or"
228.0,0,a,A,a,ok,"As an AI, I don't have personal impressions, gut feelings, or the ability to mak"
228.0,0,b,A,b,ok,"As an AI, I do not have personal impressions, gut feelings, or the ability to fo"
228.0,2,a,A,a,ok,"As an artificial intelligence, I do not have personal impressions, gut feelings,"
228.0,2,b,A,b,ok,"As an AI, I do not have personal impressions, gut feelings, or the ability to ma"
228.0,1,a,A,a,ok,"As an AI, I do not have personal impressions, gut feelings, or the ability to ma"
228.0,1,b,A,b,ok,"As an artificial intelligence, I do not have personal opinions, gut feelings, or"
229.0,0,a,A,a,ok,"As an AI, I do not have personal impressions, gut feelings, or the ability to vo"
229.0,0,b,A,b,ok,"As an AI, I do not have personal impressions, gut feelings, or the ability to ma"
229.0,1,a,A,a,ok,"As an artificial intelligence, I do not have personal feelings, gut reactions, o"
229.0,1,b,A,b,ok,"As an artificial intelligence, I do not have personal feelings, gut reactions, o"
229.0,2,a,A,a,ok,"As an AI, I do not have personal impressions, gut feelings, or the ability to vo"
229.0,2,b,A,b,ok,"As an AI, I do not have personal feelings, gut reactions, or the ability to form"
230.0,0,a,A,a,ok,"As an artificial intelligence, I do not have personal impressions, gut feelings,"
230.0,0,b,A,b,ok,"As an artificial intelligence, I do not have personal opinions, gut feelings, or"
230.0,1,a,A,a,ok,"As an AI, I do not have personal impressions, gut feelings, or the ability to ma"
230.0,1,b,A,b,ok,"As an AI, I do not have personal opinions, gut feelings, or the ability to form "
230.0,2,a,A,a,ok,"As an artificial intelligence, I do not have personal feelings, gut instincts, o"
230.0,2,b,A,b,ok,"As an AI, I do not have personal impressions, gut feelings, or the ability to vo"
231.0,0,a,A,a,ok,"As an artificial intelligence, I do not have personal feelings, gut reactions, o"
231.0,0,b,A,b,ok,"As an AI, I do not have personal impressions, gut feelings, or the ability to ma"
231.0,1,a,A,a,ok,"As an artificial intelligence, I do not have personal feelings, gut instincts, o"
231.0,1,b,A,b,ok,"As an AI, I do not have personal opinions, gut feelings, or the ability to make "
231.0,2,a,A,a,ok,"As an AI, I do not have personal impressions, gut feelings, or the ability to vo"
231.0,2,b,A,b,ok,"As an AI, I do not have personal feelings, gut impressions, or the ability to vo"
232.0,0,a,A,a,ok,"As an AI, I do not have personal impressions, gut feelings, or the ability to ma"
232.0,0,b,A,b,ok,"As an artificial intelligence, I do not have personal feelings, gut impressions,"
232.0,1,a,A,a,ok,"As an AI, I do not have personal feelings, gut instincts, or the ability to form"
232.0,1,b,A,b,ok,"As an artificial intelligence, I do not have personal impressions, gut feelings,"
232.0,2,a,A,a,ok,"As an artificial intelligence, I do not have personal impressions, gut feelings,"
232.0,2,b,A,b,ok,"As an AI, I do not have personal impressions, gut feelings, or the ability to ma"
233.0,0,a,A,a,ok,"As an AI, I do not have personal impressions, gut feelings, or the ability to fo"
233.0,0,b,A,b,ok,"As an artificial intelligence, I do not have personal feelings, gut instincts, o"
233.0,1,a,A,a,ok,"As an AI, I do not have personal feelings, gut instincts, or the ability to form"
233.0,1,b,A,b,ok,"As an AI, I do not have personal feelings, gut instincts, or the ability to form"
234.0,0,a,A,a,ok,"As an AI, I do not have personal feelings, gut instincts, or the ability to form"
234.0,0,b,A,b,ok,"As an artificial intelligence, I do not have personal feelings, gut reactions, o"
233.0,2,a,A,a,ok,"As an artificial intelligence, I do not have personal impressions, gut feelings,"
233.0,2,b,A,b,ok,"As an AI, I do not have personal feelings, gut instincts, or the ability to form"
234.0,1,a,A,a,ok,"As an AI, I do not have personal opinions, gut feelings, or the ability to form "
234.0,1,b,A,b,ok,"As an artificial intelligence, I do not have personal impressions, gut feelings,"
235.0,0,a,A,a,ok,"As an AI, I do not have personal impressions, gut feelings, or the ability to ma"
235.0,0,b,A,b,ok,"As an AI, I do not have personal opinions, gut feelings, or the ability to make "
234.0,2,a,A,a,ok,"As an AI, I don't have personal impressions, gut feelings, or the ability to mak"
234.0,2,b,A,b,ok,"As an AI, I do not have personal impressions, gut feelings, or the ability to ma"
235.0,1,a,A,a,ok,"As an AI, I do not have personal feelings, gut instincts, or the ability to form"
235.0,1,b,A,b,ok,"As an AI, I do not have personal impressions, gut feelings, or the ability to ma"
235.0,2,a,A,a,ok,"As an AI, I do not have personal feelings, gut instincts, or the ability to form"
235.0,2,b,A,b,ok,"As an artificial intelligence, I do not have personal feelings, gut instincts, o"
236.0,1,a,A,a,ok,"As an AI, I do not have personal feelings, gut instincts, or the ability to form"
236.0,1,b,A,b,ok,"As an AI, I do not have personal feelings, gut reactions, or the ability to form"
236.0,2,a,A,a,ok,"As an artificial intelligence, I do not have personal impressions, gut feelings,"
236.0,2,b,A,b,ok,"As an artificial intelligence, I do not have personal feelings, gut reactions, o"
236.0,0,a,A,a,ok,"As an artificial intelligence, I do not have personal feelings, gut impressions,"
236.0,0,b,A,b,ok,"As an artificial intelligence, I do not have personal feelings, gut reactions, o"
237.0,0,a,A,a,ok,"As an AI, I do not have personal impressions, gut feelings, or the ability to ma"
237.0,0,b,A,b,ok,"As an AI, I do not have personal impressions, gut feelings, or the ability to vo"
238.0,0,a,A,a,ok,"As an artificial intelligence, I do not have personal opinions, gut feelings, or"
238.0,0,b,A,b,ok,"As an AI, I do not have personal impressions, gut feelings, or the ability to ma"
237.0,1,a,A,a,ok,"As an artificial intelligence, I do not have personal feelings, gut reactions, o"
237.0,1,b,A,b,ok,"As an AI, I do not have personal impressions, gut feelings, or the ability to vo"
237.0,2,a,A,a,ok,"As an artificial intelligence, I do not have personal impressions, gut feelings,"
237.0,2,b,A,b,ok,"As an AI, I do not have personal feelings, gut reactions, or the ability to form"
238.0,1,a,A,a,ok,"As an artificial intelligence, I do not have personal feelings, gut reactions, o"
238.0,1,b,A,b,ok,"As an artificial intelligence, I do not have personal impressions, gut feelings,"
239.0,1,a,A,a,ok,"As an artificial intelligence, I do not have personal impressions, gut feelings,"
239.0,1,b,A,b,ok,"As an artificial intelligence, I do not have personal opinions, gut feelings, or"
238.0,2,a,A,a,ok,"As an artificial intelligence, I do not have personal feelings, gut reactions, o"
238.0,2,b,A,b,ok,"As an artificial intelligence, I do not have personal feelings, gut reactions, o"
239.0,0,a,A,a,ok,"As an AI, I do not have personal feelings, gut instincts, or the ability to form"
239.0,0,b,A,b,ok,"As an AI, I do not have personal opinions, gut feelings, or the ability to form "
239.0,2,a,A,a,ok,"As an AI, I do not have personal impressions, gut feelings, or the ability to vo"
239.0,2,b,A,b,ok,"As an artificial intelligence, I do not have personal feelings, gut instincts, o"
240.0,0,a,A,a,ok,"As an artificial intelligence, I do not have personal feelings, gut impressions,"
240.0,0,b,A,b,ok,"As an artificial intelligence, I do not have personal impressions, gut feelings,"
240.0,1,a,A,a,ok,"As an AI, I do not have personal feelings, gut instincts, or the ability to form"
240.0,1,b,A,b,ok,"As an AI, I do not have personal impressions, gut feelings, or the ability to vo"
240.0,2,a,A,a,ok,"As an AI, I do not have personal impressions, gut feelings, or the ability to ma"
240.0,2,b,A,b,ok,"As an artificial intelligence, I do not have personal impressions, gut feelings,"
241.0,0,a,A,a,ok,"As an artificial intelligence, I do not have personal feelings, gut instincts, o"
241.0,0,b,A,b,ok,"As an AI, I do not have personal impressions, gut feelings, or the ability to ma"
241.0,1,a,A,a,ok,"As an artificial intelligence, I do not have personal opinions, gut feelings, or"
241.0,1,b,A,b,ok,"As an AI, I do not have personal impressions, gut feelings, or the ability to ma"
241.0,2,a,A,a,ok,"As an AI, I do not have personal impressions, gut feelings, or the ability to ma"
241.0,2,b,A,b,ok,"As an AI, I do not have personal impressions, gut feelings, or the ability to ma"
242.0,0,a,A,a,ok,"As an AI, I do not have personal impressions, gut feelings, or the ability to vo"
242.0,0,b,A,b,ok,"As an AI, I do not have personal impressions, gut feelings, or the ability to vo"
242.0,1,a,A,a,ok,"As an AI, I do not have personal opinions, gut feelings, or the ability to make "
242.0,1,b,A,b,ok,"As an AI, I do not have personal opinions, gut feelings, or the ability to vote,"
242.0,2,a,A,a,ok,"As an AI, I don't have personal feelings, gut reactions, or the ability to form "
242.0,2,b,A,b,ok,"As an AI, I do not have personal opinions, gut feelings, or the ability to form "
243.0,0,a,A,a,ok,"As an AI, I do not have personal opinions, gut reactions, or the ability to vote"
243.0,0,b,A,b,ok,"As an artificial intelligence, I do not have personal impressions, gut feelings,"
243.0,1,a,A,a,ok,"As an artificial intelligence, I do not have personal impressions, gut feelings,"
243.0,1,b,A,b,ok,"As an AI, I do not have personal impressions, gut feelings, or the ability to ma"
243.0,2,a,A,a,ok,"As an AI, I do not have personal impressions, gut feelings, or the ability to vo"
243.0,2,b,A,b,ok,"As an AI, I do not have personal opinions, gut feelings, or the ability to make "
244.0,1,a,A,a,ok,"As an AI, I do not have personal opinions, gut feelings, or the ability to form "
244.0,1,b,A,b,ok,"As an AI, I do not have personal impressions, gut feelings, or the ability to ma"
244.0,0,a,A,a,ok,"As an AI, I do not have personal opinions, gut feelings, or the ability to form "
244.0,0,b,A,b,ok,"As an AI, I do not have personal opinions, gut feelings, or the ability to form "
244.0,2,a,A,a,ok,"As an AI, I do not have personal opinions, gut feelings, or the ability to form "
244.0,2,b,A,b,ok,"As an AI, I do not have personal opinions, gut feelings, or the ability to form "
245.0,0,a,A,a,ok,"As an AI, I do not have personal feelings, gut reactions, or the ability to form"
245.0,0,b,A,b,ok,"As an artificial intelligence, I do not have personal feelings, gut reactions, o"
245.0,2,a,A,a,ok,"As an AI, I do not have personal impressions, gut feelings, or the ability to vo"
245.0,2,b,A,b,ok,"As an AI, I do not have personal opinions, gut feelings, or the ability to make "
245.0,1,a,A,a,ok,"As an artificial intelligence, I do not have personal feelings, gut reactions, o"
245.0,1,b,A,b,ok,"As an artificial intelligence, I do not have personal impressions, gut feelings,"
247.0,0,a,A,a,ok,"As an AI, I do not have personal impressions, gut feelings, or the ability to ma"
247.0,0,b,A,b,ok,"As an AI, I don't have personal impressions, gut feelings, or the ability to mak"
247.0,1,a,A,a,ok,"As an artificial intelligence, I do not have personal impressions, gut feelings,"
247.0,1,b,A,b,ok,"As an AI, I do not have personal impressions, gut feelings, or the ability to ma"
248.0,0,a,A,a,ok,"As an AI, I do not have personal impressions, gut feelings, or the ability to ma"
248.0,0,b,A,b,ok,"As an AI, I do not have personal feelings, gut instincts, or the ability to form"
248.0,1,a,A,a,ok,"As an artificial intelligence, I do not have personal opinions, gut feelings, or"
248.0,1,b,A,b,ok,"As an AI, I do not have personal feelings, gut instincts, or the ability to form"
247.0,2,a,A,a,ok,"As an artificial intelligence, I do not have personal impressions, gut feelings,"
247.0,2,b,A,b,ok,"As an AI, I do not have personal opinions, gut feelings, or the ability to form "
248.0,2,a,A,a,ok,"As an AI, I do not have personal impressions, gut feelings, or the ability to ma"
248.0,2,b,A,b,ok,"As an AI, I do not have personal feelings, gut instincts, or the ability to form"
249.0,1,a,A,a,ok,"As an artificial intelligence, I do not have personal feelings, gut instincts, o"
249.0,1,b,A,b,ok,"As an artificial intelligence, I do not have personal impressions, gut feelings,"
249.0,0,a,A,a,ok,"As an AI, I do not have personal impressions, gut feelings, or the ability to vo"
249.0,0,b,A,b,ok,"As an AI, I do not have personal feelings, gut instincts, or the ability to form"
249.0,2,a,A,a,ok,"As an AI, I do not have personal opinions, gut feelings, or the ability to make "
249.0,2,b,A,b,ok,"As an artificial intelligence, I do not have personal opinions, gut feelings, or"
250.0,0,a,A,a,ok,"As an AI, I do not have personal impressions, gut feelings, or the ability to vo"
250.0,0,b,A,b,ok,"As an AI, I do not have personal feelings, gut instincts, or the ability to form"
251.0,0,a,A,a,ok,"As an artificial intelligence, I do not have personal feelings, gut reactions, o"
251.0,0,b,A,b,ok,"As an artificial intelligence, I do not have personal opinions, gut feelings, or"
250.0,1,a,A,a,ok,"As an artificial intelligence, I do not have personal impressions, gut feelings,"
250.0,1,b,A,b,ok,"As an AI, I do not have personal impressions, gut feelings, or the ability to ma"
250.0,2,a,A,a,ok,"As an AI, I do not have personal impressions, gut feelings, or the ability to ma"
250.0,2,b,A,b,ok,"As an AI, I do not have personal impressions, gut feelings, or the ability to ma"
251.0,1,a,A,a,ok,"As an AI, I do not have personal feelings, gut instincts, or the ability to form"
251.0,1,b,A,b,ok,"As an AI, I do not have personal feelings, gut instincts, or the ability to form"
252.0,1,a,A,a,ok,"As an AI, I do not have personal opinions, gut feelings, or the ability to form "
252.0,1,b,A,b,ok,"As an AI, I do not have personal opinions, gut feelings, or the ability to form "
252.0,0,a,A,a,ok,"As an AI, I do not have personal feelings, gut instincts, or the ability to form"
252.0,0,b,A,b,ok,"As an AI, I do not have personal impressions, gut feelings, or the ability to ev"
251.0,2,a,A,a,ok,"As an AI, I do not have personal feelings, gut instincts, or the ability to form"
251.0,2,b,A,b,ok,"As an artificial intelligence, I do not have personal feelings, gut reactions, o"
252.0,2,a,A,a,ok,"As an AI, I do not have personal opinions, gut instincts, or the ability to form"
252.0,2,b,A,b,ok,"As an artificial intelligence, I do not have personal opinions, gut feelings, or"
253.0,2,a,A,a,ok,"As an AI, I do not have personal impressions, gut feelings, or the ability to ma"
253.0,2,b,A,b,ok,"As an artificial intelligence, I do not have personal feelings, gut impressions,"
253.0,0,a,A,a,ok,"As an AI, I do not have personal opinions, gut feelings, or the ability to make "
253.0,0,b,A,b,ok,"As an AI, I do not have personal impressions, gut feelings, or the ability to ma"
253.0,1,a,A,a,ok,"As an AI, I do not have personal impressions, gut feelings, or the ability to vo"
253.0,1,b,A,b,ok,"As an AI, I don't have personal impressions, gut feelings, or the ability to mak"
254.0,0,a,A,a,ok,"As an artificial intelligence, I do not have personal feelings, gut reactions, o"
254.0,0,b,A,b,ok,"As an AI, I do not have personal impressions, gut feelings, or the ability to ma"
254.0,1,a,A,a,ok,"As an artificial intelligence, I do not have personal impressions, gut feelings,"
254.0,1,b,A,b,ok,"As an AI, I do not have personal impressions, gut feelings, or the ability to ma"
254.0,2,a,A,a,ok,"As an AI, I do not have personal impressions, gut feelings, or the ability to ma"
254.0,2,b,A,b,ok,"As an AI, I do not have personal opinions, gut feelings, or the ability to vote."
255.0,0,a,A,a,ok,"As an AI, I do not have personal impressions, gut feelings, or the ability to ma"
255.0,0,b,A,b,ok,"As an AI, I don't have personal impressions, gut feelings, or the capacity to vo"
255.0,1,a,A,a,ok,"As an AI, I do not have personal opinions, gut feelings, or the ability to form "
255.0,1,b,A,b,ok,"As an AI, I do not have personal feelings, gut reactions, or the ability to form"
256.0,1,a,A,a,ok,"As an artificial intelligence, I do not have personal impressions, gut feelings,"
256.0,1,b,A,b,ok,"As an AI, I do not have personal opinions, gut feelings, or the ability to form "
256.0,0,a,A,a,ok,"As an AI, I do not have personal feelings, gut instincts, or the ability to form"
256.0,0,b,A,b,ok,"As an AI, I do not have personal impressions, gut feelings, or the ability to ma"
255.0,2,a,A,a,ok,"As an AI, I do not have personal feelings, gut instincts, or the ability to form"
255.0,2,b,A,b,ok,"As an artificial intelligence, I do not have personal feelings, gut instincts, o"
256.0,2,a,A,a,ok,"As an AI, I do not have personal impressions, gut feelings, or the ability to ma"
256.0,2,b,A,b,ok,"As an artificial intelligence, I do not have personal impressions, gut feelings,"
257.0,0,a,A,a,ok,"As an artificial intelligence, I do not have personal feelings, gut instincts, o"
257.0,0,b,A,b,ok,"As an AI, I do not have personal feelings, gut reactions, or the ability to form"
257.0,1,a,A,a,ok,"As an artificial intelligence, I do not have personal impressions, gut feelings,"
257.0,1,b,A,b,ok,"As an AI, I do not have personal impressions, gut feelings, or the ability to ma"
257.0,2,a,A,a,ok,"As an artificial intelligence, I do not have personal feelings, gut impressions,"
257.0,2,b,A,b,ok,"As an AI, I do not have personal impressions, gut feelings, or the ability to ma"
258.0,0,a,A,a,ok,"As an AI, I do not have personal impressions, gut feelings, or the ability to vo"
258.0,0,b,A,b,ok,"As an artificial intelligence, I do not have personal feelings, gut instincts, o"
258.0,1,a,A,a,ok,"As an AI, I do not have personal impressions, gut feelings, or the ability to ma"
258.0,1,b,A,b,ok,"As an AI, I do not have personal feelings, gut reactions, or the ability to form"
258.0,2,a,A,a,ok,"As an AI, I do not have personal impressions, gut feelings, or the ability to fo"
258.0,2,b,A,b,ok,"As an artificial intelligence, I do not have personal impressions, gut feelings,"
259.0,0,a,A,a,ok,"As an AI, I do not have personal feelings, gut instincts, or the ability to form"
259.0,0,b,A,b,ok,"As an AI, I do not have personal opinions, gut feelings, or the ability to form "
259.0,1,a,A,a,ok,"As an AI, I do not have personal preferences, gut feelings, or the ability to ma"
259.0,1,b,A,b,ok,"As an AI, I do not have personal impressions, feelings, or the ability to vote, "
260.0,0,a,A,a,ok,"As an artificial intelligence, I do not have personal opinions, gut feelings, or"
260.0,0,b,A,b,ok,"As an AI, I do not have personal opinions, gut feelings, or the ability to form "
259.0,2,a,A,a,ok,"As an AI, I do not have personal impressions, gut feelings, or the ability to vo"
259.0,2,b,A,b,ok,"As an AI, I do not have personal opinions, gut feelings, or the ability to form "
260.0,1,a,A,a,ok,"As an AI, I do not have personal feelings, gut instincts, or the ability to form"
260.0,1,b,A,b,ok,"As an AI, I do not have personal feelings, gut instincts, or the ability to form"
260.0,2,a,A,a,ok,"As an artificial intelligence, I do not have personal feelings, gut reactions, o"
260.0,2,b,A,b,ok,"As an AI, I do not have personal feelings, gut instincts, or the ability to form"
261.0,0,a,A,a,ok,"As an artificial intelligence, I do not have personal feelings, gut reactions, o"
261.0,0,b,A,b,ok,"As an AI, I do not have personal feelings, gut instincts, or the ability to form"
261.0,1,a,A,a,ok,"As an artificial intelligence, I do not have personal feelings, gut reactions, o"
261.0,1,b,A,b,ok,"As an artificial intelligence, I do not have personal feelings, gut instincts, o"
261.0,2,a,A,a,ok,"As an AI, I do not have personal impressions, gut feelings, or the ability to ma"
261.0,2,b,A,b,ok,"As an artificial intelligence, I do not have personal impressions, gut feelings,"
262.0,0,a,A,a,ok,"As an AI, I do not have personal feelings, gut instincts, or the ability to form"
262.0,0,b,A,b,ok,"As an AI, I do not have personal impressions, gut feelings, or the ability to ma"
262.0,1,a,A,a,ok,"As an AI, I do not have personal opinions, gut feelings, or the ability to form "
262.0,1,b,A,b,ok,"As an AI, I do not have personal feelings, gut instincts, or the ability to form"
262.0,2,a,A,a,ok,"As an AI, I do not have personal feelings, gut reactions, or the ability to form"
262.0,2,b,A,b,ok,"As an artificial intelligence, I do not possess personal feelings, gut instincts"
263.0,0,a,A,a,ok,"As an AI, I do not have personal feelings, gut impressions, or the ability to ma"
263.0,0,b,A,b,ok,"As an AI, I do not have personal feelings, gut instincts, or the ability to form"
263.0,1,a,A,a,ok,"As an artificial intelligence, I do not have personal impressions, gut feelings,"
263.0,1,b,A,b,ok,"As an AI, I do not have personal opinions, gut feelings, or the ability to form "
263.0,2,a,A,a,ok,"As an AI, I do not have personal feelings, gut instincts, or the ability to form"
263.0,2,b,A,b,ok,"As an AI, I do not have personal impressions, gut feelings, or the ability to ma"
264.0,0,a,A,a,ok,"As an AI, I do not have personal impressions, gut feelings, or the ability to ma"
264.0,0,b,A,b,ok,"As an artificial intelligence, I do not have personal feelings, gut instincts, o"
264.0,1,a,A,a,ok,"As an AI, I do not have personal impressions, gut feelings, or the ability to ma"
264.0,1,b,A,b,ok,"As an AI, I do not have personal impressions, gut feelings, or the ability to ma"
264.0,2,a,A,a,ok,"As an artificial intelligence, I do not have personal impressions, gut feelings,"
264.0,2,b,,,REFUSE,These images are from a well-known psychological study conducted by researchers 
265.0,0,a,A,a,ok,"As an artificial intelligence, I do not have personal impressions, gut feelings,"
265.0,0,b,A,b,ok,"As an artificial intelligence, I do not have personal impressions, gut feelings,"
265.0,1,a,A,a,ok,"As an AI, I do not have personal opinions, gut feelings, or the ability to form "
265.0,1,b,A,b,ok,"As an artificial intelligence, I do not have personal impressions, gut feelings,"
265.0,2,a,A,a,ok,"As an AI, I do not have personal impressions, gut feelings, or the ability to ma"
265.0,2,b,A,b,ok,"As an artificial intelligence, I do not have personal opinions, gut feelings, or"
266.0,0,a,A,a,ok,"As an AI, I do not have personal impressions, gut feelings, or the ability to ma"
266.0,0,b,A,b,ok,"As an artificial intelligence, I do not have personal feelings, gut instincts, o"
266.0,2,a,A,a,ok,"As an AI, I do not have personal impressions, gut feelings, or the ability to ma"
266.0,2,b,A,b,ok,"As an artificial intelligence, I do not have personal feelings, gut instincts, o"
266.0,1,a,A,a,ok,"As an AI, I do not have personal opinions, gut instincts, or the ability to form"
266.0,1,b,A,b,ok,"As an AI, I do not have personal feelings, gut reactions, or the ability to form"
267.0,0,a,A,a,ok,"As an AI, I do not have personal opinions, gut feelings, or the ability to make "
267.0,0,b,A,b,ok,"As an AI, I do not have personal impressions, gut feelings, or the ability to ma"
267.0,1,a,A,a,ok,"As an AI, I don't have personal impressions, gut feelings, or the ability to vot"
267.0,1,b,A,b,ok,"As an artificial intelligence, I do not have personal feelings, gut impressions,"
268.0,0,a,A,a,ok,"As an AI, I do not have personal impressions, gut feelings, or the ability to ma"
268.0,0,b,A,b,ok,"As an AI, I do not have personal impressions, gut feelings, or the ability to ma"
267.0,2,a,A,a,ok,"As an artificial intelligence, I do not have personal impressions, gut feelings,"
267.0,2,b,,,REFUSE,This pair of images is characteristic of stimuli used in psychological research—
268.0,1,a,A,a,ok,"As an AI, I do not have personal opinions, gut feelings, or the ability to make "
268.0,1,b,A,b,ok,"As an artificial intelligence, I do not have personal impressions, gut feelings,"
268.0,2,a,A,a,ok,"As an AI, I don't have personal impressions, gut feelings, or the ability to mak"
268.0,2,b,A,b,ok,"As an AI, I do not have personal impressions, gut feelings, or the ability to ma"
269.0,0,a,A,a,ok,"As an artificial intelligence, I do not have personal feelings, gut impressions,"
269.0,0,b,A,b,ok,"As an AI, I do not have personal impressions, gut feelings, or the ability to ma"
269.0,1,a,A,a,ok,"As an artificial intelligence, I do not have personal opinions, gut feelings, or"
269.0,1,b,A,b,ok,"As an artificial intelligence, I do not possess personal feelings, gut reactions"
269.0,2,a,A,a,ok,"As an AI, I do not have personal impressions, gut feelings, or the ability to ma"
269.0,2,b,A,b,ok,"As an AI, I do not have personal impressions, gut feelings, or the ability to ma"
271.0,0,a,A,a,ok,"As an artificial intelligence, I do not have personal impressions, gut feelings,"
271.0,0,b,A,b,ok,"As an artificial intelligence, I do not have personal opinions, gut feelings, or"
271.0,1,a,A,a,ok,"As an AI, I do not have personal impressions, gut feelings, or the capacity to v"
271.0,1,b,A,b,ok,"As an AI, I do not have personal impressions, gut feelings, or the ability to ma"
271.0,2,a,A,a,ok,"As an AI, I do not have personal impressions, gut feelings, or the ability to ma"
271.0,2,b,A,b,ok,"As an AI, I do not have personal impressions, gut feelings, or the ability to ma"
273.0,0,a,A,a,ok,"As an AI, I do not have personal impressions, gut feelings, or the ability to vo"
273.0,0,b,A,b,ok,"As an AI, I do not have personal opinions, gut feelings, or the ability to form "
273.0,2,a,A,a,ok,"As an AI, I do not have personal feelings, gut reactions, or the ability to form"
273.0,2,b,A,b,ok,"As an artificial intelligence, I do not have personal impressions, gut feelings,"
273.0,1,a,A,a,ok,"As an AI, I do not have personal feelings, gut reactions, or the ability to form"
273.0,1,b,A,b,ok,"As an AI, I do not have personal feelings, gut instincts, or the ability to form"
