stimulus,trustworthy,attractive,dominant,smart,age,gender,weight,typical,happy,familiar,outgoing,memorable,well-groomed,long-haired,smug,dorky,skin-color,hair-color,alert,cute,privileged,liberal,asian,middle-eastern,hispanic,islander,native,black,white,looks-like-you,gay,electable,godly,outdoors
1,55,48,62,65,52,95,50,70,35,60,40,45,45,15,30,35,25,75,70,30,60,50,5,15,20,5,5,5,95,30,15,65,40,55
2,75,70,45,65,35,10,45,60,85,60,80,65,75,70,15,25,45,85,75,65,60,60,10,25,65,30,30,50,40,20,40,65,55,60
3,65,50,45,80,55,95,50,70,40,55,40,50,85,15,45,55,25,45,75,35,75,55,5,10,15,5,5,5,95,20,40,75,40,30
4,72,76,38,68,26,8,42,62,68,52,65,55,78,45,22,28,45,88,72,74,62,58,12,25,45,18,15,62,32,20,42,68,48,42
5,78,68,38,68,42,12,42,72,88,62,78,52,76,22,18,32,22,62,82,64,68,58,2,5,8,1,3,1,96,30,35,68,50,52
6,55,45,40,55,42,75,50,65,45,50,55,52,40,70,35,40,25,40,45,35,50,75,0,5,10,0,5,0,95,30,60,35,40,65
7,62,54,52,55,32,95,50,75,45,60,55,40,45,15,40,35,25,75,65,45,50,45,5,15,25,5,10,5,85,30,35,45,35,65
8,85,75,10,55,3,45,45,75,90,60,80,50,80,55,10,20,20,40,85,95,65,50,10,10,15,5,5,5,90,30,10,5,70,45
9,75,45,35,70,62,10,55,65,80,65,68,45,60,45,15,40,25,60,70,40,60,65,5,20,45,5,5,5,75,10,35,60,50,35
10,55,45,52,70,45,95,55,65,35,50,40,45,45,30,35,55,35,85,60,30,50,60,10,40,65,10,15,5,60,30,35,45,40,45
11,75,65,40,70,42,20,45,65,75,50,70,50,80,15,25,35,30,75,75,60,65,60,95,5,10,15,10,2,10,20,40,70,45,45
12,85,75,15,60,4,45,45,70,80,60,75,50,70,45,10,35,10,25,80,90,70,50,0,0,5,0,0,0,98,30,10,20,70,50
13,75,55,52,65,45,95,55,75,85,65,70,45,50,20,25,40,25,70,75,35,60,50,2,10,15,2,5,2,95,30,30,65,30,80
14,78,68,42,68,32,82,48,75,88,72,80,45,78,18,22,35,22,62,78,65,72,52,2,5,12,2,2,1,94,30,35,74,55,52
15,55,52,45,60,20,85,40,65,40,50,48,45,50,25,35,45,45,95,65,55,40,50,98,5,15,30,10,2,5,30,45,40,45,55
16,62,45,55,68,68,88,50,65,35,50,42,48,65,25,28,22,42,35,62,20,55,50,95,5,10,15,15,2,5,30,20,58,45,55
17,60,55,48,58,24,85,48,65,45,50,52,45,55,15,35,40,30,75,65,55,55,50,5,15,45,5,10,5,75,50,40,52,45,65
18,68,70,35,62,28,8,45,60,72,50,65,55,78,85,18,25,55,95,70,68,62,52,85,35,25,20,15,15,10,30,45,65,50,40
19,75,72,38,65,24,12,42,65,74,58,70,48,78,75,22,28,20,62,82,76,68,55,2,5,10,1,2,1,95,30,45,68,45,58
20,68,58,42,62,24,82,48,65,78,50,70,45,75,12,22,35,65,95,78,62,48,58,10,15,35,15,15,75,15,30,45,58,40,45
21,65,68,40,62,28,10,42,60,52,50,55,45,72,85,35,30,25,75,60,65,62,55,50,15,30,20,25,5,60,30,45,58,45,50
22,75,68,40,65,32,70,45,60,85,55,75,60,55,75,25,45,20,30,70,60,65,65,5,5,10,5,5,5,95,10,45,45,40,85
23,65,55,45,65,42,85,50,60,65,50,60,45,65,15,30,40,30,75,65,45,60,55,35,15,45,10,15,5,60,30,40,60,40,45
24,65,45,60,75,75,90,50,70,55,60,55,50,85,15,40,30,25,15,70,25,85,50,2,5,10,2,2,2,95,20,15,80,55,20
25,75,62,38,68,48,10,45,72,82,65,70,45,68,75,15,25,20,40,72,52,68,55,2,5,10,2,5,2,95,30,35,72,55,65
26,68,76,35,62,28,8,42,65,58,50,58,55,78,72,32,22,22,38,68,74,68,55,5,10,15,2,2,2,92,20,40,62,55,30
27,78,68,35,68,40,10,45,65,85,60,75,45,75,75,12,30,32,62,78,65,62,58,35,15,40,15,20,5,55,20,45,68,50,52
28,62,65,45,68,28,85,45,55,42,50,48,45,78,15,30,35,35,90,65,55,58,55,30,60,50,10,15,5,45,30,40,62,45,45
29,65,60,55,62,32,95,50,65,58,50,58,45,60,15,38,30,35,85,65,48,55,50,5,65,40,5,5,5,75,30,40,58,45,55
30,78,62,35,65,40,12,45,68,85,60,78,48,60,70,12,30,18,35,75,65,70,62,2,5,10,2,5,2,95,30,30,68,50,82
31,50,40,52,50,62,48,54,60,45,45,55,40,42,35,45,40,30,60,50,30,55,60,5,10,15,5,5,5,85,30,55,45,35,75
32,78,74,35,68,28,8,42,65,88,62,78,48,76,85,12,25,38,62,78,72,62,60,25,20,65,20,30,5,55,35,45,68,50,58
33,85,75,10,55,2,40,55,65,65,50,60,45,70,20,15,25,15,35,80,95,65,50,5,5,10,2,5,2,95,30,10,10,75,60
34,85,65,30,65,28,10,45,65,95,60,85,55,50,75,10,40,30,80,70,75,60,65,40,15,30,15,15,5,60,30,50,70,50,85
35,45,48,52,50,42,90,50,65,30,55,50,45,60,15,35,45,25,75,85,35,55,50,5,15,30,5,5,5,85,30,40,40,30,55
36,65,58,52,70,42,85,50,65,55,50,58,48,85,15,40,30,25,85,75,40,75,50,5,35,40,5,5,5,80,10,40,78,45,30
37,85,75,10,55,3,20,45,70,45,55,50,50,75,60,5,20,12,22,80,92,75,50,2,5,8,2,5,2,95,30,10,10,75,35
38,65,55,55,65,42,90,52,75,60,65,60,40,80,15,45,30,20,35,70,40,75,45,0,5,10,0,5,0,95,30,30,75,45,40
39,75,65,35,62,32,10,45,70,85,60,75,45,70,65,20,35,15,60,75,65,60,55,2,5,10,1,2,1,92,50,45,65,45,40
40,65,55,52,68,45,95,55,75,70,60,65,40,85,10,45,30,20,70,75,35,75,45,5,10,15,5,5,5,95,30,25,80,55,35
41,62,56,52,58,38,85,45,65,58,52,58,55,50,30,35,52,22,80,72,45,55,50,5,15,20,5,5,5,85,20,40,42,45,30
42,68,62,42,65,38,12,48,68,58,52,56,45,72,55,18,22,58,88,68,48,52,55,20,35,65,45,35,50,25,30,45,64,48,52
43,75,72,38,68,36,8,44,65,85,62,78,52,82,78,15,25,22,78,75,70,68,55,5,15,25,5,5,5,85,30,40,72,50,45
44,65,55,40,60,22,85,50,65,58,50,55,45,60,30,40,35,45,95,55,60,45,55,95,10,20,40,15,5,5,10,40,50,45,75
45,65,68,55,62,30,90,50,60,62,50,65,55,70,15,35,25,75,95,75,55,40,55,5,10,20,15,10,95,5,10,40,50,45,50
46,75,72,45,68,23,85,45,65,85,60,78,50,82,20,35,30,30,85,75,68,70,55,5,25,45,5,5,5,80,30,45,75,45,40
47,85,70,15,65,8,15,45,65,70,60,65,50,75,65,10,30,25,40,80,88,65,50,5,20,35,5,5,5,80,30,10,20,65,40
48,65,45,42,72,58,95,52,65,72,60,70,45,70,15,30,50,30,75,80,35,65,60,5,30,25,5,5,5,85,30,35,62,30,35
49,65,70,55,62,24,85,45,60,58,55,60,45,70,15,40,30,35,85,70,65,55,55,10,75,60,10,15,5,65,30,40,58,45,50
50,72,68,42,67,24,82,45,65,78,55,72,48,75,12,25,35,35,95,75,65,62,60,95,10,15,20,15,5,10,30,45,68,45,52
51,75,72,38,65,28,8,42,62,72,50,68,52,68,75,18,25,45,88,75,74,55,58,75,25,45,55,35,12,18,30,45,65,50,55
52,58,65,55,62,32,90,45,55,30,45,40,50,75,15,35,20,45,85,70,45,55,50,15,40,65,20,30,10,45,30,40,65,45,50
53,65,72,38,60,20,10,42,62,46,55,48,45,65,82,25,30,35,80,65,75,55,55,40,25,60,30,35,10,50,50,50,45,50,50
54,55,65,48,62,25,85,45,65,45,50,48,45,65,20,58,35,15,40,40,60,68,55,0,5,10,0,5,0,95,30,45,52,40,70
55,75,60,35,55,18,70,45,75,80,65,70,50,65,20,35,45,25,70,75,70,60,50,5,10,20,5,10,5,90,15,40,45,40,75
56,72,75,42,65,30,10,48,60,92,62,83,68,78,65,18,22,45,88,80,72,58,62,12,35,75,30,35,35,40,35,45,68,50,45
57,78,70,25,62,10,35,45,65,68,50,60,45,72,45,15,30,35,85,75,85,52,50,90,15,20,25,25,5,15,50,50,30,50,65
58,68,62,38,65,34,12,45,65,62,58,58,42,78,35,22,28,22,38,68,58,68,55,2,15,25,2,2,2,92,30,35,68,45,42
59,82,68,22,65,8,42,45,75,85,62,72,48,68,35,12,38,18,38,78,84,62,50,2,5,8,1,3,1,95,20,10,25,55,50
60,75,65,15,50,4,25,45,65,40,50,40,45,55,70,10,25,15,35,50,85,60,50,0,5,10,0,5,0,95,10,10,10,65,75
61,72,68,28,62,10,75,45,70,48,60,52,42,65,25,22,30,35,75,72,82,60,50,15,35,45,10,15,5,75,30,10,35,45,55
62,65,50,30,55,15,75,45,65,60,50,55,40,65,5,30,45,20,35,65,60,55,50,0,5,10,0,5,0,95,30,40,45,30,65
63,68,72,58,67,34,92,45,65,62,58,64,52,78,12,32,22,28,85,75,48,62,52,5,25,30,5,5,5,85,30,35,68,45,52
64,75,70,45,65,40,10,45,60,80,55,70,50,80,85,15,20,35,65,75,65,65,55,5,20,60,10,15,5,70,30,40,75,45,45
65,62,45,55,65,62,85,55,75,45,60,50,45,60,20,40,35,25,15,60,30,70,45,2,5,8,1,3,1,95,20,25,65,50,50
66,68,48,35,58,32,72,46,62,78,55,65,42,45,68,30,48,22,65,50,52,52,62,8,12,25,5,10,5,85,20,40,45,25,68
67,55,68,58,62,32,85,45,65,35,50,45,48,75,15,40,20,35,85,70,45,60,50,10,45,55,10,15,5,75,20,40,65,45,50
68,72,56,38,62,32,92,48,70,78,62,68,45,48,22,22,42,15,35,72,52,62,55,2,5,8,1,2,1,96,35,38,58,35,58
69,75,68,40,65,30,10,45,65,85,60,70,50,55,80,20,40,35,85,65,70,60,65,15,25,50,10,15,5,70,30,50,55,45,70
70,68,56,54,62,48,88,48,72,65,58,62,42,68,12,32,28,22,42,68,38,70,46,2,5,8,1,2,1,96,35,30,66,48,78
71,75,68,45,65,30,90,50,65,85,60,78,55,65,10,20,30,55,90,75,60,55,55,30,35,70,65,40,35,25,30,45,65,45,60
72,58,65,55,65,42,10,45,60,35,50,55,55,78,60,38,20,35,85,70,40,62,55,10,45,55,15,15,25,60,20,30,62,45,30
73,85,70,15,55,5,15,45,75,75,60,70,45,40,65,10,20,15,30,75,90,65,50,5,5,10,2,5,2,95,10,10,10,60,70
74,68,52,38,74,42,15,48,65,72,55,62,45,65,35,20,45,35,82,70,50,62,60,75,15,25,15,15,5,35,30,40,65,40,45
75,58,68,62,62,27,92,45,65,20,50,40,52,68,12,35,20,38,82,78,40,55,50,5,35,40,5,10,2,75,50,40,58,45,75
76,75,78,40,65,28,5,45,60,80,55,75,50,80,85,20,25,25,85,75,70,65,55,15,25,60,10,15,5,70,30,40,65,45,30
77,75,55,40,65,42,85,50,70,85,65,75,45,70,15,25,40,25,60,75,50,65,52,5,10,20,5,5,5,90,30,40,68,45,50
78,68,42,58,82,74,95,52,60,35,50,40,55,80,10,30,25,75,20,75,20,65,55,2,5,8,10,5,95,5,15,15,78,55,20
79,75,45,35,70,52,15,45,65,80,60,65,45,45,60,15,55,15,40,70,50,55,65,0,5,10,0,5,0,95,50,50,55,30,75
80,60,45,58,65,62,95,55,70,40,60,45,45,60,20,35,30,20,45,60,25,65,40,0,5,10,0,5,0,95,20,20,60,50,55
81,85,75,15,55,3,40,48,75,62,60,58,50,65,60,10,20,15,15,82,92,68,50,2,2,5,2,2,2,96,30,20,10,75,30
82,72,78,38,68,24,8,38,62,63,52,62,48,82,88,28,22,22,88,72,76,68,58,65,20,30,15,15,5,45,30,45,66,50,55
83,78,58,38,68,58,12,48,70,82,65,72,48,62,78,12,25,18,22,75,52,68,58,2,5,8,2,5,2,95,30,45,68,58,55
84,62,45,42,75,42,95,50,65,45,55,40,40,55,10,30,55,20,65,45,35,65,65,5,15,20,5,5,5,90,30,40,50,30,40
85,72,56,35,74,26,62,45,60,82,50,68,45,65,75,20,55,32,85,75,58,62,70,45,15,35,15,15,10,55,10,50,52,20,45
86,65,55,45,60,35,85,50,65,75,60,65,45,60,10,35,40,25,75,65,50,60,50,15,15,25,5,10,5,80,30,35,55,30,85
87,75,82,35,65,22,5,40,65,78,55,70,60,80,75,20,30,15,45,75,85,70,65,5,10,15,5,5,2,95,30,50,55,65,75
88,58,52,54,62,36,95,48,60,38,48,44,42,68,12,32,28,28,85,65,35,62,50,45,20,30,10,15,5,65,15,30,62,40,45
89,78,82,25,65,20,5,42,55,88,50,78,62,85,85,12,30,25,45,80,88,68,60,65,15,30,35,15,5,45,30,50,52,60,50
90,72,42,38,68,58,35,54,62,74,65,63,45,68,15,18,40,35,65,72,38,58,65,45,15,25,15,30,5,50,30,55,58,45,45
91,58,72,42,62,25,10,35,55,42,48,45,52,68,65,32,22,38,82,68,68,58,55,12,30,50,15,18,15,65,20,35,55,45,72
92,68,58,52,65,44,95,50,65,75,60,70,45,72,10,35,28,35,75,72,38,62,50,5,40,45,5,5,5,80,30,35,68,45,52
93,78,68,35,65,28,8,40,60,85,55,75,50,72,82,12,30,32,88,75,78,58,60,98,5,8,12,10,2,5,20,45,65,40,50
94,75,72,55,68,33,85,48,70,78,62,72,52,78,22,32,28,18,65,75,62,68,55,5,15,15,2,2,2,95,30,35,72,45,58
95,75,50,35,65,62,15,45,65,85,60,70,55,60,40,15,35,25,35,70,55,65,65,2,5,10,2,5,2,95,30,40,60,55,55
96,65,40,45,68,55,95,58,75,52,65,55,45,48,30,25,45,15,35,60,30,65,55,0,5,10,0,5,0,95,30,30,50,35,55
97,78,65,35,68,35,10,45,70,82,65,72,40,75,85,15,30,15,35,70,68,65,55,0,5,10,0,5,0,95,30,30,70,45,55
98,85,80,10,50,2,45,45,60,65,50,55,40,70,15,10,20,25,35,80,92,60,50,35,15,25,15,15,5,65,15,10,10,70,60
99,75,62,45,68,38,85,48,65,82,60,72,45,78,15,20,30,32,85,75,55,62,52,15,25,50,10,15,5,75,30,35,72,45,55
100,78,72,38,68,32,8,44,65,88,62,82,58,74,70,12,30,28,78,76,72,62,64,5,25,40,5,5,5,82,35,45,68,55,62
101,78,58,35,65,42,12,45,68,82,60,75,48,45,40,12,35,15,25,72,62,65,68,2,5,8,2,5,2,95,15,35,58,50,85
102,75,55,40,75,62,10,48,70,60,65,55,45,75,45,20,40,20,60,70,40,65,60,5,10,15,5,5,5,90,30,35,65,60,35
103,75,68,35,65,24,10,45,65,75,60,70,55,55,75,20,35,15,40,80,72,65,60,0,5,10,0,5,0,95,30,45,55,45,60
104,65,55,45,58,38,90,50,70,58,62,55,45,52,25,28,35,18,42,65,45,55,58,2,5,8,1,3,1,95,35,35,48,35,82
105,75,72,40,65,35,5,45,60,85,55,75,50,80,75,20,25,25,80,75,68,65,55,10,25,45,10,15,5,75,30,40,65,45,40
106,75,82,40,65,22,5,40,70,85,60,78,55,75,85,25,20,15,20,75,80,75,60,0,5,10,0,0,0,95,30,40,70,50,60
107,75,65,40,68,42,10,50,60,80,55,70,50,65,45,20,30,35,60,75,60,65,60,5,25,50,10,15,35,60,20,40,70,50,45
108,62,68,42,60,24,8,44,65,38,50,45,48,65,85,20,25,38,82,65,67,55,58,45,25,55,35,30,15,45,30,45,55,45,52
109,75,80,45,65,30,5,45,60,85,55,75,60,80,85,15,15,45,85,75,75,65,55,60,50,45,20,20,15,30,30,40,70,50,45
110,85,75,15,50,4,40,45,70,95,60,85,65,55,45,10,40,20,40,85,90,65,50,5,10,15,5,5,5,85,30,10,10,70,50
111,75,45,35,78,58,25,50,65,75,60,65,45,65,25,15,55,25,80,70,40,65,70,20,15,40,10,15,5,75,30,55,65,50,55
112,75,78,40,65,25,5,45,65,85,60,75,50,80,85,20,30,30,40,75,75,65,60,25,20,50,15,15,5,75,35,45,65,45,50
113,75,65,35,68,22,45,45,60,70,55,65,45,55,40,25,45,35,85,70,70,55,65,10,45,55,10,15,10,65,30,50,45,40,80
114,85,80,10,55,2,20,50,70,55,50,60,65,75,35,5,15,30,85,90,95,60,50,20,35,40,15,15,10,70,30,10,10,75,30
115,65,68,42,70,32,85,40,65,58,55,55,50,60,35,45,38,25,85,70,62,65,60,5,25,30,5,5,2,85,30,45,62,40,50
116,75,48,45,78,60,95,55,70,62,65,52,45,78,15,22,35,35,75,68,30,68,50,95,5,10,15,10,2,5,15,20,72,40,30
117,72,62,52,82,42,95,48,75,68,65,64,48,82,18,38,42,22,82,78,45,78,65,5,15,15,2,2,2,95,15,35,76,38,32
118,68,48,42,78,42,95,52,65,58,55,52,45,70,5,28,40,58,92,70,35,58,62,10,25,45,15,15,72,35,30,35,65,45,35
119,75,68,40,65,30,10,45,60,80,55,70,50,75,80,20,35,35,85,75,70,60,60,40,15,45,15,15,5,60,20,40,65,45,45
120,65,55,35,60,12,60,45,65,30,45,40,45,70,25,30,40,10,5,70,70,65,50,0,0,5,0,0,0,98,20,20,30,60,50
121,62,56,38,54,20,85,48,72,58,65,55,42,52,28,40,48,25,82,52,58,58,50,10,15,25,5,10,5,85,30,45,42,35,55
122,62,65,52,68,26,85,45,72,42,50,55,48,68,22,45,32,25,85,72,58,65,55,5,15,25,5,5,2,88,30,35,62,45,68
123,68,52,45,72,65,85,48,60,40,55,42,50,55,45,35,40,25,30,60,35,65,60,5,15,20,5,5,5,85,30,40,62,45,40
124,60,62,45,65,30,85,40,70,40,60,45,50,45,60,30,40,20,70,60,55,60,65,5,15,20,5,5,5,90,20,45,55,30,55
125,62,48,65,72,60,95,52,55,38,45,42,48,82,15,45,22,45,75,70,25,72,48,35,45,65,15,20,15,40,10,30,78,45,28
126,65,45,60,62,52,95,65,70,60,65,60,45,55,5,45,35,35,75,55,25,60,50,5,25,35,5,10,10,75,30,30,50,40,80
127,82,78,15,55,4,35,45,70,65,50,60,55,50,70,15,20,25,35,75,95,65,50,10,15,20,5,5,5,85,20,10,10,75,60
128,78,82,42,72,30,10,38,65,85,58,78,62,85,75,12,15,35,72,80,76,70,58,10,35,60,12,15,15,70,30,40,75,50,45
129,85,80,15,55,4,45,45,65,85,55,70,50,60,35,15,30,25,60,75,92,60,50,20,25,40,15,15,5,70,10,10,10,65,65
130,55,40,45,55,52,95,55,75,45,65,50,35,55,10,35,45,20,75,55,25,55,50,5,15,25,5,5,5,85,40,30,50,40,65
131,75,68,35,62,26,12,38,70,85,60,78,45,55,82,18,30,22,58,72,70,65,65,5,8,15,2,5,2,92,35,40,55,35,88
132,65,52,55,62,52,85,50,75,58,65,60,45,70,10,40,30,25,75,65,35,68,50,2,10,15,2,5,2,90,30,40,65,50,50
133,72,68,32,62,21,8,44,70,72,65,68,42,58,85,18,28,18,38,75,74,68,58,2,5,8,1,3,1,96,15,45,52,48,62
134,55,55,65,62,42,95,50,65,35,50,45,45,70,10,45,25,35,80,75,30,55,50,30,35,55,15,20,5,60,30,30,65,40,50
135,65,55,45,60,38,90,58,75,65,60,62,45,55,25,35,40,20,40,65,50,65,55,2,10,15,2,5,2,95,20,40,60,45,55
136,85,70,20,65,8,15,45,75,80,60,72,50,75,70,15,35,15,60,75,88,65,50,5,10,15,5,5,5,90,30,50,35,65,60
137,75,72,35,65,22,20,40,60,68,50,62,52,55,20,28,38,35,85,70,78,52,65,15,40,70,15,25,10,60,30,55,50,45,60
138,65,55,58,68,42,85,52,70,60,62,58,45,80,15,45,30,15,60,70,40,78,45,2,5,10,1,1,1,95,20,30,75,50,35
139,65,62,38,65,27,12,45,68,48,52,46,45,65,45,20,30,22,78,62,60,62,58,5,15,20,5,5,5,85,35,45,58,45,48
140,78,52,42,82,42,95,50,65,62,58,55,45,78,8,22,40,38,88,72,38,65,50,15,45,70,10,15,10,45,30,35,68,30,25
141,78,68,45,68,38,85,45,65,85,60,78,52,78,25,18,30,35,85,75,62,62,55,25,20,65,20,40,5,60,30,40,72,45,50
142,78,75,38,68,30,5,38,72,78,62,74,52,82,85,18,22,15,20,75,72,70,55,2,5,8,1,2,1,95,50,45,72,50,65
143,78,58,35,68,48,12,45,70,85,62,75,45,60,40,12,30,22,55,78,58,65,65,2,5,8,1,3,1,95,30,35,68,55,58
144,65,45,40,75,45,95,45,70,55,60,45,40,45,15,35,60,15,40,60,35,70,65,0,10,15,0,0,0,95,20,40,55,40,50
145,65,55,50,70,32,95,50,70,75,60,65,45,45,20,40,45,20,85,60,45,65,65,5,15,20,5,5,5,90,30,40,55,30,55
146,60,55,52,65,45,95,50,65,58,55,55,45,65,15,45,30,30,85,70,40,60,50,5,20,45,5,10,5,80,50,35,65,45,60
147,62,38,52,72,65,95,62,78,48,60,55,42,68,12,38,45,22,55,65,22,72,48,2,5,8,1,2,2,96,15,25,64,45,38
148,75,62,42,68,43,85,48,65,65,60,62,48,52,22,28,35,32,75,68,45,60,55,5,20,25,5,5,5,85,30,35,68,45,72
149,68,42,52,72,72,95,55,75,52,65,48,45,68,15,25,35,32,25,65,30,62,48,5,15,30,5,10,5,82,30,15,65,50,62
150,78,72,38,68,30,15,42,60,85,55,78,58,65,25,12,30,35,85,80,72,62,65,10,55,45,10,15,10,75,30,40,68,45,55
151,68,45,48,62,52,95,58,72,60,65,58,45,60,15,28,42,25,65,63,32,62,50,2,10,15,2,5,2,95,20,20,58,45,55
152,88,78,12,65,3,55,45,75,85,60,75,55,80,25,15,20,15,35,85,95,75,50,5,5,10,2,2,2,95,30,10,35,70,50
153,75,65,40,75,38,10,45,65,85,60,70,50,75,80,20,45,30,85,75,65,60,65,15,25,50,10,15,5,70,30,40,70,45,50
154,72,54,38,68,48,85,42,65,62,58,56,45,60,25,22,38,22,75,65,42,65,55,5,10,15,2,2,2,92,30,35,62,45,52
155,75,78,40,68,30,5,45,65,62,60,60,50,80,85,35,25,20,45,75,72,70,55,2,10,15,2,5,2,95,10,40,70,50,45
156,72,52,42,75,40,90,50,68,62,60,58,45,65,15,28,42,32,82,68,45,62,58,5,20,35,5,5,5,85,30,35,62,40,65
157,85,75,15,55,3,35,45,70,72,60,65,40,75,45,15,20,15,25,75,92,65,50,5,5,10,2,2,2,92,35,20,15,75,50
158,65,40,35,70,45,15,55,70,55,60,45,40,50,60,25,65,20,45,55,45,55,65,5,5,15,5,5,5,85,50,50,55,45,60
159,68,74,58,65,34,88,46,62,58,55,62,52,60,18,32,18,35,85,72,50,62,52,5,25,40,5,8,5,82,30,35,68,35,78
160,68,42,58,67,54,92,52,65,44,58,42,48,55,2,28,32,38,65,62,25,55,50,5,45,35,5,5,5,80,15,35,58,52,62
161,75,72,35,65,25,10,40,70,80,60,75,50,55,85,20,35,20,35,75,78,65,60,5,5,10,5,5,5,95,30,40,65,50,70
162,60,58,45,62,40,85,50,75,45,60,52,40,65,25,35,40,20,40,60,45,65,55,2,10,15,2,2,2,95,35,40,60,45,55
163,62,42,52,74,58,95,54,65,40,55,45,48,65,5,38,35,45,70,68,25,58,55,10,75,50,15,15,25,40,20,30,62,45,35
164,80,75,15,50,3,45,45,70,40,55,45,50,35,60,10,25,20,40,70,90,65,50,5,10,15,5,5,5,90,30,20,10,70,50
165,68,58,38,62,38,12,52,65,78,60,68,45,70,82,22,28,28,65,72,60,62,52,35,15,25,10,15,5,65,30,45,62,45,48
166,68,58,35,55,20,35,45,65,72,55,65,40,48,15,20,38,25,75,65,62,55,60,5,10,15,5,5,5,85,30,45,40,45,85
167,68,42,45,82,58,85,52,75,55,58,52,48,78,25,38,48,22,45,70,32,78,58,5,5,8,2,2,2,95,20,35,72,48,32
168,75,70,40,65,30,5,45,60,85,55,75,50,80,70,15,25,25,85,75,70,65,60,95,5,10,15,10,2,10,30,40,65,45,55
169,62,52,45,65,46,12,48,68,58,55,52,42,68,60,35,32,22,38,60,45,62,52,5,12,18,5,5,5,88,50,30,58,48,65
170,75,55,40,60,48,10,50,65,78,60,65,45,65,60,15,30,55,95,70,50,45,50,60,30,60,40,45,15,15,30,40,65,55,55
171,68,45,35,72,45,20,55,60,62,55,48,42,52,28,25,58,25,85,58,45,58,65,75,15,20,15,20,5,35,30,50,55,30,60
172,65,60,35,60,12,65,45,70,60,55,60,45,50,40,55,40,40,85,75,75,50,50,15,40,60,15,30,10,60,50,30,20,40,85
173,72,54,38,76,35,25,45,62,60,50,55,48,72,15,22,40,42,95,75,56,55,65,95,10,15,20,15,5,5,20,45,62,45,45
174,82,75,12,60,4,30,45,70,65,55,60,50,58,65,15,35,25,60,72,92,60,50,45,15,25,15,20,5,65,10,10,10,65,85
175,48,68,58,62,24,12,40,65,25,50,40,55,60,55,45,25,15,35,75,65,65,55,2,5,10,1,2,1,95,35,40,50,45,45
176,75,70,35,65,32,10,45,60,80,55,70,50,75,75,20,35,25,85,70,75,60,60,95,5,10,15,10,2,10,30,40,65,45,40
177,60,50,55,65,42,95,50,75,45,65,45,40,55,15,35,40,20,65,60,35,65,55,0,15,20,0,0,0,90,30,40,55,40,50
178,68,72,42,65,24,12,45,62,60,50,58,48,78,65,32,28,42,85,75,70,58,60,30,35,65,25,30,15,40,30,40,62,45,50
179,65,60,50,65,32,15,50,55,45,45,55,55,70,30,25,20,80,95,75,55,50,60,0,5,10,15,5,95,5,10,40,60,45,45
180,60,70,52,65,28,25,40,60,45,50,48,55,55,20,38,30,30,85,70,60,60,65,10,40,45,10,15,5,75,30,55,50,40,45
181,72,54,38,65,42,28,45,68,82,62,74,48,65,70,18,35,25,85,78,52,60,65,5,15,25,5,10,5,80,30,50,64,45,62
182,60,65,45,62,30,85,50,60,45,50,45,50,55,30,35,30,35,85,65,55,50,60,10,70,40,5,10,5,65,50,45,48,40,65
183,58,65,52,62,25,85,42,60,40,50,45,50,68,20,42,32,35,88,55,58,55,58,15,45,60,12,15,10,65,30,40,52,35,30
184,75,65,40,70,38,15,45,65,85,60,75,50,80,20,15,30,45,85,75,60,65,60,40,30,60,30,30,10,40,30,45,70,50,45
185,65,68,40,62,28,10,45,60,55,50,58,45,55,65,25,30,35,75,65,65,55,60,15,30,65,10,15,5,60,30,45,55,40,75
186,75,62,38,82,28,85,42,78,60,72,55,35,78,15,35,60,18,45,75,65,75,65,2,5,10,1,2,1,95,30,40,72,45,35
187,70,68,52,60,28,92,45,65,75,60,70,50,65,10,25,30,40,85,70,55,50,55,10,60,75,20,25,15,50,30,40,60,45,90
188,75,82,35,68,22,5,40,65,65,50,62,55,80,85,20,25,25,55,75,80,65,60,95,5,15,15,10,2,15,20,40,65,45,60
189,75,45,35,80,60,85,50,70,75,65,60,45,60,20,25,55,20,35,70,40,70,65,2,5,8,2,5,2,95,20,40,65,50,55
190,68,55,52,65,42,95,52,75,70,65,62,45,70,15,30,38,20,80,75,45,72,48,2,8,12,1,1,1,95,30,30,68,45,50
191,78,70,42,68,40,12,45,70,82,65,75,52,78,18,15,25,25,45,78,68,68,62,2,5,10,1,3,1,95,20,40,72,50,58
192,75,45,35,78,42,95,48,70,75,65,65,40,60,15,25,65,20,75,70,45,65,60,5,10,15,5,5,2,90,20,40,55,40,35
193,58,42,45,62,53,35,54,65,45,58,46,42,52,38,32,48,32,72,62,38,52,62,5,15,20,5,10,5,85,30,58,50,40,48
194,80,75,15,55,6,45,45,65,85,55,75,50,45,40,10,35,48,95,80,88,40,50,85,15,30,40,45,10,10,30,20,15,65,85
195,72,55,42,62,32,88,46,75,68,65,62,40,45,15,22,40,22,65,68,52,58,60,2,15,18,1,3,1,88,20,35,55,30,58
196,48,48,62,52,34,88,50,60,20,45,35,48,55,15,40,25,48,85,75,35,35,45,10,45,75,20,30,15,40,20,30,42,35,45
197,62,42,35,78,52,85,54,72,38,60,35,45,48,38,28,68,22,78,58,35,65,68,5,15,20,5,5,5,90,30,40,48,30,32
198,78,68,38,65,42,12,45,65,85,62,75,52,72,45,18,28,25,35,78,65,68,65,2,5,15,2,5,2,92,35,40,70,45,58
199,75,68,35,65,30,10,45,70,80,60,72,50,65,35,20,35,20,75,78,70,65,55,5,15,25,5,5,5,85,50,40,60,45,50
200,55,35,52,50,52,95,65,60,45,55,48,45,20,40,35,40,35,75,55,20,35,35,5,25,40,5,15,5,75,20,25,30,30,85
201,65,45,50,62,52,95,54,65,58,55,55,42,68,12,28,32,60,85,65,25,48,50,75,45,40,30,30,15,20,30,35,55,45,52
202,75,65,35,68,40,10,45,65,65,55,60,45,55,40,20,30,20,60,70,60,60,55,2,5,10,1,2,1,95,20,40,60,45,55
203,55,70,65,60,28,85,45,60,45,55,55,50,50,20,58,20,35,80,70,60,50,50,5,45,40,5,10,5,75,10,30,55,40,60
204,62,68,35,60,22,82,42,60,52,55,62,58,48,72,28,45,25,75,65,70,62,68,5,25,30,5,5,10,80,20,40,42,35,55
205,68,56,38,74,32,85,45,62,58,50,48,42,72,15,28,45,35,85,65,50,60,62,15,25,45,10,15,5,65,30,40,55,30,65
206,75,68,35,65,40,10,45,65,85,60,70,50,75,60,15,30,15,35,75,65,65,50,2,5,8,2,3,2,95,30,35,65,55,50
207,75,82,35,68,24,6,38,65,58,60,62,55,68,75,22,25,20,45,72,78,68,58,2,8,12,1,3,1,95,30,45,62,50,70
208,68,45,42,62,42,82,54,65,66,58,60,45,40,35,25,52,38,85,63,40,45,52,35,25,55,20,40,10,45,50,40,45,30,85
209,75,72,35,68,28,8,42,60,62,55,63,48,78,75,22,28,25,40,72,74,65,58,45,15,20,10,15,5,70,50,50,68,50,75
210,62,58,48,60,30,85,45,65,52,50,55,45,55,15,35,38,32,80,65,50,55,50,5,25,35,5,5,2,85,30,40,55,45,75
211,72,76,38,68,28,8,38,62,74,55,68,52,78,75,22,28,35,72,75,72,64,58,15,35,60,15,20,10,75,30,45,68,48,45
212,62,54,46,63,42,78,48,72,46,58,48,42,52,45,32,38,22,58,64,44,66,56,4,8,12,3,5,3,92,30,40,58,42,68
213,75,70,40,65,35,10,50,65,80,60,75,55,65,75,20,30,35,85,70,68,60,55,15,40,70,20,25,10,60,30,40,65,50,70
214,78,68,22,58,10,12,45,72,62,52,60,45,48,65,18,35,15,22,70,82,65,50,2,5,8,2,5,2,95,30,20,15,60,45
215,68,48,42,58,40,88,58,72,74,62,66,42,48,28,28,52,24,78,68,46,62,52,2,12,18,2,5,2,92,50,35,56,32,52
216,68,72,42,63,32,12,42,65,85,58,78,62,68,85,22,35,22,65,82,70,65,75,5,10,15,5,5,2,92,35,45,52,38,45
217,78,70,30,68,24,12,45,75,88,65,82,52,58,55,12,30,22,38,80,78,65,62,2,5,10,2,3,2,95,35,50,68,45,78
218,85,75,15,55,2,55,50,75,70,60,65,45,75,20,15,20,15,35,85,95,65,50,5,5,10,5,5,5,95,30,30,10,70,30
219,75,76,38,68,30,8,38,65,78,60,72,52,70,85,18,22,15,32,75,72,68,55,2,5,8,1,2,1,95,20,45,65,45,58
220,58,56,42,62,28,25,45,55,38,45,42,48,48,35,22,38,25,85,65,52,52,62,40,15,25,10,15,5,60,35,55,48,30,52
221,78,65,32,58,24,8,45,60,92,52,83,62,40,78,10,35,42,88,75,72,38,72,35,20,65,30,55,15,25,50,50,42,45,78
222,48,76,38,65,24,8,38,62,46,50,42,48,82,88,52,18,22,84,45,72,68,58,12,20,25,5,8,4,85,10,45,52,40,30
223,68,48,38,72,52,12,52,65,46,58,42,50,62,45,22,45,15,35,58,40,62,60,2,5,8,1,3,1,95,20,35,55,48,40
224,68,82,38,65,24,5,38,65,58,52,62,55,85,88,32,18,15,35,78,76,72,55,2,5,10,1,2,1,95,20,35,65,45,35
225,75,60,40,68,43,12,48,70,62,65,58,45,55,75,15,30,22,70,65,50,65,55,5,15,20,5,5,5,85,35,45,65,50,55
226,85,75,10,55,3,35,45,65,55,50,50,45,50,45,10,20,15,35,75,95,60,50,5,10,15,5,5,2,90,20,10,10,70,60
227,65,52,35,62,38,45,52,65,55,58,50,42,72,35,28,38,18,68,65,48,62,60,2,5,12,1,3,1,94,20,55,58,35,38
228,78,74,38,68,28,8,42,72,82,65,76,52,78,68,18,28,22,38,75,72,68,58,2,5,12,1,3,1,94,30,35,72,50,52
229,65,55,45,60,50,15,50,60,45,50,48,55,60,65,20,25,75,85,65,40,45,60,5,10,15,10,15,90,5,10,50,55,55,55
230,72,62,48,68,38,90,50,65,75,60,70,45,72,15,22,30,32,85,78,55,62,50,5,35,45,5,5,5,85,20,40,68,45,52
231,75,65,20,60,10,15,45,65,75,50,65,55,55,65,20,40,15,15,75,80,65,60,2,5,8,2,5,2,95,20,30,40,60,50
232,75,65,15,55,5,40,45,60,45,50,45,50,40,45,10,25,35,85,60,85,50,50,90,10,15,25,20,5,10,30,20,10,60,65
233,68,52,48,78,62,92,50,75,62,60,58,45,72,18,32,38,22,28,70,25,78,65,2,5,8,1,1,1,96,15,35,72,45,38
234,65,45,40,75,48,80,55,60,55,50,48,45,65,40,25,55,35,90,65,40,55,60,95,5,10,15,10,2,5,30,45,55,40,50
235,78,68,18,62,8,15,42,60,75,50,72,55,58,65,12,35,25,40,82,88,60,50,85,10,15,10,15,5,25,30,20,10,65,85
236,65,68,52,65,42,85,48,65,58,55,58,50,55,35,38,30,25,80,65,50,60,55,5,15,35,5,5,5,85,30,40,60,45,55
237,78,52,38,68,42,20,48,72,85,65,78,45,62,12,15,35,15,22,75,55,68,62,2,5,8,2,3,2,95,15,40,68,50,82
238,72,55,35,62,48,10,55,70,75,65,68,42,68,78,18,28,25,52,65,45,58,52,15,15,30,5,10,5,85,30,40,62,55,50
239,75,65,35,68,35,10,45,70,80,65,70,45,75,70,20,35,15,35,75,65,68,55,2,5,10,2,5,2,95,50,45,65,50,55
240,62,54,48,63,32,88,48,65,56,52,50,42,65,12,38,32,45,85,68,45,52,53,10,25,40,15,15,50,45,30,35,58,40,48
241,75,65,40,68,42,10,48,70,72,60,65,45,65,70,20,30,20,40,75,58,65,60,0,10,15,0,5,0,90,50,40,65,55,55
242,78,62,35,68,48,12,45,72,82,65,74,48,58,60,12,30,22,45,75,58,65,58,2,5,10,1,3,1,95,30,35,68,55,78
243,88,75,15,65,6,30,45,75,90,65,80,55,75,65,10,35,25,75,85,92,65,50,35,20,40,15,20,5,70,20,10,20,70,60
244,75,68,35,65,28,10,45,65,85,60,75,50,60,55,15,35,35,75,75,70,60,60,5,20,55,5,10,5,75,30,40,65,45,55
245,78,68,32,67,32,5,45,75,82,68,72,48,75,85,12,30,15,42,75,68,68,58,2,5,8,1,3,1,95,35,45,68,50,78
246,75,60,35,80,32,15,45,65,60,50,50,45,75,40,20,55,30,90,75,65,60,65,80,15,25,15,15,5,30,30,50,65,45,30
247,78,76,35,68,26,10,42,62,82,55,72,48,68,85,12,28,32,85,75,78,62,58,85,15,25,30,20,5,30,30,40,65,45,60
248,75,55,40,65,40,85,50,70,85,60,75,45,65,40,25,45,20,65,75,45,65,55,5,10,15,5,5,5,90,20,40,65,35,80
249,78,75,35,65,28,10,45,70,85,60,75,55,65,75,15,35,15,35,75,78,65,60,0,5,10,0,5,0,95,50,45,65,45,65
250,82,68,35,65,32,10,45,65,92,60,85,55,70,55,12,25,30,65,80,72,60,60,15,25,45,15,20,5,75,50,45,68,50,85
251,72,58,35,65,22,55,42,65,75,58,68,45,48,82,20,40,22,60,75,62,62,68,5,10,15,5,5,2,92,35,40,45,45,65
252,78,72,22,65,10,12,45,70,72,55,62,50,75,82,25,35,20,40,78,88,68,50,5,10,15,2,5,2,92,30,50,35,60,40
253,72,38,42,82,62,95,58,65,48,60,42,48,45,25,28,58,22,45,55,25,72,65,2,5,5,1,2,1,95,20,25,48,40,45
254,68,45,35,75,55,40,40,60,75,55,65,55,60,55,25,60,20,45,70,40,65,70,5,10,15,5,5,5,90,20,55,55,40,35
255,65,72,45,60,20,85,45,65,55,50,58,52,75,15,35,30,40,95,70,68,55,55,95,10,20,40,15,5,5,10,45,50,40,60
256,72,75,35,60,18,75,40,65,80,60,72,55,40,55,25,40,15,25,70,78,68,60,2,5,10,2,5,2,95,50,45,45,40,85
257,85,80,20,60,3,50,45,70,65,55,60,50,60,35,15,25,35,80,85,95,65,50,30,30,50,20,20,10,60,30,50,30,75,40
258,72,48,35,75,40,10,52,78,65,62,52,42,58,60,22,58,15,62,68,50,65,68,2,5,10,1,2,1,95,30,45,58,45,38
259,78,86,35,72,24,8,38,65,62,50,68,65,88,72,22,25,25,42,78,85,72,60,98,5,10,15,10,2,10,30,45,68,50,45
260,75,72,45,65,33,10,45,60,85,55,75,50,75,70,15,20,45,85,75,70,60,55,40,20,75,30,40,15,30,30,40,65,45,65
261,75,65,25,60,12,10,45,70,75,60,65,50,60,85,20,35,15,35,70,80,65,50,0,5,10,0,5,0,95,30,40,45,60,65
262,78,68,20,62,8,65,45,70,52,55,58,45,48,25,15,35,25,65,82,83,55,50,5,15,20,5,5,5,85,30,10,10,60,62
263,78,68,32,65,14,60,42,65,88,52,78,55,75,25,18,35,35,95,80,82,55,50,95,5,10,15,10,2,8,30,30,45,45,55
264,85,70,15,60,10,15,45,75,85,65,75,45,60,70,10,35,20,40,80,85,65,50,0,5,10,0,5,0,95,30,10,30,60,55
265,65,60,35,75,23,80,45,65,55,60,45,45,60,55,30,55,30,90,70,65,60,65,98,5,10,15,10,2,5,20,40,50,35,35
266,75,65,35,65,28,25,45,65,85,60,75,50,40,15,20,35,25,45,75,70,55,65,5,5,10,5,5,5,95,30,60,60,45,80
267,75,62,22,60,14,18,45,65,68,50,62,45,42,45,18,35,18,42,72,78,58,50,2,5,10,2,5,2,95,30,20,35,45,58
268,62,76,42,68,32,8,38,65,45,52,55,60,68,85,30,18,22,82,72,68,65,58,5,15,20,5,5,5,88,35,40,62,45,48
269,72,62,35,75,28,12,42,65,82,58,68,48,55,78,18,52,18,42,72,68,62,65,2,5,10,1,3,1,95,35,50,60,45,75
270,65,60,45,55,22,85,45,75,60,65,58,40,55,20,45,40,25,30,60,58,65,50,5,10,15,5,5,2,95,30,40,50,45,75
271,75,72,40,65,33,5,40,65,85,60,75,50,80,85,20,25,15,20,75,70,70,55,0,5,10,0,0,0,95,30,30,70,55,50
272,65,40,55,50,60,95,60,65,60,55,55,45,40,20,30,35,30,65,60,25,40,35,5,15,20,5,10,5,90,20,20,45,45,75
273,78,58,32,72,32,8,52,70,92,65,82,48,58,85,12,55,18,58,75,68,62,64,2,5,8,1,3,1,95,35,50,62,45,60
274,68,52,45,75,48,85,50,65,58,55,55,45,72,5,30,40,35,85,68,35,62,58,55,20,45,15,15,5,45,15,30,65,40,55
275,65,55,40,55,30,80,45,60,65,50,60,50,60,15,35,30,45,85,70,55,40,55,15,35,75,25,25,15,30,30,45,40,30,55
276,62,48,38,78,32,82,45,65,55,50,52,42,78,22,35,62,28,78,72,45,68,62,12,25,40,5,8,5,75,50,45,68,35,28
277,65,70,52,68,25,85,45,65,55,58,58,48,75,35,40,30,15,65,70,55,72,55,0,15,20,5,5,0,90,30,45,68,45,48
278,65,45,45,65,52,30,45,65,52,55,48,45,55,30,25,40,20,45,60,35,60,65,5,10,15,5,5,5,90,20,60,58,45,70
279,55,65,62,60,42,88,50,65,35,55,50,45,55,15,40,20,30,80,65,35,60,50,5,15,30,5,5,2,85,30,30,60,40,55
280,75,60,40,68,48,10,45,65,80,60,70,45,75,35,20,30,20,40,75,45,65,55,2,5,10,2,5,2,95,30,40,70,45,45
281,65,82,45,65,24,5,40,60,52,50,58,55,85,80,35,15,35,85,70,75,70,60,75,15,25,30,20,5,30,30,45,65,50,35
282,58,64,46,62,32,18,44,58,35,48,42,45,72,12,38,28,22,48,63,61,62,66,12,10,15,5,5,3,88,35,40,56,42,45
283,65,45,55,75,60,95,50,70,55,60,55,40,75,10,45,35,25,50,65,30,75,50,5,10,15,5,5,5,95,35,30,70,45,30
284,68,65,38,62,18,25,42,65,72,58,68,48,55,45,20,40,32,88,75,72,52,58,15,35,50,15,20,10,65,50,45,35,45,48
285,65,78,22,58,18,5,38,65,20,50,30,55,68,82,12,32,15,22,42,82,72,62,5,5,10,5,5,2,95,30,45,35,65,40
286,78,68,32,65,12,65,45,75,85,70,75,52,55,22,18,35,22,78,80,82,65,50,5,15,20,5,5,5,88,50,20,35,50,78
287,48,35,55,58,52,95,65,75,30,60,40,40,55,15,45,45,25,70,60,20,55,40,5,15,25,5,10,5,85,30,20,45,40,50
288,68,62,52,70,34,95,48,72,62,65,60,42,75,12,38,32,28,88,72,52,68,52,12,40,45,8,10,5,78,30,35,72,40,42
289,75,72,35,65,25,10,45,60,75,55,68,50,55,60,20,30,45,85,70,75,50,55,20,30,70,25,40,15,40,30,50,65,50,60
290,62,42,48,75,52,90,52,70,40,65,42,40,68,5,35,55,22,55,65,25,68,55,2,10,12,1,2,2,95,20,30,58,45,65
291,68,48,35,72,32,85,52,65,75,58,62,45,48,72,22,58,18,68,70,42,62,65,5,10,15,5,5,5,92,20,40,42,35,82
292,75,60,38,65,42,15,45,70,75,60,68,45,65,25,20,35,15,25,70,55,65,55,2,5,10,2,5,2,95,30,40,65,50,75
293,65,55,52,62,48,95,50,68,58,55,60,45,62,15,32,28,25,80,72,35,65,50,2,15,20,2,5,2,90,10,25,65,40,55
294,68,78,42,65,24,8,38,30,68,45,72,78,82,80,28,35,25,45,75,82,65,85,92,5,10,15,10,2,15,20,55,45,35,40
295,72,56,42,65,38,85,52,78,75,68,70,45,58,18,32,40,22,65,72,52,68,52,2,8,12,1,2,1,95,30,35,62,45,50
296,78,68,42,72,34,85,45,60,88,50,78,52,78,15,20,30,32,85,75,62,65,55,80,15,20,25,15,5,35,30,45,72,45,70
297,78,68,32,65,24,35,42,60,92,50,85,55,52,25,12,40,28,85,82,72,55,68,15,20,45,10,15,5,75,30,60,62,25,55
298,78,72,15,58,6,15,45,60,52,50,40,45,55,75,12,30,25,85,55,88,65,50,80,10,15,15,15,5,35,30,10,10,65,55
299,55,40,45,65,52,25,58,65,35,55,40,40,50,35,30,55,45,75,60,35,50,55,15,30,65,15,40,10,45,50,50,48,45,50
300,68,48,42,67,58,92,50,72,58,63,55,45,62,28,22,35,28,65,72,32,65,58,5,15,25,5,5,2,90,30,35,62,45,48
301,75,72,55,68,28,88,45,65,82,60,78,52,65,15,22,28,35,85,75,68,62,52,5,45,50,10,10,5,75,30,40,72,45,70
302,68,42,40,65,62,45,54,72,58,60,52,45,68,35,25,38,22,78,65,35,62,58,5,10,15,5,5,5,88,30,50,58,45,72
303,78,72,32,68,28,12,42,65,85,62,78,55,60,75,15,30,25,75,75,78,62,65,20,15,40,10,15,5,75,35,45,68,45,55
304,75,55,40,68,65,10,52,70,80,65,68,45,70,55,15,35,15,30,65,50,65,50,2,5,8,2,5,2,95,20,30,60,60,55
305,65,78,35,55,20,10,35,30,58,45,55,65,85,35,25,40,20,25,75,82,60,65,95,5,10,15,10,2,15,30,55,30,50,35
306,65,45,40,75,40,90,55,60,55,50,45,45,50,30,30,60,35,85,60,40,55,65,10,55,45,5,10,10,60,30,40,50,40,45
307,72,81,35,65,22,5,40,65,78,55,72,52,78,85,22,28,35,75,75,82,68,60,70,15,45,30,25,5,35,30,40,65,45,40
308,78,68,42,67,32,35,45,55,88,50,78,58,65,25,12,30,42,85,80,65,52,68,15,45,65,20,30,25,50,30,60,62,45,55
309,62,42,48,65,65,95,55,75,40,60,45,45,50,25,30,52,20,15,55,20,65,45,2,5,8,2,5,2,95,10,20,55,45,80
310,72,42,54,76,72,92,62,65,45,55,48,52,78,8,28,32,75,70,68,22,55,50,2,5,10,5,5,95,5,15,25,68,62,20
311,65,45,35,70,42,10,55,65,60,55,58,40,55,75,25,45,20,65,60,45,60,65,2,5,10,2,2,2,90,30,45,60,30,35
312,72,75,32,65,20,8,38,68,82,50,76,55,65,60,18,35,28,92,80,85,65,62,98,2,5,8,5,1,3,35,45,52,40,45
313,65,58,45,62,38,85,50,65,75,60,68,45,70,20,35,30,30,85,70,45,60,50,5,15,40,5,5,5,80,20,15,65,30,45
314,62,56,44,68,40,95,48,65,58,52,55,48,78,18,38,35,22,82,67,42,68,55,5,12,18,5,5,3,92,20,35,72,45,32
315,65,68,52,65,35,85,40,60,58,50,58,45,75,25,40,30,20,75,70,55,68,55,5,10,15,5,5,5,95,30,45,65,40,35
316,78,72,42,68,32,6,45,65,88,62,80,55,82,85,12,18,35,65,78,70,65,55,5,25,65,10,15,5,60,30,40,72,45,60
317,80,75,15,60,5,45,45,70,58,60,55,40,30,35,15,30,25,65,70,88,50,50,15,20,30,10,15,5,80,20,10,10,50,85
318,68,65,42,67,38,10,45,60,58,50,55,52,78,85,25,28,35,95,68,62,62,55,95,5,15,25,10,2,5,30,40,65,45,50
319,85,80,10,55,2,50,50,65,55,55,50,45,60,25,15,20,30,75,85,95,60,50,15,30,45,10,15,5,75,20,10,10,70,30
320,75,72,28,65,18,8,38,65,70,50,62,55,65,75,15,35,30,90,75,85,55,60,95,5,15,15,15,2,5,20,40,45,40,55
321,65,45,60,75,75,90,45,65,35,55,40,45,80,15,45,40,20,15,65,25,80,50,0,5,10,0,5,0,95,30,30,75,45,30
322,55,45,60,55,32,65,50,50,15,40,35,65,45,30,20,15,45,85,75,30,30,40,15,70,45,15,50,15,35,15,40,40,55,75
323,68,54,52,62,50,90,52,68,72,62,68,45,65,15,28,32,38,85,68,38,55,48,10,35,65,15,20,10,65,30,35,64,45,58
324,78,62,38,68,38,25,45,65,88,60,80,52,60,8,12,35,22,65,78,65,65,70,2,5,10,2,5,2,95,30,55,68,50,85
325,78,80,35,70,23,4,38,65,85,50,75,55,82,88,12,20,28,90,78,82,68,62,98,5,8,12,8,2,8,15,45,70,50,70
326,75,45,35,78,55,90,50,70,58,65,45,40,70,20,35,60,15,35,60,40,68,65,2,5,8,1,2,1,95,30,40,65,50,45
327,78,72,22,63,8,48,45,65,58,52,55,42,58,38,12,30,25,62,78,86,62,50,5,15,25,5,5,5,85,10,10,25,65,35
328,55,52,65,60,45,95,50,65,35,55,50,45,45,15,45,25,30,65,75,30,55,50,2,15,20,2,2,2,90,30,30,55,40,85
329,78,72,15,62,6,25,45,65,82,55,72,48,48,45,12,30,18,35,75,88,65,50,5,10,15,5,5,5,92,20,20,5,60,82
330,72,58,38,62,34,15,42,65,82,50,75,45,68,55,18,30,22,65,78,60,62,58,2,5,12,1,3,1,94,15,35,62,45,55
331,68,62,32,65,28,25,42,65,48,50,35,45,60,70,15,30,22,82,40,58,62,58,8,12,18,5,5,3,88,35,45,48,45,55
332,68,58,32,62,24,8,46,65,68,58,60,42,52,78,18,38,22,62,65,66,55,58,5,12,25,5,5,5,85,30,45,55,40,45
333,78,65,45,76,35,85,45,75,78,62,72,48,82,15,25,30,20,65,75,50,78,52,5,10,15,2,2,2,95,20,30,82,45,35
334,68,62,38,60,34,12,46,65,68,55,62,45,52,82,18,28,38,72,65,60,52,55,35,15,50,25,30,8,55,30,40,55,35,75
335,72,62,45,68,40,85,48,75,62,65,60,42,55,22,28,35,20,65,68,52,68,58,2,8,12,2,2,2,95,35,35,65,45,62
336,85,80,15,60,2,45,45,75,85,65,75,50,60,25,10,30,15,30,85,95,65,50,5,10,15,5,5,5,90,30,20,10,70,60
337,68,48,45,62,50,95,52,75,65,60,58,42,65,15,25,40,22,75,68,35,62,50,5,15,20,2,5,2,90,30,30,58,45,65
338,62,58,44,67,32,95,42,65,45,50,48,45,60,15,32,38,25,75,68,52,62,58,5,15,20,5,5,5,85,50,40,58,45,45
339,60,70,40,65,28,10,40,65,35,50,45,55,75,70,25,30,15,35,70,68,65,55,0,5,10,0,0,0,95,30,40,60,55,35
340,78,42,45,72,75,95,55,75,65,68,58,45,62,10,20,40,25,15,65,48,65,50,2,8,10,1,2,1,95,20,25,62,58,48
341,65,45,45,55,58,85,55,70,52,60,48,45,50,15,30,40,20,40,55,35,45,50,5,10,15,5,5,5,90,30,35,50,45,65
342,58,48,42,67,34,85,48,62,48,50,52,42,45,20,32,55,35,85,62,42,52,62,10,45,40,5,10,5,75,50,50,45,40,60
343,82,78,15,55,3,15,45,65,70,50,65,60,80,60,12,20,25,90,85,95,60,50,95,5,10,15,10,2,10,20,10,10,65,30
344,85,80,15,50,2,45,45,65,70,55,65,55,45,35,10,20,25,40,80,95,60,50,40,15,25,10,15,5,65,10,10,10,75,55
345,75,60,45,65,38,95,50,65,85,60,78,50,65,15,25,35,35,80,75,55,60,50,5,40,45,5,5,5,75,30,40,70,45,55
346,78,74,32,68,24,8,42,70,88,62,78,48,72,82,15,30,22,32,75,76,68,58,5,8,12,3,5,2,92,15,35,66,50,58
347,75,65,48,68,32,95,50,65,80,55,72,45,70,10,25,35,45,85,75,55,55,55,15,45,65,20,25,25,45,50,50,65,50,55
348,78,62,45,72,42,88,48,65,85,52,78,58,80,8,15,30,78,95,78,45,58,55,2,5,10,15,5,95,2,15,45,76,52,65
349,75,45,40,75,52,95,55,70,60,65,55,40,70,15,30,60,25,75,65,40,65,55,10,10,20,5,5,5,85,50,40,60,35,45
350,72,48,35,68,42,15,58,62,60,52,55,45,68,20,22,45,35,85,65,48,50,48,10,80,35,5,10,5,45,30,30,58,65,40
351,68,72,38,62,20,58,42,65,62,50,58,55,45,55,28,38,28,75,68,75,62,65,5,15,25,5,10,5,85,30,45,52,40,85
352,60,40,62,75,65,95,52,60,30,55,40,50,75,10,35,35,65,35,70,20,65,50,5,15,30,15,10,80,15,30,10,70,45,30
353,85,80,10,50,1,45,50,70,45,60,50,50,75,20,10,15,15,35,80,95,65,50,5,5,5,5,5,5,95,20,10,5,75,40
354,72,85,38,68,26,6,42,58,74,50,72,65,86,88,22,18,32,88,80,82,70,60,95,10,15,20,10,5,10,10,45,72,50,35
355,65,55,35,60,28,65,45,60,58,50,55,45,55,40,45,45,15,30,65,55,65,60,2,5,8,2,3,2,95,20,45,50,35,55
356,60,55,40,62,28,30,50,60,58,50,55,45,65,5,25,35,55,90,70,58,45,65,40,30,50,45,35,40,15,50,60,55,45,50
357,85,75,15,50,3,30,45,65,45,60,48,55,75,45,10,20,25,65,80,92,65,50,10,20,25,5,5,5,85,50,50,15,70,25
358,75,78,42,76,24,6,44,65,85,52,78,58,88,82,18,22,38,78,80,74,65,62,12,35,75,15,25,8,45,50,45,72,48,20
359,82,78,12,55,4,42,45,65,52,50,55,45,75,45,10,30,15,25,78,92,68,50,2,5,8,1,3,1,96,20,10,10,70,60
360,75,58,35,65,34,12,48,68,78,62,68,42,55,72,18,38,22,68,72,62,62,64,5,15,20,5,8,5,88,20,45,58,48,58
361,75,50,40,80,48,95,50,75,70,65,60,45,80,15,30,60,20,40,75,40,75,50,0,5,10,0,0,0,95,30,35,75,60,35
362,65,55,50,62,42,95,50,65,45,55,48,45,45,30,25,30,45,90,65,40,50,50,60,35,50,30,45,10,30,30,35,55,40,75
363,62,54,46,65,40,85,50,65,58,50,62,45,72,15,38,35,35,90,60,45,58,52,85,15,20,15,15,5,20,10,40,58,40,85
364,65,52,40,75,42,95,50,65,70,55,60,45,65,20,45,60,15,40,75,45,75,60,0,5,10,0,0,0,95,20,35,60,30,35
365,75,68,35,78,24,12,45,65,85,60,72,50,65,82,15,40,22,85,75,72,62,65,35,15,35,10,15,5,70,35,40,62,45,75
366,68,48,42,72,42,95,52,75,78,62,65,45,55,30,25,55,20,80,70,40,60,65,5,15,20,5,5,5,85,10,35,52,30,45
367,78,76,32,70,24,8,38,60,82,50,75,52,80,45,12,28,28,85,80,82,65,60,98,5,10,15,10,2,12,35,45,68,50,62
368,78,62,35,65,28,12,45,72,78,68,70,42,60,70,12,30,25,75,75,65,55,58,5,15,25,5,10,5,85,20,40,58,45,75
369,68,72,35,58,28,8,42,65,82,58,72,48,62,85,20,25,15,22,55,70,65,58,2,5,8,2,4,1,95,35,45,55,45,75
370,75,62,48,72,44,92,48,78,82,65,74,42,85,8,28,32,22,65,78,40,76,50,2,12,18,1,1,1,94,20,30,82,55,38
371,75,78,38,65,30,10,42,65,85,55,78,58,68,85,18,22,25,40,75,72,68,55,2,10,20,2,5,2,90,30,35,70,50,72
372,75,65,45,65,33,85,50,60,85,55,75,50,70,10,20,30,45,85,75,55,55,55,10,70,65,15,15,15,40,20,40,65,45,50
373,75,72,35,65,26,5,45,60,85,55,75,50,70,75,15,30,35,70,75,75,60,60,10,25,65,15,15,20,60,50,40,65,50,65
374,75,68,35,62,28,5,45,65,80,60,72,45,75,85,20,30,20,35,75,70,65,55,5,10,25,5,5,5,85,50,40,65,45,50
375,75,55,45,65,48,95,55,75,80,70,70,45,50,15,25,40,20,50,70,40,65,50,2,5,10,2,5,2,95,35,35,65,45,60
376,48,62,54,58,34,22,46,55,42,48,48,45,58,65,44,22,42,92,52,50,62,56,25,45,55,20,25,15,50,35,50,52,40,58
377,78,62,52,72,42,85,50,65,82,50,75,55,85,5,15,25,75,95,78,45,62,52,2,5,10,10,5,95,2,35,35,80,60,25
378,68,58,32,62,22,40,45,65,58,50,42,40,45,30,25,52,18,38,60,65,62,65,5,5,10,2,5,2,95,20,55,45,25,78
379,75,72,35,68,26,8,42,65,82,58,72,48,62,85,18,32,22,68,78,76,62,58,5,12,18,2,5,2,92,35,45,64,48,56
380,72,82,35,65,22,5,38,60,62,50,58,55,85,80,25,20,25,85,70,80,65,60,98,5,10,15,10,2,10,10,40,55,50,70
381,65,35,45,65,72,95,55,75,45,65,48,40,60,5,25,45,20,15,55,35,55,45,2,5,8,2,5,2,95,10,20,55,45,40
382,65,55,40,60,40,70,50,60,60,55,58,50,45,45,30,45,30,85,65,50,50,65,5,15,35,5,10,5,80,30,45,45,40,75
383,72,56,45,62,40,85,50,75,78,68,68,42,58,12,28,38,22,58,72,45,65,50,2,5,10,1,2,1,95,30,35,62,45,55
384,78,62,35,68,48,12,45,72,82,65,75,48,68,45,12,30,18,35,72,55,68,55,2,5,8,1,3,1,95,20,30,68,58,52
385,78,58,35,68,68,12,52,65,82,68,72,52,75,40,12,25,38,65,75,62,58,52,85,10,25,20,20,5,15,30,45,62,55,50
386,52,45,58,65,42,90,55,60,35,50,40,45,55,25,40,45,35,85,65,30,60,50,10,55,50,5,10,5,65,30,35,55,45,45
387,68,52,35,75,42,15,50,60,58,50,48,45,55,55,20,45,35,80,60,50,60,65,60,30,40,15,25,5,40,20,50,60,35,45
388,78,72,38,68,34,12,42,65,85,58,78,52,76,68,18,28,22,38,75,70,65,55,2,5,8,1,3,1,95,30,45,68,48,55
389,58,78,45,62,24,5,45,55,35,50,52,63,68,85,28,15,42,90,65,72,60,55,30,35,65,30,25,25,40,10,40,58,45,50
390,68,74,38,62,28,12,42,55,65,48,62,58,72,78,28,22,38,85,70,68,60,58,15,45,55,15,15,10,65,30,45,58,55,52
391,60,68,52,58,28,12,38,30,58,40,68,72,65,70,42,48,22,45,60,70,62,78,85,10,15,12,10,5,20,20,55,25,30,75
392,62,58,42,63,26,85,48,65,54,50,56,45,48,28,38,42,35,95,68,62,55,62,82,15,25,20,15,5,20,30,40,45,30,45
393,65,55,30,55,22,85,45,75,58,60,40,40,65,15,30,52,15,35,45,62,65,55,0,5,10,0,5,0,95,30,45,45,40,40
394,76,62,38,68,42,12,48,78,72,65,63,42,65,45,18,32,18,38,74,58,68,55,2,5,12,1,3,1,94,30,35,64,58,52
395,60,68,40,62,22,5,40,60,45,50,48,45,75,85,30,35,25,75,65,70,60,55,98,5,5,5,5,2,5,20,40,50,45,30
396,58,45,42,58,35,45,52,60,35,45,38,40,50,35,25,42,22,85,62,40,52,62,10,15,20,5,10,5,85,20,55,45,30,65
397,82,70,12,62,4,15,45,65,85,55,78,52,58,60,15,30,25,65,80,92,60,50,85,10,20,20,15,5,30,30,10,10,45,55
398,78,68,25,62,12,15,45,65,78,52,68,45,70,75,12,30,28,82,75,82,55,50,10,35,45,10,15,5,75,30,20,15,45,50
399,75,55,35,65,42,10,52,60,68,55,58,45,70,75,20,30,30,80,65,55,60,50,98,5,10,15,10,2,5,10,35,65,45,35
400,78,72,35,68,30,10,40,65,82,60,78,55,75,70,12,30,15,25,75,78,65,60,2,5,8,2,3,2,95,20,35,68,55,65
401,58,42,52,56,62,95,58,68,52,60,50,45,55,5,35,30,25,45,58,25,55,48,2,10,15,2,5,2,92,20,20,50,45,55
402,62,65,48,60,28,85,45,65,55,52,60,55,50,45,35,38,15,35,65,60,68,55,2,5,8,1,2,1,95,30,45,58,40,62
403,68,45,52,72,52,95,50,65,70,50,62,45,78,15,35,38,35,95,68,35,65,50,95,5,10,15,10,2,5,10,30,68,40,30
404,78,68,32,65,30,10,42,70,82,65,75,45,65,80,12,30,25,35,75,72,68,58,2,5,10,1,2,1,95,20,40,68,45,65
405,65,58,55,62,42,95,52,75,58,60,55,40,65,15,45,30,20,65,70,40,65,50,0,5,10,0,5,0,95,30,25,68,45,60
406,85,75,15,55,5,15,45,70,85,60,75,50,70,75,15,30,15,30,80,92,65,50,2,5,10,2,5,2,95,30,10,10,60,35
407,68,52,42,65,52,12,50,75,48,62,50,45,58,60,28,32,18,55,62,38,68,55,2,5,12,1,2,1,95,15,30,62,52,72
408,78,68,35,68,38,10,45,65,82,55,72,48,62,55,12,28,35,82,75,65,60,62,65,15,25,20,15,5,45,50,40,68,45,85
409,65,68,35,55,28,10,48,65,60,50,58,45,75,78,25,30,15,30,65,65,65,60,0,5,10,0,5,0,95,50,45,55,45,70
410,72,68,45,65,38,85,42,70,85,58,82,55,65,35,22,30,20,35,80,62,72,55,2,5,8,1,2,1,95,15,35,68,45,60
411,72,58,42,68,38,85,45,75,58,65,52,40,70,15,28,40,22,68,62,48,65,55,2,8,12,1,2,1,95,50,35,62,45,78
412,75,50,40,68,42,95,58,65,82,60,72,45,70,15,20,45,45,85,75,48,55,55,10,40,75,15,20,10,50,50,50,65,50,40
413,75,68,40,65,30,10,45,65,75,50,68,45,70,75,20,30,35,85,75,65,60,55,10,40,50,5,10,5,75,30,40,65,45,45
414,60,82,52,65,25,5,40,60,35,45,50,62,65,80,40,15,20,80,78,70,65,55,10,30,40,5,10,5,85,30,40,55,60,55
415,68,58,38,62,32,48,45,65,58,52,56,42,65,40,28,40,35,82,70,58,58,62,15,35,45,10,15,8,65,50,52,55,45,58
416,78,58,35,75,30,12,45,68,82,62,68,45,65,78,18,52,15,72,70,60,65,65,5,5,10,2,5,2,95,20,40,62,45,65
417,68,52,42,76,40,88,50,65,58,55,50,45,72,12,28,40,38,88,68,45,58,56,82,15,35,30,15,5,20,20,35,62,45,52
418,82,75,20,68,10,12,45,78,85,65,75,52,60,82,12,30,22,38,78,88,70,50,2,5,10,1,3,1,95,30,15,35,65,58
419,82,75,15,55,6,40,45,60,25,50,30,65,50,35,10,20,15,40,75,88,35,45,5,15,10,5,10,5,90,20,10,5,70,55
420,75,68,45,65,30,85,45,60,80,55,75,50,75,10,20,30,40,90,75,65,60,55,85,15,30,40,25,5,15,10,40,70,45,75
421,75,52,35,82,48,12,45,70,72,65,55,45,68,75,18,52,22,42,78,48,65,68,2,5,8,1,3,1,95,35,40,62,45,55
422,62,65,42,67,30,12,40,65,45,52,48,50,58,60,20,35,15,65,75,62,63,62,2,8,12,1,3,1,94,20,35,58,40,55
423,68,42,45,78,58,25,50,65,45,60,40,45,70,15,30,55,20,60,65,35,65,68,5,10,15,5,5,5,92,30,55,58,45,40
424,80,45,35,68,70,15,55,75,82,72,68,42,65,15,12,40,15,20,65,55,62,55,2,2,5,1,2,1,95,50,40,60,65,45
425,85,75,15,60,6,15,45,75,85,55,70,50,70,65,10,40,15,35,80,90,65,50,5,5,10,2,5,2,95,30,10,10,60,30
426,70,55,40,65,48,15,45,65,58,60,50,40,60,40,20,45,25,65,65,45,60,65,5,10,15,5,5,5,90,20,45,60,45,55
427,65,45,48,68,65,15,45,55,35,50,38,52,55,45,20,30,25,30,65,35,55,65,10,15,15,5,10,5,85,30,45,50,55,55
428,82,58,38,72,62,12,48,78,76,68,65,45,75,25,18,28,18,38,72,42,72,62,2,5,8,1,3,1,96,30,35,74,58,52
429,82,75,20,65,6,45,40,70,72,55,68,50,30,45,25,35,35,75,75,88,50,50,15,35,45,15,20,15,70,30,30,15,65,75
430,85,75,15,60,6,45,45,70,85,60,75,50,55,65,15,40,15,60,80,90,65,50,5,10,15,5,5,5,90,30,30,10,65,50
431,75,60,30,60,12,85,45,70,85,50,75,45,65,10,20,40,35,85,75,75,50,50,40,20,45,15,25,5,50,10,10,30,20,70
432,75,80,25,65,15,10,40,60,65,50,60,55,75,65,35,30,25,35,80,90,65,55,95,5,10,10,5,2,10,30,40,15,60,50
433,72,62,42,65,38,10,48,65,78,50,72,52,68,65,18,25,55,92,75,58,55,58,75,35,45,35,30,35,15,30,45,62,50,65
434,76,78,45,68,24,85,40,60,85,55,78,60,82,5,18,22,65,95,80,72,55,55,5,25,35,15,10,85,10,30,40,72,55,50
435,75,58,35,65,40,25,48,65,85,60,75,50,45,40,15,40,25,80,70,60,55,68,10,20,35,5,15,5,80,30,45,60,45,85
436,75,50,45,80,60,15,50,70,60,65,55,45,60,35,20,40,20,60,70,40,65,65,5,10,15,5,5,5,85,30,40,70,55,45
437,72,42,38,75,52,90,65,70,60,65,48,45,45,20,28,65,20,60,55,35,70,60,5,10,15,5,5,5,95,30,40,50,35,55
438,78,70,38,68,38,5,45,72,85,65,78,48,75,85,12,20,18,35,78,68,72,52,2,5,10,2,5,2,95,10,25,70,58,62
439,75,72,35,68,26,8,38,62,82,50,74,52,78,85,18,28,32,88,75,76,62,58,98,5,8,12,5,2,5,15,35,65,45,48
440,85,75,15,55,4,20,45,70,85,50,75,50,60,55,10,40,15,35,80,90,65,50,2,5,10,2,5,2,95,20,10,5,70,30
441,75,62,38,68,32,15,42,65,78,55,72,48,45,65,18,35,22,82,75,65,60,68,5,10,15,5,5,5,88,30,40,62,45,85
442,82,78,15,62,7,12,42,72,88,68,78,52,65,72,12,35,18,32,80,92,68,50,2,3,8,2,3,2,96,30,10,15,70,82
443,58,45,52,55,40,85,55,65,52,50,58,45,48,15,42,38,45,80,65,35,42,48,15,35,82,20,38,12,45,35,35,45,30,78
444,75,60,35,65,30,15,45,70,85,65,75,45,45,55,15,35,25,60,75,65,60,65,5,10,15,5,5,5,90,30,45,60,50,80
445,76,82,35,68,28,10,38,65,72,55,68,52,78,85,18,22,20,42,75,78,72,58,2,5,10,1,2,1,95,35,45,74,48,52
446,65,45,50,75,52,95,55,60,45,50,55,45,75,15,35,45,35,85,70,30,65,50,60,15,45,15,20,5,30,30,35,65,20,30
447,58,42,45,72,58,95,55,70,48,55,52,45,48,25,42,58,25,65,65,30,68,62,5,15,15,5,5,5,90,20,35,52,30,35
448,72,52,42,65,48,75,50,68,82,60,75,45,65,20,22,35,25,65,75,40,62,55,5,10,20,5,5,5,85,30,40,65,45,55
449,80,75,15,50,4,35,45,65,40,55,45,45,60,45,10,25,20,45,50,88,60,50,20,15,25,10,15,5,75,30,15,10,45,35
450,78,68,32,65,32,8,42,72,82,65,72,48,68,78,12,30,15,38,75,72,68,58,2,5,8,1,3,1,95,50,35,68,55,78
451,78,58,42,68,48,15,58,65,88,62,78,65,75,25,12,18,78,90,75,55,40,58,2,5,10,15,10,98,2,10,35,65,55,45
452,75,58,42,65,34,78,50,72,85,65,78,45,75,12,20,40,22,45,75,55,65,55,5,10,15,5,5,5,95,50,50,68,50,88
453,85,75,15,50,3,45,50,55,88,50,75,65,60,30,10,25,45,80,85,95,30,50,75,15,40,20,70,10,15,20,50,10,65,85
454,62,85,45,65,22,5,35,60,45,50,55,65,88,85,38,15,25,65,75,80,70,60,98,5,10,15,10,2,10,30,40,55,50,35
455,78,62,32,72,32,12,45,65,88,60,75,52,72,75,12,40,35,85,78,68,58,65,35,20,65,25,40,10,45,50,50,68,45,48
456,68,65,38,62,28,8,42,60,58,50,55,48,58,88,22,32,42,85,65,63,52,55,20,25,75,30,45,12,40,30,45,58,45,58
457,75,78,40,65,25,5,45,60,80,55,70,50,65,85,20,25,55,85,75,75,50,60,50,20,45,65,40,30,15,30,50,60,50,60
458,78,68,42,68,32,85,45,60,85,55,78,48,80,12,18,30,35,85,75,62,62,55,75,15,25,20,15,5,45,30,40,72,45,52
459,65,58,52,70,40,95,50,75,55,60,58,45,85,15,45,30,20,60,70,40,80,48,5,10,15,5,5,5,95,30,30,82,50,35
460,68,88,32,67,22,5,32,55,48,45,42,68,88,82,18,12,15,92,78,82,72,52,98,2,5,8,5,1,5,15,40,58,70,35
461,58,45,50,62,54,52,46,50,38,45,42,55,58,65,38,35,25,72,65,32,55,68,5,15,20,5,10,5,85,20,60,45,40,75
462,75,78,35,68,22,10,42,65,62,50,63,52,78,45,32,28,22,75,72,76,68,58,5,15,25,5,5,5,85,30,45,65,45,58
463,65,58,52,68,48,10,40,65,45,50,52,45,75,45,30,25,15,45,70,40,65,55,0,5,10,0,0,0,95,30,40,65,50,45
464,72,55,48,68,52,90,52,75,82,65,74,45,78,8,32,30,25,45,75,35,72,45,2,10,15,1,2,2,95,20,25,78,50,38
465,65,55,55,70,52,85,50,75,55,60,58,45,85,20,40,30,20,35,70,35,80,45,0,5,10,0,0,0,95,30,20,80,50,35
466,62,52,42,65,32,92,52,78,48,68,45,40,58,28,38,52,22,78,62,46,62,52,5,10,15,5,5,5,92,35,35,52,38,48
467,68,52,38,72,48,12,52,65,62,58,56,45,75,78,25,42,28,88,68,48,62,58,95,5,10,12,8,2,15,30,45,62,48,42
468,68,48,42,65,38,85,52,72,58,65,55,40,45,15,28,52,25,82,62,45,55,58,5,15,25,5,5,5,85,30,35,52,35,62
469,78,72,28,65,18,8,42,68,85,62,78,52,60,75,12,30,15,18,75,82,65,55,2,5,8,2,5,2,95,50,45,58,50,65
470,82,75,15,65,8,45,45,70,85,60,78,50,75,35,12,30,38,85,80,88,55,50,15,40,70,20,30,15,45,15,10,15,65,50
471,68,58,55,60,42,85,53,75,72,65,70,42,62,15,32,30,28,45,68,45,68,45,2,5,12,2,3,2,95,35,25,68,48,82
472,65,68,40,62,32,10,45,65,45,55,52,45,70,40,25,30,15,35,65,60,65,55,0,5,10,0,5,0,95,30,50,60,45,48
473,48,58,55,62,10,52,38,50,22,45,35,68,45,20,28,22,35,80,85,72,30,48,12,55,40,10,15,10,65,30,35,15,38,78
474,75,55,40,72,42,10,50,65,75,60,65,45,70,75,25,40,20,75,70,55,65,60,5,10,15,2,2,2,90,30,35,65,45,40
475,75,70,25,65,18,5,40,65,60,50,55,45,75,85,30,40,30,90,70,80,60,55,98,2,5,5,5,1,5,10,40,45,45,45
476,70,68,55,62,40,90,48,65,75,50,72,55,75,15,25,20,55,85,75,45,60,50,15,40,75,30,35,15,45,10,40,68,45,60
477,70,55,45,60,30,95,50,75,75,65,65,40,60,5,25,40,25,60,70,50,55,50,5,15,20,5,5,5,90,30,40,60,40,55
478,65,55,45,60,40,85,50,75,60,65,58,40,60,10,35,35,20,65,70,45,65,50,0,5,10,0,0,0,95,30,30,60,45,50
479,78,68,38,68,30,10,45,65,85,60,75,45,75,85,15,30,30,80,75,70,62,58,10,20,40,5,10,5,80,35,45,68,50,60
480,78,48,38,76,62,28,45,68,82,65,70,45,75,12,12,30,22,45,78,42,68,65,2,5,8,1,3,1,95,15,40,68,55,62
481,75,55,35,65,38,15,50,60,85,50,70,45,55,40,15,40,35,85,70,60,55,60,95,5,10,15,10,2,5,20,50,65,45,60
482,65,45,55,75,65,85,50,60,35,55,40,45,75,15,40,35,35,25,65,20,70,50,5,35,40,5,5,10,75,20,20,70,45,25
483,65,55,52,58,38,90,55,75,62,60,60,45,55,15,35,40,20,45,65,45,65,50,2,5,10,2,2,2,95,30,35,60,45,58
484,72,58,42,62,32,85,45,70,68,60,65,45,52,20,32,40,18,55,68,55,62,55,2,5,10,1,3,1,95,30,35,58,30,78
485,62,45,48,72,42,90,50,65,35,50,40,45,70,15,30,55,45,85,65,35,55,50,15,30,75,15,25,10,40,30,40,55,45,40
486,65,45,45,52,52,90,55,65,75,60,65,45,40,15,30,35,35,80,65,30,45,45,5,30,40,5,10,5,75,50,20,45,40,80
487,75,68,42,65,28,85,45,65,85,60,78,50,82,15,20,30,25,80,75,62,65,52,10,15,35,5,5,5,80,35,40,72,45,55
488,65,68,45,62,35,10,45,70,45,60,50,45,60,70,25,30,20,35,65,60,65,55,0,5,10,0,5,0,95,30,40,60,45,55
489,82,75,15,62,4,30,45,65,72,55,68,50,78,45,12,25,25,60,78,95,68,50,60,15,20,15,15,5,50,30,10,10,65,60
490,65,68,45,60,22,85,45,65,65,55,60,45,70,15,40,35,30,85,70,65,60,50,15,25,45,10,15,5,75,30,40,55,45,75
491,65,75,45,65,28,5,40,60,55,50,58,50,85,85,35,20,20,45,70,70,65,55,60,15,25,10,10,5,50,30,40,65,45,45
492,65,60,55,65,35,90,50,70,55,60,58,45,70,10,45,30,35,85,75,50,60,50,5,25,40,5,5,5,75,20,30,60,40,55
493,75,65,20,55,8,15,40,65,20,50,25,55,45,60,5,30,12,30,35,85,55,50,2,2,5,2,2,1,95,20,10,15,60,50
494,68,70,42,67,23,75,38,60,58,50,58,48,72,22,38,42,32,88,72,68,62,60,65,15,25,15,15,5,50,30,45,58,45,40
495,65,55,55,70,48,85,50,60,45,50,55,45,85,15,35,30,35,90,75,35,65,50,98,5,10,15,10,2,10,10,30,75,45,40
496,78,62,35,68,28,25,45,70,85,60,78,45,55,25,12,35,22,65,75,68,62,65,5,10,15,2,5,2,88,35,55,65,45,68
497,65,78,35,60,20,5,40,55,45,50,55,50,65,85,20,30,25,40,65,80,65,60,50,15,25,15,15,5,65,30,40,45,40,60
498,60,55,50,65,32,80,45,60,40,50,45,45,75,10,35,35,65,95,70,45,55,50,10,20,40,20,20,75,15,30,40,60,45,40
499,75,60,40,65,28,75,45,65,85,60,75,55,45,85,25,45,25,85,75,60,60,70,10,25,40,10,15,5,75,50,55,45,45,65
500,45,35,48,58,45,95,55,65,25,50,35,40,40,10,30,55,40,85,60,20,45,50,10,60,70,15,20,10,50,30,40,40,30,45
501,68,76,42,65,28,6,42,60,58,50,62,55,78,82,22,18,55,95,72,74,58,55,65,20,45,75,35,40,15,30,45,65,45,60
502,78,58,35,72,42,10,50,65,82,55,72,45,68,60,12,38,55,85,75,55,60,65,15,25,45,25,30,50,20,50,50,68,50,55
503,48,50,62,52,42,95,50,65,40,55,55,40,55,5,45,30,30,70,65,35,55,50,5,25,35,5,5,5,85,30,35,48,30,70
504,72,64,52,65,32,95,48,78,82,68,75,45,72,15,22,30,25,62,78,58,62,50,2,15,25,2,5,2,90,20,35,68,40,58
505,78,72,42,78,30,5,45,65,88,60,78,55,82,75,20,25,32,80,80,70,68,58,10,25,60,5,10,5,65,50,40,72,45,30
506,85,75,10,50,3,45,45,75,92,60,85,55,65,55,5,30,12,15,85,95,70,50,2,2,5,1,2,1,95,30,10,5,75,75
507,78,55,42,76,48,15,52,68,85,58,78,48,65,45,15,35,32,82,75,48,62,72,8,25,35,5,10,5,75,30,50,68,45,48
508,75,68,45,78,28,85,45,65,60,55,60,45,65,15,35,40,25,80,70,65,68,65,5,25,35,5,5,5,80,30,45,65,40,45
509,55,45,50,55,60,75,55,65,45,60,50,40,48,30,40,45,25,45,50,30,60,50,5,10,15,5,10,5,90,30,40,48,45,80
510,68,76,52,68,26,85,45,65,58,50,62,48,82,15,35,22,28,85,75,70,65,55,5,25,40,5,5,5,80,30,40,68,45,35
511,65,58,32,68,16,72,45,65,54,50,48,45,55,42,28,42,35,88,65,62,55,52,95,5,10,15,10,2,8,30,45,40,45,45
512,72,62,55,68,48,95,50,65,75,58,70,48,78,12,28,32,38,85,78,38,62,50,5,45,60,10,15,5,65,30,40,72,50,52
513,65,58,45,65,42,10,50,65,45,55,52,48,68,40,25,30,15,25,65,50,65,55,0,5,10,0,0,0,95,20,35,60,45,35
514,65,68,45,65,28,85,45,70,58,60,60,50,60,25,40,30,20,75,70,62,65,55,5,15,20,5,5,5,90,30,40,60,45,50
515,58,78,58,65,28,8,38,60,42,50,48,65,78,85,40,18,15,22,82,55,72,55,2,5,8,2,2,1,97,30,45,62,58,40
516,65,55,52,65,45,85,50,75,60,65,58,40,60,15,45,35,20,40,65,40,65,50,2,5,10,1,2,1,95,30,35,68,45,50
517,55,50,55,52,35,90,50,75,35,60,45,40,45,15,30,35,20,70,45,35,55,50,0,10,15,0,0,0,95,30,35,50,30,55
518,65,40,45,60,70,85,50,65,58,55,52,45,50,15,20,30,30,55,65,35,45,45,5,15,25,5,10,5,85,30,20,55,40,75
519,75,55,40,65,30,75,50,70,85,65,75,45,60,25,20,45,20,40,70,60,65,55,0,5,15,0,5,0,90,50,45,65,45,65
520,75,55,30,68,32,15,45,70,85,65,70,40,45,65,15,45,20,55,70,60,55,65,5,10,15,5,5,5,90,30,40,55,45,80
521,75,55,60,75,65,85,50,75,60,65,60,50,85,15,35,25,25,30,70,30,80,45,0,5,10,0,5,0,95,10,30,85,55,35
522,75,42,40,78,58,95,52,75,82,68,70,45,80,2,20,45,20,30,75,30,72,55,2,5,8,1,2,1,95,30,35,68,45,55
523,65,55,45,60,45,35,40,60,70,50,65,50,55,40,35,40,25,55,65,50,65,60,5,10,15,5,5,5,85,50,55,55,40,85
524,62,52,48,58,42,85,54,78,52,65,53,38,62,18,38,42,22,42,68,45,68,50,5,10,15,5,5,5,95,20,30,62,45,58
525,65,60,40,60,30,10,45,55,60,50,55,45,55,70,25,35,35,90,65,65,50,55,95,5,15,20,15,2,5,20,40,55,40,55
526,62,56,58,63,38,85,50,75,45,62,52,42,72,15,45,32,25,78,70,45,65,50,2,15,20,2,5,2,90,30,40,62,45,55
527,75,62,38,65,38,12,48,72,82,68,74,45,68,78,18,28,28,68,72,58,62,52,5,15,25,5,10,5,85,20,35,68,55,58
528,62,84,42,65,22,6,38,58,54,52,63,68,86,78,28,18,22,78,76,81,72,62,12,18,28,8,8,5,82,15,35,58,45,52
529,65,45,48,62,60,95,50,65,58,55,52,45,70,10,25,30,45,65,65,35,55,50,10,45,50,15,15,10,65,30,25,60,45,85
530,75,60,38,65,42,12,52,72,82,68,72,45,62,55,18,32,22,45,75,58,65,55,2,5,10,1,3,1,95,20,35,64,55,50
531,78,42,40,75,62,95,58,72,82,68,65,45,55,5,15,52,25,60,70,30,65,58,5,20,30,5,5,5,85,30,30,62,55,65
532,85,75,15,55,4,35,45,65,85,50,70,50,60,65,15,25,25,85,80,95,60,50,30,25,45,15,20,10,60,10,10,10,70,75
533,75,68,38,65,35,10,45,70,80,60,72,50,75,70,20,30,20,65,75,65,65,55,5,10,15,5,5,5,90,10,40,68,50,50
534,75,55,35,70,28,10,45,65,80,60,65,45,55,75,15,55,15,45,70,60,65,65,2,5,10,2,5,2,95,20,40,60,45,55
535,62,72,55,68,38,10,38,65,55,50,58,52,78,75,42,22,22,58,75,52,68,52,5,15,20,5,5,5,88,50,40,65,45,52
536,65,68,52,65,38,10,48,60,45,55,45,50,75,35,30,25,35,90,65,55,60,55,40,20,45,15,15,5,50,30,40,62,45,50
537,58,52,56,68,40,95,50,65,42,55,48,45,72,15,45,25,20,65,70,35,72,50,5,15,20,5,5,5,90,30,35,75,40,40
538,75,72,40,65,40,5,45,70,85,65,78,55,80,70,20,25,20,40,75,65,75,55,2,5,15,2,5,2,95,30,40,75,50,45
539,75,72,38,68,32,8,42,70,85,55,78,52,76,75,18,30,22,78,75,72,65,58,5,12,20,5,5,5,88,35,45,68,50,45
540,72,84,35,68,22,6,38,65,62,55,68,58,85,45,22,18,15,25,78,82,74,60,12,8,12,5,5,3,92,20,45,58,40,25
541,65,52,40,65,42,45,50,60,55,55,50,45,50,40,30,45,35,85,60,48,55,60,15,45,45,10,15,10,65,35,55,55,40,60
542,80,65,20,65,12,15,40,75,78,50,68,45,65,60,15,30,15,35,75,82,65,50,2,2,5,1,2,1,95,35,20,25,60,55
543,75,82,35,68,22,5,40,70,65,60,65,50,75,85,30,25,15,40,75,80,70,55,0,5,10,0,0,0,95,10,30,65,50,60
544,72,45,38,68,65,35,55,60,58,50,52,45,55,35,18,40,42,75,62,38,52,62,85,15,30,40,45,5,15,30,50,58,45,48
545,72,63,35,65,22,35,45,65,80,60,72,45,55,15,20,40,25,85,75,68,55,68,10,20,35,5,10,5,75,50,60,52,30,65
546,68,76,35,62,22,8,38,60,58,50,55,52,65,88,20,28,28,68,65,78,58,55,45,15,30,15,15,5,65,30,40,55,45,75
547,78,68,20,55,6,40,45,65,72,55,68,45,35,30,15,35,35,42,70,82,50,50,35,15,30,15,35,5,55,20,10,15,45,88
548,65,52,55,75,40,95,50,65,42,58,45,45,70,15,35,45,35,85,65,35,60,60,10,40,55,10,15,10,70,30,40,65,45,40
549,75,68,40,65,30,10,45,60,85,55,70,58,75,65,15,25,35,85,75,70,50,55,15,40,75,20,45,10,50,50,50,65,55,55
550,75,42,40,70,58,25,52,72,68,65,60,45,70,15,18,35,22,78,70,35,65,62,2,5,10,1,2,1,95,30,45,62,48,52
551,65,70,40,65,22,80,40,60,58,50,55,52,55,35,45,40,25,80,70,68,60,60,5,15,25,5,5,5,85,50,50,55,45,55
552,65,60,30,58,12,70,45,75,55,60,55,45,40,45,40,35,25,75,60,75,55,50,5,15,30,5,5,5,85,20,15,15,35,55
553,68,62,42,63,32,12,45,65,78,52,68,48,60,65,28,32,22,88,65,62,64,58,5,10,15,5,5,5,85,35,50,62,45,75
554,75,60,45,70,42,85,48,75,80,65,70,50,60,35,25,45,15,40,75,55,65,55,2,5,10,1,1,1,95,50,40,68,45,50
555,68,62,52,65,38,85,45,58,75,50,70,60,72,5,28,30,55,85,72,45,52,65,10,30,50,15,15,65,35,30,45,48,45,50
556,75,55,45,58,48,85,52,75,85,65,70,45,55,15,20,40,30,75,70,40,60,45,5,10,20,5,10,5,85,30,25,65,55,80
557,78,65,35,68,32,10,45,75,85,68,78,48,55,75,15,30,22,35,75,68,65,58,2,5,10,2,5,2,95,20,40,65,50,65
558,75,52,38,58,42,45,55,68,78,62,68,45,45,35,18,35,25,65,72,50,52,62,10,12,18,5,15,5,85,35,45,55,45,88
559,65,78,40,65,20,10,35,60,45,50,45,50,60,75,30,25,25,75,60,75,65,60,35,15,30,10,15,5,70,30,50,50,50,55
560,68,58,52,62,36,88,48,78,75,68,72,42,65,18,32,38,22,38,75,52,68,50,2,5,8,2,2,1,95,20,35,65,45,58
561,75,60,35,65,32,10,45,65,80,60,70,45,55,70,15,35,35,85,70,65,50,60,10,25,55,15,15,15,60,30,40,55,45,60
562,72,45,38,68,52,15,50,65,75,60,68,45,75,15,20,35,15,40,70,38,65,58,2,5,8,1,3,1,95,20,40,65,45,45
563,58,52,56,68,44,85,50,65,35,50,45,42,78,15,48,32,22,78,72,35,72,45,2,10,15,1,2,1,95,30,35,74,45,32
564,78,58,38,68,52,12,45,65,82,62,72,48,70,35,12,28,18,28,72,52,68,58,2,5,8,2,5,2,95,15,45,68,58,58
565,75,65,38,65,25,15,45,65,85,60,75,50,55,70,15,45,20,45,75,70,60,65,2,5,10,2,5,2,95,30,40,55,35,60
566,48,52,42,55,22,78,46,65,62,50,58,45,48,25,68,52,32,82,60,55,52,50,15,12,28,8,10,5,82,50,45,42,35,75
567,75,68,40,65,18,85,45,70,85,60,75,45,65,20,30,40,30,75,75,70,60,55,5,15,40,5,5,5,80,50,45,50,45,70
568,75,55,40,65,42,10,50,60,85,50,70,45,55,65,15,30,40,85,75,50,55,55,15,30,75,15,25,10,40,30,40,65,50,50
569,82,68,38,65,30,12,42,70,88,62,78,52,55,75,12,30,25,65,78,72,65,62,5,10,20,5,10,5,85,50,50,68,50,82
570,82,72,35,78,32,10,45,68,85,62,75,48,78,75,12,38,22,38,78,72,72,65,5,8,15,2,2,2,92,30,40,72,45,70
571,68,62,35,60,32,12,45,55,78,50,68,48,65,75,18,25,35,85,72,63,55,55,60,20,40,35,30,10,50,30,40,58,45,85
572,68,58,55,72,58,10,45,65,48,55,60,52,85,45,35,20,15,22,75,35,78,52,2,5,8,2,3,2,95,30,30,72,55,30
573,55,45,55,60,42,30,45,60,45,50,48,45,45,15,55,35,25,40,70,40,55,60,5,10,15,5,5,5,90,30,65,50,35,75
574,72,54,38,62,38,45,48,68,82,60,74,42,65,15,18,32,25,78,75,55,58,65,5,12,22,5,5,5,85,30,58,58,45,55
575,75,68,35,65,28,20,40,65,78,55,70,50,65,15,20,35,15,35,75,72,65,65,2,5,10,1,2,1,95,30,45,60,45,60
576,75,65,20,55,8,15,45,65,45,50,45,45,70,75,15,35,25,60,65,80,60,50,60,15,25,15,15,5,50,20,30,10,60,80
577,75,72,40,78,24,85,45,65,82,60,75,55,85,25,30,45,25,80,75,70,70,65,10,20,40,5,10,5,80,50,50,70,45,45
578,85,80,10,55,2,20,52,75,85,65,70,60,85,35,10,15,15,30,85,98,75,50,5,5,10,2,2,2,95,15,10,5,75,70
579,55,58,65,60,33,95,48,65,45,55,50,45,55,5,40,20,25,80,75,35,55,48,5,25,30,5,5,5,85,20,35,55,40,60
580,65,45,42,58,44,95,52,75,60,65,55,35,55,5,35,40,20,75,65,35,55,50,2,15,20,2,2,2,88,20,30,55,45,55
581,65,40,52,60,58,90,55,75,58,65,55,40,50,10,35,45,25,55,65,25,65,45,2,8,12,1,2,1,95,20,25,58,45,50
582,75,62,38,68,34,8,46,72,74,68,66,42,58,72,18,32,22,78,72,64,62,58,2,12,22,1,4,1,88,35,42,62,48,64
583,68,62,54,65,40,88,48,65,58,55,60,45,70,12,30,20,32,82,72,35,62,50,5,25,35,5,5,2,85,30,35,68,40,75
584,55,45,60,55,42,95,55,60,45,50,50,45,50,10,40,25,65,90,65,30,45,50,10,25,50,75,40,50,15,50,40,55,45,60
585,75,68,42,62,22,82,45,65,85,55,78,50,72,18,22,30,38,85,75,70,55,60,15,35,75,15,25,10,50,20,40,58,45,80
586,68,65,55,63,32,85,48,75,52,62,58,45,60,25,38,28,22,45,65,52,62,52,2,8,12,2,3,1,95,30,35,64,45,70
587,75,72,35,65,22,5,45,70,80,65,70,45,75,75,15,30,15,40,75,78,68,55,0,5,10,0,5,0,95,30,40,65,55,55
588,72,54,38,68,44,85,45,75,62,65,58,42,52,28,22,40,20,38,65,45,68,62,2,5,8,1,3,1,96,35,35,60,45,55
589,68,58,38,62,30,12,45,65,72,50,68,48,70,75,18,30,42,95,75,62,52,53,92,10,15,25,15,5,5,30,50,58,50,50
590,68,42,58,67,72,92,54,65,48,45,45,50,65,5,22,15,78,75,62,18,52,50,0,2,5,5,2,98,2,15,15,62,58,35
591,60,52,53,65,34,85,52,75,45,60,50,40,78,15,42,35,25,65,70,45,68,45,2,10,15,2,2,1,95,30,35,72,45,35
592,78,55,42,68,62,15,48,72,78,65,70,45,60,35,15,30,20,25,72,52,68,65,2,5,8,2,5,2,95,30,40,68,55,75
593,55,40,62,68,62,95,52,65,42,50,45,52,72,12,40,22,38,65,70,18,75,40,10,75,35,5,5,5,70,30,20,78,45,30
594,65,48,42,65,48,40,50,65,45,58,45,40,65,45,25,40,20,60,60,40,60,60,5,10,15,5,5,5,85,30,50,58,45,48
595,62,56,48,55,26,85,52,78,52,68,55,35,60,10,38,42,25,75,58,50,55,50,5,15,20,5,5,2,88,30,30,48,25,58
596,65,55,52,60,35,85,52,70,65,60,62,45,60,15,35,30,35,95,65,45,55,50,15,35,65,15,15,5,60,50,30,55,40,55
597,65,55,42,62,48,85,48,65,58,55,54,45,50,45,28,38,22,35,60,42,62,58,2,8,12,2,3,2,95,35,35,55,45,58
598,65,52,62,72,50,95,55,60,35,45,48,48,82,5,38,18,75,85,72,22,65,50,2,8,12,10,5,95,5,15,30,78,55,25
599,68,58,38,58,42,15,48,50,58,45,45,55,52,45,15,20,35,80,62,45,35,38,45,55,35,15,30,5,50,20,35,52,62,88
600,65,45,48,60,62,10,58,65,60,55,58,45,70,35,25,30,40,85,65,40,60,50,10,25,60,10,15,10,65,20,30,62,45,35
601,75,60,40,55,28,95,45,75,65,60,60,45,55,15,30,40,20,75,70,65,50,50,0,10,15,0,5,0,95,30,45,50,40,60
602,65,68,55,65,33,85,50,65,55,55,58,45,75,15,40,25,35,85,70,50,65,50,10,45,60,15,15,5,70,30,35,68,40,45
603,68,76,38,65,22,8,38,65,46,55,48,52,62,85,22,28,15,38,68,72,65,58,2,5,10,1,3,1,95,30,40,62,45,55
604,85,60,35,78,28,95,45,65,95,60,88,65,80,5,10,45,75,95,85,65,50,65,2,5,10,5,5,95,5,30,50,75,50,85
605,72,68,45,67,34,85,45,75,82,62,74,48,72,15,22,30,25,82,78,60,65,55,5,15,30,5,5,5,85,30,35,72,45,50
606,55,72,65,62,30,85,45,60,35,50,55,58,55,15,45,20,35,85,75,50,55,50,5,40,50,5,10,5,75,20,40,55,30,75
607,72,48,45,78,58,15,52,65,48,60,45,45,75,25,20,35,40,95,70,35,58,55,95,5,15,20,10,5,5,10,40,62,45,40
608,68,75,42,65,28,5,40,65,70,55,68,50,78,85,25,20,15,20,72,72,75,55,2,5,8,1,2,1,95,30,35,65,45,45
609,70,45,40,75,45,95,55,70,75,60,65,50,70,10,30,55,15,40,70,35,65,60,0,10,15,0,0,0,95,30,40,60,45,35
610,78,48,42,68,62,85,42,65,88,62,78,52,75,5,12,35,32,25,75,30,65,58,5,15,25,5,10,5,85,20,35,68,55,65
611,75,82,42,68,28,5,40,60,80,50,72,60,85,75,25,20,25,80,78,78,70,60,85,10,15,15,10,5,30,30,45,70,45,75
612,75,65,30,60,15,25,45,60,80,55,70,45,65,40,20,45,25,35,75,80,65,55,5,15,30,5,10,5,85,50,40,45,60,85
613,72,62,38,60,22,12,54,65,78,52,70,55,65,35,18,30,65,90,72,74,45,58,10,15,40,35,30,75,15,30,50,58,50,72
614,62,76,38,63,22,6,38,60,48,45,55,52,82,78,22,28,22,88,75,81,65,58,98,5,8,12,8,2,10,20,40,48,35,25
615,62,58,35,60,20,40,45,55,42,50,45,48,40,60,22,45,35,85,65,62,45,65,15,30,70,15,50,10,50,20,60,35,30,55
616,42,58,68,55,40,95,50,65,45,50,55,58,45,15,75,20,25,40,78,35,60,45,2,5,8,2,2,2,95,50,25,48,30,65
617,72,68,38,65,26,25,42,58,74,52,68,48,65,12,18,30,38,88,76,72,55,62,15,45,50,12,18,10,60,50,55,62,45,50
618,48,55,45,58,32,75,45,60,35,45,40,48,52,65,55,35,22,78,42,48,58,62,5,20,25,5,5,5,85,35,50,45,40,45
619,75,70,15,50,3,65,45,70,65,60,65,45,50,20,30,40,15,40,75,85,55,50,5,10,15,5,5,5,90,10,10,10,40,30
620,80,75,10,50,3,40,45,60,35,50,30,45,75,40,10,25,25,85,50,88,60,50,85,10,15,15,15,5,25,10,10,5,75,50
621,78,62,32,72,28,82,38,75,88,65,74,48,68,18,15,52,18,42,78,65,72,62,2,5,8,1,2,1,96,20,40,68,50,52
622,78,52,38,70,58,35,45,65,85,60,75,45,70,15,15,35,20,35,75,45,68,65,5,10,15,5,5,5,92,30,50,68,50,45
623,75,72,38,68,28,8,42,65,65,55,62,50,68,82,22,28,18,38,72,70,68,58,2,5,12,1,3,1,95,20,35,65,45,58
624,75,82,38,68,22,5,38,72,65,60,70,52,80,85,25,20,15,20,75,78,75,55,2,5,8,2,2,1,95,30,45,68,50,52
625,65,55,45,75,35,95,50,65,48,60,45,45,55,15,35,55,25,75,60,45,65,65,5,25,20,5,5,5,85,50,40,55,40,45
626,62,58,42,65,38,15,45,60,35,48,40,45,55,30,20,30,35,85,65,52,58,55,92,10,15,15,15,5,15,30,45,58,40,75
627,55,45,48,62,48,95,50,60,52,50,48,45,65,20,40,45,30,75,65,35,60,50,45,15,25,10,20,5,65,15,40,58,45,55
628,82,78,25,65,8,55,48,70,88,60,78,55,72,35,12,30,45,85,80,88,50,50,35,40,75,30,45,15,40,50,10,15,60,50
629,78,68,30,65,12,20,42,60,78,50,70,55,75,10,15,30,78,95,75,82,50,50,2,5,10,15,10,95,2,20,35,40,55,58
630,75,78,38,68,28,5,42,60,72,55,68,52,82,85,22,28,32,88,75,76,65,58,65,15,30,20,15,5,50,50,45,70,50,75
631,55,50,35,52,20,25,45,65,35,50,35,40,45,65,25,55,15,40,45,55,50,55,5,5,10,2,5,2,90,20,40,35,20,45
632,85,75,15,65,6,45,40,65,88,50,78,45,60,55,12,30,25,75,80,92,65,50,45,15,20,15,15,5,60,20,10,10,65,50
633,65,52,55,68,58,95,52,65,58,55,58,45,65,15,35,25,35,45,65,30,68,50,5,35,30,5,5,5,85,50,30,70,45,40
634,78,68,32,65,18,12,45,65,85,60,78,52,45,55,15,35,15,35,75,78,65,62,2,5,10,2,5,2,95,50,50,55,50,85
635,65,65,40,65,20,75,45,60,60,55,58,45,75,15,35,40,35,85,70,70,65,55,15,30,45,10,15,5,75,50,45,55,45,55
636,55,68,58,60,22,85,45,65,35,50,52,48,75,20,40,25,30,85,70,62,60,50,5,35,50,5,10,5,75,20,40,55,45,45
637,75,62,35,65,28,12,45,65,82,55,72,48,60,78,18,40,25,85,75,68,55,62,10,20,35,5,10,5,75,30,45,52,35,55
638,45,65,60,55,24,75,45,60,30,50,40,55,45,70,45,25,30,85,75,55,50,60,10,25,45,15,20,5,75,10,45,40,35,55
639,65,55,35,58,20,85,45,70,60,65,55,40,50,30,45,45,20,35,65,60,65,55,0,5,10,0,5,0,95,30,45,40,35,80
640,75,78,40,68,28,5,45,70,72,60,68,50,80,75,25,30,15,35,75,75,70,55,0,5,10,0,0,0,95,30,40,70,50,45
641,75,55,35,78,22,35,40,65,68,60,58,45,55,30,35,65,15,65,70,62,65,70,5,5,10,2,5,2,90,30,60,45,20,40
642,82,48,32,78,62,30,52,68,85,62,72,45,78,12,12,40,32,88,75,42,65,68,78,10,15,18,15,5,35,30,50,72,55,80
643,68,45,58,78,72,90,55,70,60,65,58,52,85,10,38,25,25,20,68,20,82,48,5,15,25,5,5,5,90,20,15,82,45,30
644,75,85,45,65,28,5,40,60,80,50,75,65,75,85,20,15,45,90,75,80,65,60,75,25,50,60,30,10,20,10,40,70,50,60
645,75,58,38,68,38,12,45,65,78,62,72,45,65,60,18,30,15,35,75,55,62,65,2,5,8,1,3,1,95,20,40,68,45,55
646,75,45,35,85,55,85,45,65,70,60,55,50,75,30,25,60,15,25,70,35,75,65,2,5,5,2,2,2,95,20,40,65,45,30
647,62,65,40,58,22,10,45,60,35,50,40,45,45,65,25,35,25,45,60,68,50,55,5,15,25,5,5,5,85,50,50,40,45,60
648,68,65,45,78,38,12,40,65,35,50,42,48,75,60,32,38,18,68,72,55,72,65,5,10,15,2,5,2,92,50,50,68,50,35
649,75,65,35,68,40,10,45,70,75,60,68,50,60,65,20,35,15,70,70,60,65,65,5,15,15,5,5,5,90,30,40,65,45,60
650,85,80,10,50,2,40,50,75,50,60,50,55,70,25,5,20,15,55,80,95,65,50,5,10,15,5,5,5,90,50,50,10,75,50
651,78,83,42,70,28,6,38,65,88,58,80,52,86,82,12,18,15,22,78,76,75,52,2,5,8,1,2,1,96,20,30,74,55,52
652,75,55,40,65,52,10,45,65,75,60,65,45,65,75,15,30,15,30,70,50,65,55,0,5,10,0,5,0,95,10,30,65,60,55
653,75,72,35,65,32,10,45,60,62,55,60,45,75,65,25,30,25,40,70,68,65,55,45,15,25,15,15,5,65,35,40,65,45,70
654,50,45,40,50,35,85,55,65,40,50,48,45,40,35,30,55,25,85,75,40,50,55,10,15,25,5,10,5,85,50,50,35,30,45
655,78,55,45,75,45,20,50,65,88,58,78,52,75,8,12,35,82,92,78,52,55,62,2,2,8,10,5,95,3,15,45,68,58,42
656,65,45,40,75,38,85,50,70,45,60,40,40,55,15,30,55,20,75,65,40,60,65,5,15,20,5,5,5,85,30,40,50,35,40
657,78,82,45,72,38,5,42,60,92,55,85,68,88,85,12,10,48,95,82,65,72,62,10,25,65,20,20,60,30,15,30,78,55,25
658,65,68,52,65,28,85,48,65,72,60,68,45,75,10,35,38,32,85,70,60,62,50,20,35,55,15,15,5,65,20,40,68,45,48
659,75,55,40,65,52,10,45,65,80,60,70,50,60,65,15,35,30,80,75,55,65,65,5,30,45,5,5,5,75,30,40,65,45,45
660,85,80,10,55,2,45,45,65,45,50,50,55,60,65,5,20,15,20,75,95,65,50,2,10,15,2,2,2,95,10,10,10,75,40
661,78,58,42,80,42,85,50,65,85,60,75,52,82,38,22,45,35,85,78,50,72,62,95,5,10,15,10,2,10,50,45,76,45,35
662,68,70,55,67,30,85,52,60,62,50,63,55,85,20,35,25,45,90,72,58,65,55,40,30,65,60,40,15,30,30,45,72,45,35
663,62,52,38,63,32,42,45,60,48,50,46,42,55,35,22,38,35,85,65,50,52,58,75,15,30,20,25,5,25,30,50,52,20,45
664,72,76,42,68,32,8,38,62,65,55,63,50,78,85,18,22,35,85,72,70,65,58,25,30,55,15,20,5,65,30,45,68,45,48
665,65,58,45,62,35,85,48,65,60,55,58,45,65,15,35,40,25,65,70,50,60,50,5,15,25,5,5,2,85,20,45,58,40,50
666,78,68,38,72,32,15,42,65,85,58,76,48,78,25,18,32,22,68,78,65,68,65,2,5,10,1,3,1,95,20,40,70,45,52
667,65,58,42,55,25,95,48,70,62,60,62,45,45,30,35,40,35,85,65,55,48,55,10,35,60,15,20,10,65,30,35,40,30,65
668,82,75,15,65,8,60,45,70,85,50,75,45,80,20,15,30,25,75,80,88,65,50,45,15,30,15,15,5,60,15,10,10,60,50
669,78,72,22,65,7,20,45,65,62,50,58,48,55,58,35,25,18,55,78,88,58,50,5,10,15,5,5,2,92,20,10,15,65,60
670,70,82,52,65,26,10,40,60,58,55,60,62,65,55,35,20,45,75,70,75,60,65,15,35,65,30,30,40,50,30,45,65,50,55
671,58,52,38,56,28,12,50,65,46,58,44,42,55,75,32,42,18,55,45,52,55,58,5,10,15,5,5,2,95,30,45,48,42,65
672,58,68,62,60,32,85,45,72,35,58,48,52,65,22,42,24,22,42,78,48,65,50,2,8,12,2,5,2,95,20,35,64,38,62
673,65,68,35,60,20,15,40,55,40,50,45,55,50,75,20,40,20,75,70,70,50,55,5,15,20,5,5,5,85,30,50,45,45,50
674,65,68,35,62,18,35,40,60,45,50,48,52,75,15,35,30,30,80,70,72,60,65,15,30,45,10,15,5,75,50,55,50,45,45
675,80,75,15,60,8,45,45,75,58,60,55,40,65,65,15,35,15,25,75,88,70,50,2,2,5,1,2,1,98,20,10,15,65,50
676,75,55,40,65,48,95,50,60,85,60,75,50,65,15,20,40,40,85,70,35,55,50,80,15,40,25,25,5,25,50,30,65,40,75
677,62,68,55,65,28,85,45,65,45,55,52,48,72,20,42,30,25,75,70,60,65,50,5,15,20,5,5,5,90,30,40,60,45,50
678,60,65,48,62,30,75,40,65,45,50,48,52,58,30,45,35,15,35,70,55,65,55,2,5,10,2,2,2,95,20,45,58,40,55
679,68,52,45,78,38,85,50,65,58,50,52,45,65,15,35,42,35,90,72,45,62,58,95,10,15,15,10,5,15,20,35,62,40,45
680,78,58,32,72,26,15,45,65,85,50,75,48,68,40,12,55,30,85,75,72,60,62,95,5,5,5,5,2,5,50,50,62,45,70
681,62,54,48,63,38,95,50,72,46,65,52,42,65,18,38,35,32,82,70,45,58,50,5,25,45,5,5,5,75,20,35,58,30,62
682,78,68,38,65,38,12,45,65,88,62,78,52,72,75,12,28,22,38,78,65,68,55,2,5,8,1,3,1,95,30,35,70,58,58
683,65,55,45,60,32,85,45,65,50,55,55,45,45,25,30,40,15,75,70,50,60,65,2,10,15,2,5,2,95,30,50,50,30,85
684,78,68,35,65,32,10,45,70,85,65,75,50,65,60,15,35,15,40,75,70,65,60,0,5,10,0,5,0,95,50,40,65,55,65
685,75,55,38,65,45,15,50,70,85,60,75,45,65,60,15,30,20,75,70,55,65,55,5,10,15,5,5,5,90,30,40,60,45,85
686,58,45,52,58,52,85,52,72,32,65,42,40,58,12,30,35,25,75,48,28,58,45,2,15,18,2,2,2,92,20,25,52,35,50
687,85,75,15,60,5,35,45,70,90,65,75,50,60,75,10,30,25,55,80,95,60,50,10,20,35,5,10,5,80,30,30,20,70,75
688,75,48,42,76,52,85,50,72,82,65,70,45,70,15,25,40,22,60,75,35,72,55,2,8,12,2,2,1,92,30,35,70,45,55
689,72,45,38,75,52,85,50,65,68,60,58,45,70,20,28,55,15,30,65,35,70,55,2,5,8,1,2,1,95,15,35,62,45,35
690,78,72,20,65,10,60,35,75,82,65,75,50,78,35,15,35,15,20,75,85,72,50,2,2,5,1,1,1,98,30,10,25,60,55
691,75,72,38,68,33,10,42,65,65,50,62,48,75,78,22,28,18,42,78,65,68,58,2,8,12,1,3,1,95,30,45,68,45,48
692,58,72,65,62,32,90,45,65,35,55,45,50,60,15,38,18,25,65,70,48,65,50,2,12,18,2,2,1,92,20,30,68,45,62
693,85,75,15,60,5,60,45,75,85,60,75,45,70,25,15,35,20,40,80,90,65,50,5,10,15,5,5,5,90,30,10,10,70,80
694,75,68,45,65,35,10,45,60,80,55,70,55,75,45,15,25,60,90,75,60,55,60,5,15,30,15,15,75,20,30,30,70,50,45
695,55,50,60,65,48,90,50,65,40,55,60,50,70,10,45,25,30,70,65,30,65,50,5,45,40,5,5,5,85,20,30,70,40,30
696,78,72,25,65,18,8,38,60,82,45,72,50,65,65,12,35,25,85,78,85,58,55,98,2,5,8,5,1,3,20,45,40,45,50
697,70,75,40,65,30,5,40,60,75,55,70,50,80,85,25,20,35,85,75,70,65,60,15,40,70,15,25,10,60,30,45,68,45,45
698,75,55,40,62,60,12,48,72,92,68,85,52,78,18,12,30,15,35,82,58,65,52,2,3,5,1,2,1,96,20,35,64,58,45
699,75,78,38,68,28,5,42,62,82,55,72,52,85,88,12,22,25,95,78,76,65,58,98,2,5,8,5,1,8,10,45,68,40,45
700,85,75,15,50,3,55,55,75,85,60,75,50,70,35,10,30,15,35,80,95,70,50,5,5,10,2,5,2,95,30,10,5,75,85
701,75,60,35,68,52,10,45,65,82,60,72,50,70,45,15,25,30,65,75,60,65,60,75,10,20,20,15,5,40,30,40,68,50,78
702,65,55,45,68,38,85,52,65,70,55,62,45,75,25,35,40,20,60,70,45,70,50,5,15,25,5,5,5,85,30,35,72,40,30
703,75,65,35,60,10,60,45,65,45,50,50,45,70,20,20,40,45,85,75,80,50,50,20,45,65,20,30,15,35,30,30,50,55,50
704,65,75,45,65,22,10,45,60,45,50,55,50,65,85,35,30,35,85,70,70,60,60,15,35,65,15,20,5,70,30,40,55,45,75
705,75,70,15,55,5,25,45,65,45,50,50,50,45,60,10,30,20,40,70,85,60,50,10,15,20,5,10,5,85,30,10,5,60,40
706,75,55,35,78,48,10,45,70,65,60,55,45,70,65,25,45,15,65,70,50,65,65,0,5,10,0,5,0,95,35,40,65,55,40
707,65,55,48,62,42,85,50,72,58,60,55,40,68,12,28,32,35,82,65,38,58,50,5,25,35,5,5,5,80,20,20,62,45,52
708,78,50,35,75,65,15,50,70,80,65,65,50,70,30,15,45,15,25,70,60,65,60,0,5,10,0,5,0,95,30,50,65,60,50
709,78,62,35,68,40,10,45,70,85,65,78,45,60,55,12,35,30,80,75,65,55,65,10,25,45,5,10,5,75,15,35,62,45,55
710,45,35,35,40,42,90,50,60,55,50,70,55,45,5,30,75,45,85,80,30,45,50,10,65,60,15,15,15,45,15,40,25,20,45
711,68,52,58,68,48,95,54,78,62,65,60,45,82,8,38,30,25,55,72,25,72,45,5,15,20,5,5,5,90,30,25,78,45,35
712,62,32,48,76,65,95,52,60,42,50,52,40,68,5,35,52,38,25,68,18,62,50,10,75,45,5,10,8,60,30,35,62,45,28
713,72,78,45,68,32,8,38,62,56,52,60,48,70,85,28,22,35,85,72,68,62,58,15,40,55,15,20,10,65,20,40,65,45,52
714,75,68,35,65,33,10,45,65,80,60,70,50,60,85,15,35,20,40,70,70,65,60,0,5,10,0,5,0,95,20,40,65,45,70
715,78,58,42,68,52,15,50,65,85,68,75,48,72,40,12,30,35,80,78,52,62,58,10,25,60,10,15,10,65,30,40,68,50,55
716,68,45,42,68,60,10,52,72,52,65,48,40,65,55,30,45,15,60,55,35,60,55,0,5,10,0,5,0,95,30,40,58,55,35
717,82,52,35,72,60,15,52,75,85,72,74,45,68,12,12,40,15,22,78,48,65,62,2,3,5,1,2,1,96,30,35,68,58,55
718,75,80,25,65,20,5,40,65,35,60,30,50,60,85,10,30,15,20,40,80,70,60,0,5,10,0,5,0,95,50,45,40,70,80
719,78,58,38,65,58,12,48,72,78,68,70,45,72,62,15,25,22,20,72,55,68,52,2,3,5,1,2,1,96,35,30,64,58,75
720,68,76,52,65,28,12,42,60,58,50,62,55,68,82,30,22,38,85,72,70,58,55,15,45,75,20,30,15,50,50,50,62,50,60
721,85,70,20,60,10,15,45,75,85,60,75,50,70,70,15,35,35,45,80,85,65,50,15,25,50,15,15,10,65,50,50,40,60,85
722,85,75,15,55,4,15,45,70,65,60,65,50,70,60,15,25,15,30,75,90,60,50,5,5,10,2,5,2,95,30,10,10,60,80
723,78,68,35,68,34,8,48,72,85,65,78,52,68,75,12,28,32,82,75,68,62,60,5,25,45,8,12,8,78,35,45,68,50,88
724,75,65,25,60,12,35,45,65,52,50,55,45,40,30,15,40,40,90,75,80,50,50,90,10,25,30,25,5,10,30,50,15,45,60
725,65,65,35,60,8,65,45,75,45,55,50,40,70,25,40,30,20,35,75,80,65,50,5,10,15,5,5,5,90,30,20,35,45,55
726,55,60,58,62,35,85,50,50,25,45,35,65,55,20,30,20,75,90,50,35,40,60,10,30,25,15,15,85,10,20,40,45,55,45
727,62,48,45,63,42,72,54,58,52,48,50,45,65,68,35,42,38,88,65,40,55,62,15,45,72,15,30,10,50,20,45,55,40,35
728,65,82,45,68,23,6,38,60,42,50,52,48,85,55,28,18,22,42,72,78,72,62,35,15,25,10,12,5,75,30,40,62,45,45
729,75,55,40,75,60,15,50,65,85,60,70,50,75,60,15,35,55,80,75,45,60,65,10,15,30,15,20,75,25,10,40,70,55,35
730,55,45,52,65,52,95,45,65,45,55,45,45,48,15,35,30,20,65,65,30,55,50,5,10,15,5,5,5,95,20,30,50,35,65
731,75,65,40,78,32,10,45,65,70,60,62,50,65,75,25,45,15,35,70,70,68,65,2,5,8,1,3,1,95,35,45,65,40,50
732,82,75,15,55,4,15,45,65,65,50,60,50,70,60,10,20,15,30,75,92,65,50,2,5,5,2,2,2,95,30,10,20,65,50
733,65,55,35,58,20,40,55,60,70,55,62,45,50,25,20,45,20,55,65,60,55,60,5,10,15,5,10,5,85,20,55,50,30,75
734,75,85,40,70,25,5,40,60,65,50,65,55,85,85,20,15,35,85,75,80,70,60,65,20,40,30,25,5,50,10,40,75,50,70
735,85,70,15,60,8,20,45,65,85,55,75,50,60,65,10,40,15,30,80,88,70,50,2,5,10,2,5,2,95,30,30,30,70,75
736,68,76,54,67,27,92,45,72,48,62,58,50,65,18,38,28,22,68,72,70,65,55,5,15,20,5,5,5,92,30,35,62,45,58
737,65,55,45,60,52,85,50,60,65,55,60,45,50,45,30,35,45,80,65,40,50,50,15,70,65,20,20,15,50,10,40,58,40,55
738,78,62,32,65,28,10,45,72,85,68,78,42,58,75,12,30,22,65,75,68,60,58,5,10,15,5,8,3,90,35,45,60,48,78
739,65,45,40,70,52,75,55,65,58,60,50,45,50,45,30,55,35,75,60,35,60,65,5,20,45,5,10,10,75,30,45,55,40,40
740,78,72,38,68,32,12,42,65,82,62,72,52,78,65,12,25,22,38,75,72,68,58,2,5,10,2,5,2,95,20,45,68,50,55
741,78,72,35,68,28,8,42,65,85,60,78,52,70,85,12,25,25,80,75,72,65,58,5,15,30,5,8,3,85,10,45,68,45,62
742,75,65,38,68,33,10,45,70,80,65,72,45,60,65,15,35,15,40,75,65,65,60,2,5,10,1,2,1,95,10,40,68,45,55
743,62,52,55,58,38,95,54,65,46,58,45,55,48,30,35,38,15,35,62,42,60,55,0,5,5,0,0,0,98,10,40,48,40,72
744,78,68,25,62,12,10,45,75,78,60,70,45,60,85,15,30,15,35,75,85,65,50,2,5,8,1,3,1,95,30,10,25,60,65
745,65,60,55,70,48,95,50,75,75,60,68,50,85,15,40,30,20,60,75,40,80,50,0,5,10,0,0,0,95,15,30,85,45,35
746,65,40,45,80,65,85,40,65,35,55,35,45,70,20,40,55,15,45,65,25,75,60,0,5,10,0,0,0,95,30,40,60,45,30
747,85,75,10,55,3,50,45,70,55,60,55,40,55,30,10,20,20,35,80,90,60,50,5,10,15,5,5,5,90,10,10,5,50,35
748,78,79,32,68,20,8,38,72,85,65,78,52,72,85,12,28,15,25,78,82,72,55,2,5,10,2,5,2,95,35,35,62,65,60
749,62,32,54,76,72,88,58,75,42,60,44,45,72,8,38,42,22,28,58,22,74,48,2,5,8,1,2,1,96,15,25,64,35,30
750,58,58,45,62,30,10,45,65,35,55,42,45,68,60,25,28,25,60,65,52,60,52,5,15,20,5,10,5,85,30,40,55,45,50
751,72,62,42,68,38,12,48,65,82,52,74,48,78,35,18,28,58,92,76,58,58,56,72,38,52,32,28,25,15,30,45,68,50,48
752,75,55,45,55,48,95,50,65,85,60,75,50,35,20,15,35,45,80,75,45,45,50,5,35,50,15,20,10,70,50,30,55,40,90
753,68,58,45,75,38,10,45,65,42,50,45,55,72,65,25,35,15,35,68,55,68,62,2,5,8,1,3,1,95,50,50,65,50,40
754,60,75,50,65,30,10,45,65,35,50,55,50,75,85,30,20,35,45,70,65,65,55,5,25,45,5,10,5,80,30,40,65,45,40
755,65,55,40,60,38,85,50,60,75,55,68,50,55,45,25,40,35,85,70,50,50,65,10,40,65,15,20,10,65,30,45,50,30,50
756,62,65,38,60,28,12,42,68,46,52,48,45,55,72,38,42,22,68,65,66,58,64,5,15,20,5,8,5,88,50,48,48,45,65
757,72,74,32,65,20,10,42,68,58,55,56,45,75,82,22,35,22,45,72,81,62,58,5,10,15,5,5,5,92,50,50,45,50,50
758,75,72,45,70,28,85,45,70,82,60,75,48,80,15,25,30,30,85,80,65,70,55,5,35,40,5,5,5,85,10,40,75,45,35
759,60,55,58,62,38,95,50,65,55,50,58,45,70,5,40,30,45,85,75,40,55,50,10,40,50,15,15,60,40,30,35,65,45,55
760,80,70,15,60,6,15,45,65,70,50,60,45,75,55,15,25,25,75,70,85,65,50,60,10,30,15,15,5,50,20,10,5,65,80
761,85,75,15,60,6,55,45,70,82,50,72,45,55,45,20,30,25,55,75,92,60,50,40,10,15,10,15,5,70,20,10,10,55,45
762,78,62,35,68,38,8,48,65,88,58,75,52,70,68,12,30,32,88,75,65,58,55,98,5,8,12,8,2,5,30,45,65,45,50
763,65,68,45,62,28,85,45,72,58,65,58,48,55,18,38,35,22,45,72,64,62,56,2,8,12,1,2,1,94,30,35,60,35,52
764,62,52,45,65,52,85,45,60,58,55,55,48,45,85,30,40,15,35,65,40,65,65,2,5,8,2,5,2,95,50,45,50,45,75
765,55,40,60,65,70,95,55,60,45,55,48,45,75,10,40,25,35,15,60,20,70,45,5,40,45,5,5,5,75,20,15,68,45,30
766,55,40,65,68,62,90,52,65,30,50,40,45,75,15,35,25,25,55,70,20,75,45,2,5,10,1,2,1,95,35,30,72,45,45
767,65,55,50,60,32,95,50,70,55,60,58,40,75,15,45,35,20,75,70,50,65,50,5,15,25,5,5,5,85,50,40,65,40,50
768,68,62,38,63,32,12,48,65,68,58,62,45,72,65,22,28,18,42,70,60,65,52,2,5,8,1,3,1,95,30,35,62,45,48
769,75,62,22,65,12,10,45,70,68,50,62,45,75,60,15,35,30,85,72,82,60,50,98,5,10,15,15,2,5,30,20,30,45,65
770,78,65,38,70,40,10,45,75,85,68,78,48,75,78,12,30,22,65,75,62,68,58,5,10,15,5,5,5,92,30,35,72,55,58
771,75,70,35,65,24,10,45,65,75,55,68,45,70,80,20,35,20,45,70,72,65,60,25,10,15,5,10,5,80,30,45,60,50,70
772,72,78,38,67,26,6,38,55,72,52,68,54,84,88,22,24,28,48,76,78,66,58,55,15,30,18,15,5,52,10,35,64,45,48
773,68,52,42,78,48,12,50,65,55,60,48,45,75,55,28,38,25,85,72,45,62,60,12,15,20,5,10,5,80,30,40,65,45,40
774,65,50,45,58,42,85,50,75,62,65,58,40,52,15,30,40,20,35,65,45,65,50,2,5,8,1,3,1,95,35,30,58,45,55
775,48,45,46,52,28,82,51,62,42,48,44,45,45,38,58,55,22,80,62,40,48,54,5,12,18,5,8,5,85,35,42,32,25,42
776,78,68,35,65,28,5,42,75,82,68,75,45,70,78,12,25,15,35,75,70,65,55,2,5,10,2,5,2,95,15,30,65,50,55
777,60,55,45,65,28,85,45,75,40,60,50,40,65,15,35,45,20,60,75,55,65,55,0,5,10,0,0,0,95,30,40,60,45,55
778,55,82,45,65,22,5,35,65,30,55,45,60,65,85,40,15,25,40,75,75,65,55,5,10,15,5,5,5,90,30,40,45,45,60
779,58,50,45,58,28,85,52,65,35,50,45,40,65,15,30,40,60,95,65,45,50,50,75,40,45,40,30,20,15,30,45,52,40,45
780,62,52,45,75,35,85,50,75,40,65,45,40,70,15,45,55,20,60,65,45,65,55,2,10,15,2,2,2,95,30,40,60,45,40
781,78,72,38,65,30,8,45,68,92,62,85,58,60,75,12,30,25,65,82,74,65,58,5,15,25,5,10,5,85,35,45,68,45,55
782,65,55,45,75,45,95,50,70,35,60,40,45,45,25,30,55,15,70,65,40,65,65,5,15,15,5,5,5,90,30,40,60,40,35
783,65,35,30,65,45,40,70,60,75,55,60,45,50,40,25,65,15,75,60,40,55,65,5,10,15,5,5,5,90,30,50,40,20,55
784,72,62,42,65,48,85,45,60,82,55,75,62,65,72,25,35,18,28,75,48,68,62,2,5,8,2,5,2,95,35,35,64,45,68
785,75,78,40,65,30,10,45,65,85,60,75,55,75,60,20,25,35,85,75,70,65,60,10,40,55,15,15,10,70,30,40,70,45,45
786,82,78,12,65,5,15,40,60,68,50,62,55,80,45,12,20,18,45,80,92,70,50,15,10,15,5,10,5,85,30,10,15,75,55
787,65,50,40,68,48,15,52,60,58,55,52,45,55,65,20,40,35,85,60,45,55,60,15,30,65,10,15,5,50,30,40,55,45,55
788,68,72,45,70,38,8,42,65,52,50,58,48,78,80,22,18,15,35,72,55,72,58,2,5,12,1,2,1,95,30,35,74,45,35
789,85,70,15,65,5,75,50,75,65,60,65,50,80,15,30,35,15,35,80,90,70,50,0,5,10,0,5,0,95,30,10,10,70,75
790,75,62,38,65,34,6,46,78,85,72,78,48,76,82,18,32,15,28,75,64,68,52,2,4,8,1,3,1,96,20,35,68,58,48
791,78,68,38,70,24,82,45,72,85,65,78,48,75,22,20,35,15,35,78,72,72,58,2,5,8,2,3,1,96,35,45,72,48,52
792,68,52,42,65,50,25,48,60,72,50,65,45,65,15,20,30,42,85,70,40,55,60,15,35,60,15,20,25,45,30,45,62,50,55
793,55,58,62,65,38,95,45,60,45,50,48,52,65,15,40,30,35,85,75,40,55,50,15,65,55,10,15,5,60,50,40,60,45,50
794,75,65,20,55,12,10,45,60,60,50,55,45,55,70,15,35,35,65,65,85,60,50,40,15,40,25,20,5,55,50,50,30,65,50
795,85,75,15,65,8,15,45,75,85,60,75,50,65,80,15,35,15,35,80,90,70,50,5,5,10,5,5,5,95,30,15,10,70,55
796,72,74,35,68,28,10,40,65,58,55,60,48,78,75,28,25,22,62,72,70,65,60,5,15,25,5,5,5,85,30,45,68,45,48
797,75,52,38,72,58,12,54,68,78,62,65,45,65,58,18,42,22,68,70,45,65,68,5,10,15,2,5,2,92,30,35,65,40,38
798,75,82,35,65,22,5,40,65,78,55,72,60,75,75,20,25,35,85,75,80,65,60,50,15,45,30,25,5,50,30,40,65,45,65
799,78,68,22,58,10,15,45,65,48,52,50,45,40,65,15,35,25,65,72,82,55,50,5,15,25,5,5,5,85,50,50,30,60,75
800,65,75,45,65,30,10,40,60,50,55,55,50,75,80,25,20,25,60,70,70,65,55,5,15,20,5,5,2,85,30,40,65,45,70
801,75,72,45,65,28,85,45,65,80,60,75,50,65,15,25,30,35,85,75,65,60,55,5,55,45,5,5,2,75,30,40,70,35,55
802,55,58,55,55,22,85,48,65,35,50,45,45,50,20,45,30,45,85,65,50,45,50,60,30,65,40,40,15,20,10,40,45,40,75
803,63,62,45,65,42,10,45,68,30,55,40,45,58,75,20,25,15,25,62,45,65,52,0,5,5,0,0,0,95,30,40,60,50,55
804,72,42,35,62,45,40,55,75,85,68,72,40,60,15,18,52,22,55,75,45,62,58,2,5,10,1,3,2,95,15,50,58,45,48
805,65,75,55,70,30,85,45,65,45,60,55,50,70,35,40,30,20,65,75,65,70,55,5,15,20,5,5,5,90,20,40,70,40,50
806,75,55,35,68,58,10,45,70,65,65,60,45,72,65,20,30,15,40,65,40,65,55,2,5,8,1,5,1,95,30,35,65,55,68
807,65,82,35,65,20,5,40,65,45,50,55,55,85,85,20,30,25,85,75,85,70,60,98,5,10,15,10,2,10,30,45,50,45,75
808,68,72,55,65,30,90,45,75,50,60,58,52,65,25,35,30,25,85,70,55,62,55,5,25,35,5,5,5,85,10,40,65,45,60
809,55,52,58,60,35,95,45,60,45,50,55,48,65,5,40,30,45,85,70,40,45,50,10,40,60,15,15,25,50,20,40,50,40,75
810,72,62,42,68,30,85,45,75,78,65,70,40,75,15,25,40,20,55,75,58,65,52,2,8,12,1,3,1,95,35,35,68,45,50
811,72,74,35,68,28,10,45,65,62,60,63,48,78,82,18,22,25,62,70,72,68,58,5,10,15,2,5,2,92,20,40,65,45,55
812,68,54,48,65,46,85,50,65,62,58,58,45,65,15,28,35,32,78,68,42,62,52,5,25,35,5,5,5,85,10,35,62,45,52
813,78,70,38,68,28,12,42,65,82,58,75,52,68,65,12,30,22,78,78,72,62,58,2,8,12,2,2,1,92,30,45,70,50,72
814,65,55,40,60,32,85,50,65,60,55,55,45,45,35,40,45,25,80,55,50,60,55,5,20,25,5,5,5,85,10,40,50,40,65
815,55,58,60,62,30,95,50,65,35,50,48,45,75,10,40,30,35,85,70,45,60,50,10,45,60,15,15,15,65,30,40,65,45,40
816,75,78,40,75,24,5,45,60,85,55,70,50,85,70,15,25,35,85,75,75,65,60,60,20,65,40,25,5,30,30,40,65,50,20
817,85,75,15,50,4,25,45,65,80,55,70,50,45,55,15,25,35,85,75,90,50,50,95,5,15,15,10,2,10,20,10,10,60,85
818,65,35,55,72,78,95,62,75,52,65,58,45,70,15,35,40,15,10,60,30,75,45,2,5,8,2,2,2,98,20,20,65,55,35
819,62,76,45,68,22,10,38,42,46,45,72,78,75,80,38,32,25,55,70,78,62,82,95,5,10,12,8,2,10,30,60,42,45,40
820,68,58,35,76,28,12,45,65,48,62,45,42,52,82,22,55,22,68,60,62,65,68,5,15,20,5,5,5,85,30,50,62,35,40
821,75,78,40,68,33,10,40,65,75,60,70,50,80,85,25,30,20,65,75,70,70,55,5,10,20,5,5,5,90,30,40,72,45,45
822,82,75,25,60,6,65,45,75,68,62,65,45,50,35,45,40,15,35,70,88,65,50,5,5,10,2,5,2,95,30,15,15,60,85
823,60,58,52,65,38,95,50,65,55,55,55,45,65,15,58,40,30,85,70,45,65,55,5,25,40,5,5,5,80,20,40,65,40,35
824,65,45,55,75,52,90,50,65,40,50,60,45,75,15,35,45,45,65,70,30,65,55,15,30,75,10,20,5,40,30,30,65,20,30
825,72,58,48,68,52,95,48,78,75,65,72,45,78,15,28,25,22,65,75,35,76,48,2,5,8,1,2,1,96,35,20,78,52,62
826,68,42,45,75,65,95,50,65,72,60,62,45,65,10,32,52,30,25,65,35,68,62,5,15,20,5,5,5,85,20,30,60,45,55
827,75,78,40,68,30,15,40,65,85,60,75,55,78,35,20,35,25,60,75,72,68,55,5,15,25,5,5,5,85,30,45,70,50,45
828,75,60,52,68,38,95,50,65,85,60,78,50,80,5,25,30,35,85,75,45,65,55,5,65,60,10,10,15,65,35,45,72,50,45
829,75,80,52,72,48,5,38,70,85,65,78,55,92,85,30,12,15,15,80,45,85,45,2,5,8,1,2,1,98,30,20,85,60,25
830,68,58,65,75,62,95,52,60,45,50,52,48,85,18,38,15,35,35,78,20,80,48,2,20,30,2,2,2,88,10,30,82,40,15
831,75,45,35,70,58,10,45,65,85,60,75,45,65,40,15,40,12,15,75,40,65,60,0,5,10,0,5,0,95,20,30,65,55,40
832,68,58,42,76,34,85,48,72,62,60,58,45,68,22,38,42,25,85,72,52,65,62,12,25,35,5,5,5,80,30,35,62,35,45
833,68,70,40,62,24,85,45,72,60,58,62,45,55,35,35,38,22,65,65,72,62,58,2,10,15,2,2,1,92,30,45,58,42,55
834,55,58,58,62,32,85,50,60,25,50,40,45,55,15,35,25,38,85,70,35,45,52,10,75,45,10,15,10,45,30,40,45,40,58
835,60,45,35,55,42,25,55,65,45,55,35,40,50,15,30,55,20,75,40,45,55,60,5,15,20,5,5,5,85,35,60,45,45,45
836,78,58,32,72,24,12,45,65,88,58,78,48,45,35,12,52,35,85,75,68,55,68,85,15,20,25,20,5,15,30,45,58,45,72
837,78,52,38,68,54,85,50,65,82,60,75,48,72,12,18,35,32,45,75,40,62,58,45,15,20,10,15,5,55,30,35,68,45,60
838,65,72,38,62,26,8,42,65,52,55,58,45,75,82,20,30,32,78,68,68,62,60,45,15,35,15,15,5,60,30,40,58,45,45
839,72,48,42,68,52,95,53,78,82,65,74,45,62,12,22,45,22,75,78,35,65,52,5,10,15,5,5,5,92,30,35,58,40,55
840,68,82,35,65,22,5,38,60,58,50,55,58,85,88,25,20,25,95,72,82,68,60,98,5,5,10,5,2,5,10,40,52,45,60
841,72,68,42,65,30,85,45,65,68,55,62,50,65,30,22,35,28,82,75,65,58,55,5,20,45,5,5,5,80,30,40,62,35,75
842,65,72,45,68,22,85,38,65,58,55,62,48,82,15,38,28,25,88,75,70,65,55,15,20,30,10,10,5,80,20,40,55,35,45
843,75,72,38,68,32,8,42,70,82,65,78,52,85,75,20,25,22,68,78,70,72,55,5,15,25,5,5,5,85,50,45,72,50,48
844,82,75,15,60,6,12,40,65,45,50,40,55,55,70,10,25,25,95,78,88,60,50,98,5,10,15,15,2,10,10,10,10,65,70
845,85,75,15,50,2,50,55,65,45,55,45,40,70,30,10,20,20,30,70,85,60,50,60,10,20,15,15,5,50,10,10,10,70,10
846,75,55,35,72,40,30,50,65,85,60,75,45,65,15,15,40,35,85,75,58,60,65,92,5,10,15,10,2,15,20,45,62,40,75
847,75,45,40,75,42,90,55,65,85,60,70,45,45,15,25,65,20,85,75,40,65,55,5,15,20,5,5,5,90,10,30,55,30,50
848,78,62,38,68,38,85,48,65,82,55,72,48,75,22,18,32,35,88,75,58,58,55,98,5,8,12,5,2,5,15,45,68,45,52
849,68,35,45,72,65,95,55,75,65,60,58,40,75,10,30,40,20,30,65,20,75,45,2,5,8,2,2,2,95,15,20,68,60,45
850,55,50,58,55,32,95,50,65,35,50,45,40,55,5,35,30,30,85,65,35,50,50,5,35,40,5,5,5,85,10,40,45,40,55
851,65,45,40,70,48,95,55,75,60,65,55,40,60,15,35,55,20,65,65,35,65,55,5,10,15,5,5,5,90,10,40,55,30,60
852,58,56,42,67,26,85,48,65,35,50,40,45,68,15,32,42,25,85,48,52,62,55,5,20,30,5,5,5,82,50,45,58,40,35
853,75,60,40,70,40,85,50,70,80,65,75,45,70,35,30,40,15,65,75,55,70,50,5,10,15,5,5,5,95,20,35,75,50,60
854,75,70,40,65,30,10,45,70,85,60,75,50,75,75,20,30,15,35,75,72,65,55,0,5,10,0,5,0,95,30,40,65,45,50
855,68,58,52,62,42,95,50,65,78,55,72,48,68,22,32,38,35,85,72,42,62,52,5,45,40,10,10,5,75,30,35,65,45,50
856,75,55,38,62,52,12,48,72,85,70,78,45,68,25,18,30,32,42,75,58,65,50,2,5,15,2,5,2,92,35,30,68,52,65
857,65,75,50,68,30,5,40,60,55,50,58,52,85,85,35,15,35,75,75,55,65,55,5,30,45,5,5,5,75,30,40,65,45,35
858,85,75,15,55,2,52,45,65,45,50,45,60,65,25,10,20,30,85,80,95,55,50,95,5,10,15,10,2,5,20,5,5,65,60
859,72,65,42,62,32,85,48,60,82,55,75,50,58,75,20,30,40,75,70,60,55,65,5,40,55,15,15,10,65,30,45,55,40,60
860,72,76,38,68,26,8,38,65,62,58,60,52,78,85,32,28,22,62,72,78,65,58,5,10,15,3,5,2,92,35,45,62,48,65
861,55,58,62,55,33,90,52,75,35,60,45,40,65,15,48,25,25,40,70,35,65,45,0,5,10,0,5,0,95,10,30,60,40,58
862,65,50,45,75,35,95,50,70,45,60,40,45,50,30,35,60,20,60,60,40,65,65,0,10,15,0,0,0,95,10,30,55,40,35
863,62,45,48,72,52,95,50,75,35,65,45,40,50,15,40,55,15,45,65,30,65,55,0,5,10,0,0,0,95,10,35,55,40,45
864,72,82,28,65,20,5,35,55,85,45,75,65,88,85,15,30,15,35,80,92,68,65,98,5,10,15,10,2,10,10,40,45,30,70
865,78,68,38,65,42,10,45,75,82,62,75,52,65,78,18,25,15,22,72,62,68,55,2,5,8,2,5,2,95,40,30,68,50,72
866,75,68,35,80,24,10,45,65,72,60,65,50,80,85,20,30,15,60,75,70,70,60,5,15,25,5,5,5,85,35,30,65,45,40
867,78,58,35,68,48,10,48,65,82,62,72,45,65,30,12,30,35,80,75,55,60,58,75,15,25,40,25,5,35,20,40,68,55,85
868,60,55,40,55,32,15,45,60,52,50,50,45,48,65,25,40,30,80,65,55,50,55,10,40,45,10,15,5,75,20,40,50,35,55
869,68,78,38,65,24,8,42,60,58,55,62,58,70,85,32,25,32,65,72,76,62,60,45,15,30,15,15,5,65,30,45,62,45,65
870,75,85,45,70,25,5,40,65,45,60,55,60,70,85,30,15,30,75,80,75,70,60,5,20,35,5,5,5,85,10,40,70,50,65
871,85,75,15,55,6,45,45,70,88,50,75,50,40,45,15,40,25,75,80,90,55,50,10,15,20,5,10,5,85,30,30,15,40,55
872,55,40,45,75,52,95,50,65,40,55,40,45,55,10,35,60,15,65,70,30,65,60,0,5,10,0,0,0,95,20,40,50,40,30
873,80,75,10,55,4,60,45,70,45,50,45,50,75,25,10,25,15,30,85,90,65,50,2,5,8,2,2,2,95,30,10,5,55,40
874,75,70,35,65,40,5,45,70,75,55,70,50,75,75,20,30,15,25,70,65,70,55,0,5,10,0,5,0,95,30,40,70,50,55
875,68,55,58,75,52,95,50,70,58,60,55,45,80,15,38,30,20,75,70,35,75,50,5,15,20,2,2,2,88,30,25,78,45,30
876,78,65,30,62,12,20,48,60,92,50,82,65,55,35,10,35,65,90,80,85,45,50,15,15,40,65,55,60,10,20,30,45,50,88
877,62,52,48,63,38,92,45,68,46,58,50,42,65,12,40,42,28,38,62,45,65,52,2,8,12,2,2,2,92,15,35,58,35,55
878,68,45,42,68,45,85,55,75,78,65,65,40,60,15,30,55,20,60,70,45,60,50,2,5,10,2,2,2,95,35,35,60,45,40
879,78,58,35,72,32,10,45,70,85,65,68,42,75,80,15,40,15,30,75,62,65,60,2,5,10,2,5,2,95,30,45,65,50,40
880,78,68,38,76,30,8,42,65,75,60,68,45,78,85,20,40,22,78,72,70,68,62,5,10,15,5,5,5,92,50,50,72,50,65
881,62,65,54,68,38,88,46,72,42,52,55,48,65,18,32,22,22,48,72,45,68,50,2,8,12,1,2,1,94,35,35,68,40,52
882,82,78,15,62,3,55,45,65,68,55,62,52,78,22,20,25,22,62,75,95,70,50,35,15,25,10,15,5,75,30,10,15,72,45
883,65,62,38,60,28,12,45,65,58,50,55,58,65,75,30,35,22,45,65,63,60,65,5,10,15,5,5,5,92,30,40,52,45,50
884,60,55,45,55,40,90,50,65,45,60,55,40,45,15,35,30,35,80,65,40,45,50,5,25,40,10,15,5,75,30,20,50,30,80
885,75,78,35,68,26,10,45,70,60,65,60,50,75,70,25,35,20,55,70,80,65,65,5,15,25,5,5,5,85,30,45,65,45,70
886,65,80,45,65,22,5,40,60,52,50,55,45,85,80,35,25,20,70,75,75,65,55,5,15,25,2,2,2,90,10,40,65,40,45
887,60,45,52,55,42,95,60,65,58,55,55,45,50,5,35,30,35,85,60,35,50,48,5,45,50,10,15,5,65,30,30,50,30,50
888,62,68,38,58,22,10,42,65,46,50,45,48,58,65,20,30,38,95,65,70,50,55,95,5,15,40,15,2,5,30,40,45,45,50
889,75,68,40,65,38,10,45,60,70,55,65,45,60,80,25,30,25,75,70,60,65,55,5,15,30,2,5,2,85,30,40,65,45,55
890,78,68,25,62,10,65,45,70,88,55,78,45,48,15,15,35,38,82,80,85,45,50,15,35,65,20,25,15,55,30,30,20,55,85
891,78,68,38,72,23,8,52,65,88,58,78,52,82,80,20,30,28,55,75,72,65,60,10,25,60,15,15,5,70,30,35,68,50,45
892,55,45,40,70,32,85,45,65,48,55,45,40,35,35,55,65,15,65,60,40,65,65,0,10,15,0,5,0,90,50,45,40,30,45
893,65,55,58,62,48,85,45,75,45,60,52,45,68,10,40,25,30,60,70,30,60,48,0,10,15,0,5,0,95,30,35,65,45,75
894,65,68,40,60,16,85,35,65,65,50,60,45,70,20,35,40,35,90,75,70,55,55,10,60,65,15,20,15,50,30,40,45,45,50
895,65,40,45,68,72,95,55,75,58,60,55,40,55,30,25,45,20,15,65,35,65,50,5,10,15,5,5,5,95,50,20,55,40,45
896,78,68,30,65,22,10,45,75,82,68,72,45,65,75,12,30,20,35,75,78,68,62,2,5,10,1,3,1,95,15,45,65,55,68
897,58,42,40,75,53,95,50,70,45,50,55,45,55,30,35,65,20,70,75,35,70,65,5,10,15,5,5,5,90,20,40,60,30,35
898,75,62,42,68,42,45,45,72,82,65,78,52,75,15,20,30,25,60,78,58,65,58,5,10,15,5,5,5,92,35,45,68,45,52
899,55,45,48,65,42,85,48,65,40,55,45,40,50,35,30,45,20,75,60,35,60,55,5,15,20,5,5,5,90,30,40,55,35,40
900,65,78,40,65,24,5,40,65,55,55,58,50,80,85,45,20,20,40,70,75,70,55,5,15,25,5,5,5,85,30,35,55,45,40
901,58,52,56,65,42,12,45,60,35,40,58,55,68,75,32,28,42,85,72,40,58,55,80,15,35,50,15,5,15,20,45,62,40,30
902,75,62,38,68,42,12,45,65,85,58,78,52,68,75,18,28,32,82,75,60,62,58,5,35,45,5,8,10,75,30,35,65,48,75
903,65,72,45,62,25,85,42,65,58,50,60,55,65,35,38,35,18,38,68,68,65,55,2,10,15,2,2,2,95,30,45,58,40,52
904,68,65,52,70,42,12,48,60,58,50,55,50,75,35,35,25,38,88,65,50,65,55,80,15,25,20,20,5,30,30,50,68,50,45
905,75,62,38,68,42,25,45,65,62,55,58,45,60,12,18,35,25,65,72,60,62,65,5,15,20,5,5,5,90,20,40,62,45,55
906,75,60,45,65,35,85,50,70,80,65,70,50,55,70,25,35,25,75,75,55,65,65,5,15,25,5,10,5,85,20,40,55,40,65
907,78,68,30,65,24,10,45,65,85,60,75,45,65,80,15,35,25,45,70,72,60,55,15,10,15,5,10,5,85,30,45,60,45,75
908,65,58,35,62,20,80,40,65,55,50,48,55,70,30,30,45,15,35,65,60,65,55,2,2,5,1,1,1,98,10,45,45,45,48
909,75,45,35,60,55,10,60,75,80,65,72,45,40,60,15,40,15,35,65,45,55,55,2,5,10,2,5,2,95,30,40,55,45,70
910,82,55,38,68,52,12,48,75,88,72,78,45,70,15,12,35,22,65,78,52,65,58,2,5,10,2,5,2,95,50,35,68,55,50
911,75,65,35,68,32,15,45,60,80,55,70,45,60,25,20,35,30,75,75,70,60,65,10,25,35,5,10,5,80,30,40,60,45,70
912,75,72,45,65,30,85,48,60,82,55,78,52,76,12,22,28,45,95,78,64,58,55,45,25,65,50,30,15,30,20,50,72,45,75
913,68,58,38,56,22,82,46,65,76,58,68,42,72,15,28,38,32,78,72,62,55,52,45,15,35,15,20,5,65,15,35,48,40,75
914,68,62,42,65,28,85,45,60,78,55,72,50,40,45,20,35,40,90,75,60,55,60,85,15,30,35,25,5,15,10,40,58,30,55
915,68,72,45,67,30,8,42,60,58,48,62,52,82,75,35,22,32,85,70,68,65,60,95,5,10,15,10,2,8,30,40,65,45,65
916,60,42,52,55,62,95,54,78,46,68,48,38,58,8,32,34,28,30,62,22,55,42,2,12,18,1,2,1,92,30,15,52,45,58
917,75,45,50,68,65,90,55,70,78,65,65,45,70,0,25,40,35,40,70,35,60,50,5,20,30,10,10,5,80,20,30,60,40,55
918,72,78,22,65,18,5,35,60,58,45,52,55,85,85,15,30,15,95,75,88,65,55,98,5,5,10,5,2,5,10,40,35,60,45
919,82,75,15,65,8,45,40,70,85,50,75,45,55,30,12,30,25,45,80,92,65,50,10,20,35,10,15,10,75,30,20,15,40,85
920,72,74,35,68,24,12,38,65,72,58,66,52,76,45,22,34,18,42,75,76,64,62,5,12,18,5,5,5,92,30,35,62,50,45
921,72,58,38,78,28,25,45,62,76,50,68,45,70,65,18,52,28,88,75,62,60,65,95,5,8,12,10,2,8,35,50,68,45,40
922,65,68,35,65,25,5,45,60,55,50,55,50,75,85,20,30,30,95,70,70,60,60,98,5,10,15,10,2,5,30,45,60,40,45
923,78,72,22,65,6,58,45,70,48,50,45,52,75,15,18,25,25,90,82,88,62,50,95,5,10,15,10,2,10,10,10,30,60,70
924,65,55,40,75,28,20,45,60,52,50,45,45,60,70,35,55,35,90,70,55,55,65,85,15,20,15,20,5,30,30,40,55,40,60
925,78,62,38,76,40,12,48,65,85,60,72,52,58,65,15,42,28,82,75,64,62,65,15,25,40,8,12,5,75,30,40,68,45,48
926,75,78,35,68,25,5,40,65,80,60,72,50,70,85,15,25,15,45,75,78,65,55,0,5,10,0,5,0,95,30,35,65,50,60
927,65,55,40,75,35,85,50,75,60,65,55,40,65,15,45,55,20,75,70,50,65,60,5,10,15,5,5,5,95,30,45,60,40,40
928,60,55,52,62,35,95,45,65,45,50,48,40,55,15,35,30,25,75,65,45,60,50,5,15,20,5,5,5,85,30,35,58,40,60
929,78,72,20,62,10,12,45,70,82,50,75,52,78,75,10,25,32,78,75,88,65,50,35,20,45,15,15,5,60,50,20,30,65,50
930,60,45,55,75,48,95,55,75,52,55,58,45,70,15,40,45,20,85,70,30,75,50,5,15,20,5,5,5,90,20,25,68,40,30
931,75,62,48,72,35,85,45,75,78,65,72,42,82,12,32,30,22,68,75,45,78,50,2,5,12,1,1,1,95,20,35,82,50,45
932,68,42,38,62,44,22,56,65,72,58,63,40,55,12,28,45,18,38,65,40,60,65,2,5,8,1,3,1,95,15,50,55,45,48
933,78,58,42,67,34,88,52,75,88,68,78,45,62,12,18,40,22,65,75,58,62,55,5,12,20,5,5,5,88,30,45,65,45,68
934,75,72,38,68,28,8,42,65,78,62,72,48,78,82,18,25,25,75,72,70,65,58,12,22,35,8,10,5,82,35,45,68,48,52
935,78,72,38,68,32,8,42,65,85,62,78,52,75,82,18,25,25,45,75,68,68,58,5,10,20,5,5,5,85,50,45,72,50,58
936,65,52,42,68,58,15,48,60,58,50,52,45,70,60,20,25,30,65,65,35,62,58,85,10,15,15,20,5,25,30,45,62,50,72
937,78,62,45,68,48,85,52,65,82,60,78,52,75,10,18,30,65,90,75,45,55,52,5,15,25,15,10,85,10,20,30,72,55,50
938,72,54,38,78,43,22,45,65,62,60,52,45,68,25,18,52,22,75,72,55,65,72,5,15,20,5,5,5,85,35,55,65,45,48
939,78,65,38,68,40,12,45,65,85,62,72,52,65,75,12,30,32,88,78,64,60,58,10,35,45,10,12,5,75,50,50,68,50,58
940,72,55,45,65,48,15,50,65,75,60,68,45,70,15,20,30,35,85,70,45,55,55,15,25,60,15,25,5,65,30,40,65,50,45
941,80,75,15,50,4,45,45,70,40,60,40,45,45,55,15,25,20,35,65,88,55,50,5,10,15,5,5,5,90,20,10,10,65,80
942,55,70,65,65,30,85,45,65,52,55,65,50,75,20,60,25,30,75,60,60,70,55,5,15,25,5,5,5,85,40,45,60,40,75
943,68,58,55,67,42,95,50,65,62,55,60,45,80,8,30,20,45,92,75,35,62,50,15,45,75,25,25,15,40,20,30,72,45,55
944,72,62,42,58,28,85,45,65,82,50,75,45,55,25,20,35,38,85,75,60,52,50,15,45,65,15,20,5,60,30,40,62,45,50
945,72,54,56,74,58,95,50,70,72,58,66,45,82,15,32,28,22,55,76,25,78,48,2,5,8,1,1,1,96,20,30,82,45,35
946,65,62,38,65,32,10,45,60,58,50,62,45,65,85,22,28,30,90,72,60,62,60,95,10,15,20,15,5,15,30,45,60,40,75
947,68,45,58,78,65,15,50,65,35,50,40,45,75,25,30,35,35,60,70,30,65,60,10,25,60,10,15,5,65,15,40,72,45,30
948,82,78,12,62,6,18,44,72,88,58,74,52,76,68,8,30,18,38,78,92,68,50,2,5,8,1,3,1,96,35,15,8,65,30
949,75,55,40,62,42,85,55,65,85,60,78,58,55,25,20,60,25,65,70,50,65,55,5,10,20,5,5,2,90,50,50,52,30,40
950,75,62,38,68,42,12,48,65,82,60,72,45,75,78,18,25,22,42,78,58,68,55,2,5,8,1,3,1,95,20,30,72,55,52
951,72,65,25,62,12,60,42,75,63,50,60,45,68,55,28,40,22,82,65,80,65,50,15,20,30,5,10,5,85,30,15,35,45,50
952,68,58,42,72,38,85,45,75,62,58,55,48,65,35,32,40,18,55,70,52,68,58,2,5,8,1,2,1,95,50,35,65,30,38
953,68,32,42,52,62,28,54,60,56,55,48,42,62,25,18,38,32,65,58,30,45,48,5,12,18,5,8,5,85,20,35,42,52,78
954,65,45,45,68,52,95,55,75,58,65,55,40,65,15,35,45,25,75,65,35,60,50,5,20,35,5,5,5,85,30,40,60,45,70
955,75,68,35,65,38,10,45,60,80,55,70,50,70,75,15,30,35,85,75,65,60,55,50,20,45,30,30,10,45,20,40,65,45,55
956,78,68,32,65,28,12,45,40,85,48,78,72,80,45,15,40,15,15,75,72,65,82,8,5,10,2,5,2,92,35,60,42,45,35
957,62,38,32,72,48,82,58,65,38,55,35,42,40,45,28,78,22,62,55,32,60,65,5,10,15,5,5,5,92,30,40,35,30,32
958,75,68,55,65,35,90,50,70,72,60,68,52,58,30,22,28,20,65,75,58,65,60,2,15,20,2,5,2,95,20,30,65,40,70
959,68,56,48,62,38,85,52,75,62,65,58,42,65,15,32,38,25,75,68,45,62,50,5,15,20,5,5,5,85,40,40,62,45,78
960,75,70,40,65,28,10,45,60,80,50,70,55,70,60,20,30,55,85,75,65,55,60,5,15,30,15,15,80,10,50,40,65,50,50
961,72,76,35,68,24,5,38,62,65,50,63,48,82,70,22,28,25,72,75,78,65,55,98,2,5,5,5,1,5,15,35,65,45,35
962,68,42,45,62,72,35,55,65,58,60,52,45,50,22,32,28,22,30,65,38,62,58,5,10,12,5,5,5,92,30,45,55,52,68
963,68,62,42,65,32,12,44,68,54,50,56,45,48,65,28,35,22,38,68,58,62,58,2,5,8,1,3,1,95,35,50,60,45,72
964,68,65,42,67,26,85,45,62,58,55,60,45,65,18,32,38,28,85,68,62,60,58,25,20,40,10,15,5,75,30,45,58,40,65
965,78,58,35,72,42,10,48,75,85,68,72,45,60,60,12,40,15,45,75,55,65,65,2,5,10,2,5,2,95,30,35,68,50,60
966,68,58,45,62,38,95,48,65,62,55,63,42,65,12,32,38,35,85,72,45,55,52,5,45,60,5,10,5,75,30,35,58,40,52
967,55,45,58,60,52,90,50,65,30,55,40,45,45,15,40,30,25,55,65,25,60,45,5,15,20,5,5,5,85,20,30,60,40,50
968,85,75,15,55,3,35,45,65,48,50,52,58,62,65,12,25,18,38,82,92,68,50,5,10,15,5,5,5,92,20,10,10,78,45
969,65,45,48,62,62,95,52,75,58,65,55,42,65,5,32,40,25,35,60,30,65,50,5,10,15,5,5,5,92,15,25,58,45,85
970,68,52,54,78,52,85,50,72,46,65,45,42,62,22,40,38,20,65,68,28,74,58,2,5,8,1,1,1,95,20,30,72,35,48
971,72,62,35,65,16,65,40,65,82,50,75,52,70,25,18,38,42,95,78,72,50,55,95,10,20,30,25,5,10,15,45,45,45,65
972,65,55,50,78,38,95,50,65,45,55,50,45,75,15,40,45,35,85,70,40,68,60,45,30,40,15,15,5,50,30,40,65,45,35
973,75,45,38,78,58,85,52,70,82,65,70,45,75,12,15,40,42,85,72,35,58,62,35,25,70,20,40,10,35,30,35,65,45,45
974,75,60,40,65,42,10,52,65,80,60,70,45,60,75,15,30,20,40,70,55,60,55,2,5,10,1,2,1,95,30,40,65,50,75
975,75,68,35,62,28,10,45,60,85,50,78,52,65,70,12,25,55,85,75,72,45,55,75,25,45,60,40,20,15,20,45,60,45,75
976,65,55,40,75,30,85,45,60,45,55,40,45,65,20,35,55,30,80,70,50,60,65,70,15,20,15,15,5,45,10,40,60,30,35
977,65,45,42,55,52,85,55,65,75,50,68,45,60,15,28,55,30,75,65,35,55,50,10,20,45,10,15,5,75,50,40,58,35,45
978,65,55,45,55,30,85,52,70,75,65,68,40,65,15,30,40,25,85,65,50,55,50,5,25,45,5,5,5,75,10,40,55,40,60
979,65,52,55,65,42,95,50,75,60,60,60,40,65,15,45,35,25,75,65,40,75,50,5,15,20,5,5,5,90,30,20,70,35,40
980,58,45,42,55,38,85,50,72,35,62,45,38,65,12,28,48,25,78,60,40,55,50,5,15,25,5,5,2,85,20,35,48,35,45
981,68,62,52,67,42,90,50,78,56,63,58,42,58,32,44,38,24,68,65,42,68,55,2,12,15,2,2,2,94,35,30,68,45,58
982,75,65,42,68,42,15,52,60,78,50,72,55,75,25,18,25,78,82,75,60,50,62,2,5,10,12,8,95,5,15,40,65,45,30
983,75,72,42,68,32,12,45,62,64,50,62,48,68,78,18,22,38,88,72,65,58,56,15,45,65,12,18,10,52,35,42,66,45,52
984,65,55,45,55,35,85,50,65,68,60,62,45,58,15,30,40,35,85,65,50,50,50,30,45,60,20,25,5,50,30,40,55,40,55
985,68,76,38,67,28,6,38,62,63,50,65,52,78,85,32,28,32,65,72,74,66,58,96,5,8,12,8,2,8,30,45,64,48,45
986,65,68,55,62,32,88,45,75,52,60,58,45,65,20,45,25,20,65,60,55,65,55,2,15,20,2,2,1,95,30,35,60,40,55
987,65,55,45,70,30,90,50,60,55,50,55,45,75,15,35,40,35,85,70,45,65,50,95,5,10,15,10,2,10,50,35,70,30,35
988,75,65,35,62,26,65,45,60,82,55,72,45,55,75,18,40,18,75,70,68,62,68,10,15,20,5,10,5,85,20,40,45,30,65
989,62,54,52,63,34,85,48,78,46,65,52,38,68,12,38,42,22,82,65,45,68,50,2,8,12,1,2,1,94,30,35,62,45,52
990,78,68,25,65,10,60,45,75,82,55,72,45,65,25,20,35,20,40,78,85,68,50,5,10,15,5,5,2,95,30,20,35,45,75
991,75,70,40,65,35,10,45,65,80,60,70,50,75,85,20,30,35,85,75,65,60,55,15,40,70,15,20,10,60,30,40,65,50,45
992,75,78,35,65,25,5,40,65,75,60,70,50,75,85,20,25,15,25,70,75,65,55,0,5,10,0,5,0,95,20,40,60,50,75
993,80,75,15,65,5,15,45,75,75,55,70,50,60,65,10,35,15,35,80,90,65,50,0,5,10,0,5,0,95,20,10,20,65,85
994,78,72,15,62,5,45,45,65,52,50,55,45,75,25,15,20,12,22,78,88,68,50,2,3,5,1,2,1,96,15,10,12,65,40
995,78,72,35,68,26,10,42,65,85,60,78,52,75,82,12,28,35,65,75,74,62,60,30,15,45,15,15,5,60,30,40,68,45,58
996,65,62,35,58,20,12,45,60,52,50,45,48,58,40,30,40,15,60,65,72,55,60,2,5,8,1,2,1,95,30,40,42,45,50
997,85,75,15,55,4,25,45,70,90,60,80,50,55,65,10,30,10,20,85,95,65,50,2,5,8,2,5,2,95,30,10,15,70,40
998,65,45,55,78,65,95,50,70,45,60,55,45,75,15,40,35,20,40,70,20,80,50,0,5,10,0,0,0,95,10,20,75,40,25
999,78,68,32,65,32,12,45,62,88,58,76,48,65,55,12,38,18,62,78,72,65,68,5,10,15,2,5,2,92,50,45,68,48,52
1000,68,55,52,62,40,95,52,75,62,65,58,42,72,15,32,35,28,82,68,45,62,50,5,20,35,5,5,2,85,30,15,65,48,55
1001,82,75,22,68,12,10,45,65,92,55,83,52,72,78,12,30,32,42,85,88,65,50,45,15,30,15,15,5,70,30,30,35,50,62
1002,62,52,50,65,38,95,50,65,45,50,48,45,75,15,35,35,45,95,65,40,55,50,95,10,15,25,10,5,10,30,40,60,45,50
1003,68,82,38,65,22,6,42,58,46,50,48,55,68,72,18,25,28,85,68,78,62,58,15,35,45,10,15,5,75,30,45,62,50,45
1004,82,75,15,55,5,45,45,65,78,50,70,40,45,45,10,30,25,60,80,88,60,50,35,15,20,10,15,5,70,20,10,10,65,80
