stimulus,trustworthy,attractive,dominant,smart,age,gender,weight,typical,happy,familiar,outgoing,memorable,well-groomed,long-haired,smug,dorky,skin-color,hair-color,alert,cute,privileged,liberal,asian,middle-eastern,hispanic,islander,native,black,white,looks-like-you,gay,electable,godly,outdoors
1,75,60,65,70,55,90,40,80,30,60,45,70,75,20,35,10,65,60,85,25,50,55,5,10,5,5,5,5,90,40,10,70,30,60
2,75,85,40,65,35,55,45,60,90,50,70,80,70,85,20,10,65,100,80,75,40,50,10,20,70,10,10,85,10,30,30,60,20,30
3,75,60,65,85,60,50,40,70,30,55,40,75,90,20,30,10,60,70,80,25,70,60,0,0,0,0,0,0,100,30,10,80,40,20
4,75,85,30,65,25,40,45,70,80,60,70,85,90,10,15,5,60,100,85,80,35,50,10,10,85,10,10,85,10,50,30,60,40,30
5,75,85,40,65,45,85,45,70,90,60,75,80,85,30,20,10,55,75,80,70,50,60,0,0,0,0,0,0,100,50,30,65,40,35
6,65,70,40,60,35,85,30,20,45,30,50,75,60,70,35,25,40,45,70,55,40,50,0,0,0,0,0,0,95,30,70,55,35,80
7,70,65,40,60,30,95,35,75,50,60,55,70,80,10,20,10,50,50,85,40,30,50,0,0,0,0,0,0,100,50,0,60,30,70
8,75,85,20,60,10,30,30,80,90,70,75,65,85,70,10,10,40,50,65,95,30,40,10,10,10,10,10,10,90,50,10,20,30,20
9,85,70,40,75,70,30,45,60,80,65,55,75,85,20,10,15,50,50,70,60,30,50,0,0,0,0,0,0,100,40,0,50,30,20
10,70,60,40,65,45,85,40,75,30,55,35,65,50,20,10,15,60,100,80,20,30,50,0,90,85,10,10,10,80,30,20,40,35,25
11,75,68,40,65,45,30,35,55,80,45,50,60,85,10,20,10,40,50,70,55,30,40,90,5,5,5,5,5,85,30,20,60,35,25
12,75,85,30,60,20,40,30,70,90,65,70,80,85,60,20,10,10,10,80,95,50,50,0,0,0,0,0,0,100,50,0,30,40,30
13,85,70,40,65,45,90,30,75,90,60,70,80,55,10,20,10,50,50,80,30,40,50,0,0,0,0,0,0,100,30,0,60,30,85
14,75,80,40,65,30,85,35,70,90,60,75,65,85,20,30,10,50,60,80,70,40,50,0,0,0,0,0,0,100,50,20,60,30,40
15,65,50,30,55,25,30,35,70,20,40,25,60,45,10,15,10,60,100,75,30,10,40,95,5,5,5,5,5,5,20,10,25,10,30
16,75,60,45,65,85,10,30,70,35,50,25,60,80,10,20,10,60,70,70,20,30,40,95,5,5,5,5,5,40,30,10,50,30,20
17,70,65,40,60,30,95,30,75,50,60,55,70,80,10,20,10,40,90,85,55,30,50,0,0,0,0,0,0,100,50,30,40,20,60
18,75,85,30,65,30,95,40,70,80,60,55,75,85,90,20,10,65,100,70,80,40,50,30,70,20,10,10,85,10,50,30,55,35,20
19,75,85,40,65,30,85,45,70,80,60,70,75,90,20,15,10,50,80,85,80,50,55,0,0,0,0,0,0,100,50,30,60,40,35
20,75,80,40,65,30,90,45,70,85,60,75,80,85,10,20,10,75,100,80,70,50,55,0,0,0,0,0,95,5,50,30,60,35,40
21,75,80,30,65,30,95,40,70,55,60,45,75,85,90,20,10,50,95,60,85,50,55,90,10,10,10,10,10,85,50,30,60,40,30
22,75,80,40,65,30,30,40,60,85,50,70,75,60,80,20,10,40,30,70,65,30,50,0,0,0,0,0,0,95,50,30,55,20,80
23,75,68,45,70,45,95,30,60,70,55,65,50,85,10,20,10,55,75,80,35,60,50,10,10,10,10,10,10,85,30,10,70,30,40
24,85,65,70,80,95,100,40,75,50,60,45,70,90,0,30,10,60,100,85,20,80,50,0,0,0,0,0,0,100,30,0,75,60,30
25,75,80,40,65,55,10,30,70,90,60,70,65,85,80,20,10,40,50,75,60,45,50,0,0,0,0,0,0,95,50,30,60,35,40
26,65,80,30,55,30,10,35,70,75,60,65,85,90,95,20,10,40,30,80,85,50,45,0,0,0,0,0,0,100,50,0,40,30,20
27,75,85,30,65,35,85,45,70,90,60,75,80,85,90,20,10,55,65,70,80,40,50,80,10,70,10,10,10,70,50,30,60,35,40
28,70,65,40,75,30,85,35,60,45,50,55,70,80,10,20,10,50,100,85,40,60,55,10,90,30,10,10,10,85,30,20,65,35,25
29,75,68,55,60,30,95,40,70,75,60,65,70,85,20,30,10,50,100,80,45,50,40,10,90,20,10,10,10,85,50,20,60,30,40
30,75,80,30,65,45,85,40,70,90,60,75,85,70,80,20,10,40,50,85,75,35,50,0,0,0,0,0,0,95,55,30,45,25,80
31,65,70,55,60,80,40,30,45,35,25,30,75,50,60,15,10,65,55,40,20,35,40,0,0,0,0,0,0,95,10,20,30,10,50
32,75,85,30,65,30,95,40,70,90,60,75,80,85,90,20,10,50,50,70,80,40,50,30,70,85,20,10,20,70,50,30,60,40,30
33,85,90,10,60,20,40,30,75,85,70,65,80,90,30,10,10,30,30,90,95,50,50,0,0,0,0,0,0,100,50,0,0,70,50
34,75,85,30,65,25,90,40,70,95,60,80,85,70,85,20,10,50,100,75,80,40,50,80,10,10,10,10,10,70,50,30,55,30,60
35,65,70,60,75,40,95,30,60,35,50,55,80,70,20,45,10,65,95,85,30,50,40,0,0,0,0,0,0,100,30,10,60,20,40
36,75,60,45,70,40,95,30,65,50,55,40,60,85,10,25,10,40,100,75,30,50,55,10,85,30,10,10,10,85,30,20,70,35,10
37,75,85,20,60,10,30,25,80,40,70,35,65,85,90,10,15,30,60,90,95,50,50,0,0,0,0,0,0,100,40,0,0,30,20
38,75,65,40,60,45,95,30,70,70,50,55,60,85,10,20,10,30,40,75,30,50,40,0,0,0,0,0,0,95,30,0,70,30,20
39,75,80,30,65,30,95,40,70,90,60,75,85,80,85,20,10,50,75,65,85,50,60,0,0,0,0,0,0,100,50,30,55,20,30
40,75,65,40,60,55,95,30,70,80,50,55,60,85,10,20,10,40,50,70,30,60,40,0,0,0,0,0,0,95,30,0,70,30,20
41,65,70,40,55,35,85,30,60,75,50,60,80,70,20,30,10,60,20,70,45,30,50,0,0,0,0,0,0,100,30,20,40,60,20
42,75,68,40,65,35,5,30,70,60,55,50,75,80,20,10,5,60,100,70,55,30,50,10,10,85,90,80,95,5,30,20,60,40,35
43,75,85,30,65,35,95,40,70,90,60,75,80,85,90,20,10,50,85,70,80,55,60,0,0,0,0,0,0,100,40,30,50,20,30
44,75,65,30,55,25,30,40,70,60,50,45,65,70,10,20,10,50,100,60,55,30,40,90,5,5,5,5,5,85,30,10,40,30,30
45,70,65,40,55,30,95,45,75,80,60,50,70,85,0,20,10,95,0,85,45,30,50,0,0,0,0,0,95,5,35,20,40,10,30
46,75,85,40,65,25,85,30,70,90,60,75,80,90,10,30,10,40,95,80,70,50,55,0,0,0,0,0,0,100,50,30,60,20,30
47,70,85,30,65,20,95,40,75,90,60,70,80,85,80,10,10,50,50,90,95,50,50,0,0,0,0,0,0,100,50,0,30,30,40
48,70,60,40,75,60,90,30,50,80,65,55,70,85,10,20,10,60,70,90,30,40,50,0,0,0,0,0,0,100,30,0,50,10,20
49,75,80,60,70,25,95,40,65,70,50,60,75,85,10,30,10,60,100,80,65,40,50,0,90,20,10,10,10,80,30,10,55,30,40
50,75,80,40,65,25,30,40,70,85,60,70,75,85,0,20,10,50,100,70,65,50,55,95,5,5,5,5,5,45,30,10,60,35,40
51,75,80,30,65,25,40,40,70,85,60,55,75,80,30,10,5,50,100,80,70,40,50,85,10,10,10,10,10,10,30,10,40,20,30
52,75,65,45,70,30,85,35,60,30,50,40,70,80,10,20,10,60,100,85,55,50,60,10,20,85,10,10,20,70,30,30,65,35,40
53,65,70,30,55,25,40,35,60,40,50,35,75,80,90,15,10,50,85,70,85,45,50,10,30,75,10,10,10,85,30,20,40,35,20
54,75,65,40,60,25,95,30,70,35,55,45,60,80,20,30,10,30,50,55,45,40,50,0,0,0,0,0,0,100,30,20,55,10,60
55,75,80,30,65,25,40,45,70,90,60,75,65,85,10,20,15,30,80,85,85,40,50,0,0,0,0,0,0,100,50,30,55,25,70
56,70,85,40,60,30,5,30,75,90,65,80,85,70,80,20,10,70,100,85,75,40,50,0,0,90,0,0,80,20,50,30,55,30,40
57,75,80,30,65,10,40,40,70,85,60,55,75,80,60,20,10,60,100,80,90,30,50,95,5,5,5,5,5,5,30,10,20,30,40
58,75,80,40,65,35,85,45,70,75,60,55,70,85,20,15,10,40,30,80,70,50,55,0,0,0,0,0,0,95,50,30,60,40,30
59,75,85,30,65,10,40,35,80,90,70,75,60,65,50,10,15,40,50,85,95,55,50,0,0,0,0,0,0,100,50,0,30,20,40
60,75,85,30,60,20,40,30,70,45,65,40,80,55,90,25,10,30,60,70,90,50,55,10,10,10,10,10,10,90,50,10,30,40,60
61,70,65,30,60,30,40,40,75,45,55,40,60,80,20,30,10,50,70,75,70,30,40,10,80,60,20,10,10,90,30,20,40,30,50
62,75,65,30,60,25,35,30,70,70,50,55,60,80,10,20,10,30,40,85,75,40,50,0,0,0,0,0,0,95,30,20,40,30,60
63,75,80,60,70,35,95,40,65,70,55,60,75,85,10,30,10,60,95,85,50,55,45,5,10,5,5,5,5,90,30,20,65,35,40
64,75,85,40,65,45,90,35,70,90,60,75,80,90,95,20,10,55,75,85,70,50,60,10,10,85,10,10,10,85,50,30,70,35,40
65,75,60,55,70,70,85,40,65,30,50,40,60,80,20,10,5,50,100,70,20,30,50,0,0,0,0,0,0,100,30,10,60,20,30
66,70,65,30,55,25,40,35,60,85,50,70,65,55,80,20,10,45,50,40,75,30,50,10,10,10,10,10,10,85,50,60,40,30,20
67,75,68,60,70,30,95,40,65,35,55,45,70,85,20,30,10,50,95,80,45,50,40,5,15,30,5,5,10,85,30,20,60,35,40
68,75,68,40,60,30,95,35,70,85,65,75,55,80,20,30,15,30,75,70,50,45,55,0,0,0,0,0,0,100,40,20,60,35,50
69,70,85,30,65,30,95,40,75,90,60,80,85,55,90,20,10,50,100,70,80,40,60,10,10,30,10,10,10,90,50,30,50,20,70
70,75,65,40,60,60,95,30,70,70,50,55,65,80,10,20,10,40,50,75,30,40,30,0,0,0,0,0,0,95,50,10,60,30,50
71,75,80,40,65,30,85,45,70,90,60,75,85,80,10,20,10,60,100,70,65,50,55,10,10,85,90,95,30,70,50,30,60,40,70
72,70,65,45,60,40,10,30,50,20,30,25,75,85,80,15,5,60,95,80,40,35,50,0,90,85,10,10,10,90,20,30,55,10,10
73,75,85,30,60,20,40,35,70,90,65,75,80,55,85,15,20,40,45,70,95,50,55,10,5,5,5,5,5,85,60,10,30,40,65
74,75,65,40,70,45,10,30,60,80,50,55,65,85,20,10,15,40,70,75,55,30,50,90,5,5,5,5,5,85,30,10,60,20,10
75,70,65,60,75,30,95,35,60,30,50,40,70,80,10,40,10,50,80,85,30,50,40,0,10,80,0,0,0,95,30,20,60,30,70
76,70,85,40,65,30,85,45,75,80,60,70,85,75,85,30,10,50,90,80,75,50,50,10,10,85,10,10,10,85,50,30,40,30,30
77,75,85,40,65,40,95,30,70,90,60,80,75,85,20,30,10,60,75,80,55,50,55,0,0,0,0,0,0,100,30,10,65,20,40
78,85,60,70,80,90,100,40,75,30,65,45,85,90,0,20,10,95,90,80,25,70,60,0,0,0,0,0,95,5,50,0,75,65,30
79,75,65,30,70,60,10,40,60,85,70,55,50,80,70,20,30,30,40,75,55,30,50,0,0,0,0,0,0,95,40,20,40,30,60
80,75,60,65,70,85,90,40,70,30,50,45,65,80,20,35,10,60,75,85,25,55,50,0,0,0,0,0,0,100,30,0,60,40,50
81,70,85,20,60,10,40,30,75,80,65,50,70,85,80,10,15,30,10,90,95,50,50,0,0,0,0,0,0,100,40,0,30,30,20
82,75,85,30,65,25,40,35,60,70,55,50,75,80,90,20,10,45,95,65,80,40,50,85,10,10,10,10,10,70,30,30,45,35,55
83,85,78,45,65,75,30,40,60,90,70,65,75,80,90,20,10,45,85,70,55,50,55,0,0,0,0,0,0,95,60,30,65,40,35
84,75,60,40,70,45,90,30,65,50,55,45,60,80,10,20,10,30,50,65,30,40,50,0,0,0,0,0,0,100,30,20,55,35,25
85,75,68,30,70,25,35,40,60,85,55,65,70,80,10,20,30,50,100,75,80,40,50,85,10,10,10,10,10,90,30,30,40,20,60
86,75,80,40,65,30,85,35,70,85,60,70,75,80,10,20,10,50,75,80,65,40,50,10,10,85,10,10,10,85,30,10,60,30,50
87,75,85,30,60,25,85,40,65,80,55,70,75,85,60,20,10,50,50,70,80,40,50,10,10,10,10,10,10,90,30,30,40,30,60
88,75,60,45,70,35,85,40,65,30,50,40,60,80,10,20,10,40,95,70,30,50,55,80,10,10,10,10,10,90,30,30,60,30,20
89,70,85,30,60,25,85,40,75,90,65,75,80,85,80,20,10,50,60,70,90,50,50,90,10,10,10,10,10,90,50,30,40,30,20
90,75,65,40,60,70,30,45,55,85,60,50,70,80,20,10,10,60,50,75,40,30,50,85,10,10,10,10,10,90,30,10,40,20,10
91,70,85,40,65,30,10,35,60,25,50,45,75,80,0,30,10,55,85,70,75,50,40,0,90,10,0,0,0,95,30,20,55,35,45
92,75,80,45,65,55,90,30,70,85,60,70,75,85,10,20,10,50,80,80,40,50,40,0,0,0,0,0,0,100,30,0,60,30,20
93,75,85,30,65,30,10,40,70,90,60,75,80,85,90,10,10,50,100,70,85,50,50,95,5,5,5,5,5,90,30,20,60,30,40
94,75,80,40,65,35,95,30,70,85,60,70,75,85,20,30,10,40,50,70,55,45,50,0,0,0,0,0,0,100,50,30,60,20,40
95,75,80,40,65,70,30,45,60,90,70,75,85,65,20,10,10,50,60,80,70,30,50,0,0,0,0,0,0,100,50,30,55,20,40
96,75,60,40,65,70,85,45,70,55,60,50,75,80,30,20,10,65,50,70,30,40,50,0,0,0,0,0,0,95,50,10,60,30,40
97,75,80,40,65,35,90,30,70,85,60,70,65,85,90,20,10,40,50,75,70,50,55,0,0,0,0,0,0,100,50,30,60,35,40
98,75,85,20,60,10,45,30,70,80,65,50,75,85,10,25,10,50,30,90,95,30,50,70,20,10,10,10,10,85,40,10,20,30,10
99,75,80,40,65,30,95,35,70,90,60,75,85,80,20,30,10,50,100,85,70,55,60,0,0,0,0,0,0,100,50,0,70,30,40
100,75,85,30,65,35,95,40,60,90,70,80,85,75,85,20,10,50,70,80,85,40,50,0,0,0,0,0,0,100,50,30,55,20,60
101,75,80,30,65,40,20,40,70,90,60,75,85,60,70,10,10,30,80,70,85,40,50,0,0,0,0,0,0,100,50,30,55,20,60
102,75,65,40,70,70,10,30,60,55,50,45,60,80,85,20,10,40,75,85,35,50,55,0,0,0,0,0,0,95,30,0,45,30,20
103,70,65,30,55,25,95,35,75,85,60,70,80,45,90,10,15,40,75,65,75,30,50,0,0,0,0,0,0,95,50,30,40,20,45
104,70,65,40,60,40,90,30,75,70,60,50,80,70,20,30,10,30,30,85,40,30,50,0,0,0,0,0,0,100,50,20,40,30,70
105,75,85,30,60,40,10,30,70,90,65,75,80,85,80,20,10,50,100,70,85,50,50,0,0,90,0,0,0,95,50,0,60,30,20
106,75,85,30,60,25,95,35,70,90,65,75,80,85,90,20,10,40,85,70,80,50,55,5,5,10,5,5,5,90,60,30,65,40,50
107,75,85,40,65,45,10,30,60,90,55,70,80,85,20,10,5,65,50,70,75,40,50,0,0,90,0,0,80,10,30,30,60,20,30
108,70,65,40,60,30,10,30,50,20,40,30,70,80,90,20,10,60,80,70,50,30,40,90,10,10,10,10,10,10,30,30,40,20,30
109,75,85,30,60,30,95,40,70,90,65,75,80,85,90,20,10,60,100,80,75,50,50,80,10,10,10,10,10,90,50,30,60,30,40
110,75,85,20,60,10,30,30,80,95,70,85,80,65,40,10,15,50,30,85,90,50,50,10,10,10,10,10,10,90,50,10,10,30,30
111,75,65,30,70,55,40,45,60,80,50,55,65,70,20,10,15,50,75,60,40,30,50,90,5,5,5,5,5,90,30,10,40,20,10
112,70,85,30,60,25,95,35,75,90,65,70,80,85,80,15,5,50,50,75,85,40,50,85,10,10,10,10,10,85,50,10,30,20,30
113,75,68,30,65,25,40,35,55,80,45,60,70,70,85,20,15,50,100,75,75,40,50,0,90,10,0,0,0,95,30,60,45,35,20
114,75,85,20,60,20,45,30,70,55,65,40,80,60,75,10,10,50,100,90,95,30,50,30,70,60,20,10,20,80,30,10,10,40,20
115,75,68,40,70,35,90,30,60,55,50,55,65,70,20,30,10,40,100,80,45,35,50,0,0,0,0,0,0,100,30,30,55,20,25
116,75,65,40,70,70,5,30,60,55,50,35,65,80,10,20,10,50,60,70,25,40,50,90,5,5,5,5,5,90,30,10,60,30,20
117,75,65,45,70,40,85,30,60,70,55,50,65,80,20,35,10,40,60,75,30,50,45,0,0,0,0,0,0,95,30,20,60,25,10
118,75,60,40,70,40,50,30,65,55,50,45,60,80,0,20,10,60,100,70,30,35,50,0,80,20,0,0,90,10,30,30,55,20,10
119,75,80,30,65,30,95,40,70,85,60,70,75,80,90,20,10,50,100,80,85,40,50,30,70,85,20,10,10,70,50,30,60,35,40
120,70,65,40,60,25,30,35,55,30,45,35,50,80,10,20,10,30,0,85,55,40,35,0,0,0,0,0,0,95,30,25,45,30,20
121,70,65,30,60,25,85,35,75,70,50,55,45,60,40,10,20,40,100,65,75,30,50,0,0,0,0,0,0,100,30,20,40,10,35
122,75,68,45,70,30,95,35,60,25,55,40,70,80,10,30,10,40,100,85,50,35,50,0,0,0,0,0,0,100,30,20,60,35,50
123,75,65,40,70,70,85,30,60,35,50,45,70,80,60,20,10,50,50,75,30,55,60,0,0,0,0,0,0,95,40,30,65,45,35
124,75,65,40,70,30,95,35,60,45,55,50,70,65,85,25,15,45,75,80,50,40,60,0,0,0,0,0,0,100,30,70,55,35,60
125,75,60,65,70,70,50,40,60,30,50,40,70,85,0,30,0,60,50,80,20,60,50,80,10,10,0,0,0,10,30,0,70,30,20
126,70,65,55,60,50,95,40,75,80,60,50,70,85,0,30,10,70,20,40,20,30,40,0,90,10,0,0,0,95,50,0,60,30,80
127,75,85,30,60,20,40,35,70,80,65,55,75,60,85,20,10,50,30,85,90,40,50,10,10,10,10,10,10,90,50,10,30,40,50
128,75,90,30,60,30,85,40,65,95,50,70,80,85,90,20,10,60,50,75,85,55,50,10,10,90,10,10,10,85,30,30,60,20,40
129,85,90,20,65,25,45,30,70,95,80,75,85,60,70,10,10,55,40,80,95,30,50,20,80,70,30,20,30,70,50,10,10,30,20
130,70,60,40,65,55,95,30,75,45,60,50,55,70,0,20,10,60,50,80,25,40,50,0,0,0,0,0,0,100,30,0,55,10,85
131,70,80,30,60,25,85,40,75,90,65,70,85,55,90,20,10,40,70,50,85,30,50,0,0,0,0,0,0,95,50,30,40,20,80
132,75,65,45,60,60,95,30,70,55,60,50,70,80,10,20,10,40,60,70,30,40,30,0,0,0,0,0,0,100,50,0,60,30,40
133,75,80,30,65,25,95,35,70,85,60,55,75,80,90,15,10,40,50,70,85,45,50,0,0,0,0,0,0,100,50,30,60,40,65
134,75,60,65,70,40,95,45,60,30,50,40,70,85,10,35,10,65,80,80,30,55,50,10,85,30,10,10,10,85,30,10,70,35,40
135,75,65,40,60,40,90,30,70,70,50,55,60,70,20,30,10,40,50,60,30,40,50,0,0,0,0,0,0,100,30,10,50,20,30
136,75,85,30,60,25,45,40,70,90,65,75,60,70,85,20,10,50,75,80,95,35,50,10,10,10,10,10,10,85,55,10,30,20,40
137,75,80,30,65,25,85,40,70,85,60,70,80,75,20,15,10,60,80,85,85,40,50,10,85,30,10,10,10,80,50,30,55,30,40
138,75,65,55,70,40,95,30,60,70,50,55,65,85,10,30,10,30,60,80,35,60,40,0,0,0,0,0,0,100,30,10,70,20,20
139,75,65,40,70,30,95,45,60,35,55,40,65,80,20,25,10,50,85,55,70,50,60,0,0,0,0,0,0,100,30,50,45,35,20
140,75,65,40,70,40,85,30,60,70,55,50,65,80,0,20,10,50,100,75,30,45,55,0,0,90,0,0,0,95,30,10,60,35,20
141,75,80,40,65,35,55,45,70,85,60,70,75,85,30,20,10,50,85,70,65,50,55,10,10,85,10,10,10,85,50,30,60,35,40
142,75,80,40,65,35,10,30,70,85,60,55,75,85,90,20,10,40,20,70,70,40,50,0,0,0,0,0,0,95,50,30,60,30,50
143,75,80,40,65,45,10,30,60,90,70,75,65,85,20,10,15,40,50,80,70,30,50,0,0,0,0,0,0,95,50,30,55,20,35
144,75,60,40,70,45,90,30,65,55,50,45,60,70,10,20,15,30,30,80,35,40,50,0,0,0,0,0,0,95,50,30,55,25,35
145,70,85,40,65,35,90,45,60,80,50,70,85,75,20,30,10,60,100,55,50,40,50,0,0,0,0,0,0,100,30,30,50,20,30
146,75,65,45,60,40,95,30,55,50,40,55,60,70,0,30,10,50,100,70,30,40,50,0,0,0,0,0,0,100,30,0,55,20,60
147,75,60,45,70,70,95,30,65,40,55,35,50,80,10,20,10,60,50,85,25,40,50,0,0,0,0,0,0,100,30,10,60,35,20
148,75,68,40,65,45,95,30,70,75,60,55,65,80,10,30,10,60,50,70,40,50,55,5,5,5,5,5,5,90,30,10,60,30,85
149,75,60,40,70,85,95,45,65,30,55,35,60,80,10,20,10,60,85,70,20,40,50,10,10,85,10,10,10,85,30,10,50,30,20
150,75,85,40,65,30,10,35,60,90,55,70,80,70,20,15,10,50,100,85,75,40,50,10,85,20,10,10,10,85,30,30,55,20,60
151,75,65,40,60,55,95,30,70,70,60,50,55,80,10,20,10,60,50,70,30,40,30,0,0,0,0,0,0,95,40,10,50,20,60
152,85,90,20,60,10,40,30,75,95,80,70,85,70,10,10,10,40,30,90,95,50,50,10,10,10,10,10,10,90,50,10,30,30,40
153,75,80,30,70,40,10,30,60,85,50,65,70,80,90,20,10,40,100,75,70,30,50,0,0,0,0,0,0,100,30,0,50,20,10
154,75,65,40,70,55,90,30,60,70,50,55,65,80,20,30,10,40,80,75,35,45,50,0,0,0,0,0,0,100,30,20,60,25,35
155,75,85,30,65,30,95,40,70,80,60,55,75,90,90,20,10,40,70,85,80,50,45,5,5,5,5,5,5,90,60,30,65,35,40
156,75,65,40,70,45,85,35,60,70,55,50,65,80,20,30,10,60,75,85,45,30,50,0,0,0,0,0,0,95,50,10,60,35,40
157,75,85,20,60,10,40,30,80,90,70,65,75,85,20,10,15,40,20,70,95,30,50,0,0,0,0,0,0,100,50,0,0,30,20
158,75,60,30,70,45,10,35,65,70,55,40,50,80,70,10,20,40,60,50,55,30,50,0,0,0,0,0,0,95,30,20,40,10,20
159,75,68,45,60,35,90,30,70,75,55,65,70,50,10,25,10,50,100,80,40,30,40,0,0,0,0,0,0,100,30,0,50,20,85
160,70,60,55,65,75,95,40,80,30,65,45,75,70,0,20,10,60,0,85,25,35,50,0,85,10,10,10,10,90,50,10,60,30,40
161,75,85,30,60,30,95,40,70,90,65,75,80,60,90,20,10,50,50,80,85,40,50,0,0,0,0,0,0,100,50,30,40,20,70
162,75,65,40,70,35,95,30,60,45,55,50,65,80,20,30,10,40,50,85,35,50,45,5,5,5,5,5,5,90,50,10,60,30,40
163,75,60,65,80,70,100,40,70,30,50,40,85,90,0,20,10,60,50,85,20,50,60,0,90,30,0,0,0,30,30,0,60,30,20
164,70,65,30,55,20,45,35,80,40,75,35,60,50,85,25,10,40,55,85,90,50,50,10,10,10,10,10,10,90,50,10,30,30,40
165,75,80,40,65,45,10,30,70,90,60,75,85,80,90,20,10,40,85,60,70,50,55,90,5,10,5,5,5,90,30,10,60,30,40
166,75,80,30,65,25,35,40,60,85,55,70,75,65,10,20,10,50,85,70,80,30,50,0,0,0,0,0,0,95,40,40,35,20,80
167,75,60,45,80,60,10,30,70,35,50,40,65,90,20,25,10,40,50,85,20,70,60,0,0,0,0,0,0,100,30,0,75,30,20
168,75,85,30,65,30,10,35,70,90,60,75,80,85,80,20,10,40,95,70,85,50,55,95,0,0,0,0,0,5,40,30,60,35,20
169,65,70,40,60,45,85,35,75,55,60,50,70,80,70,30,10,40,50,65,55,30,50,10,10,20,10,10,10,90,40,30,55,20,60
170,78,68,45,60,45,10,30,70,85,65,55,75,80,60,20,10,65,100,70,50,35,50,10,20,85,10,10,30,60,40,10,55,30,20
171,70,65,30,60,40,40,40,75,80,60,50,70,85,20,30,10,50,100,50,75,30,50,90,0,0,0,0,0,95,50,30,40,20,30
172,70,65,30,55,25,40,35,75,60,50,45,65,80,10,20,10,50,100,85,75,30,40,10,80,70,10,10,10,85,30,10,20,10,60
173,75,65,30,80,40,45,40,60,70,55,45,65,85,10,20,30,60,100,75,55,35,50,95,5,5,5,5,5,30,40,30,45,20,10
174,75,85,20,60,10,40,30,70,80,65,50,75,80,90,10,10,50,70,85,95,30,50,80,10,20,10,10,10,90,50,10,10,30,60
175,65,70,75,60,30,10,30,40,20,35,25,80,70,85,45,10,30,30,90,55,40,35,0,0,0,0,0,0,100,20,25,50,10,30
176,75,85,30,65,35,10,40,70,90,60,75,80,90,95,20,10,45,100,85,80,50,60,95,5,5,5,5,5,85,50,30,60,40,30
177,75,65,50,70,40,95,30,60,45,55,40,70,80,20,30,10,60,50,85,30,50,55,0,0,0,0,0,0,100,35,20,60,40,50
178,70,75,40,60,25,85,30,65,80,55,60,70,85,10,20,10,60,100,90,85,40,50,10,80,70,30,20,30,70,40,30,50,20,30
179,75,65,40,60,35,10,30,70,45,50,40,80,85,0,20,10,100,100,70,55,30,50,0,0,0,0,0,100,0,30,0,55,35,20
180,65,70,45,75,30,10,30,60,25,50,40,80,70,0,35,10,40,100,90,60,30,50,0,0,0,0,0,0,100,30,70,50,20,30
181,75,80,40,65,40,10,30,60,90,55,70,75,85,30,10,10,40,100,80,65,30,50,0,0,0,0,0,0,100,50,30,55,20,40
182,70,65,45,60,30,95,35,55,40,45,30,75,60,80,50,10,40,30,75,35,20,50,10,85,15,5,5,5,85,30,20,40,30,60
183,70,65,45,60,25,85,30,55,35,40,30,75,80,10,50,10,50,100,70,55,30,40,10,80,70,10,10,10,80,30,30,40,20,20
184,78,82,45,68,35,90,40,60,92,55,75,85,88,20,15,5,65,100,70,75,40,50,85,10,70,10,10,10,20,30,10,65,30,20
185,75,65,40,60,30,85,35,55,50,45,55,60,70,75,20,10,60,70,80,55,40,50,20,10,85,10,10,10,80,30,35,45,25,35
186,75,65,40,70,30,95,35,60,55,50,50,65,85,20,30,15,30,60,75,55,40,50,0,0,0,0,0,0,100,45,30,60,25,35
187,75,80,40,60,30,95,45,70,85,65,70,75,80,0,30,10,60,100,70,50,55,50,0,85,60,30,20,30,70,50,30,65,40,75
188,75,85,30,65,25,10,35,60,70,55,45,75,80,85,15,5,40,70,80,85,40,50,90,5,5,5,5,5,90,30,10,50,30,40
189,75,65,40,70,70,95,45,60,85,55,60,50,70,30,20,10,40,40,80,35,30,50,0,0,0,0,0,0,100,40,10,55,20,30
190,75,65,40,60,45,90,30,70,80,55,60,50,85,10,20,10,60,60,70,30,40,50,0,0,0,0,0,0,100,30,10,65,20,30
191,75,85,40,65,40,10,30,70,90,60,75,80,90,20,10,5,50,50,85,70,50,60,0,0,0,0,0,0,100,50,30,65,30,40
192,75,65,40,70,45,85,35,60,80,55,60,50,85,20,30,25,65,60,70,45,50,55,0,0,0,0,0,0,95,30,10,60,35,20
193,70,65,40,60,55,30,45,50,55,40,35,60,75,80,20,10,50,70,65,45,30,50,0,0,0,0,0,0,100,30,50,40,20,30
194,85,90,20,65,10,40,30,75,95,60,70,80,50,30,10,10,60,100,80,95,20,50,95,5,5,5,5,5,5,30,5,20,30,70
195,75,68,40,60,30,90,35,70,85,65,70,55,80,20,30,10,40,50,75,50,45,55,0,0,0,0,0,0,95,50,20,60,30,40
196,65,58,45,50,35,95,30,70,25,60,35,75,80,10,20,10,65,20,70,30,40,50,0,85,90,10,10,10,80,30,10,40,20,30
197,75,60,40,80,55,95,45,70,30,65,45,55,70,30,20,35,40,85,65,25,50,60,10,10,10,10,10,10,85,50,30,55,20,30
198,75,85,30,60,45,95,40,70,90,65,75,80,85,80,20,10,50,30,70,75,50,55,0,0,0,0,0,0,100,50,30,60,40,50
199,70,85,30,65,30,95,40,75,90,60,70,80,85,20,10,15,50,100,80,90,40,50,0,0,0,0,0,0,100,50,30,60,20,30
200,65,50,40,55,70,95,30,20,35,45,30,80,25,70,15,10,60,50,60,20,10,30,0,0,0,0,0,0,100,30,0,20,10,75
201,75,65,40,60,55,95,30,70,70,60,50,65,80,0,20,10,60,100,75,30,40,50,80,10,10,10,10,10,20,30,10,50,30,20
202,75,80,30,65,40,10,35,70,85,60,55,75,80,20,15,10,40,60,70,75,45,50,0,0,0,0,0,0,95,50,30,60,35,40
203,75,68,55,60,30,95,40,70,45,50,55,65,70,20,35,10,55,75,80,30,40,35,5,10,5,5,5,10,85,40,10,60,20,45
204,65,70,35,60,25,45,30,55,40,45,50,75,60,85,20,30,40,80,70,65,40,55,10,10,10,10,10,10,85,30,60,35,20,40
205,75,65,40,70,35,55,45,60,80,50,60,70,85,10,20,10,50,100,85,55,30,50,0,90,10,0,0,0,95,30,30,60,20,40
206,75,85,40,65,45,95,30,70,90,60,75,80,85,65,20,10,50,60,80,70,55,50,0,0,0,0,0,0,100,50,30,60,40,35
207,75,80,30,65,30,10,30,70,45,60,50,75,85,80,20,10,40,60,85,70,50,55,0,0,0,0,0,0,95,50,30,60,40,70
208,65,70,40,55,45,50,30,60,80,55,65,75,45,30,25,10,55,35,70,50,35,50,90,5,5,5,5,5,90,40,20,45,30,85
209,75,80,30,65,25,40,35,70,75,60,55,65,85,90,15,10,45,55,80,85,40,50,60,10,10,10,10,10,85,50,30,55,35,40
210,75,65,40,60,30,95,35,70,70,55,60,50,65,10,25,10,40,80,75,30,40,50,0,0,0,0,0,0,100,30,20,55,10,80
211,75,85,40,65,35,10,30,70,80,60,70,85,90,80,20,10,60,75,85,75,40,50,10,85,30,10,10,10,80,50,30,60,30,40
212,75,65,40,70,45,85,35,60,55,50,55,70,65,75,25,10,40,60,80,35,40,50,0,0,0,0,0,0,95,30,30,55,20,85
213,75,85,30,65,35,95,40,70,90,60,75,80,85,95,20,10,55,95,70,80,45,60,10,10,90,10,10,10,85,50,30,65,35,40
214,75,80,30,65,25,95,40,70,85,60,55,75,60,80,20,10,40,20,70,90,30,50,0,0,0,0,0,0,100,50,0,30,20,40
215,75,68,40,55,35,85,60,70,80,65,70,60,50,20,30,10,40,90,75,50,30,40,0,0,0,0,0,0,100,30,20,45,10,30
216,65,82,30,55,35,10,30,40,90,60,75,85,70,90,20,15,30,65,80,85,45,50,0,0,0,0,0,0,95,55,30,40,25,35
217,75,80,30,65,25,95,40,70,90,60,75,85,65,80,15,20,40,50,85,85,45,55,0,0,0,0,0,0,100,50,30,55,35,70
218,75,85,20,60,15,40,30,80,90,70,65,75,85,10,10,20,40,30,90,95,50,50,10,10,10,10,10,10,90,50,10,30,30,20
219,75,85,30,65,35,10,30,70,80,60,70,75,85,90,20,10,40,60,75,80,50,50,0,0,0,0,0,0,95,50,30,60,40,50
220,65,70,45,75,30,10,35,50,20,40,30,80,60,70,15,10,40,100,90,60,30,50,0,0,0,0,0,0,100,20,80,55,30,20
221,75,85,30,60,30,40,45,70,95,65,80,85,70,85,20,10,60,100,75,90,35,50,80,10,75,10,10,10,20,50,30,40,25,30
222,75,80,40,65,30,90,35,70,45,60,50,85,90,95,20,10,40,95,70,75,55,60,10,10,10,10,10,10,90,50,30,65,40,30
223,75,60,40,70,60,10,30,65,50,55,40,65,80,70,20,10,40,70,60,45,30,50,0,0,0,0,0,0,95,30,20,45,35,20
224,75,85,40,65,30,10,30,70,55,60,50,80,90,85,20,10,30,40,70,75,50,40,0,0,0,0,0,0,95,50,30,60,45,35
225,75,65,40,60,45,10,30,70,70,50,55,60,80,90,20,10,40,70,65,55,30,50,0,0,0,0,0,0,100,30,30,40,20,30
226,75,85,20,65,10,40,30,70,60,55,45,75,60,80,15,10,30,40,85,90,35,45,10,10,10,10,10,10,90,50,10,20,30,40
227,75,68,40,65,35,30,30,55,70,45,50,60,80,70,20,10,40,85,75,55,35,45,0,0,0,0,0,0,95,25,20,50,10,20
228,75,85,40,65,35,10,30,70,90,60,75,80,90,60,20,10,40,50,85,75,50,55,0,0,0,0,0,0,100,50,30,60,35,40
229,75,65,40,60,60,10,30,70,35,50,45,80,70,85,20,10,95,90,65,40,30,50,0,0,0,0,0,95,5,30,20,55,35,20
230,75,70,40,65,35,95,30,80,85,60,70,75,85,20,30,10,40,95,80,50,55,45,5,10,5,5,5,5,90,60,10,65,30,40
231,75,65,30,55,25,10,35,60,85,45,50,70,60,80,15,20,30,10,70,80,30,40,0,0,0,0,0,0,95,35,10,20,10,40
232,75,65,30,55,10,40,30,80,40,70,35,60,50,85,20,10,60,95,85,80,30,40,90,10,10,10,10,10,10,30,10,10,30,20
233,75,65,40,70,65,85,35,60,70,55,50,65,80,10,20,10,40,75,75,30,45,50,0,0,0,0,0,0,95,30,10,60,35,20
234,75,60,30,70,45,35,40,65,55,50,40,60,80,70,20,10,60,100,50,30,40,50,90,5,5,5,5,5,85,30,20,40,10,20
235,75,85,30,65,20,40,35,70,80,60,55,75,85,80,10,15,50,50,70,90,40,50,90,10,10,10,10,10,90,50,30,40,30,60
236,75,68,45,70,45,85,35,60,55,50,55,70,65,70,30,10,55,95,80,35,40,50,0,0,0,0,0,0,100,30,20,60,25,40
237,75,80,40,65,35,10,30,60,90,70,75,65,85,10,20,15,40,85,80,70,50,60,0,0,0,0,0,0,100,50,30,55,35,45
238,75,68,40,65,55,10,30,70,85,60,50,55,80,90,20,10,40,50,70,55,30,45,10,10,30,10,10,10,85,30,10,50,20,30
239,75,80,30,65,35,10,30,70,85,60,55,75,85,70,20,10,40,50,70,75,40,50,0,0,0,0,0,0,95,50,30,60,35,40
240,70,65,40,60,35,85,45,75,55,60,50,70,80,10,30,10,65,85,75,45,50,55,10,20,80,10,10,90,10,50,30,60,35,40
241,75,68,40,65,55,10,30,70,80,60,55,75,85,90,20,10,40,50,70,55,30,50,0,0,0,0,0,0,100,40,30,50,20,30
242,75,68,40,65,55,10,30,70,85,60,70,55,80,75,20,10,40,60,70,50,30,50,0,0,0,0,0,0,95,40,20,45,30,80
243,75,85,20,60,10,40,30,70,90,65,75,80,85,80,10,15,50,100,85,95,50,50,30,60,70,30,20,20,70,50,10,30,40,30
244,75,85,30,60,30,95,40,70,90,65,80,85,70,60,20,10,50,80,75,80,40,50,10,10,85,10,10,10,85,50,30,60,30,70
245,75,80,30,65,30,95,40,70,85,60,70,75,80,85,20,10,40,50,70,80,50,60,0,0,0,0,0,0,100,50,30,55,35,40
246,75,65,30,80,30,40,35,60,70,50,45,65,85,20,10,15,40,100,75,70,30,50,90,5,5,5,5,5,60,30,20,40,20,10
247,75,85,30,65,30,10,35,70,90,60,55,75,80,90,10,5,40,95,70,80,40,50,95,5,5,5,5,5,90,60,20,65,30,40
248,75,80,40,65,35,95,30,70,90,60,75,85,80,10,20,10,40,50,70,60,50,55,0,0,0,0,0,0,100,50,0,60,30,70
249,75,85,30,60,30,10,35,70,90,65,75,80,85,95,15,20,45,40,70,85,50,55,0,0,0,0,0,0,95,60,30,65,40,70
250,75,85,30,60,30,95,40,70,90,65,80,75,85,60,20,10,50,70,80,85,40,55,10,10,80,10,10,10,85,50,30,60,30,70
251,75,68,30,65,25,35,30,55,85,45,60,70,50,80,20,15,40,55,70,75,35,45,5,5,5,5,5,5,90,30,40,50,20,60
252,75,85,30,65,25,40,35,70,80,60,55,75,85,90,15,10,45,55,70,90,40,50,10,10,10,10,10,10,90,50,10,30,20,35
253,75,60,40,70,70,50,30,65,55,60,45,50,80,20,10,10,50,50,65,20,30,50,0,0,0,0,0,0,95,30,10,40,20,30
254,75,80,40,70,55,50,30,60,85,70,65,80,75,85,20,30,40,50,60,65,50,60,0,0,0,0,0,0,100,40,70,55,30,20
255,75,80,40,65,25,85,30,70,50,60,55,75,85,10,30,10,50,100,90,70,40,50,95,5,5,5,5,5,45,30,10,60,30,40
256,70,85,30,65,25,35,40,75,90,60,80,70,50,85,20,10,40,60,75,80,30,50,0,0,0,0,0,0,95,50,20,40,10,85
257,85,90,20,75,20,40,30,80,85,70,60,85,75,10,10,10,50,100,95,95,30,50,30,70,60,20,10,30,70,50,10,10,30,20
258,75,65,30,70,35,10,40,60,80,55,50,45,70,85,20,30,30,60,65,75,40,50,0,0,0,0,0,0,95,30,20,45,35,25
259,75,85,30,65,30,95,35,70,60,55,45,80,90,85,20,10,40,60,75,85,50,55,95,5,5,5,5,5,90,40,30,60,45,35
260,75,85,30,60,35,45,40,70,90,65,75,80,85,20,15,5,60,100,70,80,40,50,10,10,90,10,10,10,80,50,30,60,35,40
261,75,85,30,65,25,15,40,70,90,60,75,80,85,95,20,10,60,50,80,90,40,50,0,0,0,0,0,0,100,50,0,30,40,70
262,70,65,30,55,20,85,35,75,45,60,40,50,70,10,25,15,40,60,80,85,30,45,5,10,15,5,5,10,85,35,10,20,15,30
263,75,85,30,65,25,40,35,70,90,60,75,80,85,10,15,5,55,100,80,90,40,50,95,5,5,5,5,5,40,30,20,55,35,45
264,75,85,30,65,25,40,35,70,90,60,75,80,85,80,15,10,45,55,70,95,50,55,0,0,0,0,0,0,100,50,0,30,20,40
265,75,65,30,80,25,40,35,60,55,50,45,70,85,90,20,30,40,100,70,60,40,50,95,5,5,5,5,5,90,30,30,40,20,20
266,75,80,30,60,25,10,35,70,90,65,75,85,40,10,20,15,30,50,80,85,40,50,0,0,0,0,0,0,100,50,30,55,25,70
267,70,65,30,55,25,40,35,75,85,60,50,65,45,15,20,10,40,50,70,80,30,40,0,0,0,0,0,0,95,50,0,20,10,30
268,70,65,40,60,35,10,30,50,20,30,25,75,80,90,10,5,40,100,85,45,30,50,0,0,0,0,0,0,100,20,30,40,10,20
269,75,68,30,65,25,10,35,70,85,60,55,45,70,80,15,20,40,50,55,75,30,40,0,0,0,0,0,0,95,50,10,35,10,40
270,65,70,45,60,25,95,30,75,55,60,50,70,80,10,30,10,30,30,75,65,40,50,0,0,0,0,0,0,100,50,20,55,35,85
271,75,85,40,65,35,10,30,70,90,60,75,80,90,95,20,10,40,10,85,80,60,50,0,0,0,0,0,0,100,50,0,70,30,40
272,65,50,70,60,85,95,40,75,65,55,50,70,60,0,30,10,60,50,80,20,40,30,0,0,0,0,0,0,100,30,0,50,20,40
273,75,80,30,70,30,10,40,60,90,65,75,85,80,90,20,35,40,50,60,85,50,60,0,0,0,0,0,0,100,50,30,40,20,30
274,75,60,40,70,50,50,30,65,55,45,35,50,80,0,20,10,50,100,60,20,30,40,90,10,10,10,10,10,90,30,10,50,20,30
275,70,65,30,55,35,40,45,60,85,50,70,75,65,20,15,10,60,10,75,60,30,50,85,10,10,10,10,10,10,30,30,40,20,20
276,75,60,40,85,30,50,30,65,45,55,40,70,90,10,20,35,40,80,80,50,60,70,10,10,10,10,10,10,90,30,30,70,20,10
277,75,68,45,70,30,95,35,60,55,50,40,65,85,20,30,10,40,70,80,55,45,50,0,0,0,0,0,0,95,30,20,60,35,25
278,75,60,40,70,55,30,45,65,50,55,45,60,70,80,20,10,40,50,75,35,50,60,0,0,0,0,0,0,95,30,50,55,30,70
279,70,65,60,75,45,95,30,80,40,60,50,70,55,10,30,10,60,90,85,20,50,40,0,0,0,0,0,0,100,30,0,65,35,50
280,75,80,40,65,45,85,30,70,90,60,75,85,90,20,10,5,40,60,80,70,50,60,0,0,0,0,0,0,95,50,10,70,30,40
281,75,85,40,65,30,90,45,60,55,50,55,70,80,85,30,10,55,100,70,75,50,55,95,5,10,5,5,5,90,40,30,60,45,35
282,65,70,45,60,35,10,30,55,25,40,35,60,80,10,20,10,40,50,75,55,30,50,0,0,0,0,0,0,95,30,40,55,20,10
283,75,60,45,80,65,95,30,70,40,55,35,65,85,10,20,10,60,65,75,25,50,40,0,0,0,0,0,0,100,30,10,70,35,10
284,70,65,30,55,25,40,35,60,85,50,60,75,45,10,20,10,40,100,80,75,30,50,0,0,0,0,0,0,100,30,30,40,20,30
285,70,85,30,65,25,10,30,75,40,60,45,80,70,90,20,10,30,10,50,90,55,40,0,0,0,0,0,0,100,50,30,55,45,35
286,75,80,30,60,25,95,40,70,90,65,75,60,85,10,20,10,40,100,80,85,30,50,0,0,0,0,0,0,100,50,0,40,30,60
287,65,45,50,60,60,90,40,70,30,55,35,65,75,20,40,10,50,50,70,20,30,40,0,0,0,0,0,0,100,30,0,55,30,20
288,75,80,40,70,30,95,35,60,85,55,65,70,85,10,25,10,50,100,80,65,45,50,0,90,10,0,0,0,95,30,0,70,35,20
289,75,80,30,65,30,40,40,70,85,60,70,80,65,75,20,10,60,100,70,75,40,50,30,70,60,30,20,20,70,50,30,55,35,60
290,75,60,45,70,65,90,40,65,35,55,40,50,80,10,20,10,60,10,75,25,30,50,0,0,0,0,0,0,95,30,10,55,35,45
291,75,65,40,70,35,85,45,60,80,55,65,70,50,90,30,20,40,60,75,55,40,50,0,0,0,0,0,0,100,30,30,50,20,60
292,75,68,40,65,45,10,30,70,85,60,70,55,80,20,15,10,30,60,75,50,40,55,0,0,0,0,0,0,95,35,20,60,30,50
293,75,65,40,60,45,95,30,70,80,50,55,65,75,10,20,10,50,85,85,30,40,35,0,0,0,0,0,0,100,30,10,55,20,30
294,65,78,40,55,35,10,30,20,85,45,60,90,80,95,25,15,40,100,70,80,30,45,90,5,5,5,5,5,95,30,20,40,10,20
295,75,68,40,65,35,85,45,70,80,60,70,55,85,20,30,15,60,75,70,50,40,50,0,0,0,0,0,0,95,50,20,60,30,40
296,78,82,45,68,35,92,40,60,90,55,70,75,85,15,30,10,45,95,70,65,50,55,95,5,5,5,5,5,45,30,10,60,35,40
297,75,85,30,65,25,40,35,60,90,55,70,80,70,15,10,20,45,100,85,80,40,50,10,10,30,10,10,10,85,50,60,55,30,40
298,75,80,30,65,20,40,45,70,60,55,40,65,70,90,10,10,50,100,50,90,30,50,95,5,5,5,5,5,45,30,10,20,30,20
299,65,50,40,60,50,30,40,70,30,50,30,60,70,80,20,10,50,50,70,30,30,50,0,0,90,0,0,0,90,30,0,40,20,10
300,75,65,40,60,60,85,30,70,55,50,50,65,80,20,10,10,60,50,70,20,30,40,0,0,0,0,0,0,95,30,10,50,10,20
301,75,80,40,60,30,95,35,70,90,65,75,85,70,10,20,10,40,100,85,60,45,50,0,90,10,10,10,10,90,50,10,65,30,70
302,75,65,40,70,60,30,45,60,55,50,45,65,80,20,15,10,40,70,75,30,35,50,0,0,0,0,0,0,95,40,20,60,30,50
303,75,85,30,65,30,10,35,70,90,60,75,80,85,40,20,10,40,60,70,85,50,55,90,5,5,5,5,5,90,60,30,65,40,35
304,85,70,40,75,70,10,30,60,80,65,55,50,85,75,20,10,40,60,70,55,30,50,0,0,0,0,0,0,95,40,0,60,30,20
305,65,80,30,55,25,10,35,15,70,40,50,85,90,10,20,10,40,80,75,85,30,45,85,5,5,5,5,5,90,30,20,40,25,10
306,75,65,40,70,35,95,45,60,70,55,50,80,65,70,30,20,60,90,85,45,35,50,10,85,20,10,10,10,85,40,30,55,25,30
307,75,85,30,60,25,90,40,70,80,65,70,85,90,95,15,5,50,80,85,90,60,50,85,10,75,10,10,10,70,50,10,40,30,40
308,75,80,30,60,35,40,45,65,90,55,70,85,70,10,20,10,60,0,85,75,30,50,0,0,90,0,0,0,90,40,50,60,30,20
309,75,60,40,70,85,95,45,65,35,55,40,60,70,20,15,10,50,100,80,20,30,50,0,0,0,0,0,0,100,30,0,55,35,70
310,85,65,70,80,90,100,40,75,30,60,45,85,90,0,20,10,85,70,75,25,60,55,0,0,0,0,0,95,5,30,0,70,40,10
311,75,65,30,80,40,10,35,60,70,55,45,65,70,85,20,30,40,60,55,50,35,50,0,0,0,0,0,0,95,40,30,45,25,10
312,75,85,30,65,25,40,35,70,90,60,75,80,85,60,20,10,45,100,80,90,50,60,95,5,5,5,5,5,45,50,30,55,35,20
313,75,80,60,70,40,95,30,65,85,55,70,75,80,20,30,10,60,85,75,50,40,50,0,0,0,0,0,0,95,30,20,60,10,30
314,75,65,40,70,40,95,30,60,50,45,55,65,85,10,20,10,40,95,70,30,60,55,0,0,0,0,0,0,95,30,10,70,30,20
315,75,80,40,65,35,95,30,70,85,60,55,75,90,20,35,10,45,60,80,50,40,50,0,0,0,0,0,0,100,30,20,60,30,20
316,75,85,30,60,35,90,40,70,90,65,75,80,85,90,20,10,60,70,80,85,50,55,10,30,85,20,10,20,75,50,30,60,40,50
317,75,85,30,65,25,45,35,70,60,55,50,80,40,15,20,10,55,50,85,90,30,50,10,85,30,10,10,10,85,40,10,20,30,70
318,75,68,40,65,45,30,40,70,55,60,50,75,85,90,20,10,60,100,70,55,45,50,95,5,5,5,5,5,85,30,20,60,35,40
319,75,85,20,60,15,45,30,80,55,70,40,65,85,10,30,10,50,90,90,95,30,50,30,70,60,20,10,20,80,40,10,20,30,10
320,75,80,30,65,25,40,45,70,85,60,55,75,65,80,10,15,50,100,70,85,30,50,90,10,10,10,10,10,85,50,30,40,35,20
321,85,60,70,90,95,100,40,75,30,65,40,80,95,10,20,10,60,100,85,20,80,70,0,0,0,0,0,0,100,50,0,75,60,30
322,65,70,45,55,35,85,40,20,30,15,25,80,60,0,10,10,50,0,75,35,10,30,0,0,90,85,95,0,10,10,0,20,10,40
323,75,68,45,60,55,95,40,70,85,65,70,60,80,10,20,10,50,75,70,30,40,50,10,30,85,10,10,10,80,50,10,60,30,40
324,75,80,30,60,45,40,40,65,90,70,75,85,80,20,10,10,50,50,70,65,30,50,0,0,0,0,0,0,100,50,0,60,30,85
325,75,85,30,65,25,90,35,70,90,60,75,80,85,95,15,10,45,100,70,85,50,55,95,5,5,5,5,5,45,60,30,65,40,50
326,75,60,40,80,60,90,30,70,55,65,45,50,85,20,10,15,30,70,75,25,40,55,0,0,0,0,0,0,100,35,10,60,20,30
327,70,65,30,60,20,40,35,75,50,60,45,55,80,85,10,15,50,60,85,80,30,40,10,10,10,10,10,10,90,30,20,25,35,40
328,65,50,70,60,60,90,40,75,30,55,45,65,55,10,35,10,50,20,80,20,30,40,0,0,0,0,0,0,100,40,10,55,30,85
329,75,85,30,60,20,40,35,80,90,70,65,75,55,85,15,20,50,30,70,95,50,40,10,10,10,10,10,10,90,50,10,30,35,60
330,75,80,40,65,40,10,30,70,90,60,75,85,90,20,10,10,40,50,80,70,30,50,0,0,0,0,0,0,100,50,30,60,20,40
331,70,65,30,60,30,10,30,75,40,60,35,55,80,20,10,25,40,50,20,70,40,50,0,0,0,0,0,0,100,50,30,40,20,30
332,70,65,30,55,25,85,40,75,80,60,50,65,55,90,10,15,45,70,75,85,30,50,0,0,0,0,0,0,95,50,30,40,20,35
333,75,68,45,70,35,95,30,60,85,55,65,50,80,10,20,10,30,60,75,40,50,45,0,0,0,0,0,0,95,30,10,65,20,30
334,75,80,40,65,35,10,45,70,85,60,70,75,80,90,20,10,50,75,65,85,50,55,30,20,85,10,10,10,70,50,30,60,40,70
335,75,68,40,65,35,90,30,70,75,60,55,50,60,20,30,10,40,50,70,45,35,50,0,0,0,0,0,0,95,40,10,55,30,70
336,75,85,20,60,15,40,30,80,95,70,85,80,65,10,10,10,30,30,90,95,50,50,10,10,10,10,10,10,90,50,10,30,30,50
337,75,65,40,60,55,95,35,70,85,60,55,75,80,20,30,10,65,60,70,35,45,50,0,0,0,0,0,0,95,50,10,65,30,45
338,75,68,45,70,35,90,30,60,40,50,55,65,70,10,20,10,40,80,85,35,50,55,0,0,0,0,0,0,95,30,20,60,10,25
339,65,70,40,60,30,10,20,50,30,40,30,75,80,85,20,10,30,30,80,65,40,50,0,0,0,0,0,0,95,30,50,40,30,20
340,85,70,40,80,95,100,30,65,75,55,50,60,85,0,20,10,40,100,70,30,45,50,0,0,0,0,0,0,100,35,0,60,55,25
341,75,60,40,65,70,85,45,55,50,60,45,55,70,10,30,10,30,20,70,20,30,40,0,0,0,0,0,0,95,30,10,50,30,40
342,65,58,30,70,35,45,30,60,40,50,45,65,55,10,20,30,50,80,70,35,40,50,10,70,20,10,10,10,80,30,30,40,20,20
343,75,85,20,60,10,30,30,80,90,70,60,85,70,40,10,10,50,100,90,95,30,50,95,5,5,5,5,5,40,30,10,10,30,20
344,75,85,20,60,15,45,30,70,80,65,50,75,55,30,10,15,50,50,90,95,30,40,60,30,20,10,10,10,80,30,10,20,30,20
345,75,80,40,65,35,95,30,70,90,50,75,60,85,10,20,10,55,85,70,55,40,30,10,85,70,10,10,10,85,30,10,65,20,30
346,75,85,30,60,30,10,30,70,90,65,75,80,85,90,20,10,40,50,70,85,40,50,0,0,0,0,0,0,95,50,30,60,30,50
347,75,80,40,65,30,95,45,70,85,60,70,75,80,10,20,10,60,100,80,55,40,50,30,70,30,20,10,20,70,50,30,60,30,40
348,75,80,40,65,35,95,45,70,90,60,85,75,85,0,20,10,85,100,70,65,50,55,0,0,0,0,0,95,5,40,0,70,30,35
349,75,60,40,70,50,85,45,65,70,55,50,60,80,20,30,10,60,60,75,30,40,50,0,0,0,0,0,0,95,30,10,60,20,30
350,75,65,30,60,35,10,45,55,70,40,35,60,80,0,20,10,30,0,50,55,20,40,0,0,0,0,0,0,95,30,0,25,10,10
351,75,80,40,65,25,30,35,60,70,50,60,85,45,10,20,10,40,90,75,70,30,50,0,0,0,0,0,0,100,50,60,40,30,80
352,85,60,70,80,75,100,40,65,30,50,45,75,90,0,20,10,70,85,80,25,60,55,0,0,0,0,0,90,10,30,0,70,40,10
353,70,85,20,60,10,45,30,80,40,75,35,65,85,20,15,10,40,50,90,95,70,50,10,10,10,10,10,10,90,50,10,30,40,20
354,75,85,40,65,30,90,45,70,80,60,55,75,85,90,30,10,50,100,70,80,50,40,95,5,10,5,5,5,90,30,20,60,40,30
355,75,80,40,65,25,30,35,70,85,60,70,80,65,85,45,20,40,60,90,75,50,55,0,0,0,0,0,0,100,50,30,60,40,35
356,70,65,40,60,30,45,40,75,55,60,50,70,80,10,20,10,60,100,85,75,30,50,30,20,70,10,10,80,10,50,30,40,20,30
357,75,85,30,65,20,40,35,70,45,60,35,80,85,75,25,10,50,50,90,95,55,40,10,80,30,10,10,10,90,30,10,20,60,20
358,75,85,30,80,25,10,40,60,90,55,70,85,90,90,20,10,60,60,75,80,40,50,30,70,85,20,10,20,70,50,30,60,30,20
359,70,85,30,65,20,40,35,75,50,60,45,55,80,70,25,10,40,30,85,90,50,55,10,10,10,10,10,10,90,30,10,20,35,40
360,75,80,40,65,35,95,45,70,85,60,70,80,75,90,20,10,40,75,65,70,30,50,0,0,0,0,0,0,100,50,30,40,20,30
361,85,65,40,75,55,90,30,70,80,60,50,55,90,10,20,10,30,50,70,30,60,50,0,0,0,0,0,0,95,40,10,70,30,20
362,75,60,40,65,45,85,40,70,55,60,50,75,65,30,25,10,60,100,70,35,45,50,90,10,10,10,10,10,85,50,10,60,30,70
363,65,70,40,60,45,90,30,75,55,60,50,70,80,10,30,10,60,100,50,30,40,50,90,0,0,0,0,0,10,30,0,50,20,80
364,75,65,40,70,45,90,30,60,85,55,70,65,80,20,30,15,40,50,75,50,45,60,0,0,0,0,0,0,100,35,10,55,20,30
365,75,80,30,70,25,85,40,60,90,55,65,70,80,90,15,20,40,100,85,85,45,60,30,20,10,5,5,10,90,50,30,65,35,70
366,75,65,40,70,45,85,30,60,85,55,65,70,75,20,30,15,50,100,80,45,35,50,0,0,0,0,0,0,100,50,20,40,30,25
367,75,85,30,65,30,10,40,70,90,60,70,80,85,70,20,10,40,80,75,90,50,60,95,5,5,5,5,5,85,50,30,60,40,30
368,75,80,30,65,30,10,35,70,90,60,75,85,80,20,10,15,40,50,85,85,40,50,0,0,0,0,0,0,100,50,0,60,30,70
369,70,85,30,60,25,10,30,75,90,65,70,80,75,90,20,10,30,10,40,85,50,40,0,0,0,0,0,0,95,50,10,30,20,80
370,85,78,60,70,45,95,30,65,90,55,75,80,90,10,20,5,60,50,85,40,60,45,5,5,5,5,5,5,95,30,10,80,35,25
371,75,85,30,60,30,95,40,70,90,65,75,80,60,90,20,10,40,30,50,85,50,55,0,0,0,0,0,0,100,50,30,40,20,70
372,78,82,45,65,35,90,40,70,90,60,75,80,85,10,30,10,60,80,70,55,50,40,10,85,90,10,10,10,80,50,10,65,30,40
373,75,85,30,65,25,45,40,70,90,60,75,80,85,95,15,5,60,65,70,85,50,55,10,30,75,20,10,40,55,50,30,45,20,65
374,70,85,30,60,30,95,40,75,90,65,70,80,85,90,20,10,50,60,75,85,50,55,0,0,0,0,0,0,100,50,30,40,35,45
375,85,70,40,65,60,95,30,75,80,60,70,55,80,10,20,10,40,50,75,30,40,50,0,0,0,0,0,0,100,30,0,60,30,50
376,65,70,45,55,30,90,40,60,50,55,50,75,80,70,35,10,60,100,40,65,30,50,85,10,10,10,10,10,85,40,20,35,25,55
377,85,78,60,70,45,95,30,65,90,55,75,80,90,10,20,5,85,80,85,60,50,60,5,5,10,5,5,95,5,30,10,70,40,30
378,75,65,30,60,25,35,40,70,70,55,50,60,65,80,20,10,40,50,75,70,30,50,0,0,0,0,0,0,95,40,30,45,20,60
379,75,80,30,65,30,10,30,70,85,60,70,65,80,90,20,10,40,90,75,70,40,50,0,0,0,0,0,0,100,50,30,55,30,40
380,70,85,30,65,25,95,40,75,80,60,55,85,90,85,35,10,50,100,75,90,45,50,95,5,5,5,5,5,90,60,30,65,40,30
381,75,60,40,70,90,85,45,65,50,70,35,55,80,10,20,10,60,10,65,30,40,50,0,0,0,0,0,0,95,50,0,60,35,25
382,70,65,30,55,35,95,30,40,80,20,60,75,45,85,15,25,40,100,70,50,30,50,0,0,0,0,0,0,100,10,60,20,10,40
383,75,68,40,60,35,95,30,70,85,65,70,55,80,10,20,10,40,50,75,45,30,50,0,0,0,0,0,0,95,50,10,60,30,40
384,75,80,40,65,55,10,30,70,90,60,75,65,85,20,10,5,40,50,80,70,30,50,0,0,0,0,0,0,100,50,0,60,30,20
385,85,75,40,65,85,30,45,60,90,70,65,75,80,20,10,5,60,50,70,55,40,50,90,5,5,5,5,5,85,30,10,60,35,20
386,70,60,55,65,45,95,30,75,30,50,40,65,80,10,20,10,60,85,85,25,50,50,0,80,70,0,0,0,90,30,0,55,30,20
387,75,60,40,70,45,30,40,65,55,50,45,60,70,80,20,10,50,80,65,45,30,50,90,10,10,10,10,10,90,30,20,50,30,20
388,75,85,30,65,35,10,30,70,90,60,75,80,85,80,20,10,40,60,70,85,40,50,0,0,0,0,0,0,100,50,30,60,30,40
389,70,85,40,65,30,95,35,75,25,60,45,80,85,90,15,5,60,100,75,70,50,55,10,85,90,5,5,10,10,30,30,40,20,25
390,65,80,30,55,35,95,40,20,75,45,60,85,70,80,15,10,50,100,65,70,30,40,10,85,20,10,10,10,80,30,20,40,25,35
391,65,78,40,55,30,20,35,15,85,45,60,90,70,85,25,10,40,80,65,80,30,50,70,10,10,10,10,10,85,35,40,20,10,75
392,70,65,40,60,30,95,35,75,50,60,55,70,80,20,30,10,60,100,85,55,40,50,95,5,5,5,5,5,35,40,30,50,20,30
393,70,65,30,55,25,85,35,75,45,60,40,50,70,10,20,30,40,50,35,75,45,50,0,0,0,0,0,0,95,55,30,40,25,30
394,75,65,40,60,55,10,30,70,80,60,50,55,70,20,10,10,30,50,70,40,30,40,0,0,0,0,0,0,95,30,10,40,10,20
395,70,65,30,60,25,10,30,75,40,50,35,60,80,90,10,10,30,80,70,75,30,50,95,5,5,5,5,5,90,40,30,40,20,20
396,65,58,40,60,30,35,30,70,25,50,35,75,60,80,20,10,40,90,70,45,30,50,0,0,0,0,0,0,100,30,70,40,20,50
397,75,85,20,60,10,30,30,70,90,65,55,80,70,40,10,10,50,30,80,95,30,50,90,10,10,10,10,10,50,30,10,10,30,20
398,75,80,30,65,25,90,40,70,85,60,55,75,80,85,15,10,50,100,70,85,30,50,0,90,10,10,10,10,90,50,30,40,30,20
399,75,65,30,60,40,10,35,70,85,60,50,55,80,85,10,5,40,90,70,55,30,50,95,5,5,5,5,5,85,40,10,30,20,20
400,75,85,30,60,30,0,30,70,90,65,75,80,85,80,20,10,40,20,70,85,50,55,0,0,0,0,0,0,100,50,30,40,35,60
401,75,60,45,70,65,90,30,65,50,40,35,55,80,10,20,10,50,30,70,20,40,50,0,0,0,0,0,0,100,30,0,60,10,20
402,70,65,40,60,35,95,30,55,20,45,35,75,80,85,15,10,40,50,75,30,50,45,0,0,0,0,0,0,100,25,10,30,10,20
403,75,65,40,70,60,10,30,60,80,50,45,55,85,0,20,10,60,100,70,30,40,50,90,0,0,0,0,0,10,30,0,55,20,10
404,75,85,30,65,30,95,40,70,90,60,75,80,70,90,20,10,50,50,80,85,40,50,0,0,0,0,0,0,100,50,30,60,30,70
405,75,65,40,60,45,95,30,70,55,60,50,55,80,10,20,10,40,50,70,30,35,40,0,0,0,0,0,0,95,50,10,65,30,40
406,75,85,20,60,10,30,30,70,90,65,70,60,50,90,10,10,40,30,75,95,30,40,0,0,0,0,0,0,95,50,0,0,30,20
407,75,65,40,70,60,10,30,60,35,50,45,70,80,70,20,10,40,50,85,45,30,55,0,0,0,0,0,0,95,30,20,50,35,40
408,75,80,30,65,40,90,45,70,90,60,75,85,80,30,20,10,50,75,85,70,55,60,95,5,10,5,5,5,90,50,30,65,40,70
409,70,85,30,65,25,90,40,75,80,60,55,70,85,80,35,10,40,50,75,85,50,60,10,10,10,10,10,10,90,55,30,45,35,65
410,75,85,40,65,35,85,45,70,90,60,80,75,70,60,30,10,50,50,85,70,55,50,0,0,0,0,0,0,100,40,20,65,30,50
411,75,65,40,70,40,95,30,60,70,55,50,65,80,10,20,10,60,90,85,45,30,50,0,0,0,0,0,0,100,50,30,60,20,70
412,75,68,40,65,45,95,35,70,85,60,70,55,80,10,20,10,65,100,75,30,40,50,0,90,85,0,0,0,10,30,0,55,20,10
413,75,85,30,65,30,95,40,70,80,60,70,75,85,80,20,10,60,100,75,80,50,55,10,85,30,10,10,10,85,50,30,60,40,30
414,65,82,40,70,30,95,35,60,45,55,40,85,75,80,30,10,45,85,90,75,50,55,10,10,10,10,10,10,90,30,30,50,35,20
415,75,65,30,60,30,30,40,50,70,55,50,60,80,20,10,10,50,50,70,65,30,50,0,0,0,0,0,0,100,50,50,40,30,30
416,75,65,30,70,25,10,35,60,85,55,65,45,70,90,15,20,30,85,65,75,40,50,0,0,0,0,0,0,100,30,35,45,20,35
417,75,60,40,70,35,5,30,65,55,50,45,60,80,0,20,10,50,100,70,30,40,50,90,0,0,0,0,0,10,30,0,50,20,0
418,75,85,30,65,25,40,45,70,90,60,75,80,85,95,15,10,55,50,70,90,50,55,10,10,10,10,10,10,90,65,30,40,35,45
419,70,65,30,55,10,40,30,75,20,60,25,50,80,10,15,10,30,30,85,80,30,40,0,0,0,0,0,0,95,30,0,0,30,20
420,75,80,40,65,30,85,45,70,90,60,75,85,90,10,20,10,60,100,80,70,50,55,95,5,10,5,5,5,30,40,10,65,30,45
421,75,65,40,70,45,10,30,60,80,55,50,65,85,70,20,15,40,50,85,55,30,50,0,0,0,0,0,0,95,40,30,55,25,10
422,70,65,40,60,30,10,30,75,45,60,50,70,80,70,20,10,40,70,85,55,30,50,0,0,0,0,0,0,100,50,30,40,20,30
423,75,60,40,70,60,30,40,65,50,55,45,60,80,20,10,15,50,50,70,30,40,50,0,0,0,0,0,0,95,30,20,55,35,25
424,85,70,30,75,80,10,40,65,90,70,55,60,80,20,10,10,30,0,60,50,30,50,0,0,0,0,0,0,100,40,0,50,30,20
425,75,85,20,60,25,40,30,80,90,70,75,65,85,80,10,15,40,50,85,95,30,40,10,10,10,10,10,10,90,50,10,20,30,40
426,75,65,40,70,55,30,45,60,70,50,55,65,80,20,10,10,50,70,85,40,30,50,0,0,0,0,0,0,95,30,20,60,30,40
427,70,65,40,60,85,30,35,50,30,45,25,75,80,10,15,10,40,90,75,20,30,50,0,0,0,0,0,0,100,30,20,40,35,20
428,85,70,40,75,70,30,40,60,80,55,50,65,85,20,10,5,40,50,70,35,30,50,0,0,0,0,0,0,95,45,10,60,20,30
429,75,85,30,60,25,45,35,70,90,65,75,80,55,85,15,10,60,75,80,95,40,50,10,85,30,20,10,20,75,50,10,30,40,60
430,75,85,30,60,20,40,35,70,90,65,75,60,55,85,15,20,50,75,80,95,40,50,0,0,0,0,0,0,100,50,0,30,35,40
431,75,85,30,60,25,40,45,70,95,65,80,75,85,10,20,10,55,85,70,90,35,50,85,10,10,10,10,10,85,50,10,40,30,60
432,75,85,30,60,25,40,45,70,80,65,55,75,85,70,20,10,50,50,75,90,50,50,90,10,10,10,10,10,90,50,30,40,30,30
433,75,80,40,65,40,50,30,60,85,55,70,75,80,90,20,10,60,100,70,65,45,55,30,20,70,30,10,85,10,50,30,60,35,40
434,85,90,40,70,30,85,45,65,95,75,80,85,90,10,20,10,60,100,85,75,50,55,10,10,10,10,10,90,10,50,30,70,30,40
435,75,80,30,60,40,10,30,65,90,55,70,85,50,80,20,10,50,10,70,75,30,50,0,0,0,0,0,0,100,40,30,55,20,80
436,85,65,40,75,70,10,30,60,50,55,35,70,80,20,10,5,40,50,75,30,45,60,0,0,0,0,0,0,95,30,0,55,20,10
437,85,65,40,70,60,95,45,75,80,60,50,70,85,20,30,10,65,50,75,35,40,55,0,0,0,0,0,0,100,50,20,60,30,45
438,75,85,40,65,35,95,45,70,90,60,75,80,85,90,20,10,50,60,70,75,55,50,0,0,0,0,0,0,100,50,0,65,30,40
439,75,80,30,65,25,95,40,70,85,60,55,75,80,90,10,5,50,100,70,85,40,50,95,5,5,5,5,5,90,60,30,65,35,20
440,75,85,20,60,10,40,30,80,90,70,75,65,55,85,10,15,50,50,80,95,30,50,10,10,10,10,10,10,90,50,10,20,30,40
441,75,80,40,65,35,10,30,60,90,55,70,85,50,70,20,10,40,100,80,75,30,50,0,0,0,0,0,0,100,50,30,40,20,85
442,75,85,30,60,20,40,35,70,90,65,75,60,80,85,15,10,40,50,70,90,50,50,0,0,0,0,0,0,95,50,0,0,30,40
443,65,58,40,50,35,95,45,70,30,60,55,75,65,10,25,10,60,30,70,35,40,50,0,0,90,0,0,0,85,45,0,30,10,80
444,75,80,30,65,25,10,35,70,90,60,75,85,55,40,10,15,45,50,65,85,30,50,0,0,0,0,0,0,95,50,20,40,10,80
445,78,85,40,65,30,95,35,70,80,60,75,85,90,90,20,10,40,50,85,75,50,55,0,0,0,0,0,0,100,50,30,65,45,35
446,75,60,45,80,55,95,40,65,30,50,40,70,85,10,20,10,60,100,85,25,55,50,95,5,10,5,5,5,90,30,10,70,35,20
447,75,60,40,80,60,85,30,70,45,55,50,65,70,20,10,25,40,50,85,30,60,70,0,0,0,0,0,0,95,35,10,55,20,10
448,75,80,40,65,50,50,30,70,90,60,70,65,85,20,30,10,50,50,80,55,40,50,0,0,0,0,0,0,100,30,20,60,30,40
449,75,80,20,60,10,40,30,85,45,70,35,65,80,70,10,20,50,50,75,90,50,50,0,0,0,0,0,0,100,50,0,0,30,0
450,75,85,30,65,35,85,40,70,90,60,75,80,85,80,20,10,40,60,85,80,50,55,0,0,0,0,0,0,95,50,30,60,40,70
451,85,80,60,70,50,30,40,65,90,75,70,85,80,20,10,5,100,0,75,65,50,60,0,0,0,0,0,100,0,50,0,70,55,30
452,75,80,30,60,35,40,40,65,90,50,70,70,85,10,20,10,60,50,75,85,50,50,0,0,0,0,0,0,95,50,70,60,30,80
453,85,90,20,60,25,40,30,70,95,65,75,80,45,10,10,10,60,0,85,95,10,50,85,10,10,10,70,10,10,30,10,10,30,30
454,70,85,40,65,25,10,30,60,50,45,35,75,90,80,20,10,30,60,85,80,40,50,95,5,5,5,5,5,90,30,20,55,35,20
455,75,80,30,65,35,10,40,60,90,50,70,75,85,90,20,10,60,100,70,85,40,50,90,0,0,0,0,0,10,30,0,50,20,30
456,75,80,40,65,30,95,45,70,85,60,55,75,80,90,20,10,60,100,70,85,50,60,30,70,85,20,10,20,70,50,30,65,40,55
457,75,85,30,65,25,90,40,70,90,60,75,80,85,95,20,10,70,100,80,85,50,55,30,20,60,85,40,75,25,50,30,60,40,50
458,75,80,40,65,30,85,35,70,90,60,75,85,90,10,20,10,50,90,80,70,50,55,95,5,10,5,5,5,40,30,20,60,30,40
459,75,65,60,70,45,95,30,80,40,60,50,70,90,10,30,10,40,60,80,20,70,50,0,0,0,0,0,0,100,30,0,85,30,20
460,75,85,40,65,30,95,35,70,50,60,45,80,90,85,20,10,40,100,80,75,55,50,95,5,5,5,5,5,90,60,30,65,45,30
461,70,65,45,60,55,30,35,20,30,15,25,80,75,85,10,5,40,70,90,20,10,30,5,5,5,5,5,5,90,10,85,20,10,70
462,75,85,30,65,25,85,40,70,80,60,55,75,90,15,20,10,40,70,85,80,35,50,0,0,0,0,0,0,100,45,30,55,25,30
463,75,65,40,70,55,10,30,60,45,50,35,70,85,20,15,5,30,50,80,55,40,60,0,0,0,0,0,0,95,30,20,50,35,25
464,85,70,60,75,55,95,40,65,80,50,70,60,85,10,30,10,60,50,75,30,50,40,0,0,0,0,0,0,95,30,0,70,20,30
465,75,65,60,70,45,95,30,80,40,60,50,70,90,20,30,10,60,50,85,25,75,55,0,0,0,0,0,0,100,30,0,80,35,20
466,75,60,40,65,30,95,35,70,50,60,55,55,80,20,10,15,40,85,70,30,40,50,0,0,0,0,0,0,100,30,20,50,10,20
467,75,65,40,70,55,10,30,60,70,50,45,65,80,90,20,10,50,100,85,55,30,50,95,5,5,5,5,5,90,30,10,40,20,10
468,70,65,40,75,35,85,45,60,70,55,50,65,80,20,30,10,50,85,60,40,30,50,0,0,0,0,0,0,100,45,20,35,10,25
469,75,85,30,60,25,95,35,70,90,65,75,80,85,70,15,10,40,85,80,90,50,55,5,5,5,5,5,5,95,60,20,45,30,65
470,75,85,30,60,20,40,45,70,90,65,75,80,85,10,10,5,60,80,85,95,50,50,30,70,80,30,20,40,60,50,10,30,20,30
471,75,68,45,55,40,95,30,60,85,50,70,65,80,10,20,10,55,50,70,30,40,35,0,0,0,0,0,0,95,30,0,60,25,80
472,75,68,45,70,35,85,30,60,40,55,50,70,80,20,15,10,40,50,85,65,55,60,0,0,0,0,0,0,95,45,30,65,35,25
473,60,75,85,70,25,40,30,65,30,50,45,80,55,10,70,20,50,30,90,85,10,50,0,0,0,0,0,0,100,30,0,40,35,20
474,75,65,40,70,45,10,30,60,85,55,50,65,80,90,20,10,40,85,70,55,30,50,0,0,0,0,0,0,95,30,20,45,10,20
475,75,80,30,65,25,40,45,70,85,60,55,75,85,90,15,20,50,100,70,90,50,60,95,5,5,5,5,5,45,30,30,55,40,35
476,75,80,40,60,35,90,45,70,85,65,70,80,85,10,20,10,60,100,75,50,55,40,10,30,85,20,10,30,60,50,10,65,30,40
477,75,68,40,60,30,95,35,70,85,65,75,55,80,10,25,15,40,50,80,50,45,55,5,5,5,5,5,5,90,60,20,65,30,45
478,75,68,40,60,35,95,45,70,85,65,70,55,80,10,30,10,40,60,75,50,45,50,0,0,0,0,0,0,100,50,20,60,30,40
479,75,85,40,65,30,95,35,70,90,60,75,80,85,80,20,10,45,100,85,75,50,60,10,20,10,10,10,10,85,50,30,60,35,40
480,85,70,40,75,70,30,40,60,90,65,55,70,80,20,10,10,50,50,80,60,30,50,0,0,0,0,0,0,100,40,0,60,30,30
481,75,80,30,65,35,40,45,70,90,60,75,85,80,20,10,10,60,100,70,85,40,50,95,5,5,5,5,5,30,50,30,60,30,70
482,75,60,65,80,70,100,30,40,20,35,25,50,90,0,10,5,50,50,85,10,70,60,0,90,85,0,0,0,100,30,0,70,30,10
483,75,68,45,60,35,90,30,70,70,65,55,50,85,20,30,10,40,50,75,40,35,45,0,0,0,0,0,0,95,50,10,60,30,40
484,75,68,30,60,35,85,35,70,80,65,70,55,45,20,15,10,30,35,75,50,40,55,0,0,0,0,0,0,95,50,20,45,10,60
485,70,60,40,75,45,95,30,65,35,50,40,60,80,10,20,10,55,100,85,30,50,55,10,30,85,10,10,10,80,30,20,60,35,20
486,75,65,40,55,60,95,45,70,85,60,70,80,65,10,30,10,75,30,80,25,40,50,0,10,0,0,0,0,95,50,0,60,30,70
487,75,80,40,60,25,95,30,70,90,65,75,85,80,10,20,10,40,90,70,75,50,50,0,0,90,0,0,0,95,50,0,60,30,40
488,75,65,40,60,40,10,30,70,35,50,45,65,70,80,20,10,30,50,85,55,30,50,0,0,0,0,0,0,95,40,30,55,20,30
489,75,85,20,60,20,40,30,70,90,65,55,80,75,30,10,10,50,50,85,95,30,50,85,10,10,10,10,10,80,30,10,10,30,20
490,75,80,40,60,25,90,30,70,85,65,70,80,85,10,30,10,40,95,75,70,50,50,10,10,10,10,10,10,90,50,10,60,30,80
491,75,85,40,65,35,10,30,70,55,60,50,80,90,95,20,10,40,50,70,75,60,50,90,10,10,10,10,10,85,50,30,65,40,30
492,75,65,40,60,35,95,30,70,55,45,50,60,80,10,30,10,50,100,70,35,40,30,0,0,0,0,0,0,100,20,20,50,10,20
493,65,70,30,60,20,10,30,80,25,75,35,65,70,85,15,20,40,60,55,85,50,50,0,0,0,0,0,0,95,50,0,30,40,30
494,75,80,40,65,30,55,45,60,70,50,55,75,85,20,30,10,50,100,80,65,40,50,90,10,10,10,10,10,85,30,30,55,30,20
495,75,65,40,60,45,85,30,70,50,60,45,55,80,10,20,10,60,95,70,30,50,40,95,5,5,5,5,5,30,30,10,60,30,20
496,75,80,30,65,25,10,35,60,90,45,70,75,85,10,15,20,40,60,80,85,40,50,0,0,0,0,0,0,100,30,70,55,35,60
497,70,85,30,65,25,95,35,75,40,60,50,80,70,90,15,10,40,60,85,90,45,55,95,5,5,5,5,5,90,65,30,50,35,45
498,70,65,45,60,35,85,40,75,30,55,45,65,80,10,20,10,60,100,75,35,50,55,10,85,20,10,10,90,10,30,30,60,20,20
499,75,85,40,60,25,30,35,65,90,50,70,80,60,90,20,10,40,100,70,75,30,50,0,0,0,0,0,0,100,40,60,30,20,40
500,65,50,40,70,45,95,30,60,35,55,40,75,65,20,30,25,60,100,80,20,50,55,0,90,85,0,0,0,95,30,0,50,35,20
501,75,80,40,65,30,90,35,60,55,50,45,70,85,80,20,10,65,100,85,75,40,50,10,10,85,10,10,80,10,30,30,55,20,30
502,75,80,40,70,40,5,30,60,90,65,70,85,80,90,10,10,60,100,75,70,30,50,30,20,70,10,10,70,20,30,10,50,20,10
503,75,65,60,70,40,95,30,60,45,50,55,70,80,10,30,10,60,30,85,35,50,40,5,10,5,5,5,5,90,30,10,65,20,70
504,75,80,40,65,30,95,35,70,85,60,70,75,80,20,30,10,40,50,80,55,45,50,0,0,0,0,0,0,100,50,20,60,30,40
505,75,85,30,70,25,85,40,60,90,50,70,80,90,85,20,10,50,90,65,80,40,50,0,0,80,0,0,0,95,30,0,60,10,20
506,75,85,20,60,20,40,30,80,95,70,85,75,65,70,10,15,30,10,85,90,50,50,0,0,0,0,0,0,95,50,0,30,40,30
507,85,70,40,75,60,90,45,65,90,70,60,75,80,30,20,10,50,85,80,65,50,60,0,0,0,0,0,0,100,50,30,55,35,25
508,75,65,40,70,30,85,45,60,70,55,50,65,80,20,30,15,50,100,75,55,40,50,0,0,0,0,0,0,100,30,30,55,20,25
509,65,58,45,60,70,85,40,75,35,60,40,55,70,20,30,10,65,60,50,25,35,45,0,0,0,0,0,0,95,50,10,55,30,70
510,75,82,60,70,30,90,40,65,70,55,60,75,85,20,35,10,50,100,80,65,50,40,0,0,0,0,0,0,100,30,20,65,30,40
511,70,65,40,60,25,30,45,75,50,60,55,55,70,10,20,10,50,100,80,70,30,50,95,5,5,5,5,5,45,30,10,40,30,20
512,75,80,60,70,50,95,40,65,85,55,70,80,85,10,30,10,60,90,75,40,50,45,10,85,80,20,10,20,70,30,10,65,30,40
513,70,65,40,60,45,10,30,75,35,60,45,55,80,20,15,10,30,70,85,50,30,50,0,0,0,0,0,0,95,40,20,55,10,25
514,75,80,40,65,30,90,35,70,60,50,55,75,85,20,30,10,40,80,85,55,45,50,0,0,0,0,0,0,100,30,20,60,35,40
515,70,85,60,65,30,10,30,75,40,50,45,80,85,90,35,10,30,10,90,75,50,40,0,0,0,0,0,0,100,30,20,60,55,50
516,75,68,45,65,45,90,30,70,70,55,50,60,80,10,20,10,40,30,75,35,40,50,0,0,0,0,0,0,95,30,10,60,25,30
517,75,65,50,60,35,90,40,70,45,55,40,65,70,20,30,10,60,60,80,35,50,40,0,0,0,0,0,0,100,30,20,60,30,70
518,75,60,40,65,90,95,30,70,80,50,45,75,60,10,20,10,70,30,85,25,30,40,0,0,0,0,0,0,100,30,0,50,35,80
519,75,80,30,60,30,30,40,70,90,60,75,85,65,20,10,15,50,50,80,70,40,50,0,0,0,0,0,0,100,50,30,55,20,60
520,75,65,30,60,25,85,40,70,85,60,70,55,50,80,10,20,40,50,70,75,30,50,0,0,0,0,0,0,95,40,30,45,20,65
521,85,70,60,75,70,90,40,65,75,55,50,60,90,10,30,10,60,80,80,30,70,50,0,0,0,0,0,0,100,40,0,80,30,20
522,75,65,40,70,85,90,45,60,80,55,50,65,85,0,30,10,60,0,70,20,50,40,0,0,0,0,0,0,95,30,10,60,35,70
523,65,70,40,55,35,30,45,60,80,50,65,75,70,85,20,10,55,50,60,65,40,50,0,0,0,0,0,0,95,30,35,55,25,80
524,75,65,40,60,45,85,30,70,50,60,55,55,80,10,20,10,30,50,70,35,40,50,0,0,0,0,0,0,95,40,10,60,30,50
525,75,65,30,60,35,10,40,70,80,50,55,60,70,85,20,10,50,100,75,70,30,50,90,10,10,10,10,10,80,30,30,40,30,20
526,75,65,50,60,40,85,30,70,45,55,40,60,80,10,20,10,30,80,70,30,40,30,0,0,0,0,0,0,95,50,10,60,20,30
527,75,80,40,65,45,10,30,70,85,60,70,55,80,85,20,10,40,75,65,70,35,50,0,0,0,0,0,0,95,40,30,60,25,30
528,70,85,40,65,30,10,30,60,50,75,55,80,85,70,20,10,40,60,75,75,60,50,0,0,0,0,0,0,95,50,30,40,30,20
529,75,65,40,60,55,85,30,50,70,45,55,60,80,0,20,10,60,50,70,30,40,50,0,0,90,0,0,0,80,30,0,65,20,70
530,75,80,40,65,35,10,30,70,90,60,75,85,80,20,15,10,40,60,85,70,50,60,0,0,0,0,0,0,100,50,30,55,20,40
531,85,70,40,75,70,95,30,60,80,65,55,75,85,10,20,10,60,30,70,30,40,50,0,10,0,0,0,0,95,30,0,60,30,20
532,75,85,20,60,10,40,30,70,90,65,75,80,85,95,10,10,50,100,85,95,30,50,30,70,60,20,10,20,80,50,10,10,30,20
533,75,80,40,65,35,90,45,70,85,60,70,75,85,80,20,10,50,75,70,65,50,55,0,0,0,0,0,0,100,50,30,60,35,40
534,75,68,30,70,25,10,35,60,85,55,65,45,70,90,15,20,30,60,50,75,35,40,0,0,0,0,0,0,95,40,25,30,10,20
535,75,85,60,70,40,10,30,65,45,55,50,70,90,80,35,10,50,50,85,65,40,50,0,0,0,0,0,0,100,30,20,60,30,20
536,70,65,40,60,40,30,30,75,50,60,50,70,80,20,10,10,50,100,70,50,30,50,10,90,30,10,10,10,80,40,30,50,20,30
537,75,60,65,70,40,95,30,60,35,45,40,55,85,10,20,10,65,50,80,25,50,40,0,0,0,0,0,0,95,30,10,70,30,20
538,75,85,40,60,45,90,30,70,90,65,75,80,90,85,20,10,50,50,80,70,60,50,0,0,0,0,0,0,100,50,0,65,30,40
539,75,85,30,65,35,95,40,70,90,60,75,80,85,80,20,10,50,85,70,75,50,60,0,0,0,0,0,0,100,50,30,60,35,40
540,75,85,40,65,30,10,30,70,60,55,50,80,90,20,35,10,30,85,85,80,60,50,0,0,0,0,0,0,95,40,20,55,30,45
541,75,65,40,70,35,30,45,60,55,50,55,70,65,85,25,15,55,100,75,50,40,60,0,0,0,0,0,0,100,30,70,50,35,20
542,75,80,30,65,25,85,40,70,90,60,75,85,65,80,15,20,40,60,85,90,50,55,0,0,0,0,0,0,100,50,30,45,35,55
543,75,85,30,65,25,95,35,70,80,60,55,75,85,90,15,5,40,60,70,80,45,50,5,5,5,5,5,5,90,60,30,55,35,40
544,75,60,40,70,65,30,45,55,50,65,40,60,80,20,10,15,60,85,70,30,40,50,90,10,10,10,10,10,80,30,20,50,30,20
545,75,80,30,65,25,40,35,70,90,60,75,85,65,10,15,20,50,100,85,80,40,55,10,30,20,10,10,10,85,50,60,55,30,45
546,70,85,30,65,25,95,40,75,60,55,50,80,70,90,15,10,50,75,85,80,35,45,85,10,10,10,10,10,90,50,30,40,20,70
547,75,85,30,60,20,45,35,70,90,65,75,80,50,10,10,15,40,30,85,95,30,50,60,20,30,10,10,10,85,40,10,30,20,70
548,70,60,40,75,40,85,30,65,35,50,45,60,70,10,20,15,60,70,80,30,40,50,10,80,70,10,10,10,90,30,20,55,30,20
549,75,85,30,60,35,40,45,65,90,55,70,80,70,60,20,10,50,100,85,80,40,50,10,30,85,10,10,20,70,30,30,50,20,30
550,75,65,40,60,60,30,40,70,70,60,50,55,80,20,10,10,40,80,70,30,30,40,10,10,10,10,10,10,90,50,20,50,20,30
551,75,80,40,65,25,30,35,60,70,50,55,70,85,80,20,10,40,100,75,65,30,50,10,10,10,10,10,10,90,50,30,40,20,30
552,75,80,30,65,25,40,35,70,55,60,45,75,85,65,20,10,50,75,80,85,50,55,0,0,0,0,0,0,100,30,35,40,25,35
553,70,85,30,65,35,95,40,75,90,60,70,80,85,80,20,10,50,100,55,75,45,50,0,0,0,0,0,0,100,50,30,60,20,40
554,75,80,40,65,45,90,30,70,85,60,75,80,70,20,30,10,40,50,65,55,50,45,0,0,0,0,0,0,95,50,20,60,30,40
555,75,80,60,70,40,50,40,65,85,55,70,80,90,0,30,10,60,0,80,65,50,60,0,0,90,0,0,85,10,30,70,60,30,40
556,75,80,40,60,55,95,30,70,90,65,75,85,60,10,20,10,50,30,70,40,50,40,0,0,0,0,0,0,100,30,0,60,30,80
557,75,80,40,65,30,10,35,70,90,60,75,85,65,90,20,10,40,30,70,85,50,60,0,0,0,0,0,0,100,50,30,55,25,80
558,75,65,30,55,40,20,45,60,85,70,65,50,70,10,15,10,50,10,60,55,30,40,0,0,0,0,0,0,95,50,20,40,30,80
559,75,80,40,65,30,95,35,70,45,60,50,85,80,90,20,10,50,75,85,70,40,55,10,10,10,10,10,10,90,50,30,60,35,45
560,75,80,40,65,35,95,30,70,85,60,70,65,75,20,30,10,40,50,60,45,35,40,0,0,0,0,0,0,100,50,10,60,20,50
561,75,80,40,65,35,10,30,70,90,60,75,85,70,95,20,10,50,100,80,85,40,50,10,30,70,20,10,30,60,50,30,55,20,60
562,75,68,40,65,45,30,35,70,85,60,55,50,80,20,10,5,40,60,70,55,30,40,0,0,0,0,0,0,95,30,10,60,20,10
563,75,60,65,70,45,90,30,60,35,50,40,65,85,10,20,10,60,70,80,25,55,40,0,0,0,0,0,0,95,30,10,70,30,20
564,85,78,40,65,60,30,45,70,90,65,75,60,80,20,10,5,40,20,70,55,30,50,0,0,0,0,0,0,100,50,10,60,30,40
565,75,80,30,65,25,10,35,70,90,60,75,85,50,80,10,20,40,60,70,85,40,50,0,0,0,0,0,0,95,50,30,55,20,40
566,70,65,30,55,25,40,45,75,85,60,70,50,60,10,35,20,40,70,65,75,30,45,0,0,0,0,0,0,95,50,0,40,20,80
567,75,85,30,60,25,85,40,70,90,65,75,80,70,10,20,10,50,75,80,85,50,50,0,0,0,0,0,0,100,50,0,60,30,40
568,75,80,40,65,45,90,35,70,90,60,75,85,80,20,10,5,60,100,70,75,40,50,10,30,85,20,10,30,65,50,10,60,30,40
569,75,85,30,60,30,10,30,70,90,65,75,80,60,20,10,10,40,80,70,85,30,50,0,0,0,0,0,0,100,50,0,50,30,80
570,75,80,30,70,35,90,40,65,90,60,70,75,85,80,20,10,50,50,85,80,40,50,0,0,0,0,0,0,100,50,30,60,30,40
571,75,80,30,65,30,10,35,55,85,45,60,70,80,75,20,10,40,100,70,75,40,50,90,10,10,10,10,10,85,30,30,60,35,65
572,70,65,45,60,60,10,30,50,35,40,30,55,80,70,20,10,30,85,75,40,35,45,0,0,0,0,0,0,95,25,10,55,20,10
573,65,70,75,60,30,20,40,55,45,60,50,70,80,10,35,10,30,60,85,55,40,50,0,0,0,0,0,0,95,50,30,60,40,70
574,75,80,40,65,35,30,45,60,90,70,75,85,80,20,10,15,50,60,70,75,50,55,0,0,0,0,0,0,100,50,80,60,30,40
575,75,80,30,65,25,10,35,70,85,60,70,65,80,10,20,15,40,50,75,85,40,55,0,0,0,0,0,0,95,50,30,55,35,45
576,70,65,30,55,20,40,35,75,45,60,40,50,80,90,10,15,50,50,75,85,30,40,90,5,10,5,5,5,85,30,10,20,30,60
577,75,80,30,70,25,85,35,60,90,65,70,85,90,10,40,30,40,80,85,75,50,60,10,10,10,10,10,10,90,50,30,60,30,40
578,75,85,20,60,20,40,60,70,90,80,70,85,80,30,10,10,30,30,85,95,50,50,0,0,0,0,0,0,100,50,0,30,50,40
579,70,65,60,75,35,90,40,60,45,50,55,70,80,10,30,10,60,70,85,35,50,40,0,0,0,0,0,0,100,30,20,65,40,50
580,75,65,40,60,45,95,30,70,70,60,55,50,80,10,30,10,40,30,75,20,40,30,0,0,0,0,0,0,100,30,0,50,10,20
581,75,60,45,65,60,90,30,70,55,40,35,50,65,10,20,10,40,30,70,20,30,40,0,0,0,0,0,0,95,25,10,50,10,30
582,75,68,30,65,40,10,35,70,85,60,70,55,75,80,20,10,40,85,80,70,30,50,0,0,0,0,0,0,95,45,30,50,20,60
583,75,65,50,60,40,90,30,70,70,60,55,75,80,0,30,0,40,80,85,40,50,50,0,0,0,0,0,0,95,30,0,60,30,70
584,70,65,45,60,40,95,30,75,55,60,50,80,70,0,30,10,65,100,75,35,40,50,0,0,0,0,0,90,10,50,0,60,20,30
585,75,85,30,60,25,95,35,70,90,65,80,75,85,10,20,10,60,100,70,80,40,50,10,30,90,10,10,20,70,50,30,55,20,60
586,75,68,45,60,35,95,30,70,55,65,50,75,80,20,30,10,50,50,85,40,45,50,0,0,0,0,0,0,100,55,30,60,25,70
587,75,85,30,65,25,90,35,70,90,60,75,80,85,80,15,10,40,60,85,90,50,55,5,5,5,5,5,5,95,65,30,50,35,45
588,75,65,40,60,45,85,30,55,70,50,55,60,70,20,30,10,40,50,65,45,35,50,0,0,0,0,0,0,95,40,30,55,25,35
589,75,68,30,60,30,40,40,70,85,50,55,65,80,20,10,10,60,100,70,75,30,50,90,10,10,10,10,10,10,30,20,40,20,30
590,85,65,70,80,90,100,40,75,30,60,45,85,90,0,20,10,100,50,75,25,70,60,0,0,0,0,0,100,0,30,0,75,50,30
591,75,60,40,65,30,95,35,70,45,55,40,60,85,10,20,10,45,50,70,30,50,40,0,0,0,0,0,0,95,30,10,60,20,30
592,85,75,40,65,70,30,45,60,90,70,65,55,80,20,10,5,50,85,75,60,40,55,0,0,0,0,0,0,95,30,10,60,35,50
593,75,60,65,80,70,90,40,70,30,50,40,65,85,10,20,10,60,50,80,20,70,50,0,95,10,10,10,10,85,30,10,75,30,20
594,75,60,40,70,45,30,40,65,35,50,45,60,80,85,20,10,55,65,70,30,50,60,0,0,0,0,0,0,95,30,40,55,35,25
595,70,65,40,55,25,90,30,75,60,50,55,45,65,0,30,10,40,100,70,50,30,40,0,0,0,0,0,0,100,30,0,50,20,30
596,75,68,40,60,35,90,45,70,85,65,70,55,80,10,20,10,50,100,75,30,40,50,0,0,90,0,0,0,95,30,0,60,20,35
597,70,65,40,60,60,85,30,50,75,40,55,70,60,80,30,20,40,50,65,35,45,50,0,0,0,0,0,0,95,30,10,55,20,60
598,75,60,65,70,55,100,40,60,30,50,45,70,85,0,20,10,90,50,80,25,60,50,0,0,0,0,0,95,5,30,0,70,35,20
599,75,65,40,55,35,10,30,60,80,45,50,70,85,0,20,10,50,0,70,60,30,40,0,90,10,0,0,0,50,30,0,40,30,80
600,75,65,45,60,60,10,30,55,70,40,50,65,80,0,20,10,50,100,75,35,30,50,0,0,90,0,0,0,95,20,0,40,10,10
601,70,65,40,60,30,85,35,75,70,60,55,50,80,10,20,10,30,30,85,55,40,50,0,0,0,0,0,0,95,30,20,55,30,40
602,75,68,50,65,35,85,40,70,55,60,50,75,80,20,30,10,55,100,70,40,50,45,10,30,70,10,10,10,85,30,20,60,35,40
603,75,85,40,70,30,95,35,65,55,60,50,80,70,90,20,10,40,60,85,75,50,60,5,5,5,5,5,5,90,50,30,60,40,55
604,85,80,30,70,25,95,40,60,90,75,70,85,80,0,10,15,90,100,65,75,40,50,0,0,0,0,0,95,5,50,0,60,30,40
605,75,85,40,65,30,95,35,70,90,60,75,80,85,20,30,10,50,100,80,70,55,60,0,0,0,0,0,0,100,50,30,70,40,35
606,65,70,75,60,30,90,30,40,20,35,45,80,55,10,60,10,40,100,85,30,30,40,0,10,10,0,0,0,90,20,10,50,20,70
607,75,60,40,70,65,30,35,55,45,60,30,50,80,20,10,10,60,100,70,30,40,50,90,5,5,5,5,5,85,30,10,40,20,10
608,70,85,40,65,35,10,30,75,80,60,70,85,90,95,20,10,30,10,85,75,60,50,0,0,0,0,0,0,100,50,0,65,30,40
609,75,65,40,70,45,90,30,60,85,70,55,65,80,10,20,10,40,30,75,35,50,40,0,0,0,0,0,0,95,30,10,60,20,10
610,85,70,40,65,80,95,30,75,90,60,70,80,85,10,20,10,60,90,85,40,50,50,0,0,0,0,0,0,95,50,0,70,30,60
611,75,85,30,65,40,95,35,70,80,60,55,75,85,70,20,10,50,75,85,70,40,50,95,5,5,5,5,5,90,30,20,60,35,45
612,75,85,30,60,25,40,45,70,90,65,75,80,85,30,15,10,50,30,80,95,55,50,10,10,10,10,10,10,90,50,10,30,20,60
613,75,80,30,60,25,40,45,70,85,65,70,75,80,10,10,5,75,100,60,85,30,50,10,10,90,10,10,90,10,50,10,30,20,40
614,65,80,40,60,25,85,30,70,35,55,45,75,85,70,20,10,40,100,90,85,50,55,95,5,5,5,5,5,90,30,10,35,20,10
615,65,70,35,60,25,40,30,55,45,50,40,75,60,85,20,15,50,95,70,65,30,50,10,30,70,10,10,10,85,40,30,45,20,35
616,70,65,75,60,40,95,30,80,50,60,55,70,85,10,45,10,50,30,80,30,50,40,0,0,0,0,0,0,100,30,20,65,35,50
617,75,68,30,55,25,45,40,60,85,50,65,70,70,10,15,10,60,100,80,75,35,50,10,85,30,10,10,20,70,30,30,40,20,30
618,70,65,40,60,30,30,30,50,30,40,40,70,50,80,20,10,40,80,30,50,30,50,0,0,0,0,0,0,90,30,60,20,10,30
619,65,70,30,55,20,45,35,80,85,75,60,65,70,10,25,40,40,50,90,95,50,55,10,10,10,10,10,10,90,50,10,30,35,20
620,70,65,30,55,10,40,30,75,40,60,35,50,80,70,20,10,50,100,85,90,30,40,90,10,10,10,10,10,90,30,10,20,30,20
621,75,80,30,65,25,85,35,70,90,60,75,65,85,10,20,15,40,50,80,70,40,50,0,0,0,0,0,0,95,50,30,60,35,40
622,75,80,40,65,55,30,35,60,90,50,70,75,85,10,20,10,40,60,80,55,45,50,0,0,0,0,0,0,95,30,20,60,35,25
623,75,80,40,65,30,95,35,70,75,60,55,85,80,90,20,10,45,65,70,70,40,50,0,0,0,0,0,0,95,50,30,60,35,55
624,75,90,40,60,30,10,30,80,85,70,65,85,90,95,20,10,30,10,80,85,60,50,0,0,0,0,0,0,100,50,0,70,30,60
625,75,60,40,70,35,95,30,65,45,55,40,60,80,10,20,30,40,60,70,35,45,50,0,0,0,0,0,0,100,30,20,50,30,20
626,75,65,40,70,35,20,30,60,45,50,35,70,65,80,15,10,40,95,85,55,40,50,95,5,5,5,5,5,90,30,30,55,25,40
627,70,65,40,60,45,85,30,55,35,40,30,50,75,10,20,10,40,50,70,25,30,40,90,5,5,5,5,5,95,30,10,50,20,30
628,75,85,30,60,20,40,40,70,90,65,75,80,60,10,10,10,60,100,85,95,30,50,10,70,85,30,30,30,20,50,10,30,20,40
629,75,85,30,65,15,45,40,70,90,60,75,80,85,20,10,5,95,100,80,90,50,55,5,10,10,5,90,95,5,30,10,40,60,35
630,75,85,40,70,30,95,45,60,70,55,50,80,90,85,20,10,50,100,80,75,40,50,90,10,10,10,10,10,85,30,20,60,30,40
631,65,50,30,60,25,40,45,70,35,55,40,60,75,85,15,20,40,70,75,65,30,50,0,0,0,0,0,0,100,50,30,40,25,35
632,75,85,20,60,25,40,30,70,90,65,75,80,85,70,15,10,50,60,85,95,30,40,70,30,60,20,10,20,70,50,10,20,30,40
633,75,65,55,70,60,90,40,60,70,50,55,65,80,20,30,10,60,70,80,30,50,40,0,0,0,0,0,0,100,30,0,60,30,20
634,75,85,30,65,25,40,35,70,90,60,75,80,65,85,20,15,45,30,80,90,50,55,5,5,5,5,5,5,90,50,30,40,35,70
635,75,65,40,60,30,30,40,50,70,55,50,65,80,10,30,10,50,70,85,55,40,50,0,0,0,0,0,0,100,30,70,50,30,40
636,65,70,60,55,25,90,30,75,35,45,40,80,85,10,30,10,40,100,70,50,30,20,10,80,60,10,10,10,85,30,10,50,20,40
637,70,85,30,65,25,95,40,75,90,60,70,80,85,90,10,15,50,100,80,85,30,50,0,0,0,0,0,0,100,50,30,40,20,30
638,65,70,45,60,25,85,30,55,35,40,30,75,50,80,60,20,50,95,70,55,40,50,0,0,0,0,0,0,100,30,70,45,35,55
639,75,68,30,60,25,95,35,70,85,55,65,45,80,15,20,10,40,50,70,75,30,40,0,0,0,0,0,0,100,50,10,55,20,80
640,75,85,30,65,30,10,35,70,80,60,55,75,90,85,20,10,40,30,70,85,50,60,0,0,0,0,0,0,100,40,30,60,45,35
641,75,65,30,70,25,35,30,60,80,50,55,45,70,60,10,20,40,60,85,75,30,50,0,0,0,0,0,0,95,30,40,45,10,20
642,85,70,30,75,65,40,45,60,90,55,65,70,80,20,10,15,50,100,75,60,40,55,90,5,5,5,5,5,85,30,10,60,35,40
643,85,70,60,80,90,100,40,75,65,60,50,70,90,0,30,0,60,100,80,30,70,60,0,0,0,0,0,0,100,40,0,75,50,30
644,75,85,30,65,30,90,40,60,90,50,70,80,70,90,20,10,60,100,80,85,50,50,90,10,10,10,10,10,10,30,30,40,20,30
645,75,68,40,65,40,10,30,70,85,60,70,55,80,20,10,10,30,50,75,50,30,40,0,0,0,0,0,0,95,50,30,60,20,30
646,85,70,40,75,55,85,45,65,80,60,55,50,90,20,30,10,40,60,75,35,50,45,0,0,0,0,0,0,100,30,10,65,25,15
647,70,65,40,60,30,10,30,75,20,50,30,60,40,80,10,20,40,30,70,55,30,50,0,0,0,0,0,0,95,40,30,20,10,30
648,75,60,40,80,35,10,30,65,20,45,30,70,85,60,15,25,40,85,90,50,55,60,0,0,0,0,0,0,100,35,30,50,20,10
649,75,85,40,65,35,10,30,60,80,55,70,75,85,90,20,10,40,50,70,75,45,55,0,0,0,0,0,0,100,30,30,50,20,60
650,75,85,20,60,15,45,30,70,65,80,40,75,85,30,10,15,40,50,90,95,50,50,10,10,10,10,10,10,90,50,10,10,30,20
651,75,90,40,65,30,95,35,70,95,60,80,85,90,95,20,10,50,30,85,80,60,50,0,0,0,0,0,0,100,50,0,70,30,40
652,75,68,40,60,65,10,30,70,85,60,55,50,80,90,20,10,40,30,70,55,35,45,0,0,0,0,0,0,95,30,10,50,20,30
653,75,80,40,65,30,95,45,70,60,55,50,75,85,80,20,10,50,30,70,75,40,50,10,10,10,10,10,10,90,60,30,55,35,40
654,65,50,30,70,35,85,60,40,20,30,45,60,55,75,10,35,50,100,80,25,40,55,0,0,0,0,0,0,100,20,70,30,10,20
655,85,78,40,70,45,10,30,60,90,55,65,75,80,0,10,10,95,100,70,60,30,50,0,0,0,0,0,95,5,40,0,60,20,10
656,75,60,40,80,35,85,45,65,50,55,45,70,75,20,30,25,50,70,85,40,50,60,0,0,0,0,0,0,100,50,30,65,35,40
657,75,85,40,65,35,90,45,60,90,55,70,80,85,95,20,10,70,100,75,70,50,60,10,10,85,10,10,90,10,30,30,65,35,20
658,75,80,40,65,30,90,35,70,85,60,70,75,85,10,20,10,50,80,70,65,40,50,10,10,85,10,10,10,85,50,10,60,30,40
659,75,80,40,70,45,30,40,60,90,50,70,85,80,60,20,10,50,100,75,65,30,60,10,85,70,20,10,20,75,40,30,55,20,30
660,70,85,20,65,10,45,30,75,40,60,35,80,90,85,10,15,30,20,90,95,50,55,0,0,0,0,0,0,100,30,0,0,40,20
661,85,70,40,75,45,30,35,60,90,55,65,70,80,20,10,15,50,100,85,65,40,55,95,5,5,5,5,5,90,30,20,60,35,20
662,75,80,40,65,30,90,35,70,75,60,55,85,90,10,20,10,60,100,70,50,40,50,30,20,80,70,10,10,30,40,10,65,30,20
663,65,70,40,60,35,30,45,55,30,40,35,60,75,85,20,10,50,100,70,55,40,50,90,10,10,10,10,10,85,30,30,45,20,20
664,75,85,40,65,35,90,45,70,75,60,55,80,85,90,30,10,50,100,70,70,50,55,20,10,85,10,10,10,85,40,30,60,35,45
665,75,68,40,60,35,85,30,70,80,50,65,55,85,20,30,10,45,50,70,45,35,40,0,0,0,0,0,0,95,30,20,55,10,25
666,75,80,40,65,30,10,30,70,90,60,75,85,90,20,10,10,40,60,80,70,50,50,0,0,0,0,0,0,100,50,30,60,20,30
667,70,65,40,55,25,85,30,60,75,50,60,70,80,10,30,10,40,30,70,55,30,40,0,10,90,0,0,0,95,30,30,40,10,20
668,75,85,30,60,10,40,30,70,90,65,70,80,85,20,25,10,50,75,80,95,55,50,90,10,10,10,10,10,90,30,30,20,40,30
669,75,85,30,65,20,40,35,70,80,60,55,75,65,85,25,10,50,50,90,90,30,40,10,10,10,10,10,10,90,50,10,30,20,30
670,75,85,40,65,30,85,45,60,70,55,50,80,75,65,30,10,60,70,80,75,50,55,10,10,85,10,10,30,70,40,30,60,45,55
671,70,65,30,60,35,95,40,75,50,60,45,55,70,85,20,10,40,60,55,75,30,50,0,0,0,0,0,0,100,50,30,40,20,30
672,75,65,60,70,30,95,35,65,40,55,50,70,80,20,30,10,40,50,85,45,50,55,0,0,0,0,0,0,100,30,20,60,40,70
673,65,70,40,60,25,30,35,75,30,50,40,80,60,70,20,10,40,80,75,75,30,50,0,0,0,0,0,0,95,30,30,40,20,30
674,75,65,40,60,30,30,40,50,35,45,30,55,80,10,20,10,50,90,70,60,30,40,10,80,20,10,10,10,80,30,70,40,30,20
675,75,80,30,65,20,40,45,70,60,55,50,65,85,90,35,10,50,30,70,90,40,50,0,0,0,0,0,0,100,30,0,20,10,30
676,85,78,45,65,45,95,30,70,90,60,75,80,85,10,20,10,55,95,80,50,40,55,95,5,10,5,5,5,85,30,10,70,35,60
677,75,80,60,70,30,95,35,65,40,50,55,70,85,20,30,10,40,60,80,65,50,45,5,5,5,5,5,5,90,30,10,60,35,45
678,70,65,45,60,30,95,35,55,25,40,30,75,60,80,35,10,40,50,85,45,30,40,0,0,0,0,0,0,100,20,25,50,15,30
679,75,60,40,70,40,50,30,65,55,50,45,60,80,10,30,20,60,100,70,35,40,50,90,10,10,10,10,10,90,30,30,55,20,20
680,75,68,30,65,25,35,40,70,85,60,55,50,70,60,10,20,55,100,45,75,30,40,90,5,5,5,5,5,85,30,10,40,20,10
681,75,65,40,60,35,85,45,70,30,55,45,65,70,10,20,10,60,75,80,35,50,40,0,10,10,0,0,0,95,30,10,55,20,30
682,75,85,40,65,35,10,30,70,90,60,75,80,85,80,20,10,40,50,70,75,50,55,0,0,0,0,0,0,95,50,30,60,40,50
683,70,65,40,60,30,95,35,55,50,45,55,75,80,10,20,10,40,10,85,55,30,50,0,0,0,0,0,0,100,30,20,45,10,90
684,75,80,30,65,30,95,35,70,90,60,75,85,80,40,10,15,40,60,70,85,45,55,0,0,0,0,0,0,100,50,20,60,30,70
685,70,85,30,65,40,95,45,75,90,60,70,80,85,30,20,10,60,70,50,75,40,55,0,0,0,0,0,0,100,50,30,45,20,80
686,70,60,65,75,55,95,40,80,30,60,45,70,85,10,20,10,60,60,80,25,50,40,0,0,0,0,0,0,100,30,10,75,35,50
687,75,85,20,60,25,40,30,70,90,65,75,80,85,95,10,5,50,50,80,95,30,40,10,70,30,10,10,10,85,50,10,20,10,30
688,85,70,40,65,60,95,30,75,90,60,70,55,80,10,20,10,65,70,85,45,35,50,0,0,0,0,0,0,95,40,10,60,30,70
689,75,65,40,70,55,10,30,60,80,50,55,45,85,20,30,10,40,30,70,35,40,50,0,0,0,0,0,0,95,30,10,60,20,30
690,75,80,30,60,25,30,40,70,85,65,70,60,80,10,10,10,30,30,70,85,40,50,0,0,0,0,0,0,95,50,0,40,30,60
691,75,80,40,65,35,10,30,70,75,60,55,65,85,80,20,10,40,50,70,60,45,50,0,0,0,0,0,0,95,50,30,60,35,25
692,75,80,60,70,35,95,40,65,45,55,50,70,85,20,30,10,60,70,80,40,50,45,5,5,5,5,5,5,90,30,10,65,35,75
693,75,85,20,60,25,30,35,80,90,70,75,65,85,10,15,10,40,50,80,95,50,50,0,0,0,0,0,0,100,50,0,0,0,30
694,75,85,30,65,30,10,35,60,90,55,70,80,70,85,15,5,70,100,80,75,40,50,10,10,85,10,10,90,10,30,30,60,20,40
695,75,60,65,70,55,90,40,60,30,45,50,70,85,10,35,10,65,50,80,20,70,50,0,0,0,0,0,0,100,30,0,75,30,20
696,75,85,30,65,25,10,35,70,90,60,55,75,80,85,10,15,40,100,80,90,30,50,95,5,5,5,5,5,5,40,20,45,30,20
697,75,85,40,65,30,95,35,60,80,55,70,75,85,90,20,10,50,100,70,80,45,50,30,70,60,20,10,20,75,40,30,60,35,25
698,75,80,40,60,60,10,30,70,90,65,75,85,80,20,10,10,30,70,85,70,40,50,0,0,0,0,0,0,100,50,0,55,30,30
699,75,85,30,65,25,10,30,70,90,60,55,75,85,90,15,5,40,100,80,85,40,50,95,5,5,5,5,5,55,30,20,60,35,20
700,75,85,20,60,20,45,30,80,95,70,85,75,65,10,10,15,50,30,80,90,50,50,0,0,0,0,0,0,95,50,0,30,30,60
701,85,78,40,70,65,30,45,60,90,75,65,80,85,20,10,5,55,50,80,65,50,60,95,5,5,5,5,5,90,50,10,60,30,40
702,75,65,40,70,35,95,30,60,80,50,65,55,85,20,30,10,40,60,70,45,50,40,0,0,0,0,0,0,100,30,10,60,20,10
703,70,65,30,60,25,40,35,80,45,75,40,65,85,10,20,10,60,95,85,75,30,50,10,85,90,10,10,10,80,50,10,30,40,30
704,70,65,40,60,30,95,35,75,45,55,40,80,70,85,20,10,40,100,85,75,30,50,10,30,70,10,10,10,85,50,30,45,20,30
705,70,65,30,55,10,40,30,80,45,60,40,50,50,70,20,10,50,50,75,85,30,40,10,10,10,10,10,10,90,30,10,20,30,20
706,75,65,40,80,45,10,30,60,70,55,50,65,70,75,20,35,40,70,85,55,45,60,0,0,0,0,0,0,95,30,25,50,35,20
707,75,65,45,60,40,90,30,70,55,60,50,70,80,10,30,10,50,100,80,30,40,50,0,0,0,0,0,0,100,30,0,60,20,30
708,85,70,40,75,80,30,40,60,85,65,55,50,90,20,10,5,50,30,70,60,30,50,0,0,0,0,0,0,100,40,0,60,30,20
709,75,80,40,65,35,10,30,60,90,70,75,85,80,50,20,10,50,100,70,85,40,60,0,0,90,0,0,0,95,50,30,55,35,40
710,45,60,30,55,35,95,40,70,20,50,35,80,65,10,25,40,60,100,85,30,50,55,10,90,20,10,10,30,70,40,30,45,20,35
711,85,70,60,75,45,95,30,65,80,50,55,70,90,0,30,10,40,50,85,30,60,50,0,0,0,0,0,0,95,40,0,75,30,20
712,70,55,60,75,85,100,30,65,30,40,35,60,80,0,20,10,60,100,85,10,50,50,0,90,10,0,0,0,80,20,0,65,30,10
713,75,80,40,65,35,10,30,70,50,60,55,75,85,90,20,10,50,100,80,65,40,50,10,85,70,30,20,30,65,55,30,60,40,50
714,75,80,40,65,35,10,30,70,90,60,75,85,55,95,20,10,40,60,80,70,45,50,0,0,0,0,0,0,95,50,30,60,35,70
715,75,80,40,65,55,30,45,60,90,70,75,65,85,20,10,5,50,100,80,60,50,55,0,0,90,0,0,0,95,30,20,70,35,40
716,75,60,40,70,65,10,30,65,35,55,40,50,80,70,20,10,40,50,75,30,35,50,0,0,0,0,0,0,95,25,10,45,20,10
717,85,70,40,75,60,10,30,65,90,70,60,55,80,20,10,10,30,85,75,60,40,50,0,0,0,0,0,0,100,50,0,55,30,40
718,70,65,30,55,25,10,35,75,40,60,35,50,45,90,10,20,20,85,30,75,40,50,0,0,0,0,0,0,95,50,30,45,35,60
719,75,68,40,60,70,10,30,70,85,65,55,50,80,85,20,10,30,0,75,55,40,50,0,0,0,0,0,0,95,30,10,45,35,60
720,75,80,60,70,35,40,45,65,70,50,60,85,70,90,30,10,60,100,80,65,40,50,10,20,85,10,10,30,70,50,30,60,40,75
721,75,85,30,60,25,40,45,70,90,65,75,80,60,50,10,5,60,50,80,95,30,50,30,70,85,40,30,20,70,50,10,40,30,70
722,75,85,20,60,25,30,40,80,90,70,65,75,60,85,10,10,50,30,80,95,30,50,0,0,0,0,0,0,100,50,0,0,30,40
723,75,80,30,65,30,95,40,70,90,60,75,85,80,90,20,10,50,85,70,85,40,55,10,10,80,10,10,10,85,50,30,50,20,60
724,70,65,30,55,10,40,35,75,45,60,40,50,20,80,10,15,50,100,75,85,20,30,90,10,10,10,10,10,10,30,10,20,10,30
725,65,70,40,60,20,30,30,80,40,75,50,65,85,10,35,10,50,30,80,85,40,30,0,0,0,0,0,0,95,50,0,30,20,30
726,70,65,40,60,40,85,30,20,30,10,20,80,75,0,10,0,90,0,50,30,50,50,0,0,0,0,0,95,5,0,0,30,0,0
727,70,65,40,60,40,85,30,55,50,45,55,65,80,70,30,10,60,100,75,40,50,55,10,20,85,10,10,10,80,30,30,60,20,30
728,70,85,40,65,25,10,30,60,35,50,40,75,80,70,20,10,40,50,85,75,30,50,10,10,10,10,10,10,90,50,30,40,20,30
729,85,78,45,70,60,55,40,65,90,75,60,80,85,30,20,10,70,85,80,65,50,60,10,10,80,20,10,90,10,50,30,70,40,30
730,75,60,45,70,55,95,30,65,35,50,40,60,70,20,30,10,40,50,80,25,45,55,5,5,5,5,5,5,90,30,10,60,35,70
731,75,65,30,70,30,10,30,60,80,50,40,70,60,80,20,30,30,70,60,75,40,50,0,0,0,0,0,0,90,40,30,50,20,30
732,70,85,20,60,10,30,30,75,80,65,50,70,80,70,10,10,40,30,90,95,30,50,0,0,0,0,0,0,100,50,0,0,30,40
733,75,80,30,65,25,40,45,70,85,60,75,80,90,30,20,10,50,50,85,80,35,50,0,0,0,0,0,0,100,55,30,40,25,65
734,75,85,30,65,30,40,40,60,70,50,55,80,90,90,20,10,50,100,75,70,40,50,90,10,10,10,10,10,80,30,30,60,30,40
735,75,85,30,60,10,45,35,70,90,65,75,80,85,80,20,10,55,50,85,95,50,55,0,0,0,0,0,0,100,40,0,30,60,45
736,75,65,45,60,30,90,35,70,40,55,50,60,80,20,30,10,40,70,85,50,45,55,0,0,0,0,0,0,100,30,20,50,35,40
737,75,68,40,60,55,30,35,50,70,60,55,70,80,10,20,10,60,50,75,30,40,50,10,85,70,10,10,10,30,30,10,50,20,30
738,75,80,30,60,30,95,40,70,90,65,75,85,55,90,20,10,50,75,80,85,40,50,0,0,0,0,0,0,100,50,30,45,25,80
739,70,60,40,75,50,50,40,65,55,60,50,70,80,80,30,20,60,50,70,40,50,50,0,0,90,0,0,0,100,30,30,40,30,20
740,75,85,30,65,35,90,40,70,90,60,75,80,85,20,15,5,40,40,80,85,50,55,5,5,5,5,5,5,90,60,10,70,30,45
741,75,85,30,65,30,95,40,70,90,60,75,80,85,90,20,10,50,100,80,85,50,60,0,0,0,0,0,0,100,50,30,65,40,50
742,75,80,40,65,35,90,30,70,85,60,70,75,65,80,20,10,40,60,70,75,45,55,0,0,0,0,0,0,100,50,30,55,25,40
743,70,65,45,60,40,95,30,75,35,55,40,80,85,10,20,10,30,50,75,25,35,40,0,0,0,0,0,0,100,50,10,55,30,60
744,75,85,30,65,25,10,35,70,90,60,75,80,85,95,15,10,45,55,70,90,50,55,0,0,0,0,0,0,95,50,0,30,40,60
745,85,78,60,70,45,95,30,65,80,55,75,60,90,10,20,5,40,50,85,35,70,50,0,0,0,0,0,0,100,40,10,80,30,20
746,70,55,40,75,65,95,30,60,35,50,30,65,80,10,20,10,50,50,85,20,40,50,0,0,0,0,0,0,100,30,0,60,30,20
747,70,85,30,65,20,40,45,75,80,60,55,70,85,10,10,10,50,30,90,95,50,50,0,0,0,0,0,0,100,50,0,30,30,20
748,75,85,30,60,25,10,30,70,90,65,75,80,85,90,15,10,40,10,70,85,50,50,0,0,0,0,0,0,95,50,0,60,30,65
749,75,60,40,70,85,95,45,65,30,55,35,50,80,10,20,10,60,95,70,20,50,40,0,0,0,0,0,0,95,30,10,65,35,20
750,70,65,40,60,35,85,45,75,30,55,45,65,70,75,25,10,40,55,80,50,30,50,0,0,0,0,0,0,95,40,30,55,20,35
751,75,80,40,65,40,50,30,60,90,55,70,75,85,20,10,5,60,100,80,70,30,50,10,10,85,10,10,80,10,30,20,60,10,20
752,75,80,40,60,45,95,30,70,90,65,85,80,45,20,30,10,75,30,70,50,35,55,0,10,85,10,10,10,85,50,10,40,20,90
753,70,65,40,75,35,10,30,60,25,50,35,80,85,90,15,20,40,70,65,55,45,60,0,0,0,0,0,0,95,50,30,55,20,10
754,70,85,40,65,30,95,35,75,25,60,45,80,90,85,15,5,50,50,80,75,60,55,0,0,0,0,0,0,100,30,35,50,20,10
755,70,65,40,55,35,95,45,60,85,50,75,70,60,80,30,20,55,100,75,50,40,50,0,10,85,10,10,10,85,30,30,45,20,30
756,70,65,40,60,30,10,30,75,35,50,45,60,70,80,20,10,40,90,80,55,30,50,0,0,0,0,0,0,100,30,50,40,20,30
757,75,80,30,65,25,85,40,70,70,60,55,65,80,90,15,10,40,60,75,85,50,55,10,10,10,10,10,10,90,50,30,40,35,45
758,75,80,40,65,30,85,35,70,85,60,75,70,90,20,30,10,40,95,80,65,50,45,5,10,5,5,5,5,90,50,20,70,30,35
759,70,65,45,60,35,95,30,55,40,30,50,75,80,0,20,10,60,0,85,35,40,50,0,0,90,0,0,10,85,25,30,55,10,20
760,75,85,20,60,10,40,30,70,90,65,55,80,85,70,10,15,50,50,75,95,30,50,90,10,10,10,10,10,80,40,10,20,30,40
761,85,90,20,65,25,45,30,75,95,80,70,85,70,30,10,15,50,50,80,95,40,50,85,10,10,10,10,10,90,60,10,30,30,40
762,75,85,30,65,30,10,40,70,95,60,75,80,85,80,20,10,60,100,70,85,50,55,95,5,5,5,5,5,90,50,30,60,40,30
763,75,68,40,65,30,95,35,70,55,60,50,75,80,20,30,10,40,60,85,50,45,55,0,0,0,0,0,0,100,30,20,60,35,40
764,75,60,40,65,60,30,30,50,55,45,50,60,55,80,20,10,40,60,70,30,35,50,0,0,0,0,0,0,95,40,20,55,30,70
765,75,60,65,70,85,95,40,60,30,50,40,70,80,10,20,10,60,90,75,20,50,50,10,85,70,10,10,10,85,30,10,65,30,20
766,75,60,65,70,70,95,40,60,30,50,40,65,80,10,20,10,60,50,85,20,50,40,0,0,0,0,0,0,95,30,10,70,30,40
767,75,68,45,60,35,95,30,70,55,65,50,55,85,10,25,10,60,80,70,35,40,50,0,0,0,0,0,0,95,50,10,60,30,20
768,75,80,40,65,35,10,30,70,85,60,55,75,85,60,20,10,30,60,70,75,40,50,0,0,0,0,0,0,95,50,20,60,30,40
769,75,68,30,60,25,40,35,70,85,65,55,50,75,80,15,20,55,70,60,80,40,50,95,5,5,5,5,5,40,30,10,35,20,30
770,75,80,40,65,45,10,30,70,90,60,75,65,85,90,20,10,40,50,80,70,50,55,0,0,0,0,0,0,95,50,30,60,35,40
771,75,85,30,65,25,90,35,70,90,60,75,80,85,80,15,10,40,75,65,85,50,55,10,5,5,5,5,5,90,60,30,65,40,50
772,75,85,30,65,30,95,40,70,80,60,70,85,90,95,20,10,50,50,85,80,50,50,80,10,90,10,10,10,90,50,30,60,40,30
773,75,60,40,80,45,10,30,65,35,50,30,55,85,70,10,20,30,95,70,40,50,60,0,0,0,0,0,0,95,30,10,65,20,10
774,75,65,40,60,45,85,30,70,80,55,60,50,70,20,30,10,40,30,70,35,45,50,0,0,0,0,0,0,95,30,10,55,20,30
775,65,70,40,60,25,85,30,55,45,60,50,75,55,70,35,20,40,30,80,65,40,50,0,0,0,0,0,0,100,30,70,45,25,35
776,75,85,30,65,35,10,40,70,90,60,75,80,85,90,20,10,30,60,70,85,50,55,0,0,0,0,0,0,95,50,30,60,40,55
777,75,60,40,65,30,95,35,80,25,50,45,60,85,10,20,15,40,60,70,30,55,45,5,5,5,5,5,5,90,35,20,50,30,40
778,65,78,40,60,30,10,20,70,35,55,45,80,75,90,25,10,30,60,85,70,50,40,0,0,0,0,0,0,95,60,30,45,35,55
779,65,58,45,60,30,75,40,70,35,50,45,65,75,20,30,15,60,100,70,40,35,50,80,10,90,10,10,10,10,30,20,40,25,30
780,75,60,40,70,35,90,30,65,45,55,40,50,80,10,20,10,40,50,70,30,50,50,0,0,0,0,0,0,100,30,20,60,30,20
781,75,85,40,60,30,95,35,70,90,65,80,75,85,20,15,5,45,60,80,85,50,60,0,0,0,0,0,0,100,55,30,65,25,40
782,75,60,40,80,45,70,30,65,35,50,40,70,85,20,10,15,30,60,90,25,55,60,0,0,0,0,0,0,100,30,30,50,20,10
783,75,60,30,65,60,40,70,80,85,70,55,65,75,30,20,10,50,30,55,50,30,50,0,0,0,0,0,0,95,40,20,35,10,45
784,75,80,40,65,45,90,30,60,90,50,70,85,70,95,30,10,50,20,80,60,55,40,0,0,0,0,0,0,100,30,20,60,30,75
785,75,85,30,60,35,85,40,65,90,55,70,75,80,20,15,5,50,100,85,80,40,50,0,10,90,10,10,10,85,30,30,60,20,30
786,75,85,30,65,10,45,35,70,80,60,55,75,85,60,20,10,50,50,90,95,40,50,10,10,10,10,10,10,90,50,10,30,60,30
787,75,65,40,70,45,10,30,60,70,55,50,65,80,20,10,10,50,100,85,45,30,50,0,90,85,10,10,10,90,30,10,55,20,10
788,75,68,45,70,40,10,30,60,35,55,40,65,80,85,20,10,45,60,75,50,30,50,0,0,0,0,0,0,95,30,20,60,35,25
789,75,80,30,65,25,40,45,70,85,60,55,75,80,10,20,10,50,30,70,90,35,40,0,0,0,0,0,0,100,50,0,30,40,30
790,75,85,30,60,30,10,40,70,90,65,75,80,85,90,20,10,40,60,70,80,50,55,0,0,0,0,0,0,100,50,30,60,35,40
791,75,80,40,65,30,85,45,70,90,60,75,65,85,20,30,10,40,50,80,70,50,55,0,0,0,0,0,0,95,50,20,60,30,40
792,75,80,60,70,40,30,40,65,90,50,70,85,80,20,10,5,60,100,85,75,55,60,10,80,75,10,10,30,60,40,30,70,20,50
793,70,65,60,75,35,95,30,80,40,60,50,85,80,20,45,10,50,100,90,30,55,40,10,85,70,20,10,10,85,50,30,65,35,40
794,70,85,30,65,25,40,45,75,70,60,55,80,75,90,20,10,50,70,85,90,60,50,30,10,85,10,10,20,70,40,30,50,30,40
795,75,85,20,60,25,40,30,70,90,65,70,80,85,90,10,10,50,30,80,95,50,50,10,10,10,10,10,10,90,50,10,30,30,40
796,75,80,40,65,30,10,35,70,60,55,50,65,85,90,20,10,40,80,70,75,45,50,0,0,0,0,0,0,95,30,30,55,25,35
797,75,65,40,70,60,10,30,60,85,50,55,70,80,90,20,30,40,60,70,55,40,50,0,0,0,0,0,0,100,30,30,40,20,20
798,75,85,30,60,25,85,40,70,90,65,75,80,85,90,20,10,50,95,80,85,55,60,95,5,10,5,5,5,90,40,30,65,45,70
799,70,65,30,60,25,40,35,75,45,55,40,60,70,85,10,15,45,65,75,80,30,50,10,10,10,10,10,10,90,50,20,30,25,40
800,75,80,40,65,35,90,30,70,50,60,55,75,85,90,20,10,40,70,80,65,50,55,10,10,10,10,10,10,90,50,30,60,35,40
801,75,85,40,65,30,90,35,70,90,60,75,80,85,20,30,10,50,80,70,75,50,55,10,85,20,10,10,10,85,50,30,60,35,40
802,70,65,40,60,25,85,30,75,35,50,45,60,70,10,20,10,50,100,80,55,30,50,90,10,10,10,10,10,10,30,20,40,30,60
803,75,65,40,70,45,10,30,60,35,50,40,65,80,90,20,10,30,20,85,55,50,60,0,0,0,0,0,0,95,45,30,65,40,55
804,75,68,40,60,45,30,45,70,85,65,70,55,80,20,35,15,60,50,75,50,40,55,0,0,0,0,0,0,95,30,25,50,30,20
805,75,65,45,70,30,85,35,60,30,50,55,70,80,60,25,10,40,75,85,40,55,60,5,5,5,5,5,5,90,30,30,65,20,35
806,85,70,40,75,65,10,30,60,80,55,50,65,90,70,20,10,40,50,85,55,35,45,0,0,0,0,0,0,100,40,20,60,30,50
807,70,85,30,65,25,10,35,75,40,60,45,80,90,95,20,10,40,100,85,90,50,60,95,5,5,5,5,5,90,30,30,50,40,70
808,75,80,60,70,30,90,40,65,50,45,55,70,85,20,30,10,60,100,80,60,50,40,0,0,0,0,0,0,100,30,30,60,20,40
809,70,65,45,60,30,85,35,75,50,60,55,70,80,10,20,10,60,100,85,40,30,50,10,30,70,10,10,20,70,40,30,55,20,60
810,75,68,40,65,30,85,35,70,80,60,70,55,90,10,20,10,60,65,75,50,40,50,0,0,0,0,0,0,95,30,10,60,20,30
811,75,68,30,65,35,90,40,70,75,60,55,50,85,80,20,10,50,70,60,70,40,50,0,0,0,0,0,0,100,50,30,60,35,40
812,75,65,40,60,45,95,30,70,70,60,55,50,80,10,30,10,50,90,80,30,40,50,0,0,0,0,0,0,100,30,0,60,20,30
813,75,85,30,65,30,85,40,70,90,60,75,80,85,60,20,10,45,55,80,75,40,50,0,0,0,0,0,0,95,50,30,60,35,85
814,75,80,40,65,35,95,30,70,85,60,70,75,65,80,30,10,40,85,70,55,50,60,0,0,0,0,0,0,100,50,30,60,20,80
815,70,65,55,60,30,95,35,75,40,50,45,60,85,10,20,10,40,50,75,30,50,55,0,80,10,0,0,0,95,30,20,65,35,25
816,75,85,30,80,25,85,40,60,90,55,70,75,90,85,20,10,60,80,70,80,50,55,30,70,85,20,10,10,70,40,20,60,30,20
817,75,85,20,60,10,40,30,80,90,70,65,85,55,70,10,15,60,85,75,95,30,50,95,5,5,5,5,5,30,40,10,20,30,40
818,75,60,45,80,90,100,30,70,35,65,40,55,85,0,20,10,40,100,70,25,60,50,0,0,0,0,0,0,100,30,0,70,35,20
819,65,70,40,60,25,10,30,10,35,45,30,85,75,90,20,15,30,85,70,75,40,60,95,5,5,5,5,5,90,30,30,20,10,20
820,75,65,40,80,35,85,45,60,30,50,45,70,65,85,20,15,55,75,70,55,30,60,10,5,5,5,5,5,85,40,30,50,20,25
821,75,85,40,65,35,85,45,60,80,55,65,70,90,90,20,10,50,75,85,70,50,55,0,0,0,0,0,0,100,30,30,60,40,35
822,75,85,30,60,20,40,35,70,90,65,55,75,80,20,10,15,40,50,60,95,50,40,5,5,5,5,5,5,90,30,10,20,30,40
823,70,65,40,60,35,95,30,75,50,60,55,70,85,10,30,10,50,100,80,40,50,40,0,0,0,0,0,0,100,30,20,50,10,20
824,75,60,65,80,60,10,30,40,35,25,30,50,85,0,10,10,50,75,90,20,40,50,90,0,0,0,0,0,10,10,0,60,30,10
825,75,65,40,60,55,95,30,70,85,60,55,75,80,10,20,5,60,50,70,30,40,50,0,0,0,0,0,0,95,30,10,70,20,40
826,85,70,40,75,80,95,30,60,85,55,65,70,80,10,20,10,60,90,70,30,40,50,0,0,0,0,0,0,100,30,0,65,35,20
827,75,85,40,65,35,85,45,70,90,60,75,80,90,20,15,5,50,75,80,85,55,60,10,10,10,10,10,10,90,50,30,70,35,40
828,85,80,60,70,40,95,30,65,90,75,70,85,90,0,20,10,60,0,80,40,50,55,0,90,30,0,0,0,0,30,0,75,30,20
829,75,85,60,70,45,10,30,65,90,50,70,80,90,95,20,5,30,95,85,75,60,50,0,0,0,0,0,0,100,40,10,65,30,40
830,85,70,65,75,75,95,40,60,50,55,45,65,90,20,30,10,50,80,80,30,70,50,0,0,0,0,0,0,100,40,0,75,30,20
831,75,65,40,70,60,10,30,50,90,60,70,55,80,85,20,10,40,0,60,50,30,50,0,0,0,0,0,0,95,30,0,60,30,20
832,75,65,40,80,35,85,45,60,70,55,50,65,75,20,30,15,60,85,85,55,40,50,10,5,5,5,5,5,85,45,30,60,25,30
833,75,80,40,65,25,85,30,70,85,60,70,75,60,80,30,10,50,50,70,75,40,50,0,0,0,0,0,0,95,50,30,60,30,40
834,65,70,45,60,30,95,35,75,25,50,30,80,85,10,20,10,60,10,85,35,40,50,10,90,10,10,10,10,85,30,10,55,30,20
835,70,60,40,65,45,30,35,75,20,60,30,55,80,10,10,10,50,85,70,40,50,55,0,0,0,0,0,0,100,30,70,40,30,20
836,75,80,30,65,25,40,45,60,90,55,70,75,65,30,10,20,50,50,85,85,35,50,95,5,5,5,5,5,90,40,30,60,45,70
837,85,75,40,65,55,30,45,60,90,50,70,75,80,10,20,10,40,70,85,55,30,50,90,10,10,10,10,10,90,30,20,60,30,40
838,70,65,40,60,30,85,35,55,45,50,40,65,75,80,20,10,40,60,75,55,30,50,90,10,10,10,10,10,85,30,30,45,20,30
839,75,65,40,70,55,85,45,60,85,70,65,55,70,30,20,10,40,80,80,35,40,50,0,0,0,0,0,0,95,50,10,60,30,20
840,75,85,30,65,25,85,40,70,60,55,45,80,90,95,20,10,50,100,70,85,50,55,95,5,5,5,5,5,90,30,30,60,40,30
841,75,85,30,65,35,90,30,70,80,60,70,85,65,40,20,10,40,50,75,70,50,60,0,0,0,0,0,0,100,50,30,55,20,40
842,75,80,40,65,25,85,30,70,60,50,55,75,90,10,35,10,50,100,80,70,40,50,0,0,0,0,0,0,100,30,30,60,20,40
843,75,85,40,65,35,95,30,70,80,60,70,75,90,60,20,10,45,75,85,70,50,55,10,10,10,10,10,10,90,50,30,65,35,40
844,70,65,30,55,20,40,35,75,45,60,40,50,70,80,10,10,50,100,85,80,30,50,95,5,5,5,5,5,45,30,10,20,30,20
845,70,65,30,50,10,40,30,80,20,75,35,60,85,20,45,10,40,30,90,95,50,50,85,10,10,10,10,10,90,50,10,10,30,20
846,75,68,30,70,35,40,45,60,85,55,65,50,70,20,15,25,40,90,60,75,40,50,90,0,0,0,0,0,10,30,30,45,20,35
847,75,65,30,60,35,85,40,70,85,60,70,55,50,20,30,40,40,100,70,50,30,40,0,0,0,0,0,0,100,30,20,40,20,30
848,75,80,30,65,35,5,30,70,85,60,55,75,80,10,10,0,50,100,70,65,40,50,95,0,0,0,0,0,5,30,0,45,20,10
849,85,70,60,75,80,95,40,65,80,55,60,70,85,10,20,10,60,85,75,30,50,40,0,0,0,0,0,0,95,30,10,70,35,40
850,70,65,55,60,30,95,40,75,35,60,45,70,80,10,25,10,50,30,85,30,50,50,0,90,10,10,10,10,90,50,30,60,30,40
851,75,65,40,70,45,90,30,60,70,55,50,65,80,20,30,10,50,60,85,35,40,50,0,0,0,0,0,0,100,30,10,60,20,40
852,70,65,40,75,25,85,30,60,35,50,45,65,80,10,20,10,40,90,85,45,30,50,0,0,0,0,0,0,100,30,20,55,10,20
853,75,80,40,65,35,95,45,70,85,60,75,80,85,30,20,10,50,60,70,65,55,50,0,0,0,0,0,0,100,50,30,70,35,40
854,75,85,30,60,30,95,40,70,90,65,70,60,80,90,20,10,40,60,75,80,50,55,5,5,5,5,5,5,90,50,10,40,30,35
855,75,80,40,65,45,95,30,70,90,60,75,85,80,10,20,10,60,100,85,50,55,40,10,85,75,30,10,20,70,30,20,60,35,40
856,75,80,40,60,60,10,30,70,90,65,75,85,80,20,10,5,50,50,85,70,40,50,0,0,0,0,0,0,100,50,0,60,30,70
857,75,80,60,70,35,10,40,65,50,55,50,70,85,90,30,10,50,75,80,65,50,55,0,0,0,0,0,0,100,30,0,60,35,40
858,75,85,30,65,20,45,35,70,40,60,35,80,70,10,25,15,55,95,90,95,30,50,95,5,5,5,5,5,40,30,10,20,35,20
859,75,85,40,65,30,95,35,60,90,55,80,70,65,90,30,10,60,100,85,75,45,50,10,20,80,10,10,30,70,35,60,55,25,40
860,75,80,30,65,25,85,40,70,75,60,55,85,65,90,20,10,50,75,80,85,45,55,10,10,10,10,10,10,90,50,30,40,35,60
861,75,60,45,65,35,95,30,70,40,55,45,60,80,10,25,10,40,50,70,30,50,40,5,5,5,5,5,5,90,30,10,60,35,50
862,75,60,40,80,35,95,45,70,50,65,55,75,85,20,30,15,60,50,85,40,50,60,0,0,0,0,0,0,100,50,30,65,45,35
863,70,55,40,65,60,95,30,75,35,60,40,50,70,10,20,10,40,80,75,20,30,50,0,0,0,0,0,0,100,30,20,40,30,20
864,70,85,30,60,25,10,30,65,90,75,70,80,90,85,15,10,30,40,80,95,50,55,95,5,5,5,5,5,90,60,30,40,35,45
865,75,85,40,65,45,10,30,70,90,60,75,80,85,90,20,10,30,10,80,70,50,55,0,0,0,0,0,0,100,50,30,60,40,50
866,75,80,30,85,20,90,60,70,85,65,55,75,80,90,35,10,40,60,70,80,45,50,0,0,0,0,0,0,100,50,30,40,20,10
867,85,78,40,65,55,45,40,70,90,60,55,75,80,30,20,10,50,85,70,65,50,55,95,5,5,5,5,5,90,30,10,40,35,60
868,70,65,40,55,35,10,30,60,75,50,55,70,65,85,30,20,40,70,60,65,35,50,0,0,0,0,0,0,100,40,30,45,25,30
869,75,85,30,65,30,95,40,70,60,55,50,80,70,90,20,10,50,60,75,85,45,55,10,10,85,10,10,10,85,40,30,50,35,45
870,75,85,40,65,30,95,35,70,50,60,55,80,85,90,20,10,50,75,80,70,45,55,10,10,30,10,10,10,85,50,30,60,35,40
871,75,85,30,60,20,40,40,70,90,65,75,80,50,30,10,15,50,80,85,95,35,50,10,10,10,10,10,10,90,50,10,20,30,40
872,75,60,40,80,50,100,30,70,35,65,45,55,85,0,20,10,40,50,90,25,60,55,0,0,0,0,0,0,100,30,0,70,35,20
873,65,70,30,60,20,10,30,75,40,60,45,70,80,10,20,10,30,30,90,85,50,50,0,0,0,0,0,0,100,50,0,30,40,30
874,75,85,40,65,35,10,30,70,80,60,70,75,85,90,20,10,30,10,85,70,50,55,0,0,0,0,0,0,95,50,20,60,30,40
875,75,65,45,70,45,95,30,60,55,40,50,65,85,10,30,10,55,50,70,20,60,50,0,0,0,0,0,0,95,30,10,70,30,20
876,85,90,30,65,15,45,40,70,95,60,80,85,75,20,10,5,80,100,70,90,30,50,10,10,10,95,90,70,20,40,10,30,60,80
877,75,65,45,70,35,90,30,60,40,50,45,55,80,10,20,10,40,50,70,30,50,55,0,0,0,0,0,0,95,30,10,60,20,40
878,75,65,40,70,55,85,45,60,80,70,65,55,85,20,30,25,60,50,75,40,50,55,0,0,0,0,0,0,95,30,10,60,35,20
879,75,65,30,70,30,10,30,60,85,55,50,45,80,90,10,20,30,40,70,75,35,50,0,0,0,0,0,0,95,40,10,45,20,10
880,75,65,30,70,30,95,35,60,80,55,50,65,85,90,20,10,40,95,75,70,40,50,10,10,10,10,10,10,90,30,30,50,20,30
881,75,65,45,70,40,85,30,60,35,50,55,65,80,10,20,10,50,50,85,30,40,50,0,0,0,0,0,0,100,30,10,70,20,30
882,75,85,20,60,15,45,30,80,90,70,50,65,85,10,10,10,50,50,90,95,30,50,10,10,10,10,10,10,90,50,10,10,30,20
883,70,65,30,55,35,10,30,40,60,50,45,75,80,70,20,10,30,85,65,55,35,40,0,0,0,0,0,0,95,30,20,45,10,25
884,65,70,45,60,40,85,30,75,50,60,55,70,55,10,30,10,65,20,80,35,40,50,0,90,85,10,10,10,90,50,10,60,30,70
885,75,80,30,65,30,95,35,70,60,55,45,65,85,80,20,10,40,50,70,75,30,50,0,0,0,0,0,0,95,40,30,45,25,35
886,75,85,40,65,30,95,35,70,55,60,50,80,90,85,25,10,45,75,85,70,50,40,10,10,10,10,10,10,90,55,30,60,35,40
887,75,65,50,60,40,85,45,70,70,60,55,65,80,10,30,10,60,30,75,35,50,55,10,85,75,10,10,10,85,40,30,60,35,45
888,70,65,30,60,25,30,40,75,45,55,35,60,50,80,10,15,50,100,70,75,30,50,95,5,5,5,5,5,90,40,20,45,30,20
889,75,80,40,65,35,10,30,70,85,60,70,75,80,90,20,10,40,85,70,65,45,50,0,0,0,0,0,0,95,50,30,60,35,55
890,75,80,30,60,20,40,40,70,90,65,75,60,55,10,20,10,50,70,85,90,30,40,10,30,70,10,10,20,70,50,10,20,30,60
891,75,85,30,70,20,40,45,65,90,55,60,75,80,85,25,10,50,60,70,80,50,55,10,10,70,10,10,30,65,40,20,45,30,20
892,70,60,40,75,30,90,30,65,50,55,50,60,45,70,30,20,40,60,70,40,30,50,0,0,0,0,0,0,100,50,30,40,20,60
893,75,65,45,60,45,95,30,70,50,60,55,75,80,10,30,10,65,55,85,30,50,55,5,5,5,5,5,5,90,40,10,70,35,80
894,75,85,40,65,25,55,30,70,80,60,70,75,85,10,30,10,50,100,85,80,40,50,10,80,70,20,10,30,70,50,30,40,30,40
895,75,60,40,70,85,80,45,65,55,50,45,60,70,30,20,10,60,85,75,30,50,55,0,0,0,0,0,0,100,35,0,40,30,25
896,75,85,30,65,25,85,40,70,90,60,75,80,85,90,20,10,40,50,70,85,50,55,0,0,0,0,0,0,95,50,30,45,35,40
897,75,60,45,85,55,95,40,65,30,50,40,70,80,20,35,25,60,70,90,30,55,60,0,0,0,0,0,0,100,35,10,65,20,10
898,75,85,40,60,35,30,45,65,90,55,70,75,80,10,20,10,50,50,85,70,50,55,0,0,0,0,0,0,100,30,80,60,35,40
899,70,60,40,75,45,85,30,65,35,50,45,70,60,75,20,10,40,70,85,30,55,60,0,0,0,0,0,0,100,30,80,65,25,35
900,75,85,30,65,25,85,40,70,60,55,50,75,80,90,20,10,40,60,70,80,50,55,10,10,10,10,10,10,90,30,30,40,30,20
901,70,65,60,75,45,30,40,55,35,40,50,65,80,85,20,10,60,100,85,45,50,60,90,10,10,10,10,10,10,30,10,70,30,20
902,75,85,40,65,40,10,30,60,90,70,80,75,85,90,20,10,40,80,70,80,50,60,10,85,30,10,10,10,85,50,30,55,30,40
903,75,80,40,65,30,95,35,70,60,55,50,75,85,20,30,10,40,50,70,65,45,50,0,0,0,0,0,0,100,30,25,55,35,40
904,75,65,40,70,45,30,40,60,55,50,45,65,80,20,10,5,50,100,70,55,30,50,95,5,5,5,5,5,90,30,10,60,20,30
905,75,65,40,70,35,20,45,60,80,50,65,70,85,10,25,10,40,50,85,75,30,55,0,0,0,0,0,0,95,50,80,60,30,40
906,75,70,40,60,35,95,45,65,85,55,70,75,60,80,30,10,60,50,75,50,40,50,0,0,0,0,0,0,100,30,20,55,35,70
907,75,85,30,65,25,85,40,70,90,60,75,80,65,90,15,20,50,60,70,85,40,50,10,5,10,5,5,5,85,50,30,40,35,60
908,75,65,40,60,25,85,30,70,55,60,50,75,80,30,35,20,40,70,85,65,50,55,0,0,0,0,0,0,95,45,30,55,35,40
909,75,65,30,55,55,10,35,60,85,70,65,50,45,80,15,10,30,35,40,55,30,45,0,0,0,0,0,0,95,35,20,25,10,20
910,85,75,40,65,55,30,45,70,90,60,70,65,80,20,10,15,40,50,75,55,35,50,0,0,0,0,0,0,100,40,0,55,30,25
911,75,80,30,65,35,10,40,60,85,55,70,75,80,20,15,10,50,70,85,70,40,50,0,85,10,0,0,0,95,30,30,50,20,30
912,75,85,40,60,30,95,35,70,90,65,75,80,85,10,20,10,70,100,80,70,50,50,10,10,30,90,85,20,10,30,10,60,30,70
913,75,80,40,60,25,85,45,70,85,65,75,70,80,10,30,20,55,50,70,85,50,55,30,10,20,10,10,10,85,50,10,60,30,40
914,75,70,40,65,30,85,45,60,85,55,70,65,50,75,30,20,60,100,70,55,40,50,95,5,5,5,5,5,85,30,30,50,20,40
915,75,80,40,70,35,85,45,60,65,55,50,70,85,80,30,10,50,85,75,65,50,60,95,5,5,5,5,5,90,40,30,60,45,30
916,75,60,50,65,70,90,40,70,55,60,45,50,70,0,30,10,50,80,75,20,50,50,0,0,0,0,0,0,100,30,0,60,30,40
917,75,65,40,70,85,95,45,60,80,55,50,70,85,0,30,10,65,0,75,35,50,55,0,0,0,0,0,0,95,40,0,60,30,45
918,75,85,30,65,25,95,35,70,60,55,45,80,90,85,20,10,40,100,75,90,50,60,95,5,5,5,5,5,90,30,30,40,60,35
919,75,85,20,60,10,30,30,70,90,65,75,80,85,40,10,10,40,30,80,95,50,50,20,70,60,30,10,20,70,50,10,30,40,60
920,70,85,30,65,25,10,35,75,80,60,70,85,90,40,20,10,40,50,85,90,30,50,0,0,0,0,0,0,100,50,30,40,20,30
921,75,65,30,70,25,30,40,60,85,50,55,65,80,70,10,20,40,100,75,70,30,50,95,5,5,5,5,5,85,30,10,40,20,10
922,75,80,40,65,25,10,30,70,60,55,45,65,85,90,20,10,50,100,70,75,30,50,95,5,5,5,5,5,90,30,20,40,35,20
923,70,65,30,55,10,30,30,75,40,60,40,50,70,20,10,10,40,100,80,85,30,50,95,5,5,5,5,5,5,30,5,20,30,20
924,75,65,30,80,30,40,45,60,55,50,40,65,70,85,20,35,35,95,70,55,40,50,90,5,5,5,5,5,85,30,30,45,25,20
925,75,65,30,70,40,30,45,60,85,55,50,70,65,75,20,15,50,85,60,65,35,55,0,0,0,0,0,0,100,30,0,40,25,10
926,75,85,30,65,30,10,40,70,90,60,75,80,85,95,20,10,50,70,80,85,50,55,0,0,0,0,0,0,95,50,30,60,40,50
927,75,65,40,70,35,85,30,60,55,50,45,55,80,10,20,15,40,70,75,30,40,50,0,0,0,0,0,0,95,30,20,60,10,20
928,75,65,45,60,35,85,30,70,40,55,50,65,70,20,30,10,60,75,80,45,50,55,0,0,0,0,0,0,95,35,20,55,30,75
929,75,85,30,65,25,45,40,70,90,60,70,80,85,80,20,10,50,85,75,90,55,50,30,70,85,30,20,25,75,50,30,40,60,45
930,75,60,65,80,45,95,30,70,40,55,50,65,85,10,30,10,60,90,85,20,70,60,0,90,10,0,0,0,95,30,10,75,30,10
931,75,80,40,65,30,85,35,70,85,60,70,75,90,10,20,10,60,75,80,50,55,45,0,0,0,0,0,0,95,30,10,70,35,40
932,75,65,40,60,40,30,60,70,85,60,55,50,80,20,10,10,50,50,70,55,30,50,0,0,0,0,0,0,100,30,30,40,20,20
933,75,65,40,55,35,85,45,70,90,60,75,65,70,20,30,25,40,35,60,50,45,50,0,0,0,0,0,0,95,55,10,40,20,65
934,75,85,40,65,30,85,45,70,80,60,70,75,80,90,20,10,50,70,85,75,50,60,10,10,10,10,10,10,90,50,30,60,40,30
935,75,85,40,65,35,10,30,70,90,60,75,80,85,90,20,10,50,50,70,80,50,50,0,0,0,0,0,0,100,50,0,60,30,40
936,75,65,40,60,70,30,40,55,50,60,45,55,70,20,10,5,50,50,65,35,30,40,85,5,5,5,5,5,90,30,10,20,10,30
937,85,78,45,65,45,95,35,70,90,60,75,80,90,10,20,10,85,100,80,55,50,55,5,10,80,10,10,95,5,30,10,70,35,40
938,75,65,30,70,35,10,30,60,70,50,40,65,80,20,10,20,40,50,85,55,30,50,0,0,0,0,0,0,100,30,50,40,20,10
939,75,80,40,65,40,10,30,70,90,60,75,85,80,20,10,5,50,100,85,70,30,50,0,90,10,0,0,0,95,50,0,60,0,30
940,75,70,40,65,45,10,30,60,85,55,60,70,80,20,10,5,50,100,75,65,30,50,10,30,80,10,10,20,70,30,10,50,20,30
941,75,85,30,65,25,45,35,70,55,60,40,75,80,60,20,10,50,50,85,90,50,50,10,10,10,10,10,10,90,50,10,30,40,60
942,70,85,60,75,35,95,30,65,40,50,55,80,85,20,45,10,60,75,55,35,60,50,0,0,0,0,0,0,100,30,20,70,35,65
943,75,65,45,60,40,55,30,70,80,50,60,75,85,0,20,10,60,100,70,40,50,55,0,0,90,0,0,0,10,30,0,70,30,20
944,70,85,30,65,25,55,35,75,90,60,80,70,85,10,20,10,50,80,85,75,40,50,0,0,90,10,0,0,95,30,30,50,20,30
945,85,70,60,75,65,95,40,70,80,60,65,75,90,20,30,10,60,70,85,40,50,55,0,0,0,0,0,0,100,30,10,70,45,35
946,75,68,45,65,30,10,35,55,70,40,50,60,70,85,20,10,40,100,80,55,30,50,95,5,5,5,5,5,85,30,20,40,30,20
947,85,65,70,80,75,40,45,60,30,50,40,70,90,20,25,10,60,65,85,35,75,65,10,10,85,10,10,10,85,30,10,70,30,20
948,75,85,20,60,10,40,30,70,90,65,55,75,80,85,10,15,50,30,80,95,40,50,10,10,10,10,10,10,90,50,10,20,30,20
949,75,80,40,65,45,95,35,70,90,60,75,85,65,20,30,10,55,65,80,50,40,55,0,0,0,0,0,0,100,30,10,60,20,45
950,75,85,40,65,45,85,35,70,90,60,75,80,85,80,20,10,40,60,70,75,50,55,0,0,0,0,0,0,95,50,30,65,35,45
951,75,85,30,65,25,35,40,55,80,60,50,70,85,70,20,10,50,85,75,90,60,50,90,0,0,0,0,0,100,30,40,45,35,20
952,75,65,40,70,40,95,30,60,70,50,55,65,80,20,30,10,40,50,75,45,50,55,0,0,0,0,0,0,100,30,20,60,35,25
953,75,65,40,60,70,30,45,55,70,60,50,75,80,20,25,10,60,50,75,55,30,50,0,0,0,0,0,0,100,40,0,45,35,20
954,75,65,45,70,55,95,40,60,70,50,55,65,80,20,30,10,60,70,85,35,50,55,0,0,0,0,0,0,95,40,10,60,30,45
955,75,85,40,65,35,10,30,60,90,55,70,75,80,20,15,5,40,100,85,70,45,50,80,10,70,10,10,10,70,30,20,55,35,25
956,70,85,30,60,35,10,40,20,90,45,75,95,80,60,25,15,40,85,70,80,30,50,0,0,0,0,0,0,95,30,60,40,20,35
957,70,60,40,75,45,30,40,65,50,55,45,60,70,80,20,30,50,60,70,40,50,55,0,0,0,0,0,0,100,30,30,50,20,30
958,75,80,40,65,35,90,30,70,85,60,70,80,65,20,30,10,40,70,75,50,40,50,0,0,0,0,0,0,100,50,30,60,20,40
959,75,65,40,60,40,95,30,70,80,60,55,50,85,10,30,10,40,50,70,35,45,50,0,0,0,0,0,0,95,50,10,60,30,80
960,75,85,30,65,30,95,40,60,90,70,75,80,85,80,10,5,70,100,85,80,50,60,10,10,30,10,10,90,10,50,30,60,40,30
961,75,80,30,65,25,85,40,70,85,60,55,75,90,80,15,10,50,75,80,85,45,50,95,5,5,5,5,5,45,30,30,60,35,20
962,75,65,60,70,70,50,40,60,55,50,50,70,80,30,30,10,50,80,85,30,40,50,0,0,0,0,0,0,100,30,0,50,30,20
963,75,65,40,60,30,85,35,70,55,60,50,75,80,70,20,10,40,50,85,55,30,50,0,0,0,0,0,0,95,60,30,55,20,40
964,75,68,40,65,30,85,35,70,60,55,50,65,80,10,25,10,50,100,70,55,40,50,10,30,70,10,10,10,85,30,30,50,20,40
965,75,65,30,70,40,10,30,60,85,55,60,50,70,70,10,20,30,50,60,55,30,40,0,0,0,0,0,0,90,40,20,30,10,40
966,70,65,50,60,35,95,40,75,70,60,55,75,80,20,30,10,60,95,85,45,50,55,10,85,70,10,10,10,85,50,30,60,35,40
967,75,60,65,70,55,95,40,60,30,50,45,70,80,10,35,10,65,50,85,20,55,40,5,5,5,5,5,5,90,30,10,70,30,40
968,70,85,30,65,20,45,35,75,50,60,40,80,70,90,25,10,50,50,85,95,55,50,10,10,10,10,10,10,90,30,10,20,35,20
969,75,60,40,65,70,90,30,50,55,45,35,60,70,0,20,10,30,10,80,20,40,30,0,0,0,0,0,0,100,25,0,50,30,70
970,75,60,45,70,45,90,30,65,35,50,40,60,80,20,30,10,40,50,70,20,55,60,0,0,0,0,0,0,95,30,10,65,25,30
971,75,80,30,65,25,40,40,70,90,60,75,85,80,10,20,10,50,100,85,80,30,50,95,5,5,5,5,5,45,50,30,60,40,60
972,75,60,45,80,40,30,35,65,30,50,40,70,85,10,20,10,50,100,70,30,55,60,90,10,10,10,10,10,90,30,20,65,30,10
973,75,65,40,60,55,90,45,70,80,60,50,55,85,0,20,10,65,100,70,30,40,50,30,70,85,20,10,10,75,30,10,55,35,20
974,75,80,40,65,45,10,30,70,85,60,55,75,80,85,20,10,40,45,70,65,35,50,0,0,0,0,0,0,95,50,20,45,30,60
975,75,85,30,60,25,10,35,70,90,65,75,80,85,60,10,5,75,100,80,85,40,50,10,10,10,90,95,5,10,50,10,60,30,40
976,75,60,40,70,35,85,45,65,50,55,40,60,80,20,30,25,60,70,75,45,50,60,90,10,10,10,10,10,85,30,30,55,35,20
977,75,65,40,55,55,85,60,70,85,60,70,50,75,0,30,20,65,30,70,40,50,50,0,0,0,80,0,0,95,30,0,60,30,40
978,75,80,40,65,30,95,35,70,90,60,75,85,80,10,20,10,40,100,85,65,50,55,0,0,0,0,0,0,100,50,0,60,30,40
979,75,65,45,60,50,85,30,70,80,60,55,75,85,10,20,10,60,85,70,30,50,55,0,0,0,0,0,0,100,30,0,70,30,20
980,65,50,40,60,35,95,30,70,20,45,30,55,75,10,35,10,40,85,70,25,40,50,0,0,0,0,0,0,100,30,10,55,20,30
981,75,65,45,70,40,95,30,60,50,55,40,65,70,30,25,10,45,60,80,35,50,55,0,0,0,0,0,0,100,30,10,60,20,40
982,85,80,60,75,30,5,40,70,90,65,70,85,90,10,20,10,90,50,80,75,50,60,0,0,0,0,0,100,0,50,30,65,40,30
983,75,80,40,65,30,5,35,70,75,60,55,85,80,85,20,10,60,100,70,70,45,55,10,85,20,10,10,10,80,30,30,60,35,20
984,75,70,40,60,35,95,45,65,85,55,70,60,75,20,30,10,60,95,70,50,40,50,10,80,75,10,10,10,85,30,10,55,20,30
985,75,85,30,65,30,10,35,60,70,55,45,75,80,90,20,10,40,70,85,80,50,55,95,5,5,5,5,5,90,30,20,60,35,25
986,75,80,60,70,35,95,40,65,55,45,50,70,85,20,30,10,60,75,80,40,50,55,0,0,0,0,0,0,100,30,20,65,35,45
987,75,65,40,70,30,85,35,60,55,45,50,60,80,10,20,10,40,70,75,30,50,55,95,5,5,5,5,5,85,30,10,65,20,10
988,75,80,30,60,25,30,40,50,85,65,70,70,60,80,20,10,40,50,70,75,30,50,0,0,0,0,0,0,95,50,60,40,30,50
989,75,65,40,70,30,85,35,60,55,50,45,65,80,10,25,15,40,95,75,40,50,55,5,5,5,5,5,5,90,30,10,60,35,45
990,75,85,30,60,25,55,40,70,90,65,75,80,85,35,20,10,50,40,80,90,50,55,0,0,0,0,0,0,100,50,0,30,20,60
991,75,85,40,70,35,85,45,60,80,55,70,75,85,90,20,10,65,100,80,70,50,60,10,85,70,20,10,20,75,40,30,65,35,40
992,75,85,30,65,25,95,35,70,80,60,70,75,85,90,20,10,40,30,65,80,50,55,5,5,5,5,5,5,90,50,30,45,35,60
993,75,85,20,65,25,40,30,70,90,60,55,75,65,80,10,15,50,50,85,95,35,45,10,10,10,10,10,10,90,50,10,20,30,40
994,75,85,30,65,10,5,35,70,45,60,40,80,85,20,15,10,30,25,90,95,50,55,5,5,5,5,5,5,95,65,5,35,40,30
995,75,85,30,65,25,85,40,70,90,60,75,80,85,90,20,10,55,50,70,80,50,60,30,40,70,20,10,20,75,50,30,55,40,60
996,70,65,30,60,25,10,30,50,40,55,35,75,80,20,15,10,30,85,85,70,30,50,0,0,0,0,0,0,95,40,30,20,10,10
997,75,85,20,60,10,30,30,70,90,65,75,80,50,85,10,15,30,10,80,95,50,50,0,0,0,0,0,0,95,40,0,0,30,30
998,75,60,55,80,65,90,40,70,45,60,50,65,85,20,30,10,60,70,85,25,70,65,0,0,0,0,0,0,100,30,10,75,40,20
999,75,85,30,65,30,10,35,70,90,60,75,80,85,40,20,10,40,75,80,90,45,60,0,0,0,0,0,0,100,50,30,65,25,40
1000,75,65,45,60,40,95,40,70,70,60,55,65,80,0,30,10,50,90,75,35,50,50,0,0,0,0,0,0,100,30,0,55,20,30
1001,75,85,30,60,25,40,45,70,90,65,75,80,85,90,15,10,55,50,70,90,50,55,90,5,10,5,5,5,85,60,10,30,40,60
1002,75,60,40,65,40,85,45,70,35,55,40,60,80,10,20,10,60,100,70,30,50,50,95,5,5,5,5,5,5,30,10,60,30,20
1003,70,85,40,65,25,85,30,60,35,50,45,75,80,20,30,10,40,85,75,70,55,50,10,10,10,10,10,10,90,30,30,40,20,30
1004,75,85,20,60,25,40,30,70,90,65,75,80,50,85,10,15,55,60,80,95,30,50,10,10,10,10,10,10,90,40,10,10,30,40
