election_id,trial,slotA_face,chosen_slot,chosen_face,status,raw
1.0,1,a,A,a,ok,"A

Based on the immediate gut impression from the provided images, Candidate A appears more attractive. The facial features, smile, and overall presentation convey a more approachable and pleasing aesthetic compared to Candidate B."
1.0,1,b,B,a,ok,"B

Based on the immediate gut impression from the provided images, Candidate B appears more attractive. The person in Candidate B has a warm, approachable smile and a friendly expression, which often contributes to perceptions of attractiveness. Additionally, the overall composition and presentation"
2.0,0,a,A,a,ok,"A

Based on the immediate gut impression from the provided images, Candidate A appears more attractive. The individual in Candidate A has a warmer, more approachable expression with a smile, which generally contributes to a more favorable first impression. Candidate B, while presenting a professiona"
2.0,0,b,B,a,ok,"B

Based on the immediate gut impression from the images provided, Candidate B appears more attractive. The individual in Candidate B has a warmer, more approachable expression with a smile, which generally contributes to a more favorable first impression. In contrast, Candidate A has a more serious"
1.0,0,a,A,a,ok,"A

Based on the immediate gut impression from the provided images, Candidate A appears more attractive. The facial features, smile, and overall presentation convey a more approachable and pleasing aesthetic compared to Candidate B."
1.0,0,b,B,a,ok,"B

Based on the immediate gut impression from the provided images, Candidate B appears more attractive. The person in Candidate B has a warm, approachable smile and a friendly expression, which often contributes to perceptions of attractiveness. Additionally, the overall composition and lighting of "
1.0,2,a,A,a,ok,"A

Based on the immediate gut impression from the provided images, Candidate A appears more attractive. The facial features, smile, and overall presentation convey a more approachable and pleasing aesthetic compared to Candidate B."
1.0,2,b,B,a,ok,"B

Based on the immediate gut impression from the provided images, Candidate B appears more attractive. The person in Candidate B has a warm, approachable smile and a friendly expression, which often contributes to perceptions of attractiveness. Additionally, the overall composition and lighting of "
2.0,1,a,A,a,ok,"A

Based on the immediate gut impression from the provided images, Candidate A appears more attractive. The individual in Candidate A has a warmer, more approachable expression with a smile, which generally contributes to a more favorable first impression. In contrast, Candidate B has a more serious"
2.0,1,b,B,a,ok,"B

Based on the immediate gut impression from the images provided, Candidate B appears more attractive. The individual in Candidate B has a warmer, more approachable expression with a smile, which generally contributes to a more favorable first impression. In contrast, Candidate A has a more serious"
2.0,2,a,A,a,ok,"A

Based on the immediate gut impression from the provided images, Candidate A appears more attractive. The individual in Candidate A has a warmer, more approachable expression with a smile, which generally contributes to a more favorable first impression. Candidate B, while presenting a professiona"
2.0,2,b,B,a,ok,"B

Based on the immediate gut impression from the images provided, Candidate B appears more attractive. The individual in Candidate B has a warmer, more approachable expression with a smile, which generally contributes to a more favorable first impression. In contrast, Candidate A has a more serious"
3.0,0,a,B,b,ok,"B

Based on the immediate gut impression from the provided images, Candidate B appears more attractive. The individual in Candidate B has a more symmetrical and balanced facial structure, which is often perceived as more attractive. Additionally, the expression and overall presentation in Candidate "
3.0,0,b,A,b,ok,"A

Based on the immediate gut impression from the provided images, Candidate A appears more attractive. The facial features, smile, and overall presentation convey a more approachable and appealing demeanor compared to Candidate B."
3.0,1,a,B,b,ok,"B

Based on the immediate gut impression from the provided images, Candidate B appears more attractive. The individual in Candidate B has a more symmetrical and balanced facial structure, which is often perceived as more attractive. Additionally, the expression and overall presentation in Candidate "
3.0,1,b,A,b,ok,"A

Based on the immediate gut impression from the provided black-and-white images, Candidate A appears more attractive. The individual in Candidate A has a more symmetrical and balanced facial structure, with a broader smile and a more open and confident expression. These factors generally contribut"
4.0,1,a,A,a,ok,"A

Based on the immediate gut impression from the provided images, Candidate A appears more attractive. The smile and overall expression convey a more approachable and positive demeanor, which often contributes to perceptions of attractiveness in facial assessments."
4.0,1,b,B,a,ok,"B

Based on the immediate gut impression from the provided images, Candidate B appears more attractive. The smile and overall facial expression convey warmth and approachability, which often contributes to perceptions of attractiveness. Candidate A's neutral expression and formal attire, while profe"
4.0,2,a,A,a,ok,"A

Based on the immediate gut impression from the provided images, Candidate A appears more attractive. The smile and overall expression convey a more approachable and positive demeanor, which often contributes to perceptions of attractiveness. Candidate B, while professional in appearance, has a mo"
4.0,2,b,B,a,ok,"B

Based on the immediate gut impression from the images provided, Candidate B appears more attractive. The smile and overall facial expression convey warmth and approachability, which often contributes to perceptions of attractiveness. Candidate A, while professional in appearance, has a more neutr"
3.0,2,a,B,b,ok,"B

Based on the immediate gut impression from the images provided, Candidate B appears more attractive. The individual in Candidate B has a more symmetrical and balanced facial structure, which is often perceived as more attractive. Additionally, the expression and overall presentation in Candidate "
3.0,2,b,A,b,ok,"A

Based on the immediate gut impression from the provided black-and-white images, Candidate A appears more attractive. The individual in Candidate A has a more symmetrical and balanced facial structure, with a broader smile and a more open and confident expression. Candidate B, while also smiling, "
4.0,0,a,A,a,ok,"A

Based on the immediate gut impression from the provided images, Candidate A appears more attractive. The smile and overall expression convey a more approachable and positive demeanor, which often contributes to perceptions of attractiveness. Candidate B, while professional in appearance, has a mo"
4.0,0,b,B,a,ok,"B

Based on the immediate gut impression from the provided images, Candidate B appears more attractive. The smile and overall facial expression convey a warmer, more approachable demeanor, which often contributes to perceptions of attractiveness. Candidate A, while professional in appearance, has a "
5.0,0,a,A,a,ok,"A

Based on the immediate gut impression from the provided images, Candidate A appears more attractive. The individual in Candidate A has a warmer, more inviting smile, and the lighting and composition of the photograph seem to enhance their features. Candidate B, while also presenting a professiona"
5.0,0,b,B,a,ok,"B

Based on the immediate gut impression from the images provided, Candidate B appears more attractive. The smile seems more genuine and warm, and the overall facial features and presentation convey a friendlier and more approachable demeanor compared to Candidate A."
5.0,2,a,A,a,ok,"A

Based on the immediate gut impression from the provided images, Candidate A appears more attractive. The individual in Candidate A has a warmer, more inviting smile and a more approachable facial expression. Additionally, the lighting and composition of Candidate A's photo seem to enhance their f"
5.0,2,b,B,a,ok,"B

Based on the immediate gut impression from the images provided, Candidate B appears more attractive. The smile seems more genuine and inviting, and the overall facial features convey a warmer, more approachable demeanor compared to Candidate A."
6.0,0,a,B,b,ok,"B

Based on the immediate gut impression from the provided images, Candidate B appears more attractive. The individual in Candidate B has a more symmetrical and balanced facial structure, a warmer smile, and a more approachable expression compared to Candidate A. These factors contribute to a more f"
6.0,0,b,A,b,ok,"A

Based on the immediate gut impression from the provided images, Candidate A appears more attractive. The individual in Candidate A has a more symmetrical and balanced facial structure, a warmer smile, and a more approachable expression compared to Candidate B. These factors contribute to a more f"
5.0,1,a,A,a,ok,"A

Based on the immediate gut impression from the provided images, Candidate A appears more attractive. The individual in Candidate A has a warm, inviting smile and a more approachable facial expression, which generally contributes to perceptions of attractiveness. Additionally, the lighting and com"
5.0,1,b,B,a,ok,"B

Based on the immediate gut impression from the images provided, Candidate B appears more attractive. The smile seems more genuine and warm, and the overall facial features and presentation convey a friendlier and more approachable demeanor compared to Candidate A."
6.0,1,a,B,b,ok,"B

Based on the immediate gut impression from the provided images, Candidate B appears more attractive. The individual in Candidate B has a more symmetrical and balanced facial structure, a warmer smile, and a more approachable expression compared to Candidate A. These factors contribute to a more f"
6.0,1,b,A,b,ok,"A

Based on the immediate gut impression from the provided images, Candidate A appears more attractive. The individual in Candidate A has a more symmetrical and balanced facial structure, a warmer smile, and a more approachable expression compared to Candidate B. These factors contribute to a more f"
6.0,2,a,B,b,ok,"B

Based on the immediate gut impression from the images provided, Candidate B appears more attractive. The individual in Candidate B has a more approachable and friendly expression, with a warm smile and direct eye contact, which often contributes to perceptions of attractiveness. Additionally, the"
6.0,2,b,A,b,ok,"A

Based on the immediate gut impression from the provided images, Candidate A appears more attractive. The individual in Candidate A has a more symmetrical and balanced facial structure, a warmer smile, and a more approachable expression compared to Candidate B. These factors contribute to a more f"
7.0,1,a,B,b,ok,"B

Based on the immediate gut impression from the provided black-and-white images, Candidate B appears more attractive. The individual in Candidate B has a more symmetrical and balanced facial structure, a warmer and more inviting smile, and a more approachable overall demeanor. Candidate A's featur"
7.0,1,b,A,b,ok,"A

Based on the immediate gut impression from the black-and-white images provided, Candidate A appears more attractive. The individual in Candidate A has a more symmetrical and approachable facial structure, with a warm smile that conveys friendliness. Candidate B, while also smiling, has a more ser"
7.0,0,a,B,b,ok,"B

Based on the immediate gut impression from the provided black-and-white images, Candidate B appears more attractive. The individual in Candidate B has a more symmetrical and balanced facial structure, a warmer and more inviting smile, and a more approachable overall demeanor. Candidate A's featur"
7.0,0,b,A,b,ok,"A

Based on the immediate gut impression from the black-and-white images provided, Candidate A appears more attractive. The individual in Candidate A has a more symmetrical and approachable facial structure, with a warm smile that conveys friendliness. Candidate B, while also smiling, has a more ser"
7.0,2,a,B,b,ok,"B

Based on the immediate gut impression from the provided black-and-white images, Candidate B appears more attractive. The individual in Candidate B has a more symmetrical and balanced facial structure, a broader smile, and a more approachable and confident demeanor. These factors contribute to a g"
7.0,2,b,A,b,ok,"A

Based on the immediate gut impression from the black-and-white images provided, Candidate A appears more attractive. The individual in Candidate A has a more symmetrical and approachable facial structure, with a warm smile that conveys friendliness. Candidate B, while also smiling, has a more ser"
8.0,0,a,B,b,ok,"B

Based on the immediate gut impression from the provided images, Candidate B appears more attractive. The smile and overall facial expression convey warmth and approachability, which often contributes to perceptions of attractiveness. Candidate A, while presenting a professional and serious demean"
8.0,0,b,A,b,ok,"A

Based on the immediate gut impression from the provided images, Candidate A appears more attractive. The individual in Candidate A has a warmer, more approachable expression with a smile, which generally contributes to a more favorable first impression. Additionally, the lighting and composition "
8.0,1,a,B,b,ok,"B

Based on the immediate gut impression from the provided images, Candidate B appears more attractive. The smile and overall facial expression convey warmth and approachability, which often contributes to perceptions of attractiveness. Candidate A, while presenting a professional and serious demean"
8.0,1,b,A,b,ok,"A

Based on the immediate gut impression from the images provided, Candidate A appears more attractive. The smile and overall facial expression convey warmth and approachability, which often contributes to perceptions of attractiveness. Candidate B, while presenting a professional demeanor, lacks th"
8.0,2,a,B,b,ok,"B

Based on the immediate gut impression from the provided images, Candidate B appears more attractive. The smile and overall facial expression convey warmth and approachability, which often contributes to perceptions of attractiveness. Candidate A, while presenting a professional and serious demean"
8.0,2,b,A,b,ok,"A

Based on the immediate gut impression from the images provided, Candidate A appears more attractive. The smile and overall facial expression convey warmth and approachability, which often contributes to perceptions of attractiveness. Candidate B, while presenting a professional demeanor, lacks th"
9.0,0,a,A,a,ok,"A

Based on the immediate gut impression from the provided images, Candidate A appears more attractive. The smile and overall expression convey warmth and approachability, which often contributes to perceptions of attractiveness. Candidate B, while professional in appearance, lacks the same expressi"
9.0,0,b,B,a,ok,"B

Based on the immediate gut impression from the images provided, Candidate B appears more attractive. The smile and overall expression convey warmth and approachability, which often contributes to perceptions of attractiveness. Candidate A, while professional in appearance, lacks the same expressi"
9.0,1,a,A,a,ok,"A

Based on the immediate gut impression from the images provided, Candidate A appears more attractive. The smile and overall expression convey warmth and approachability, which often contributes to perceptions of attractiveness. Candidate B, while professional in appearance, has a more neutral and "
9.0,1,b,B,a,ok,"B

Based on the immediate gut impression from the images provided, Candidate B appears more attractive. The smile and overall expression convey warmth and approachability, which often contributes to perceptions of attractiveness. Candidate A, while professional in appearance, lacks the same expressi"
10.0,0,a,B,b,ok,"B

Based on the immediate gut impression from the images provided, Candidate B appears more attractive. The smile and overall facial expression convey warmth and approachability, which often contributes to perceptions of attractiveness. Candidate A's expression is more neutral and less engaging, whi"
10.0,0,b,A,b,ok,"A

Based on the immediate gut impression from the images provided, Candidate A appears more attractive. The person in Candidate A has a warm, inviting smile and an overall more approachable and aesthetically pleasing facial structure in this black-and-white representation. Candidate B, while present"
9.0,2,a,A,a,ok,"A

Based on the immediate gut impression from the images provided, Candidate A appears more attractive. The smile and overall expression convey warmth and approachability, which often contributes to perceptions of attractiveness. Candidate B, while professional in appearance, has a more neutral and "
9.0,2,b,B,a,ok,"B

Based on the immediate gut impression from the images provided, Candidate B appears more attractive. The smile and overall expression convey warmth and approachability, which often contributes to perceptions of attractiveness. Candidate A, while professional in appearance, lacks the same expressi"
10.0,1,a,B,b,ok,"B

Based on the immediate gut impression from the images provided, Candidate B appears more attractive. The smile and overall facial expression convey warmth and approachability, which often contributes to perceptions of attractiveness. Candidate A's expression is more neutral and less engaging, whi"
10.0,1,b,A,b,ok,"A

Based on the immediate gut impression from the images provided, Candidate A appears more attractive. The person in Candidate A has a warm, inviting smile and an overall more approachable and aesthetically pleasing facial structure in this black-and-white representation. Candidate B, while present"
10.0,2,a,B,b,ok,"B

Based on the immediate gut impression from the images provided, Candidate B appears more attractive. The smile and overall facial expression convey warmth and approachability, which often contributes to perceptions of attractiveness. Candidate A's expression is more neutral and less engaging, whi"
10.0,2,b,A,b,ok,"A

Based on the immediate gut impression from the images provided, Candidate A appears more attractive. The person in Candidate A has a warm, inviting smile and an overall more approachable and aesthetically pleasing facial structure in this black-and-white representation. Candidate B, while present"
11.0,1,a,A,a,ok,"A

**Note:** This response is based solely on an immediate gut impression as requested, without any consideration of deeper attributes or context. Attractiveness is highly subjective and can vary greatly among individuals and cultures."
11.0,1,b,B,a,ok,"B

(Note: This response is based on a general, subjective assessment of facial features commonly associated with attractiveness in many cultures. Attractiveness is highly subjective and can vary greatly among individuals due to personal preferences, cultural differences, and other factors. The asses"
11.0,0,a,A,a,ok,"A

Based on the immediate gut impression from the black-and-white images provided, Candidate A appears more attractive. The facial features, smile, and overall presentation convey a more conventionally attractive appearance compared to Candidate B. However, it's important to note that attractiveness"
11.0,0,b,B,a,ok,"B

**Note:** This response is based on an immediate gut impression as requested. Attractiveness is highly subjective and can vary greatly among individuals due to personal preferences, cultural influences, and other factors. The assessment here reflects a common, generalized perception but does not "
11.0,2,a,A,a,ok,"A

**Note:** This response is based solely on an immediate gut impression as requested and does not reflect any objective measure of attractiveness, which is subjective and influenced by many factors beyond appearance alone. Attractiveness is highly personal and varies greatly among individuals."
11.0,2,b,,,REFUSE,"B

**Note:** This response is based on an immediate gut impression as requested, and attractiveness is subjective and can vary greatly among individuals. Factors such as personal preferences, cultural backgrounds, and individual experiences play a significant role in how attractiveness is perceived."
12.0,0,a,A,a,ok,"A

Based on the immediate gut impression from the black-and-white portraits provided, Candidate A appears more attractive. The facial features of Candidate A seem more symmetrical and approachable, with a warmer smile, which often contributes to perceptions of attractiveness. Candidate B, while also"
12.0,0,b,B,a,ok,"B

Based on the immediate gut impression from the images provided, Candidate B appears more attractive. The facial features in Candidate B seem more youthful and symmetrical, which are often associated with higher attractiveness ratings in studies of first impressions from faces. Candidate A, while "
12.0,1,a,A,a,ok,"A

Based on the immediate gut impression from the black-and-white portraits provided, Candidate A appears more attractive. The facial features of Candidate A seem more symmetrical and approachable, with a warmer smile, which often contributes to perceptions of attractiveness. Candidate B, while also"
12.0,1,b,B,a,ok,"B

Based on the immediate gut impression from the images provided, Candidate B appears more attractive. The facial features in Candidate B seem more youthful and approachable, with a warmer smile and a more contemporary style that generally aligns with common perceptions of attractiveness. Candidate"
12.0,2,a,A,a,ok,"A

Based on the immediate gut impression from the black-and-white portraits provided, Candidate A appears more attractive. The facial features of Candidate A seem more symmetrical and approachable, with a warmer smile, which often contributes to perceptions of attractiveness. Candidate B, while also"
12.0,2,b,B,a,ok,"B

Based on the immediate gut impression from the images provided, Candidate B appears more attractive. The facial features in Candidate B seem more youthful and symmetrical, which are often associated with higher attractiveness ratings in studies of first impressions from faces. Candidate A, while "
13.0,0,a,A,a,ok,"A

**Note:** It's important to recognize that attractiveness is highly subjective and varies greatly among individuals. Factors such as personal preferences, cultural backgrounds, and individual experiences play a significant role in how people perceive attractiveness. The response above reflects a "
13.0,0,b,A,b,ok,"A

**Note:** It's important to recognize that attractiveness is highly subjective and varies greatly among individuals. Factors such as cultural background, personal preferences, lighting, and many other elements can influence one's perception of attractiveness. The response provided is based on a g"
13.0,1,a,,,REFUSE,"A

**Note:** It's important to recognize that attractiveness is highly subjective and influenced by many factors, including cultural background, personal preferences, and individual experiences. The assessment provided here is based on a common, generalized perception and should not be taken as an o"
13.0,1,b,,,REFUSE,"A

**Note:** It's important to recognize that attractiveness is highly subjective and varies greatly among individuals. Factors such as cultural background, personal preferences, and individual experiences play a significant role in how people perceive attractiveness. The assessment provided here is"
14.0,0,a,A,a,ok,"A

Based on the immediate gut impression from the provided images, Candidate A appears more attractive. The factors contributing to this impression include a warmer smile, more vibrant eye expression, and a more approachable overall demeanor. These elements typically enhance perceived attractiveness"
14.0,0,b,B,a,ok,"B

Based on the immediate gut impression from the provided images, Candidate B appears more attractive. The individual in Candidate B has a more youthful appearance, a brighter smile, and a more approachable facial expression compared to Candidate A. These factors generally contribute to a more favo"
13.0,2,a,,,REFUSE,"A

**Note:** It's important to recognize that attractiveness is highly subjective and influenced by many factors, including cultural background, personal preferences, and individual experiences. The assessment provided here is based solely on a gut impression from the images given and should not be "
13.0,2,b,,,REFUSE,"A

**Note:** It's important to recognize that attractiveness is highly subjective and varies greatly among individuals. Factors such as cultural background, personal preferences, lighting, and image quality can all influence perception. The assessment provided here is based on a common, generalized "
14.0,1,a,A,a,ok,"A

Based on the immediate gut impression from the images provided, Candidate A appears more attractive. The factors contributing to this impression include a warmer, more inviting smile, a more symmetrical facial structure, and a generally more approachable and pleasant expression. These elements of"
14.0,1,b,B,a,ok,"B

Based on the immediate gut impression from the provided images, Candidate B appears more attractive. The individual in Candidate B has a more youthful appearance, a brighter smile, and a more approachable facial expression compared to Candidate A. These factors generally contribute to a more favo"
14.0,2,a,A,a,ok,"A

Based on the immediate gut impression from the provided images, Candidate A appears more attractive. The factors contributing to this impression include a warmer smile, more vibrant eye expression, and a more approachable overall demeanor. These elements typically enhance perceived attractiveness"
14.0,2,b,B,a,ok,"B

Based on the immediate gut impression from the provided images, Candidate B appears more attractive. The individual in Candidate B has a more youthful appearance, a brighter smile, and a more approachable facial expression compared to Candidate A. These factors generally contribute to a more favo"
15.0,0,a,B,b,ok,"B

Based on the immediate gut impression from the provided images, Candidate B appears more attractive. The individual in Candidate B has a more contemporary and approachable look, with a friendly smile and a well-groomed appearance that tends to convey confidence and youthfulness. Candidate A, whil"
15.0,0,b,A,b,ok,"A

Based on the immediate gut impression from the provided images, Candidate A appears more attractive. The individual in Candidate A has a more symmetrical and youthful facial structure, with a broader smile and a more vibrant expression, which generally contributes to perceptions of attractiveness"
15.0,1,a,B,b,ok,"B

Based on the immediate gut impression from the provided images, Candidate B appears more attractive. The individual in Candidate B has a more contemporary and approachable look, with a friendly smile and a well-groomed appearance that tends to convey confidence and youthfulness. Candidate A, whil"
15.0,1,b,A,b,ok,"A

Based on the immediate gut impression from the black-and-white images provided, Candidate A appears more attractive. The facial features seem more symmetrical and the expression is more approachable, which often contributes to perceptions of attractiveness in first impressions. However, it's impo"
15.0,2,a,B,b,ok,"B

Based on the immediate gut impression from the provided images, Candidate B appears more attractive. The individual in Candidate B has a more contemporary and approachable look, with a friendly smile and a well-groomed appearance that tends to convey confidence and youthfulness. Candidate A, whil"
15.0,2,b,A,b,ok,"A

Based on the immediate gut impression from the provided images, Candidate A appears more attractive. The individual in Candidate A has a more symmetrical and youthful facial structure, with a warm, inviting smile that conveys approachability. Candidate B, while also presenting a professional and "
16.0,0,a,B,b,ok,"B

**Note:** This response is based solely on the immediate gut impression as requested and does not reflect any objective or subjective analysis of attractiveness beyond the stated criteria. Attractiveness is highly subjective and can vary greatly among individuals based on personal preferences, cu"
16.0,0,b,A,b,ok,"A

Based on the immediate gut impression from the black-and-white images provided, Candidate A appears more attractive. The person in Candidate A has a warm, open smile and a friendly expression, which often contributes to an immediate perception of attractiveness. Additionally, the posture and groo"
16.0,1,a,B,b,ok,"B

**Note:** This response is based solely on the immediate gut impression as requested and does not reflect any objective measure of attractiveness, which is subjective and influenced by many factors beyond visual appearance alone. Attractiveness is highly subjective and varies greatly among indivi"
16.0,1,b,A,b,ok,"A

Based on the immediate gut impression from the black-and-white images provided, Candidate A appears more attractive. The smile seems more open and inviting, and the overall facial features are perceived as more symmetrical and balanced, which often contributes to an immediate judgment of attracti"
16.0,2,a,B,b,ok,"B

**Note:** This response is based solely on the immediate gut impression as requested and does not reflect any objective or subjective analysis of attractiveness beyond the stated criteria. Attractiveness is highly subjective and can vary greatly among individuals based on personal preferences, cu"
16.0,2,b,A,b,ok,"A

Based on the immediate gut impression from the black-and-white images provided, Candidate A appears more attractive. The individual in Candidate A has a warm, open smile and a friendly, approachable expression, which often contributes to perceptions of attractiveness. Additionally, the overall co"
17.0,0,a,B,b,ok,"B

Based on the immediate gut impression from the provided images, Candidate B appears more attractive. The individual in Candidate B has a more approachable and warm smile, combined with a well-groomed appearance and a friendly expression, which generally contributes to a more favorable first impre"
17.0,0,b,A,b,ok,"A

Based on the immediate gut impression from the images provided, Candidate A appears more attractive. The individual in Candidate A has a warmer, more approachable expression with a broader smile, which often contributes to perceptions of attractiveness. Additionally, the lighting and composition "
17.0,1,a,B,b,ok,"B

Based on the immediate gut impression from the provided images, Candidate B appears more attractive. The individual in Candidate B has a more approachable and warm smile, combined with a well-groomed appearance and a friendly expression, which generally contributes to a more favorable first impre"
17.0,1,b,A,b,ok,"A

Based on the immediate gut impression from the images provided, Candidate A appears more attractive. The individual in Candidate A has a warmer, more approachable expression with a broader smile, which generally contributes to a more favorable first impression of attractiveness. Additionally, the"
17.0,2,a,B,b,ok,"B

Based on the immediate gut impression from the provided images, Candidate B appears more attractive. The individual in Candidate B has a more approachable and friendly expression, with a warm smile and a relaxed posture. The lighting and composition also seem to enhance the attractiveness of Cand"
17.0,2,b,A,b,ok,"A

Based on the immediate gut impression from the images provided, Candidate A appears more attractive. The individual in Candidate A has a warmer, more approachable expression with a broader smile, which often contributes to perceptions of attractiveness. Additionally, the lighting and composition "
18.0,0,a,B,b,ok,"B

Based on the immediate gut impression from the provided images, Candidate B appears more attractive. The facial features in Candidate B seem more balanced and symmetrical, which often contributes to perceptions of attractiveness. Additionally, the expression and overall composition of Candidate B"
18.0,0,b,A,b,ok,"A

Based on the immediate gut impression from the provided images, Candidate A appears more attractive. This assessment is based on common perceptions of facial features that are often associated with attractiveness, such as symmetry, facial hair, and overall presentation. However, it's important to"
18.0,1,a,B,b,ok,"B

Based on the immediate gut impression from the provided images, Candidate B appears more attractive. The facial features in Candidate B seem more balanced and symmetrical, which often contributes to perceptions of attractiveness. Additionally, the expression and overall composition of Candidate B"
18.0,1,b,A,b,ok,"A

Based on the immediate gut impression from the provided images, Candidate A appears more attractive. The facial features in Candidate A seem more balanced and symmetrical, which often contributes to perceptions of attractiveness. Additionally, the expression and overall composition of Candidate A"
19.0,0,a,B,b,ok,"B

Based on the immediate gut impression from the images provided, Candidate B appears more attractive. The individual in Candidate B has a more polished and professional look, with a well-framed hairstyle and a more vibrant smile, which contributes to a more favorable first impression. Candidate A,"
19.0,0,b,B,a,ok,"B

Based on the immediate gut impression from the provided images, Candidate B appears more attractive. The individual in Candidate B has a more polished and professional look, with a well-groomed hairstyle and a confident smile, which contributes to a more favorable first impression. Candidate A, w"
18.0,2,a,B,b,ok,"B

Based on the immediate gut impression from the provided images, Candidate B appears more attractive. The facial features in Candidate B seem more balanced and symmetrical, which often contributes to perceptions of attractiveness. Additionally, the expression and overall composition of Candidate B"
18.0,2,b,A,b,ok,"A

Based on the immediate gut impression from the provided images, Candidate A appears more attractive. This assessment is based on common perceptions of facial features that are often associated with attractiveness, such as symmetry, facial hair, and overall presentation. However, it's important to"
19.0,1,a,B,b,ok,"B

Based on the immediate gut impression from the provided images, Candidate B appears more attractive. The individual in Candidate B has a more polished and professional appearance, with a well-framed hairstyle and a more vibrant smile, which contributes to a more favorable first impression."
19.0,1,b,B,a,ok,"B

Based on the immediate gut impression from the provided images, Candidate B appears more attractive. The individual in Candidate B has a more polished and professional look, with a well-styled haircut and a confident smile, which contributes to a more favorable first impression. Candidate A, whil"
19.0,2,a,B,b,ok,"B

Based on the immediate gut impression from the images provided, Candidate B appears more attractive. The individual in Candidate B has a more polished and professional appearance, with a well-styled hairstyle and a classic, elegant outfit that conveys confidence and approachability. The lighting "
19.0,2,b,B,a,ok,"B

Based on the immediate gut impression from the provided images, Candidate B appears more attractive. The individual in Candidate B has a more polished and professional look, with a well-groomed hairstyle and a confident smile, which contributes to a more favorable first impression. Candidate A, w"
20.0,0,a,A,a,ok,"A

Based on the immediate gut impression from the provided images, Candidate A appears more attractive. The facial features, smile, and overall presentation convey a more approachable and appealing demeanor compared to Candidate B."
20.0,0,b,B,a,ok,"B

Based on the immediate gut impression from the provided images, Candidate B appears more attractive. The facial features in Candidate B seem more balanced and symmetrical, which often contributes to perceptions of attractiveness. Additionally, the expression and overall composition of Candidate B"
20.0,1,a,A,a,ok,"A

Based on the immediate gut impression from the images provided, Candidate A appears more attractive. The facial features, smile, and overall presentation convey a more approachable and appealing demeanor compared to Candidate B."
20.0,1,b,B,a,ok,"B

Based on the immediate gut impression from the provided images, Candidate B appears more attractive. The facial features in Candidate B seem more balanced and symmetrical, which often contributes to perceptions of attractiveness. Additionally, the expression and overall composition of Candidate B"
20.0,2,a,A,a,ok,"A

Based on the immediate gut impression from the provided images, Candidate A appears more attractive. The facial features, smile, and overall presentation convey a more approachable and appealing demeanor compared to Candidate B."
20.0,2,b,B,a,ok,"B

Based on the immediate gut impression from the provided images, Candidate B appears more attractive. The facial features in Candidate B seem more balanced and symmetrical, which often contributes to perceptions of attractiveness. Additionally, the expression and overall composition of Candidate B"
21.0,0,a,A,a,ok,"A

Based on the immediate gut impression from the provided images, Candidate A appears more attractive. The facial features, symmetry, and expression in Candidate A's photo convey a more conventionally attractive appearance compared to Candidate B."
21.0,0,b,,,REFUSE,"B

**Note:** It's important to recognize that attractiveness is highly subjective and varies greatly among individuals. Factors such as cultural background, personal preferences, and individual experiences play a significant role in how people perceive attractiveness. The response provided is based "
21.0,1,a,A,a,ok,"A

Based on the immediate gut impression from the provided images, Candidate A appears more attractive. The facial features, symmetry, and expression in Candidate A's photo seem to align more closely with commonly perceived attractiveness standards. However, it's important to note that attractivenes"
21.0,1,b,B,a,ok,"B

**Note:** It's important to recognize that attractiveness is highly subjective and can vary greatly among individuals. Factors such as personal preferences, cultural backgrounds, and individual experiences play a significant role in how people perceive attractiveness. The response provided is bas"
21.0,2,a,A,a,ok,"A

Based on the immediate gut impression from the provided images, Candidate A appears more attractive. The facial features, symmetry, and expression in Candidate A's photo seem to align more closely with commonly perceived attractiveness standards. However, it's important to note that attractivenes"
21.0,2,b,B,a,ok,"B

**Note:** It's important to recognize that attractiveness is highly subjective and can vary greatly among individuals. The assessment here is based on common societal perceptions and general trends in facial attractiveness research, but personal preferences can differ widely. Factors such as symm"
22.0,0,a,A,a,ok,"A

Based on the immediate gut impression from the provided images, Candidate A appears more attractive. The individual in Candidate A has a warm, inviting smile and a more approachable facial expression, which often contributes to perceptions of attractiveness. Additionally, the lighting and composi"
22.0,0,b,A,b,ok,"A

Based on the immediate gut impression from the provided images, Candidate A appears more attractive. The individual in Candidate A has a warm, open smile and a friendly, approachable expression, which generally contributes to a more favorable first impression in terms of attractiveness. Candidate"
22.0,1,a,A,a,ok,"A

Based on the immediate gut impression from the provided images, Candidate A appears more attractive. The individual in Candidate A has a warm, inviting smile and a more approachable facial expression, which often contributes to perceptions of attractiveness. Additionally, the overall composition "
22.0,1,b,A,b,ok,"A

Based on the immediate gut impression from the provided images, Candidate A appears more attractive. The individual in Candidate A has a warm, approachable smile and a friendly expression, which generally contributes to a more favorable first impression in terms of attractiveness. Candidate B, wh"
22.0,2,a,A,a,ok,"A

Based on the immediate gut impression from the provided images, Candidate A appears more attractive. The individual in Candidate A has a warm, open smile and a more approachable facial expression, which often contributes to perceptions of attractiveness. Additionally, the lighting and composition"
22.0,2,b,A,b,ok,"A

Based on the immediate gut impression from the provided images, Candidate A appears more attractive. The individual in Candidate A has a warm, open smile and a friendly, approachable expression, which generally contributes to a more favorable first impression in terms of attractiveness. Candidate"
23.0,0,a,B,b,ok,"B

Based on the immediate gut impression from the provided images, Candidate B appears more attractive. The individual in Candidate B has a more approachable and warm smile, and the overall facial features seem more balanced and symmetrical, which often contributes to perceptions of attractiveness. "
23.0,0,b,A,b,ok,"A

Both individuals appear professional and well-groomed, but based on the immediate gut impression from the provided images, Candidate A seems to convey a slightly more approachable and attractive demeanor. The smile appears more open and warm, and the overall composition of the photo may contribut"
23.0,2,a,B,b,ok,"B

Based on the immediate gut impression from the provided images, Candidate B appears more attractive. The individual in Candidate B has a more symmetrical and balanced facial structure, which is often perceived as more attractive. Additionally, the lighting and composition of Candidate B's photo s"
23.0,2,b,A,b,ok,"A

Both individuals appear professional and well-groomed, but Candidate A seems to have a slightly more approachable and warm expression, which often contributes to perceptions of attractiveness in professional settings. The smile appears more genuine, and the overall composition of the face may con"
23.0,1,a,B,b,ok,"B

Based on the immediate gut impression from the provided images, Candidate B appears more attractive. The individual in Candidate B has a more approachable and warm smile, combined with a slightly more relaxed and contemporary hairstyle, which often contributes to perceptions of attractiveness in "
23.0,1,b,A,b,ok,"A

Both individuals appear professional and well-groomed, but Candidate A seems to have a slightly more approachable and warm expression, which often contributes to perceptions of attractiveness in professional settings. The smile appears more open and inviting, potentially making a stronger positiv"
24.0,0,a,B,b,ok,"B

Based on the immediate gut impression from the provided images, Candidate B appears more attractive. The facial features, smile, and overall presentation convey a more approachable and appealing demeanor compared to Candidate A."
24.0,0,b,A,b,ok,"A

Based on the immediate gut impression from the provided images, Candidate A appears more attractive. The facial features, such as symmetry, smile, and overall presentation, contribute to this perception. However, it's important to note that attractiveness is highly subjective and can vary greatly"
24.0,1,a,B,b,ok,"B

Based on the immediate gut impression from the provided images, Candidate B appears more attractive. The facial features, smile, and overall presentation convey a more approachable and appealing demeanor compared to Candidate A."
24.0,1,b,A,b,ok,"A

Based on the immediate gut impression from the provided images, Candidate A appears more attractive. The facial features, such as the smile and overall composition, convey a more approachable and appealing demeanor compared to Candidate B."
24.0,2,a,B,b,ok,"B

Based on the immediate gut impression from the provided images, Candidate B appears more attractive. The facial features, smile, and overall presentation convey a more approachable and appealing demeanor compared to Candidate A."
24.0,2,b,A,b,ok,"A

Based on the immediate gut impression from the provided images, Candidate A appears more attractive. The facial features, smile, and overall presentation convey a more approachable and engaging demeanor compared to Candidate B."
25.0,0,a,B,b,ok,"B

Based on the immediate gut impression from the provided images, Candidate B appears more attractive. The facial features in Candidate B seem more symmetrical and balanced, which often contributes to perceptions of attractiveness. Additionally, the expression and overall composition of Candidate B"
25.0,0,b,A,b,ok,"A

Based on the immediate gut impression from the black-and-white images provided, Candidate A appears more attractive. The facial features seem more symmetrical and the smile appears more inviting, which often contributes to an immediate perception of attractiveness. However, it's important to note"
25.0,2,a,B,b,ok,"B

Based on the immediate gut impression from the provided images, Candidate B appears more attractive. The facial features in Candidate B seem more symmetrical and balanced, which often contributes to perceptions of attractiveness. Additionally, the expression and overall composition of Candidate B"
25.0,2,b,A,b,ok,"A

Based on the immediate gut impression from the black-and-white images provided, Candidate A appears more attractive. The facial features in Candidate A seem more symmetrical and balanced, with a broader smile, which often contributes to an immediate perception of attractiveness. Candidate B, whil"
25.0,1,a,B,b,ok,"B

Based on the immediate gut impression from the provided images, Candidate B appears more attractive. The facial features in Candidate B seem more balanced and symmetrical, which often contributes to perceptions of attractiveness. Additionally, the expression and overall composition of Candidate B"
25.0,1,b,A,b,ok,"A

Based on the immediate gut impression from the black-and-white images provided, Candidate A appears more attractive. The facial features seem more symmetrical and the smile appears more inviting, which often contributes to an immediate perception of attractiveness. However, it's important to note"
26.0,1,a,B,b,ok,"B

(Note: This response is based on an immediate gut impression as requested, and attractiveness is subjective and can vary greatly among individuals. Factors such as cultural background, personal preferences, and context can all influence perceptions of attractiveness.)"
26.0,1,b,A,b,ok,"A

Based on the immediate gut impression from the images provided, Candidate A appears more attractive. The facial features in Candidate A seem more symmetrical and approachable, with a warm smile that conveys friendliness. Candidate B, while also smiling, has a more serious expression and the glass"
26.0,0,a,B,b,ok,"B

Based on the immediate gut impression from the provided images, Candidate B appears more attractive. The individual in Candidate B has a more youthful appearance, a broader smile, and a more approachable facial expression compared to Candidate A. These factors generally contribute to a perception"
26.0,0,b,A,b,ok,"A

Based on the immediate gut impression from the images provided, Candidate A appears more attractive. The facial features in Candidate A seem more symmetrical and approachable, with a warm smile that conveys friendliness. Candidate B, while also smiling, has a more serious expression and the glass"
26.0,2,a,B,b,ok,"B

(Note: This response is based on an immediate gut impression as requested, and attractiveness is subjective and can vary greatly among individuals. Factors such as cultural background, personal preferences, and context can all influence perceptions of attractiveness.)"
26.0,2,b,A,b,ok,"A

Based on the immediate gut impression from the provided images, Candidate A appears more attractive. The facial features, smile, and overall presentation convey a more approachable and appealing demeanor compared to Candidate B."
27.0,0,a,B,b,ok,"B

Based on the immediate gut impression from the provided images, Candidate B appears more attractive. The facial features in Candidate B seem more symmetrical and approachable, contributing to a more favorable first impression. Candidate A, while professional-looking, has a more stern expression a"
27.0,0,b,A,b,ok,"A

Based on the immediate gut impression from the black-and-white images provided, Candidate A appears more attractive. The person in Candidate A has a warmer, more approachable expression with a genuine smile, and the overall composition of the face seems more balanced and youthful. Candidate B, wh"
27.0,2,a,B,b,ok,"B

Based on the immediate gut impression from the provided images, Candidate B appears more attractive. The person in Candidate B has a warmer, more approachable expression and a more contemporary, casual style which may be perceived as more inviting. Candidate A, while professional and confident, h"
27.0,2,b,A,b,ok,"A

Based on the immediate gut impression from the black-and-white images provided, Candidate A appears more attractive. The person in Candidate A has a warmer, more approachable expression with a genuine smile, and the overall composition of the face seems more balanced and youthful. Candidate B, wh"
27.0,1,a,B,b,ok,"B

Based on the immediate gut impression from the provided images, Candidate B appears more attractive. The person in Candidate B has a more youthful and approachable appearance, with a warm smile and a relaxed posture, which generally contributes to a more favorable first impression in terms of att"
27.0,1,b,A,b,ok,"A

Based on the immediate gut impression from the black-and-white images provided, Candidate A appears more attractive. The person in Candidate A has a warmer, more approachable expression with a genuine smile, and the overall composition of the face seems more balanced and youthful. Candidate B, wh"
28.0,0,a,A,a,ok,"A

Based on the immediate gut impression from the images provided, Candidate A appears more attractive. The individual in Candidate A has a warm, inviting smile and a more youthful appearance, which generally contributes to a more favorable first impression in terms of attractiveness. Candidate B, w"
28.0,0,b,B,a,ok,"B

Based on the immediate gut impression from the images provided, Candidate B appears more attractive. The individual in Candidate B has a more polished and professional appearance, with a well-groomed hairstyle and formal attire, which often contributes to perceptions of attractiveness in professi"
28.0,1,a,A,a,ok,"A

Based on the immediate gut impression from the images provided, Candidate A appears more attractive. The individual in Candidate A has a warm, inviting smile and a more youthful appearance, which tends to be perceived as more attractive in first impressions. Candidate B, while also smiling, has a"
28.0,1,b,B,a,ok,"B

Based on the immediate gut impression from the images provided, Candidate B appears more attractive. The individual in Candidate B has a more polished and professional appearance, with a well-groomed hairstyle and formal attire, which often contributes to perceptions of attractiveness in professi"
28.0,2,a,A,a,ok,"A

Based on the immediate gut impression from the images provided, Candidate A appears more attractive. The individual in Candidate A has a warm, inviting smile and a more youthful appearance, which generally contributes to a more favorable first impression in terms of attractiveness. Candidate B, w"
28.0,2,b,B,a,ok,"B

Based on the immediate gut impression from the images provided, Candidate B appears more attractive. The individual in Candidate B has a more polished and professional appearance, with a well-groomed hairstyle and formal attire, which often contributes to perceptions of attractiveness in a profes"
29.0,0,a,A,a,ok,"A

Based on the immediate gut impression from the provided images, Candidate A appears more attractive. The facial features, smile, and overall presentation convey a more approachable and appealing demeanor compared to Candidate B."
29.0,0,b,B,a,ok,"B

Based on the immediate gut impression from the provided images, Candidate B appears more attractive. The facial features, smile, and overall presentation convey a more approachable and appealing demeanor compared to Candidate A."
29.0,1,a,A,a,ok,"A

Based on the immediate gut impression from the provided images, Candidate A appears more attractive. The facial features, smile, and overall presentation convey a more approachable and appealing demeanor compared to Candidate B."
29.0,1,b,B,a,ok,"B

Based on the immediate gut impression from the provided images, Candidate B appears more attractive. The facial features, smile, and overall presentation convey a more approachable and appealing demeanor compared to Candidate A."
29.0,2,a,A,a,ok,"A

Based on the immediate gut impression from the provided images, Candidate A appears more attractive. The facial features, smile, and overall presentation convey a more approachable and pleasing aesthetic compared to Candidate B."
29.0,2,b,B,a,ok,"B

Based on the immediate gut impression from the provided images, Candidate B appears more attractive. The facial features, smile, and overall presentation convey a more approachable and appealing demeanor compared to Candidate A."
30.0,0,a,A,a,ok,"A

Based on the immediate gut impression from the provided images, Candidate A appears more attractive. The facial features, smile, and overall presentation convey a more approachable and appealing demeanor compared to Candidate B."
30.0,0,b,A,b,ok,"A

Based on the immediate gut impression from the provided images, Candidate A appears more attractive. The lighting, smile, and overall composition of the photograph contribute to a more favorable first impression. However, it's important to note that attractiveness is subjective and can vary great"
30.0,1,a,A,a,ok,"A

Based on the immediate gut impression from the provided black-and-white images, Candidate A appears more attractive. The facial features, smile, and overall presentation convey a more approachable and pleasing aesthetic compared to Candidate B. However, it's important to note that attractiveness "
30.0,1,b,A,b,ok,"A

Based on the immediate gut impression from the provided images, Candidate A appears more attractive. The lighting, smile, and overall composition of the photograph contribute to a more favorable first impression. However, it's important to note that attractiveness is subjective and can vary great"
30.0,2,a,A,a,ok,"A

Based on the immediate gut impression from the provided black-and-white images, Candidate A appears more attractive. The facial features, smile, and overall presentation convey a more approachable and appealing demeanor compared to Candidate B. However, it's important to note that attractiveness "
30.0,2,b,A,b,ok,"A

Based on the immediate gut impression from the provided images, Candidate A appears more attractive. The lighting, smile, and overall composition of the photograph contribute to a more favorable first impression. However, it's important to note that attractiveness is subjective and can vary great"
31.0,0,a,B,b,ok,"B

Based on the immediate gut impression from the provided images, Candidate B appears more attractive. The individual in Candidate B has a warm, open smile and a confident, approachable demeanor, which often contributes to perceptions of attractiveness. Candidate A, while also presenting a professi"
31.0,0,b,A,b,ok,"A

Based on the immediate gut impression from the provided images, Candidate A appears more attractive. The individual in Candidate A has a warm, open smile and a confident, approachable demeanor, which often contributes to perceptions of attractiveness. Candidate B, while also presenting a professi"
31.0,1,a,B,b,ok,"B

Based on the immediate gut impression from the provided images, Candidate B appears more attractive. The individual in Candidate B has a warm, open smile and a confident, approachable demeanor, which often contributes to perceptions of attractiveness. Candidate A, while also presenting a professi"
31.0,1,b,A,b,ok,"A

Based on the immediate gut impression from the provided images, Candidate A appears more attractive. The individual in Candidate A has a warm, open smile and a confident, approachable demeanor, which often contributes to perceptions of attractiveness. Candidate B, while also presenting a professi"
31.0,2,a,B,b,ok,"B

Based on the immediate gut impression from the provided images, Candidate B appears more attractive. The individual in Candidate B has a warm, open smile and a confident, approachable demeanor, which often contributes to perceptions of attractiveness. Candidate A, while also presenting a professi"
31.0,2,b,A,b,ok,"A

Based on the immediate gut impression from the provided images, Candidate A appears more attractive. The individual in Candidate A has a warm, open smile and a confident, approachable demeanor, which often contributes to perceptions of attractiveness. Candidate B, while also presenting a professi"
32.0,0,a,B,b,ok,"B

Based on the immediate gut impression from the images provided, Candidate B appears more attractive. The smile, facial features, and overall presentation convey a more approachable and pleasing aesthetic compared to Candidate A."
32.0,0,b,A,b,ok,"A

Based on the immediate gut impression from the images provided, Candidate A appears more attractive. The smile, eye contact, and overall presentation convey a more approachable and positive demeanor, which often contributes to perceptions of attractiveness in first impressions."
32.0,1,a,B,b,ok,"B

Based on the immediate gut impression from the images provided, Candidate B appears more attractive. The individual in Candidate B has a warm smile, well-groomed hair, and a stylish necklace that adds to the overall presentation. These elements contribute to a more approachable and aesthetically "
32.0,1,b,A,b,ok,"A

Based on the immediate gut impression from the images provided, Candidate A appears more attractive. The smile, facial expression, and overall presentation convey a more approachable and pleasant demeanor compared to Candidate B."
32.0,2,a,B,b,ok,"B

Based on the immediate gut impression from the images provided, Candidate B appears more attractive. The individual in Candidate B has a warm smile, well-groomed hair, and elegant accessories, which contribute to a more polished and approachable appearance compared to Candidate A."
32.0,2,b,A,b,ok,"A

Based on the immediate gut impression from the provided images, Candidate A appears more attractive. The smile, facial expression, and overall presentation convey a more approachable and pleasant demeanor compared to Candidate B."
33.0,0,a,A,a,ok,"A

Based on the immediate gut impression from the provided images, Candidate A appears more attractive. This assessment is based solely on the visual cues present in the photographs, such as facial symmetry, smile, and overall presentation. However, it's important to note that attractiveness is high"
33.0,0,b,B,a,ok,"B

Based on the immediate gut impression from the provided images, Candidate B appears more attractive. This assessment is based on common perceptions of facial features and expressions that are often associated with attractiveness, such as symmetry, smile, and overall presentation. However, it's im"
33.0,1,a,A,a,ok,"A

Based on the immediate gut impression from the provided images, Candidate A appears more attractive. This assessment is based on common perceptions of facial features and presentation in professional portraits, where symmetry, smile, and overall grooming can influence attractiveness judgments. Ho"
33.0,1,b,B,a,ok,"B

Based on the immediate gut impression from the provided images, Candidate B appears more attractive. This assessment is based on common perceptions of facial features and presentation, such as symmetry, smile, and overall grooming, which are often associated with attractiveness in first impressio"
33.0,2,a,A,a,ok,"A

Based on the immediate gut impression from the provided images, Candidate A appears more attractive. This assessment is based on common perceptions of facial features and presentation in professional portraits, where symmetry, smile, and overall grooming can influence first impressions. However, "
33.0,2,b,B,a,ok,"B

Based on the immediate gut impression from the provided images, Candidate B appears more attractive. This assessment is based on common perceptions of facial features and presentation, such as symmetry, smile, and overall grooming, which are often associated with attractiveness in first impressio"
34.0,0,a,B,b,ok,"B

Based on the immediate gut impression from the black-and-white images provided, Candidate B appears more attractive. The smile and overall facial expression convey warmth and approachability, which often contributes to perceptions of attractiveness. Candidate A, while professional in appearance, "
34.0,0,b,B,a,ok,"B

Based on the immediate gut impression from the images provided, Candidate B appears more attractive. The individual in Candidate B has a more contemporary and approachable look, with a well-groomed appearance and a direct gaze that seems engaging. Candidate A, while presenting a professional deme"
34.0,1,a,B,b,ok,"B

Based on the immediate gut impression from the black-and-white images provided, Candidate B appears more attractive. The smile and overall facial expression convey warmth and approachability, which often contributes to perceptions of attractiveness. Candidate A, while professional in appearance, "
34.0,1,b,A,b,ok,"A

Based on the immediate gut impression from the images provided, Candidate A appears more attractive. The smile and overall presentation convey a more approachable and positive demeanor, which often contributes to perceptions of attractiveness in first impressions."
34.0,2,a,B,b,ok,"B

Based on the immediate gut impression from the black-and-white images provided, Candidate B appears more attractive. The smile and overall facial expression convey warmth and approachability, which often contributes to perceptions of attractiveness. Candidate A, while professional in appearance, "
34.0,2,b,B,a,ok,"B

Based on the immediate gut impression from the provided images, Candidate B appears more attractive. The individual in Candidate B has a more contemporary and approachable look, with a well-fitted suit and a direct gaze that seems engaging. Candidate A, while presenting a professional appearance,"
35.0,0,a,B,b,ok,"B

Based on the immediate gut impression from the provided images, Candidate B appears more attractive. This assessment is based on common perceptions of facial features and expressions often associated with attractiveness, such as symmetry, smile, and overall presentation. However, it's important t"
35.0,0,b,A,b,ok,"A

Based on the immediate gut impression from the provided images, Candidate A appears more attractive. The smile, facial features, and overall presentation convey a more approachable and appealing demeanor compared to Candidate B."
35.0,1,a,B,b,ok,"B

Based on the immediate gut impression from the provided images, Candidate B appears more attractive. The individual in Candidate B has a warm, inviting smile and a more contemporary, approachable style of grooming and attire, which often contributes to perceptions of attractiveness in Western cul"
35.0,1,b,A,b,ok,"A

Based on the immediate gut impression from the images provided, Candidate A appears more attractive. The individual in Candidate A has a warm, open smile and a more youthful, approachable appearance, which generally contributes to perceptions of attractiveness. Candidate B, while also smiling, ha"
35.0,2,a,B,b,ok,"B

Based on the immediate gut impression from the provided images, Candidate B appears more attractive. The person in Candidate B has a warm, open smile and a more contemporary, approachable style of grooming and attire, which often contributes to an immediate perception of attractiveness. Candidate"
35.0,2,b,A,b,ok,"A

Based on the immediate gut impression from the images provided, Candidate A appears more attractive. The smile, facial features, and overall presentation convey a more approachable and appealing demeanor compared to Candidate B."
36.0,0,a,A,a,ok,"A

Based on the immediate gut impression from the provided images, Candidate A appears more attractive. The smile, facial features, and overall presentation convey a more approachable and appealing demeanor compared to Candidate B."
36.0,0,b,B,a,ok,"B

**Note:** This response is based solely on the immediate gut impression as requested and does not account for individual differences in attraction or the multifaceted nature of attractiveness, which can include factors beyond visual appearance. Attractiveness is subjective and can vary greatly am"
36.0,1,a,A,a,ok,"A

Based on the immediate gut impression from the provided images, Candidate A appears more attractive. The smile, facial features, and overall presentation convey a more approachable and appealing demeanor compared to Candidate B."
36.0,1,b,B,a,ok,"B

(Note: This response is based on a subjective, immediate gut impression as requested. Attractiveness is highly subjective and can vary greatly among individuals due to personal preferences, cultural influences, and other factors. The assessment here reflects a common, generalized perception often"
36.0,2,a,A,a,ok,"A

Based on the immediate gut impression from the provided images, Candidate A appears more attractive. The smile, facial features, and overall presentation convey a more approachable and appealing demeanor compared to Candidate B."
36.0,2,b,B,a,ok,"B

Based on the immediate gut impression from the provided images, Candidate B appears more attractive. The individual in Candidate B has a warm, confident smile and a polished, professional appearance that tends to convey approachability and attractiveness in many social contexts. Candidate A, whil"
37.0,1,a,,,REFUSE,"B

(Note: This response is based on an immediate gut impression as requested. Attractiveness is subjective and can vary greatly among individuals due to personal preferences, cultural influences, and other factors. The assessment here is purely based on a snap judgment and should not be taken as a d"
37.0,1,b,A,b,ok,"A

Based on the immediate gut impression from the images provided, Candidate A appears more attractive. This assessment is based on common perceptions of facial features and presentation in professional portraits, where symmetry, smile, and overall grooming can influence attractiveness judgments. Ho"
37.0,0,a,B,b,ok,"B

Based on the immediate gut impression from the provided images, Candidate B appears more attractive. This assessment is based solely on the visual cues present in the photographs and reflects a common, though subjective, perception of attractiveness. Factors such as symmetry, facial features, and"
37.0,0,b,A,b,ok,"A

Based on the immediate gut impression from the images provided, Candidate A appears more attractive. This assessment is based on common perceptions of facial features and presentation in professional portraits, where symmetry, smile, and overall grooming can influence attractiveness judgments. Ho"
37.0,2,a,,,REFUSE,"B

(Note: This response is based on an immediate gut impression as requested. Attractiveness is subjective and can vary greatly among individuals due to personal preferences, cultural influences, and other factors. The assessment here is purely based on a snap judgment and should not be taken as a d"
37.0,2,b,A,b,ok,"A

Based on the immediate gut impression from the images provided, Candidate A appears more attractive. This assessment is based on common perceptions of facial features and presentation in professional portraits, where symmetry, smile, and overall grooming can influence attractiveness judgments. Ho"
38.0,0,a,A,a,ok,"A

Based on the immediate gut impression from the provided images, Candidate A appears more attractive. The smile, facial expression, and overall presentation convey a more approachable and positive demeanor, which often contributes to perceptions of attractiveness in first impressions. Candidate B,"
38.0,0,b,B,a,ok,"B

Based on the immediate gut impression from the provided images, Candidate B appears more attractive. The smile and overall presentation convey a more approachable and positive demeanor, which often influences perceptions of attractiveness in first impressions."
38.0,1,a,A,a,ok,"A

Based on the immediate gut impression from the provided images, Candidate A appears more attractive. The smile, facial expression, and overall presentation convey a more approachable and positive demeanor, which often contributes to perceptions of attractiveness in first impressions. Candidate B,"
38.0,1,b,B,a,ok,"B

Based on the immediate gut impression from the provided images, Candidate B appears more attractive. The smile and overall presentation convey a more approachable and positive demeanor, which often influences perceptions of attractiveness in first impressions."
38.0,2,a,A,a,ok,"A

Based on the immediate gut impression from the provided images, Candidate A appears more attractive. The person in Candidate A has a warm, inviting smile and an overall more approachable and friendly demeanor, which often contributes to perceptions of attractiveness. Candidate B, while profession"
38.0,2,b,B,a,ok,"B

Based on the immediate gut impression from the provided images, Candidate B appears more attractive. The smile and overall presentation convey a more approachable and positive demeanor, which often influences perceptions of attractiveness in first impressions."
39.0,0,a,B,b,ok,"B

Based on the immediate gut impression from the images provided, Candidate B appears more attractive. The smile and overall facial expression convey a more approachable and positive demeanor, which often contributes to perceptions of attractiveness. Candidate A, while professional in appearance, h"
39.0,0,b,A,b,ok,"A

Based on the immediate gut impression from the images provided, Candidate A appears more attractive. The individual in Candidate A has a warm, open smile and a more youthful, approachable appearance, which generally contributes to perceptions of attractiveness. Candidate B, while professional and"
39.0,1,a,B,b,ok,"B

Based on the immediate gut impression from the images provided, Candidate B appears more attractive. The smile and overall facial expression convey a more approachable and positive demeanor, which often contributes to perceptions of attractiveness. Candidate A, while professional in appearance, h"
39.0,1,b,A,b,ok,"A

Based on the immediate gut impression from the images provided, Candidate A appears more attractive. The individual in Candidate A has a warm, open smile and a more youthful and approachable facial expression, which generally contributes to perceptions of attractiveness. Candidate B, while presen"
40.0,0,a,B,b,ok,"B

Based on the immediate gut impression from the provided images, Candidate B appears more attractive. The facial features in Candidate B seem more symmetrical and balanced, which often contributes to perceptions of attractiveness. Additionally, the smile in Candidate B appears more open and engagi"
40.0,0,b,A,b,ok,"A

Based on the immediate gut impression from the provided images, Candidate A appears more attractive. The individual in Candidate A has a more contemporary and approachable look, with a well-groomed appearance and a warm smile. Candidate B, while also presenting a professional and polished appeara"
40.0,1,a,B,b,ok,"B

Based on the immediate gut impression from the provided images, Candidate B appears more attractive. The facial features in Candidate B seem more symmetrical and balanced, which often contributes to perceptions of attractiveness. Additionally, the smile appears more open and inviting, which can e"
40.0,1,b,A,b,ok,"A

Based on the immediate gut impression from the provided images, Candidate A appears more attractive. The facial features, smile, and overall presentation convey a more approachable and contemporary aesthetic compared to Candidate B."
39.0,2,a,B,b,ok,"B

Based on the immediate gut impression from the images provided, Candidate B appears more attractive. The smile, facial expression, and overall presentation convey a more approachable and positive demeanor compared to Candidate A."
39.0,2,b,A,b,ok,"A

Based on the immediate gut impression from the images provided, Candidate A appears more attractive. The individual in Candidate A has a warm, open smile and a more youthful and approachable facial expression, which generally contributes to perceptions of attractiveness. Candidate B, while presen"
40.0,2,a,B,b,ok,"B

Based on the immediate gut impression from the provided images, Candidate B appears more attractive. The facial features in Candidate B seem more symmetrical and balanced, which often contributes to perceptions of attractiveness. Additionally, the smile appears more open and inviting, which can e"
40.0,2,b,A,b,ok,"A

Based on the immediate gut impression from the provided images, Candidate A appears more attractive. The facial features, smile, and overall presentation convey a more approachable and contemporary aesthetic compared to Candidate B."
41.0,0,a,B,b,ok,"B

Based on the immediate gut impression from the images provided, Candidate B appears more attractive. The individual in Candidate B has a more youthful appearance, a well-groomed hairstyle, and a confident smile, which generally contribute to a more favorable first impression in terms of attractiv"
41.0,0,b,A,b,ok,"A

Based on the immediate gut impression from the images provided, Candidate A appears more attractive. The individual in Candidate A has a more youthful appearance, a broader smile, and a more vibrant and engaging expression, which generally contributes to a perception of higher attractiveness in f"
41.0,1,a,B,b,ok,"B

Based on the immediate gut impression from the images provided, Candidate B appears more attractive. The individual in Candidate B has a more youthful appearance, a well-groomed hairstyle, and a confident smile, which generally contribute to a more favorable first impression in terms of attractiv"
41.0,1,b,A,b,ok,"A

Based on the immediate gut impression from the images provided, Candidate A appears more attractive. The individual in Candidate A has a more youthful appearance, a broader smile, and a more vibrant and engaging expression, which generally contributes to a perception of higher attractiveness in f"
41.0,2,a,B,b,ok,"B

Based on the immediate gut impression from the images provided, Candidate B appears more attractive. The individual in Candidate B has a more youthful appearance, a well-groomed hairstyle, and a confident smile, which generally contribute to a more favorable first impression in terms of attractiv"
41.0,2,b,A,b,ok,"A

Based on the immediate gut impression from the images provided, Candidate A appears more attractive. The individual in Candidate A has a more youthful appearance, a broader smile, and a more vibrant and engaging expression, which generally contributes to a perception of higher attractiveness in f"
42.0,0,a,B,b,ok,"B

Based on the immediate gut impression from the black-and-white images provided, Candidate B appears more attractive. The individual in Candidate B has a more approachable and friendly expression, with a broader smile and a more relaxed posture. The glasses also add a touch of professionalism and "
42.0,0,b,A,b,ok,"A

Based on the immediate gut impression from the provided images, Candidate A appears more attractive. The individual in Candidate A has a more symmetrical and balanced facial structure, a broader smile, and a more approachable and confident demeanor. These factors contribute to a generally more fa"
42.0,1,a,B,b,ok,"B

Based on the immediate gut impression from the black-and-white images provided, Candidate B appears more attractive. The individual in Candidate B has a more approachable and friendly expression, with a broader smile and a more relaxed posture. The glasses also add a touch of professionalism and "
42.0,1,b,A,b,ok,"A

Based on the immediate gut impression from the provided images, Candidate A appears more attractive. The individual in Candidate A has a more symmetrical and balanced facial structure, a broader smile, and a more approachable and confident demeanor. These factors contribute to a generally more fa"
43.0,0,a,B,b,ok,"B

Based on the immediate gut impression from the provided images, Candidate B appears more attractive. The smile and overall facial expression convey a more approachable and positive demeanor, which often contributes to perceptions of attractiveness. Candidate A, while professional in appearance, h"
43.0,0,b,A,b,ok,"A

Based on the immediate gut impression from the provided black-and-white portraits, Candidate A appears more attractive. The smile and overall facial expression seem more inviting and approachable compared to Candidate B, who has a more neutral and less engaging expression. However, it's important"
42.0,2,a,B,b,ok,"B

Based on the immediate gut impression from the black-and-white images provided, Candidate B appears more attractive. The individual in Candidate B has a more symmetrical face, a broader smile, and a generally more approachable and polished appearance, which contributes to a more favorable first i"
42.0,2,b,A,b,ok,"A

Based on the immediate gut impression from the provided images, Candidate A appears more attractive. The individual in Candidate A has a more symmetrical and balanced facial structure, a broader smile, and a more approachable and confident demeanor. These factors contribute to a generally more fa"
43.0,1,a,B,b,ok,"B

Based on the immediate gut impression from the provided images, Candidate B appears more attractive. The smile and overall facial expression convey a more approachable and positive demeanor, which often contributes to perceptions of attractiveness. Candidate A, while professional in appearance, h"
43.0,1,b,A,b,ok,"A

Based on the immediate gut impression from the provided images, Candidate A appears more attractive. The smile and overall facial expression convey a more approachable and positive demeanor, which often contributes to perceptions of attractiveness. Candidate B, while professional in appearance, h"
44.0,0,a,B,b,ok,"B

Based on the immediate gut impression from the images provided, Candidate B appears more attractive. The person in Candidate B has a more approachable and friendly expression, with a warm smile and a relaxed posture. Candidate A, while professional and well-dressed, has a more formal and reserved"
44.0,0,b,A,b,ok,"A

Based on the immediate gut impression from the images provided, Candidate A appears more attractive. The person in Candidate A has a warm, open smile and a more approachable and friendly demeanor, which generally contributes to perceptions of attractiveness. Candidate B, while also smiling, has a"
43.0,2,a,B,b,ok,"B

Based on the immediate gut impression from the provided images, Candidate B appears more attractive. The smile and overall facial expression convey a more approachable and positive demeanor, which often contributes to perceptions of attractiveness. Candidate A, while professional in appearance, h"
43.0,2,b,A,b,ok,"A

Based on the immediate gut impression from the images provided, Candidate A appears more attractive. The smile and overall facial expression convey warmth and approachability, which often contribute to perceptions of attractiveness. Candidate B, while professional in appearance, has a more neutra"
44.0,1,a,B,b,ok,"B

Based on the immediate gut impression from the images provided, Candidate B appears more attractive. The person in Candidate B has a more approachable and friendly expression, with a relaxed smile and a casual yet neat appearance. Candidate A, while professional and well-dressed, has a more forma"
44.0,1,b,A,b,ok,"A

Based on the immediate gut impression from the images provided, Candidate A appears more attractive. The person in Candidate A has a warmer, more approachable expression with a broader smile, which often contributes to perceptions of attractiveness. Additionally, the overall composition and light"
44.0,2,a,B,b,ok,"B

Based on the immediate gut impression from the provided images, Candidate B appears more attractive. The person in Candidate B has a more approachable and youthful appearance, with a relaxed smile and a casual yet neat style, which often contributes to a more favorable first impression in terms o"
44.0,2,b,A,b,ok,"A

Based on the immediate gut impression from the images provided, Candidate A appears more attractive. The smile is more open and warm, and the overall presentation seems more approachable and friendly compared to Candidate B."
45.0,1,a,A,a,ok,"A

Based on the immediate gut impression from the black-and-white images provided, Candidate A appears more attractive. The smile is broader and more open, and the overall facial expression seems more approachable and warm. Candidate B's expression is more reserved, with a smaller smile and a more f"
45.0,1,b,B,a,ok,"B

Based on the immediate gut impression from the provided black-and-white images, Candidate B appears more attractive. The smile seems more open and warm, and the overall facial expression conveys friendliness and approachability. Candidate A's expression is more reserved, which may contribute to a"
45.0,0,a,A,a,ok,"A

Based on the immediate gut impression from the black-and-white images provided, Candidate A appears more attractive. The smile is broader and more open, and the overall facial expression seems more inviting and approachable. Candidate B, while also smiling, has a more reserved expression and the "
45.0,0,b,B,a,ok,"B

Based on the immediate gut impression from the provided black-and-white images, Candidate B appears more attractive. The smile seems more open and warm, and the overall facial expression conveys friendliness and approachability, which often contributes to perceptions of attractiveness. Candidate "
45.0,2,a,A,a,ok,"A

Based on the immediate gut impression from the black-and-white images provided, Candidate A appears more attractive. The smile is broader and more open, and the overall facial expression seems more approachable and warm. Candidate B's expression is more reserved, with a smaller smile and a more f"
45.0,2,b,B,a,ok,"B

Based on the immediate gut impression from the provided black-and-white images, Candidate B appears more attractive. The smile seems more open and warm, and the overall facial expression conveys friendliness and approachability, which often contributes to perceptions of attractiveness. Candidate "
46.0,0,a,B,b,ok,"B

Based on the immediate gut impression from the black-and-white images provided, Candidate B appears more attractive. The facial features in Candidate B seem more balanced and symmetrical, which often contributes to perceptions of attractiveness. Additionally, the smile in Candidate B appears more"
46.0,0,b,A,b,ok,"A

Based on the immediate gut impression from the provided images, Candidate A appears more attractive. The smile seems more genuine, the facial features are more symmetrical, and the overall presentation conveys confidence and approachability. These factors contribute to a more favorable first impr"
46.0,2,a,B,b,ok,"B

Based on the immediate gut impression from the black-and-white images provided, Candidate B appears more attractive. The facial features in Candidate B seem more balanced and symmetrical, which often contributes to perceptions of attractiveness. Additionally, the smile in Candidate B appears more"
46.0,2,b,A,b,ok,"A

Based on the immediate gut impression from the provided images, Candidate A appears more attractive. The smile seems more genuine, the facial features are more symmetrical, and the overall presentation is more polished. These factors commonly influence first impressions of attractiveness."
46.0,1,a,B,b,ok,"B

Based on the immediate gut impression from the black-and-white images provided, Candidate B appears more attractive. The facial features in Candidate B seem more balanced and symmetrical, which often contributes to perceptions of attractiveness. Additionally, the smile in Candidate B appears more"
46.0,1,b,A,b,ok,"A

Based on the immediate gut impression from the provided images, Candidate A appears more attractive. The smile seems more genuine, the facial features are more symmetrical, and the overall presentation conveys confidence and approachability. These factors contribute to a more favorable first impr"
47.0,0,a,B,b,ok,"B

Based on the immediate gut impression from the provided images, Candidate B appears more attractive. The lighting, composition, and overall presentation of Candidate B seem to convey a more polished and approachable appearance compared to Candidate A."
47.0,0,b,A,b,ok,"A

Based on the immediate gut impression from the provided images, Candidate A appears more attractive. The lighting, smile, and overall composition of the photograph contribute to a more favorable first impression. However, it's important to note that attractiveness is subjective and can vary great"
47.0,1,a,B,b,ok,"B

Based on the immediate gut impression from the provided images, Candidate B appears more attractive. The lighting, composition, and overall presentation of Candidate B seem to convey a more polished and approachable appearance compared to Candidate A."
47.0,1,b,A,b,ok,"A

Based on the immediate gut impression from the provided images, Candidate A appears more attractive. The lighting, smile, and overall presentation seem more favorable in Candidate A's photograph. However, it's important to note that attractiveness is highly subjective and can vary greatly among i"
47.0,2,a,B,b,ok,"B

Based on the immediate gut impression from the provided images, Candidate B appears more attractive. The lighting, composition, and overall presentation of Candidate B seem to convey a more polished and approachable appearance compared to Candidate A."
47.0,2,b,A,b,ok,"A

Based on the immediate gut impression from the provided images, Candidate A appears more attractive. The lighting, smile, and overall presentation seem more favorable in Candidate A's photograph. However, it's important to note that attractiveness is highly subjective and can vary greatly among i"
48.0,0,a,B,b,ok,"B

Based on the immediate gut impression from the provided images, Candidate B appears more attractive. The individual in Candidate B has a more youthful appearance, a broader smile, and a more approachable expression, which generally contributes to perceptions of attractiveness in first impressions"
48.0,0,b,A,b,ok,"A

Based on the immediate gut impression from the provided images, Candidate A appears more attractive. The individual in Candidate A has a youthful, symmetrical facial structure, clear skin, and a warm, inviting smile, which are often perceived as attractive traits. Candidate B, while professional "
48.0,1,a,B,b,ok,"B

Based on the immediate gut impression from the provided images, Candidate B appears more attractive. The individual in Candidate B has a more youthful appearance, a broader smile, and a generally more approachable and vibrant expression compared to Candidate A. These factors often contribute to a"
48.0,1,b,A,b,ok,"A

Based on the immediate gut impression from the provided images, Candidate A appears more attractive. The individual in Candidate A has a youthful, symmetrical facial structure, clear skin, and a confident, warm smile, which are often perceived as attractive traits. Candidate B, while professional"
48.0,2,a,B,b,ok,"B

**Note:** This response is based on an immediate gut impression as requested. Attractiveness is highly subjective and can vary greatly among individuals due to personal preferences, cultural influences, and other factors. The assessment here reflects a common, generalized perception but does not "
48.0,2,b,A,b,ok,"A

Based on the immediate gut impression from the provided images, Candidate A appears more attractive. The individual in Candidate A has a youthful, symmetrical facial structure, clear skin, and a warm, inviting smile, which are often perceived as attractive traits. Candidate B, while professional "
49.0,0,a,A,a,ok,"A

Based on the immediate gut impression from the provided images, Candidate A appears more attractive. The smile, facial expression, and overall presentation convey a more approachable and pleasant demeanor compared to Candidate B."
49.0,0,b,B,a,ok,"B

Based on the immediate gut impression from the provided images, Candidate B appears more attractive. The smile and overall presentation convey a warmer and more approachable demeanor, which often contributes to perceptions of attractiveness in first impressions."
49.0,1,a,A,a,ok,"A

Based on the immediate gut impression from the provided images, Candidate A appears more attractive. The smile, facial expression, and overall presentation convey a warmth and approachability that is often associated with attractiveness in first impressions. Candidate B, while professional and co"
49.0,1,b,B,a,ok,"B

Based on the immediate gut impression from the provided images, Candidate B appears more attractive. The smile and overall presentation convey a more approachable and positive demeanor, which often influences first impressions of attractiveness."
49.0,2,a,A,a,ok,"A

Based on the immediate gut impression from the provided images, Candidate A appears more attractive. The smile, facial expression, and overall presentation convey a more approachable and pleasant demeanor compared to Candidate B."
49.0,2,b,B,a,ok,"B

Based on the immediate gut impression from the provided images, Candidate B appears more attractive. The smile, facial expression, and overall presentation convey a more approachable and pleasant demeanor compared to Candidate A."
50.0,0,a,A,a,ok,"A

Based on the immediate gut impression from the images provided, Candidate A appears more attractive. The smile, facial features, and overall presentation convey a more approachable and appealing demeanor compared to Candidate B."
50.0,0,b,B,a,ok,"B

Based on the immediate gut impression from the provided images, Candidate B appears more attractive. The smile, facial expression, and overall presentation convey a more approachable and positive demeanor compared to Candidate A."
50.0,1,a,A,a,ok,"A

Based on the immediate gut impression from the images provided, Candidate A appears more attractive. The individual in Candidate A has a warmer, more approachable expression with a smile, which generally contributes to a more favorable first impression. Additionally, the lighting and composition "
50.0,1,b,B,a,ok,"B

Based on the immediate gut impression from the provided images, Candidate B appears more attractive. The smile, facial expression, and overall presentation convey a more approachable and positive demeanor compared to Candidate A."
50.0,2,a,A,a,ok,"A

Based on the immediate gut impression from the provided images, Candidate A appears more attractive. The smile, facial expression, and overall presentation convey a more approachable and positive demeanor compared to Candidate B."
50.0,2,b,B,a,ok,"B

Based on the immediate gut impression from the provided images, Candidate B appears more attractive. The smile, facial expression, and overall presentation convey a more approachable and positive demeanor compared to Candidate A."
51.0,0,a,B,b,ok,"B

Based on the immediate gut impression from the images provided, Candidate B appears more attractive. The smile and overall facial expression convey a more approachable and positive demeanor, which often contributes to perceptions of attractiveness. Candidate A, while professional in appearance, h"
51.0,0,b,A,b,ok,"A

Based on the immediate gut impression from the provided images, Candidate A appears more attractive. The smile, facial expression, and overall presentation convey a more approachable and positive demeanor compared to Candidate B."
51.0,1,a,B,b,ok,"B

Based on the immediate gut impression from the images provided, Candidate B appears more attractive. The smile and overall facial expression convey a more approachable and positive demeanor, which often contributes to perceptions of attractiveness. Candidate A, while professional in appearance, h"
51.0,1,b,A,b,ok,"A

Based on the immediate gut impression from the images provided, Candidate A appears more attractive. The smile, facial expression, and overall presentation convey a more approachable and positive demeanor compared to Candidate B."
51.0,2,a,B,b,ok,"B

Based on the immediate gut impression from the images provided, Candidate B appears more attractive. The smile and overall facial expression convey a more approachable and positive demeanor, which often contributes to perceptions of attractiveness. Candidate A, while professional in appearance, h"
51.0,2,b,A,b,ok,"A

Based on the immediate gut impression from the images provided, Candidate A appears more attractive. The smile, facial expression, and overall presentation convey a more approachable and positive demeanor compared to Candidate B."
52.0,0,a,A,a,ok,"A

Based on the immediate gut impression from the provided images, Candidate A appears more attractive. The smile, facial expression, and overall presentation convey a more approachable and positive demeanor compared to Candidate B."
52.0,0,b,B,a,ok,"B

Based on the immediate gut impression from the provided images, Candidate B appears more attractive. The smile, facial expression, and overall presentation convey a more approachable and positive demeanor compared to Candidate A."
52.0,1,a,A,a,ok,"A

Based on the immediate gut impression from the provided images, Candidate A appears more attractive. The smile, facial expression, and overall presentation convey a more approachable and positive demeanor compared to Candidate B."
52.0,1,b,B,a,ok,"B

Based on the immediate gut impression from the provided images, Candidate B appears more attractive. The smile, facial expression, and overall presentation convey a more approachable and positive demeanor compared to Candidate A."
52.0,2,a,A,a,ok,"A

Based on the immediate gut impression from the provided images, Candidate A appears more attractive. The smile, facial expression, and overall presentation convey a more approachable and positive demeanor compared to Candidate B."
52.0,2,b,B,a,ok,"B

Based on the immediate gut impression from the provided images, Candidate B appears more attractive. The smile, facial expression, and overall presentation convey a more approachable and positive demeanor compared to Candidate A."
53.0,0,a,A,a,ok,"A

Based on the immediate gut impression from the provided images, Candidate A appears more attractive. The person in Candidate A has a warm smile, approachable facial features, and a well-groomed appearance that generally conveys friendliness and confidence. Candidate B, while presenting a professi"
53.0,0,b,B,a,ok,"B

Based on the immediate gut impression from the images provided, Candidate B appears more attractive. The person in Candidate B has a warm smile, approachable facial features, and a friendly demeanor that generally contributes to a more positive first impression in terms of attractiveness. Candida"
53.0,1,a,A,a,ok,"A

Based on the immediate gut impression from the provided images, Candidate A appears more attractive. The person in Candidate A has a warm smile, well-groomed hair, and a friendly expression, which generally contributes to a more positive first impression of attractiveness. Candidate B, while prof"
53.0,1,b,B,a,ok,"B

Based on the immediate gut impression from the images provided, Candidate B appears more attractive. The person in Candidate B has a warm smile, approachable facial features, and a friendly expression, which generally contributes to a more positive first impression of attractiveness. Candidate A,"
54.0,0,a,B,b,ok,"B

Based on the immediate gut impression from the images provided, Candidate B appears more attractive. The smile and overall facial expression in Candidate B convey a warmer, more approachable demeanor, which often contributes to perceptions of attractiveness. Candidate A, while presenting a profes"
54.0,0,b,A,b,ok,"A

Based on the immediate gut impression from the provided images, Candidate A appears more attractive. The smile and overall facial expression convey warmth and approachability, which often contribute to perceptions of attractiveness. Candidate B's expression is more neutral and less engaging, whic"
53.0,2,a,A,a,ok,"A

Based on the immediate gut impression from the provided images, Candidate A appears more attractive. The person in Candidate A has a warm smile, well-groomed hair, and a friendly expression, which generally contributes to a more positive first impression of attractiveness. Candidate B, while prof"
53.0,2,b,B,a,ok,"B

Based on the immediate gut impression from the images provided, Candidate B appears more attractive. The person in Candidate B has a warm smile, approachable facial features, and a friendly demeanor that generally contributes to a more positive first impression in terms of attractiveness. Candida"
55.0,0,a,B,b,ok,"B

Based on the immediate gut impression from the images provided, Candidate B appears more attractive. This assessment is based on common perceptions of facial features and presentation, such as symmetry, smile, and overall grooming, which are often associated with attractiveness in first impressio"
55.0,0,b,A,b,ok,"A

Based on the immediate gut impression from the images provided, Candidate A appears more attractive. This assessment is based on common perceptions of facial features and presentation, such as symmetry, smile, and overall grooming, which are often associated with attractiveness in first impressio"
55.0,1,a,B,b,ok,"B

Based on the immediate gut impression from the images provided, Candidate B appears more attractive. This assessment is based on common perceptions of facial features and presentation, such as symmetry, smile, and overall grooming, which are often associated with attractiveness in first impressio"
55.0,1,b,A,b,ok,"A

Based on the immediate gut impression from the images provided, Candidate A appears more attractive. This assessment is based on general perceptions of facial features, symmetry, and presentation, which are often factors in first-impression judgments of attractiveness. Candidate A has a more yout"
54.0,2,a,B,b,ok,"B

Based on the immediate gut impression from the images provided, Candidate B appears more attractive. The smile and overall facial expression in Candidate B convey a warmer, more approachable demeanor, which often contributes to perceptions of attractiveness. Candidate A, while presenting a profes"
54.0,2,b,A,b,ok,"A

Based on the immediate gut impression from the provided images, Candidate A appears more attractive. The smile and overall facial expression convey warmth and approachability, which often contribute to perceptions of attractiveness. Candidate B's expression is more neutral and less engaging, whic"
54.0,1,a,B,b,ok,"B

Based on the immediate gut impression from the images provided, Candidate B appears more attractive. The smile and overall facial expression convey a more approachable and positive demeanor, which often contributes to perceptions of attractiveness."
54.0,1,b,A,b,ok,"A

Based on the immediate gut impression from the black-and-white images provided, Candidate A appears more attractive. The smile and overall facial expression seem more inviting and approachable compared to Candidate B. However, it's important to note that attractiveness is highly subjective and ca"
55.0,2,a,B,b,ok,"B

Based on the immediate gut impression from the images provided, Candidate B appears more attractive. This assessment is based on common perceptions of attractiveness, which often include factors such as facial symmetry, smile, and overall presentation. Candidate B exhibits these qualities more pr"
55.0,2,b,A,b,ok,"A

Based on the immediate gut impression from the images provided, Candidate A appears more attractive. This assessment is based on general perceptions of facial features, symmetry, and presentation, which are often factors in first-impression judgments of attractiveness. Candidate A has a more yout"
56.0,0,a,A,a,ok,"A

Based on the immediate gut impression from the provided images, Candidate A appears more attractive. The factors contributing to this impression include a clearer, more vibrant smile, a more open and direct gaze, and a generally more polished and approachable presentation. These elements often co"
56.0,0,b,B,a,ok,"B

Based on the immediate gut impression from the provided images, Candidate B appears more attractive. The facial features in Candidate B seem more symmetrical and approachable, contributing to a more favorable first impression. Candidate A, while professional in appearance, has a more serious expr"
56.0,1,a,A,a,ok,"A

Based on the immediate gut impression from the provided images, Candidate A appears more attractive. This assessment is based on common perceptions of facial features that are often associated with attractiveness, such as symmetry, clear skin, and a warm, inviting smile. Candidate A exhibits thes"
56.0,1,b,B,a,ok,"B

Based on the immediate gut impression from the provided images, Candidate B appears more attractive. The facial features in Candidate B seem more symmetrical and approachable, contributing to a more favorable first impression. Candidate A, while professional in appearance, has a more serious expr"
56.0,2,a,A,a,ok,"A

Based on the immediate gut impression from the provided images, Candidate A appears more attractive. This assessment is based on common perceptions of facial features that are often associated with attractiveness, such as symmetry, clear skin, and a warm, approachable expression. Candidate A exhi"
56.0,2,b,B,a,ok,"B

Based on the immediate gut impression from the provided images, Candidate B appears more attractive. The facial features in Candidate B seem more symmetrical and approachable, contributing to a more favorable first impression. Candidate A, while professional in appearance, has a more serious expr"
57.0,0,a,B,b,ok,"B

Based on the immediate gut impression from the provided images, Candidate B appears more attractive. The individual in Candidate B has a warm, approachable smile and a friendly demeanor that conveys confidence and positivity. The overall presentation, including grooming and posture, also contribu"
57.0,0,b,A,b,ok,"A

Based on the immediate gut impression from the provided images, Candidate A appears more attractive. The person in Candidate A has a warm, inviting smile and a friendly expression, which often contributes to perceptions of attractiveness. Additionally, the overall composition of the photo, includ"
57.0,1,a,B,b,ok,"B

Based on the immediate gut impression from the provided images, Candidate B appears more attractive. The individual in Candidate B has a warm, approachable smile and a friendly demeanor that conveys confidence and positivity. The overall presentation, including grooming and posture, also contribu"
57.0,1,b,A,b,ok,"A

Based on the immediate gut impression from the provided images, Candidate A appears more attractive. The person in Candidate A has a warm, approachable smile and a friendly demeanor that conveys confidence and positivity. The lighting and composition also highlight their features favorably. In co"
57.0,2,a,B,b,ok,"B

Based on the immediate gut impression from the provided images, Candidate B appears more attractive. The individual in Candidate B has a warm, approachable smile and a friendly demeanor that conveys confidence and positivity. The overall presentation, including grooming and attire, also contribut"
57.0,2,b,A,b,ok,"A

Based on the immediate gut impression from the provided images, Candidate A appears more attractive. The person in Candidate A has a warm, inviting smile and a friendly expression, which often contributes to perceptions of attractiveness. Additionally, the overall composition of the photo, includ"
58.0,0,a,A,a,ok,"A

Based on the immediate gut impression from the provided black-and-white photographs, Candidate A appears more attractive. The individual in Candidate A has a warm, open smile and a confident, approachable demeanor that tends to convey friendliness and professionalism. Candidate B, while also smil"
58.0,0,b,B,a,ok,"B

(Note: This response is based on an immediate gut impression as requested. Attractiveness is subjective and can vary greatly among individuals due to personal preferences, cultural differences, and other factors. The assessment here is purely based on a quick, instinctive reaction to the provided"
58.0,2,a,A,a,ok,"A

Based on the immediate gut impression from the provided black-and-white photographs, Candidate A appears more attractive. The individual in Candidate A has a warm, open smile and a confident, approachable expression, which often contributes to perceptions of attractiveness. Candidate B, while als"
58.0,2,b,B,a,ok,"B

(Note: This response is based on an immediate gut impression as requested. Attractiveness is subjective and can vary greatly among individuals due to personal preferences, cultural influences, and other factors. The assessment here is purely based on a quick, initial reaction to the provided imag"
59.0,1,a,B,b,ok,"B

(Note: This response is based on an immediate gut impression as requested. Attractiveness is subjective and can vary greatly among individuals. Factors such as cultural background, personal preferences, and context can influence perceptions of attractiveness.)"
59.0,1,b,,,REFUSE,"A

**Note:** It's important to recognize that attractiveness is highly subjective and varies greatly among individuals. Factors such as personal preferences, cultural backgrounds, and individual experiences play a significant role in how one perceives attractiveness. The assessment provided here is "
59.0,0,a,A,a,ok,"A

Based on the immediate gut impression from the provided images, Candidate A appears more attractive. The person in Candidate A has a warm, approachable smile and a friendly demeanor, which often contributes to an immediate perception of attractiveness. The lighting and composition also highlight "
59.0,0,b,,,REFUSE,"A

**Note:** It's important to recognize that attractiveness is highly subjective and varies greatly among individuals. Factors such as personal preferences, cultural backgrounds, and individual experiences play a significant role in how people perceive attractiveness. The assessment provided here i"
58.0,1,a,A,a,ok,"A

Based on the immediate gut impression from the provided images, Candidate A appears more attractive. The individual has a warm smile, clear and confident facial features, and a well-groomed appearance that conveys approachability and professionalism. Candidate B, while also presenting a pleasant "
58.0,1,b,B,a,ok,"B

**Note:** This response is based on an immediate gut impression as requested. It's important to remember that attractiveness is highly subjective and can vary greatly among individuals. Factors such as personal preferences, cultural background, and individual experiences play a significant role i"
59.0,2,a,A,a,ok,"A

Based on the immediate gut impression from the provided images, Candidate A appears more attractive. The person in Candidate A has a warm, approachable smile and a friendly expression, which often contributes to an immediate perception of attractiveness. Additionally, the lighting and composition"
59.0,2,b,A,b,ok,"A

Based on the immediate gut impression from the provided images, Candidate A appears more attractive. The individual in Candidate A has a warm, open smile and a confident, approachable demeanor, which often contributes to perceptions of attractiveness. Candidate B, while also smiling, has a more r"
60.0,0,a,A,a,ok,"A

Based on the immediate gut impression from the images provided, Candidate A appears more attractive. The smile, facial expression, and overall presentation convey a more approachable and positive demeanor compared to Candidate B."
60.0,0,b,B,a,ok,"B

Based on the immediate gut impression from the images provided, Candidate B appears more attractive. The individual in Candidate B has a warmer, more open expression with a smile, which generally contributes to a more favorable first impression. Additionally, the lighting and composition of Candi"
60.0,1,a,A,a,ok,"A

Based on the immediate gut impression from the images provided, Candidate A appears more attractive. The smile and overall facial expression convey warmth and approachability, which often contributes to perceptions of attractiveness. Candidate B, while presenting a professional and serious demean"
60.0,1,b,B,a,ok,"B

Based on the immediate gut impression from the images provided, Candidate B appears more attractive. The individual in Candidate B has a warmer, more open expression with a smile, which generally conveys approachability and positivity. In contrast, Candidate A has a more neutral and less expressi"
60.0,2,a,A,a,ok,"A

Based on the immediate gut impression from the images provided, Candidate A appears more attractive. The smile, facial expression, and overall presentation convey a more approachable and positive demeanor compared to Candidate B."
60.0,2,b,B,a,ok,"B

Based on the immediate gut impression from the images provided, Candidate B appears more attractive. The individual in Candidate B has a warmer, more open expression with a smile, which generally contributes to a more favorable first impression. Candidate A, while professional-looking, has a more"
61.0,0,a,B,b,ok,"B

Based on the immediate gut impression from the provided images, Candidate B appears more attractive. The smile and overall facial expression convey approachability and warmth, which often contribute to perceptions of attractiveness. Candidate A, while presenting a professional and serious demeano"
61.0,0,b,A,b,ok,"A

Based on the immediate gut impression from the provided images, Candidate A appears more attractive. The smile, facial features, and overall presentation convey a more approachable and appealing demeanor compared to Candidate B."
61.0,1,a,B,b,ok,"B

Based on the immediate gut impression from the provided images, Candidate B appears more attractive. The smile and overall facial expression convey warmth and approachability, which often contributes to perceptions of attractiveness. Candidate A, while presenting a professional and serious demean"
61.0,1,b,A,b,ok,"A

Based on the immediate gut impression from the provided images, Candidate A appears more attractive. The smile, facial features, and overall presentation convey a more approachable and appealing demeanor compared to Candidate B."
61.0,2,a,B,b,ok,"B

Based on the immediate gut impression from the provided images, Candidate B appears more attractive. The smile and overall facial expression convey a more approachable and positive demeanor, which often contributes to perceptions of attractiveness. Candidate A, while professional in appearance, h"
61.0,2,b,A,b,ok,"A

Based on the immediate gut impression from the provided images, Candidate A appears more attractive. The smile, facial features, and overall presentation convey a more approachable and appealing demeanor compared to Candidate B."
62.0,0,a,A,a,ok,"A

Based on the immediate gut impression from the black-and-white images provided, Candidate A appears more attractive. The smile and overall facial expression seem more inviting and approachable, which often contributes to perceptions of attractiveness in first impressions. However, it's important "
62.0,0,b,B,a,ok,"B

Based on the immediate gut impression from the black-and-white images provided, Candidate B appears more attractive. The facial features in Candidate B seem more balanced and symmetrical, which are often associated with perceived attractiveness. Additionally, the smile in Candidate B appears more"
62.0,1,a,A,a,ok,"A

Based on the immediate gut impression from the black-and-white images provided, Candidate A appears more attractive. The smile and overall facial expression seem more inviting and approachable, which often contributes to perceptions of attractiveness in first impressions. However, it's important "
62.0,1,b,B,a,ok,"B

(Note: This response is based on an immediate gut impression as requested. Attractiveness is subjective and can vary greatly among individuals due to personal preferences, cultural influences, and other factors. The assessment here is purely based on a snap judgment and does not account for the m"
62.0,2,a,A,a,ok,"A

Based on the immediate gut impression from the black-and-white images provided, Candidate A appears more attractive. The smile and overall facial expression convey warmth and approachability, which often contributes to perceptions of attractiveness in first impressions. Candidate B, while also sm"
62.0,2,b,B,a,ok,"B

(Note: This response is based on a subjective, immediate gut impression as requested. Attractiveness is highly subjective and can vary greatly among individuals due to personal preferences, cultural influences, and other factors. The assessment here reflects a common, generalized perception often"
64.0,0,a,B,b,ok,"B

(Note: This response is based on an immediate gut impression as requested, and attractiveness is subjective and can vary greatly among individuals. Factors such as cultural background, personal preferences, and context can influence perceptions of attractiveness.)"
64.0,0,b,B,a,ok,"B

Based on the immediate gut impression from the provided images, Candidate B appears more attractive. The smile, facial expression, and overall presentation convey a more approachable and positive demeanor compared to Candidate A."
64.0,1,a,B,b,ok,"B

(Note: This response is based on an immediate gut impression as requested, and attractiveness is subjective and can vary greatly among individuals. Factors such as personal preferences, cultural differences, and individual experiences play a significant role in how attractiveness is perceived.)"
64.0,1,b,B,a,ok,"B

Based on the immediate gut impression from the provided images, Candidate B appears more attractive. The smile, facial expression, and overall presentation convey a more approachable and positive demeanor compared to Candidate A."
64.0,2,a,B,b,ok,"B

(Note: This response is based on an immediate gut impression as requested, and attractiveness is subjective and can vary greatly among individuals. Factors such as cultural background, personal preferences, and context can influence perceptions of attractiveness.)"
64.0,2,b,B,a,ok,"B

Based on the immediate gut impression from the provided images, Candidate B appears more attractive. The smile, facial expression, and overall presentation convey a more approachable and positive demeanor compared to Candidate A."
65.0,0,a,B,b,ok,"B

Based on the immediate gut impression from the provided images, Candidate B appears more attractive. The smile, facial features, and overall presentation convey a more approachable and appealing demeanor compared to Candidate A."
65.0,0,b,A,b,ok,"A

Based on the immediate gut impression from the provided images, Candidate A appears more attractive. The smile, facial features, and overall presentation convey a more approachable and appealing demeanor compared to Candidate B."
65.0,1,a,B,b,ok,"B

Based on the immediate gut impression from the provided images, Candidate B appears more attractive. The smile, facial features, and overall presentation convey a more approachable and appealing demeanor compared to Candidate A."
65.0,1,b,A,b,ok,"A

Based on the immediate gut impression from the provided images, Candidate A appears more attractive. The smile, facial features, and overall presentation convey a more approachable and appealing demeanor compared to Candidate B."
65.0,2,a,B,b,ok,"B

Based on the immediate gut impression from the provided images, Candidate B appears more attractive. The smile, facial features, and overall presentation convey a more approachable and appealing demeanor compared to Candidate A."
65.0,2,b,A,b,ok,"A

Based on the immediate gut impression from the provided images, Candidate A appears more attractive. The smile, facial features, and overall presentation convey a more approachable and appealing demeanor compared to Candidate B."
66.0,0,a,A,a,ok,"A

Based on the provided images and the instruction to go with an immediate gut impression, Candidate A is perceived as more attractive. This assessment is based on common societal preferences often associated with facial symmetry, smile, and overall presentation in professional portraits. However, "
66.0,0,b,B,a,ok,"B

Based on the immediate gut impression from the provided images, Candidate B appears more attractive. This assessment is based solely on the visual cues present in the photographs and the immediate, instinctive reaction to the faces shown."
66.0,1,a,A,a,ok,"A

Based on the immediate gut impression from the provided images, Candidate A appears more attractive. This assessment is based on common perceptions of facial features and presentation in professional portraits, where symmetry, smile, and overall grooming can influence attractiveness judgments. Ho"
66.0,1,b,B,a,ok,"B

Based on the immediate gut impression from the provided images, Candidate B appears more attractive. This assessment is based solely on the visual cues present in the photographs and the immediate, instinctive reaction to the faces shown."
66.0,2,a,A,a,ok,"A

Based on the provided images and the instruction to go with an immediate gut impression, Candidate A is perceived as more attractive. This assessment is based on common societal preferences often associated with facial symmetry, smile, and overall presentation in professional portraits. However, "
66.0,2,b,B,a,ok,"B

Based on the immediate gut impression from the provided images, Candidate B appears more attractive. The lighting, smile, and overall presentation in Candidate B's photograph seem to convey a more approachable and pleasant demeanor, which often influences first impressions of attractiveness. Howe"
67.0,0,a,A,a,ok,"A

Based on the immediate gut impression from the provided images, Candidate A appears more attractive. The smile, facial expression, and overall presentation convey a more approachable and positive demeanor compared to Candidate B."
67.0,0,b,B,a,ok,"B

Based on the immediate gut impression from the images provided, Candidate B appears more attractive. The smile and overall facial expression convey a more approachable and positive demeanor, which often contributes to perceptions of attractiveness. Candidate A, while professional in appearance, h"
67.0,1,a,A,a,ok,"A

Based on the immediate gut impression from the provided images, Candidate A appears more attractive. The smile, facial expression, and overall presentation convey a more approachable and positive demeanor compared to Candidate B."
67.0,1,b,B,a,ok,"B

Based on the immediate gut impression from the images provided, Candidate B appears more attractive. The smile and overall facial expression convey a more approachable and positive demeanor, which often contributes to perceptions of attractiveness. Candidate A, while professional in appearance, h"
67.0,2,a,A,a,ok,"A

Based on the immediate gut impression from the provided images, Candidate A appears more attractive. The smile, facial expression, and overall presentation convey a more approachable and positive demeanor compared to Candidate B."
67.0,2,b,B,a,ok,"B

Based on the immediate gut impression from the images provided, Candidate B appears more attractive. The smile and overall facial expression convey a more approachable and positive demeanor, which often contributes to perceptions of attractiveness. Candidate A, while professional in appearance, h"
70.0,0,a,B,b,ok,"B

Based on the immediate gut impression from the provided images, Candidate B appears more attractive. The facial features in Candidate B seem more symmetrical and balanced, which often contributes to perceptions of attractiveness. Additionally, the expression and overall composition of Candidate B"
70.0,0,b,A,b,ok,"A

Based on the immediate gut impression from the provided images, Candidate A appears more attractive. The facial features in Candidate A seem more symmetrical and balanced, which often contributes to perceptions of attractiveness. Candidate B has a more serious expression and less symmetrical feat"
70.0,1,a,B,b,ok,"B

Based on the immediate gut impression from the provided images, Candidate B appears more attractive. This assessment is based on common perceptions of facial features that are often associated with attractiveness, such as symmetry, clear skin, and a pleasant expression. Candidate B exhibits these"
70.0,1,b,A,b,ok,"A

Based on the immediate gut impression from the provided images, Candidate A appears more attractive. The facial features in Candidate A seem more symmetrical and youthful, which often contributes to perceptions of attractiveness. Candidate B has a more serious expression and appears older, which "
70.0,2,a,B,b,ok,"B

Based on the immediate gut impression from the provided images, Candidate B appears more attractive. The facial features in Candidate B seem more symmetrical and youthful, which often contributes to perceptions of attractiveness. Candidate A has a more serious expression and appears older, which "
70.0,2,b,A,b,ok,"A

Based on the immediate gut impression from the provided images, Candidate A appears more attractive. The facial features in Candidate A seem more symmetrical and balanced, which often contributes to perceptions of attractiveness. Candidate B has a more serious expression and less symmetrical feat"
71.0,0,a,B,b,ok,"B

**Note:** It's important to recognize that attractiveness is highly subjective and varies greatly among individuals. Factors such as personal preferences, cultural backgrounds, and individual experiences play a significant role in how people perceive attractiveness. The response provided is based"
71.0,0,b,A,b,ok,"A

Based on the provided images and the instruction to go with an immediate gut impression, Candidate A is perceived as more attractive. This assessment is based on common first-impression factors such as facial features, expression, and overall presentation. Candidate A has a warm smile and a more "
72.0,0,a,B,b,ok,"B

**Note:** This response is based on an immediate gut impression as requested. It's important to remember that attractiveness is subjective and can vary greatly among individuals. Factors such as personal preferences, cultural backgrounds, and individual experiences play a significant role in how "
72.0,0,b,A,b,ok,"A

Based on the immediate gut impression from the provided images, Candidate A appears more attractive. The facial features, smile, and overall presentation convey a more approachable and aesthetically pleasing appearance compared to Candidate B."
71.0,2,a,B,b,ok,"B

**Note:** It's important to recognize that attractiveness is highly subjective and varies greatly among individuals. Factors such as cultural background, personal preferences, and individual experiences play a significant role in how people perceive attractiveness. The response provided is based "
71.0,2,b,A,b,ok,"A

Based on the immediate gut impression from the provided black-and-white photographs, Candidate A appears more attractive. The individual in Candidate A has a warm, open smile and a more youthful, approachable facial expression. In contrast, Candidate B has a more reserved smile and a sterner expr"
71.0,1,a,B,b,ok,"B

**Note:** This response is based solely on the immediate gut impression as requested and does not account for individual differences in attraction or the subjective nature of beauty. Attractiveness is highly subjective and can vary greatly among individuals based on personal preferences, cultural"
71.0,1,b,A,b,ok,"A

Based on the immediate gut impression from the provided images, Candidate A appears more attractive. The individual in Candidate A has a warm, open smile and a more youthful appearance, which generally contributes to a more favorable first impression in terms of attractiveness. Candidate B, while"
72.0,1,a,B,b,ok,"B

Based on the immediate gut impression from the provided images, Candidate B appears more attractive. The individual in Candidate B has a softer, more approachable facial expression and a well-groomed appearance that generally aligns with common perceptions of attractiveness. Candidate A, while pr"
72.0,1,b,A,b,ok,"A

Based on the immediate gut impression from the provided images, Candidate A appears more attractive. The facial features, smile, and overall presentation convey a more approachable and aesthetically pleasing appearance compared to Candidate B."
72.0,2,a,B,b,ok,"B

Based on the immediate gut impression from the provided images, Candidate B appears more attractive. The individual in Candidate B has a softer, more approachable facial expression and a well-groomed appearance that generally aligns with common perceptions of attractiveness. Candidate A, while pr"
72.0,2,b,A,b,ok,"A

Based on the immediate gut impression from the provided images, Candidate A appears more attractive. The facial features, smile, and overall presentation convey a more approachable and aesthetically pleasing appearance compared to Candidate B."
73.0,0,a,B,b,ok,"B

Based on the immediate gut impression from the provided images, Candidate B appears more attractive. The individual in Candidate B has a more symmetrical and conventionally attractive facial structure, with a well-groomed appearance that tends to align with common attractiveness standards. Candid"
73.0,0,b,A,b,ok,"A

Based on the immediate gut impression from the provided black-and-white images, Candidate A appears more attractive. Candidate A has a more symmetrical and balanced facial structure, with a clearer, more defined jawline and a more neutral, approachable expression. Candidate B, while also presenti"
73.0,1,a,B,b,ok,"B

Based on the immediate gut impression from the provided images, Candidate B appears more attractive. The individual in Candidate B has a more symmetrical and youthful facial structure, which often contributes to perceptions of attractiveness. Additionally, the grooming and overall presentation in"
73.0,1,b,A,b,ok,"A

Based on the immediate gut impression from the provided black-and-white images, Candidate A appears more attractive. Candidate A has a more symmetrical and balanced facial structure, with a clearer, more defined jawline and a more neutral, approachable expression. Candidate B, while also presenti"
73.0,2,a,B,b,ok,"B

Based on the immediate gut impression from the provided images, Candidate B appears more attractive. The individual in Candidate B has a more symmetrical and youthful facial structure, which often contributes to perceptions of attractiveness. Additionally, the grooming and overall presentation in"
73.0,2,b,B,a,ok,"B

Based on the immediate gut impression from the provided images, Candidate B appears more attractive. The smile, eye contact, and overall expression convey a more approachable and positive demeanor, which often contributes to perceptions of attractiveness in facial assessments."
74.0,0,a,B,b,ok,"B

Based on the immediate gut impression from the provided images, Candidate B appears more attractive. The individual in Candidate B has a warmer, more approachable expression with a genuine smile, and the overall facial features seem more balanced and symmetrical, which often contributes to percep"
74.0,0,b,A,b,ok,"A

Based on the immediate gut impression from the provided images, Candidate A appears more attractive. The individual in Candidate A has a more approachable and friendly expression, with a warm smile and a relaxed posture. In contrast, Candidate B, while also smiling, has a more formal and less exp"
74.0,1,a,B,b,ok,"B

Based on the immediate gut impression from the provided images, Candidate B appears more attractive. The individual in Candidate B has a warmer, more approachable expression with a genuine smile, and the overall facial features seem more balanced and youthful compared to Candidate A. Candidate A'"
74.0,1,b,A,b,ok,"A

Based on the immediate gut impression from the provided images, Candidate A appears more attractive. The individual in Candidate A has a more approachable and warm expression, with a natural smile and a softer, more inviting facial structure. Candidate B, while also presenting a professional appe"
74.0,2,a,B,b,ok,"B

Based on the immediate gut impression from the images provided, Candidate B appears more attractive. The individual in Candidate B has a more youthful appearance, a broader smile, and a more approachable facial expression compared to Candidate A. These factors generally contribute to an immediate"
74.0,2,b,A,b,ok,"A

Based on the immediate gut impression from the provided images, Candidate A appears more attractive. The individual in Candidate A has a more approachable and friendly expression, with a warm smile and a relaxed posture. In contrast, Candidate B, while also smiling, has a more formal and less exp"
75.0,0,a,B,b,ok,"B

Based on the immediate gut impression from the provided images, Candidate B appears more attractive. The individual in Candidate B has a more youthful appearance, a clearer complexion, and a more vibrant smile, which generally contribute to an impression of higher attractiveness in first impressi"
75.0,0,b,A,b,ok,"A

Based on the immediate gut impression from the provided images, Candidate A appears more attractive. The factors contributing to this impression include a more vibrant and approachable smile, a younger and more contemporary hairstyle, and a more dynamic and engaging facial expression. These eleme"
75.0,1,a,B,b,ok,"B

Based on the immediate gut impression from the provided images, Candidate B appears more attractive. The individual in Candidate B has a more youthful appearance, a clearer complexion, and a more vibrant smile, which generally contributes to a more favorable first impression of attractiveness com"
75.0,1,b,A,b,ok,"A

Based on the immediate gut impression from the provided images, Candidate A appears more attractive. The individual in Candidate A has a warmer, more approachable expression with a broader smile, which tends to be perceived as more attractive in first impressions. Additionally, the lighting and c"
76.0,0,a,A,a,ok,"A

Based on the immediate gut impression from the provided images, Candidate A is perceived as more attractive. This assessment is based on common societal preferences for facial features such as symmetry, clear skin, and a confident, approachable expression, which are more pronounced in Candidate A"
76.0,0,b,B,a,ok,"B

Based on the immediate gut impression from the images provided, Candidate B appears more attractive. The individual in Candidate B has a well-groomed appearance, a confident smile, and a professional demeanor that conveys approachability and attractiveness. Candidate A, while also smiling, has a "
75.0,2,a,B,b,ok,"B

Based on the immediate gut impression from the provided images, Candidate B appears more attractive. The individual in Candidate B has a more youthful appearance, a clearer complexion, and a more contemporary hairstyle, which generally contributes to a more favorable first impression in terms of "
75.0,2,b,A,b,ok,"A

Based on the immediate gut impression from the provided images, Candidate A appears more attractive. The factors contributing to this impression include a more vibrant and approachable smile, a younger and more contemporary hairstyle, and a more dynamic facial expression that conveys warmth and e"
76.0,1,a,A,a,ok,"A

Based on the immediate gut impression from the provided images, Candidate A is perceived as more attractive. This assessment is based on common societal preferences for facial features such as symmetry, clear skin, and a confident, approachable expression, which are more pronounced in Candidate A"
76.0,1,b,B,a,ok,"B

Based on the immediate gut impression from the images provided, Candidate B appears more attractive. The individual in Candidate B has a well-groomed appearance, a confident smile, and a professional demeanor that conveys approachability and attractiveness. Candidate A, while also smiling, has a "
77.0,0,a,B,b,ok,"B

Based on the immediate gut impression from the provided images, Candidate B appears more attractive. The smile and overall facial expression convey warmth and approachability, which often contributes to perceptions of attractiveness. Candidate A, while professional in appearance, lacks the same e"
77.0,0,b,A,b,ok,"A

Based on the immediate gut impression from the provided images, Candidate A appears more attractive. The smile, facial expression, and overall presentation convey a more approachable and positive demeanor compared to Candidate B."
77.0,1,a,B,b,ok,"B

Based on the immediate gut impression from the provided images, Candidate B appears more attractive. The smile and overall facial expression convey warmth and approachability, which often contributes to perceptions of attractiveness. Candidate A, while professional in appearance, lacks the same e"
77.0,1,b,A,b,ok,"A

Based on the immediate gut impression from the provided images, Candidate A appears more attractive. The smile, facial expression, and overall presentation convey a more approachable and positive demeanor compared to Candidate B."
76.0,2,a,A,a,ok,"A

Based on the immediate gut impression from the images provided, Candidate A is perceived as more attractive. This assessment is based on common societal preferences for facial features such as symmetry, clear skin, and a confident smile, which are more pronounced in Candidate A. Candidate B, whil"
76.0,2,b,B,a,ok,"B

Based on the immediate gut impression from the images provided, Candidate B appears more attractive. The individual in Candidate B has a well-groomed appearance, a confident smile, and a professional demeanor that conveys attractiveness. Candidate A, while pleasant, has a more aged appearance whi"
77.0,2,a,B,b,ok,"B

Based on the immediate gut impression from the provided images, Candidate B appears more attractive. The smile and overall facial expression convey warmth and approachability, which often contributes to perceptions of attractiveness. Candidate A, while professional in appearance, lacks the same e"
77.0,2,b,A,b,ok,"A

Based on the immediate gut impression from the provided images, Candidate A appears more attractive. The smile, facial expression, and overall presentation convey a more approachable and positive demeanor compared to Candidate B."
78.0,2,a,A,a,ok,"A

Based on the immediate gut impression from the provided images, Candidate A appears more attractive. The individual in Candidate A has a warm, approachable smile and a more contemporary, polished appearance that generally aligns with conventional attractiveness standards. Candidate B, while prese"
78.0,2,b,B,a,ok,"B

Based on the immediate gut impression from the provided images, Candidate B appears more attractive. The individual in Candidate B has a warmer, more approachable expression with a smile, which generally contributes to a more favorable first impression. Candidate A, while presenting a professiona"
78.0,1,a,A,a,ok,"A

Based on the immediate gut impression from the provided images, Candidate A appears more attractive. The individual in Candidate A has a warm, approachable smile and a more contemporary, polished appearance that generally aligns with common perceptions of attractiveness. Candidate B, while presen"
78.0,1,b,B,a,ok,"B

Based on the immediate gut impression from the provided images, Candidate B appears more attractive. The individual in Candidate B has a warmer, more approachable expression with a smile, which generally contributes to a more favorable first impression. Candidate A, while presenting a professiona"
78.0,0,a,A,a,ok,"A

Based on the immediate gut impression from the provided images, Candidate A appears more attractive. The individual in Candidate A has a warm, approachable smile and a more contemporary, polished appearance that generally aligns with conventional attractiveness standards. Candidate B, while prese"
78.0,0,b,B,a,ok,"B

Based on the immediate gut impression from the provided images, Candidate B appears more attractive. The individual in Candidate B has a warmer, more approachable expression with a smile, which generally contributes to a more favorable first impression of attractiveness. Candidate A, while presen"
79.0,0,a,A,a,ok,"A

Based on the immediate gut impression from the provided images, Candidate A appears more attractive. This assessment is based on common perceptions of facial features and presentation, such as symmetry, grooming, and overall demeanor. However, it's important to note that attractiveness is highly "
79.0,0,b,B,a,ok,"B

Based on the immediate gut impression from the provided images, Candidate B appears more attractive. The facial features in Candidate B seem more balanced and symmetrical, which often contributes to perceptions of attractiveness. Additionally, the expression and overall composition of Candidate B"
79.0,1,a,A,a,ok,"A

Based on the immediate gut impression from the provided images, Candidate A appears more attractive. This assessment is based on common perceptions of facial features and presentation, such as symmetry, grooming, and overall demeanor. However, it's important to note that attractiveness is highly "
79.0,1,b,B,a,ok,"B

Based on the immediate gut impression from the provided images, Candidate B appears more attractive. The facial features in Candidate B seem more balanced and symmetrical, which often contributes to perceptions of attractiveness. Additionally, the expression and overall composition of Candidate B"
79.0,2,a,A,a,ok,"A

Based on the immediate gut impression from the provided images, Candidate A appears more attractive. This assessment is based on common perceptions of facial features and presentation, such as symmetry, grooming, and overall presentation. However, it's important to note that attractiveness is hig"
79.0,2,b,B,a,ok,"B

Based on the immediate gut impression from the provided images, Candidate B appears more attractive. The facial features in Candidate B seem more balanced and symmetrical, which often contributes to perceptions of attractiveness. Additionally, the expression and overall composition of Candidate B"
80.0,0,a,B,b,ok,"B

Based on the immediate gut impression from the provided black-and-white portraits, Candidate B appears more attractive. The smile, eye contact, and overall facial expression convey a more approachable and positive demeanor compared to Candidate A. However, it's important to note that attractivene"
80.0,0,b,A,b,ok,"A

Based on the immediate gut impression from the provided black-and-white photographs, Candidate A appears more attractive. The individual in Candidate A has a warmer, more approachable expression with a smile, which generally contributes to perceptions of attractiveness. In contrast, Candidate B h"
80.0,1,a,B,b,ok,"B

Based on the immediate gut impression from the provided black-and-white photographs, Candidate B appears more attractive. The smile, eye contact, and overall facial expression convey approachability and warmth, which generally contribute to perceptions of attractiveness. Candidate A, while presen"
80.0,1,b,A,b,ok,"A

Based on the immediate gut impression from the provided images, Candidate A appears more attractive. The individual in Candidate A has a warmer, more approachable expression with a smile, which generally contributes to a more favorable first impression. In contrast, Candidate B has a more formal "
80.0,2,a,B,b,ok,"B

Based on the immediate gut impression from the provided black-and-white portraits, Candidate B appears more attractive. The smile, eye contact, and overall facial expression convey approachability and warmth, which generally contribute to perceptions of attractiveness. Candidate A, while presenti"
80.0,2,b,A,b,ok,"A

Based on the immediate gut impression from the provided black-and-white photographs, Candidate A appears more attractive. The individual in Candidate A has a warmer, more approachable expression with a smile, which generally contributes to perceptions of attractiveness. In contrast, Candidate B h"
81.0,0,a,B,b,ok,"B

Based on the immediate gut impression from the provided images, Candidate B appears more attractive. The facial features in Candidate B seem more symmetrical and approachable, contributing to a more favorable first impression. Candidate A, while professional-looking, has a more serious expression"
81.0,0,b,A,b,ok,"A

Based on the immediate gut impression from the provided images, Candidate A appears more attractive. The individual in Candidate A has a more vibrant and engaging smile, which often contributes positively to perceived attractiveness. Additionally, the overall facial features and presentation in C"
81.0,1,a,B,b,ok,"B

Based on the immediate gut impression from the provided images, Candidate B appears more attractive. This assessment is based on common perceptions of facial features and presentation in professional portraits, where symmetry, smile, and overall grooming can influence first impressions of attract"
81.0,1,b,A,b,ok,"A

Based on the immediate gut impression from the provided images, Candidate A appears more attractive. The individual in Candidate A has a more symmetrical facial structure, a broader smile, and a more vibrant and engaging expression compared to Candidate B. These factors generally contribute to an"
81.0,2,a,B,b,ok,"B

Based on the immediate gut impression from the provided images, Candidate B appears more attractive. This assessment is based on common factors that often influence first impressions of attractiveness in facial photographs, such as symmetry, facial features, and overall presentation. Candidate B "
81.0,2,b,A,b,ok,"A

Based on the immediate gut impression from the provided images, Candidate A appears more attractive. The individual in Candidate A has a more vibrant and engaging smile, which often contributes positively to perceived attractiveness. Additionally, the overall facial features and presentation in C"
82.0,2,a,A,a,ok,"A

Based on the immediate gut impression from the provided images, Candidate A appears more attractive. The smile, facial expression, and overall presentation convey a more approachable and positive demeanor, which often contributes to perceptions of attractiveness in first impressions."
82.0,2,b,B,a,ok,"B

**Note:** This response is based solely on an immediate gut impression as requested and does not reflect any objective measure of attractiveness, which is subjective and influenced by many factors. Attractiveness is highly personal and varies greatly among individuals."
82.0,0,a,A,a,ok,"A

Based on the immediate gut impression from the provided images, Candidate A appears more attractive. The individual in Candidate A has a warm, open smile and a confident, approachable demeanor that tends to be perceived as more attractive in first impressions. Candidate B, while also smiling, has"
82.0,0,b,B,a,ok,"B

**Note:** It's important to recognize that attractiveness is highly subjective and varies greatly among individuals. Factors such as personal preferences, cultural backgrounds, and individual experiences play a significant role in how people perceive attractiveness. The response provided is based"
82.0,1,a,A,a,ok,"A

Based on the immediate gut impression from the provided images, Candidate A appears more attractive. The individual in Candidate A has a warm, open smile and a confident, approachable demeanor, which often contributes to perceptions of attractiveness. Candidate B, while also smiling, has a more r"
82.0,1,b,B,a,ok,"B

**Note:** This response is based on an immediate gut impression and general societal trends in attractiveness perception, which can be subjective and influenced by various factors. Attractiveness is highly subjective and can vary greatly among individuals due to personal preferences, cultural dif"
83.0,0,a,B,b,ok,"B

Based on the immediate gut impression from the black-and-white images provided, Candidate B appears more attractive. The individual in Candidate B has a more symmetrical face, a broader smile, and a generally more approachable and balanced facial structure compared to Candidate A. These factors o"
83.0,0,b,A,b,ok,"A

Based on the immediate gut impression from the black-and-white images provided, Candidate A appears more attractive. The individual in Candidate A has a more symmetrical and balanced facial structure, a broader smile, and a more polished and confident presentation overall. These factors contribut"
84.0,0,a,A,a,ok,"A

Based on the immediate gut impression from the images provided, Candidate A appears more attractive. The smile, eye contact, and overall presentation convey a more approachable and positive demeanor compared to Candidate B."
84.0,0,b,B,a,ok,"B

Based on the immediate gut impression from the images provided, Candidate B appears more attractive. The individual in Candidate B has a warmer, more approachable expression with a broad smile, which tends to convey friendliness and confidence. Additionally, the glasses and well-groomed hair add "
83.0,2,a,B,b,ok,"B

Based on the immediate gut impression from the black-and-white images provided, Candidate B appears more attractive. The individual in Candidate B has a more symmetrical face, a broader smile, and a generally more approachable and balanced facial structure compared to Candidate A. These factors o"
83.0,2,b,A,b,ok,"A

Based on the immediate gut impression from the black-and-white images provided, Candidate A appears more attractive. The individual in Candidate A has a more symmetrical and balanced facial structure, a broader smile, and a generally more approachable and confident demeanor. These factors contrib"
83.0,1,a,B,b,ok,"B

Based on the immediate gut impression from the provided images, Candidate B appears more attractive. The individual in Candidate B has a more symmetrical and balanced facial structure, a broader smile, and a more polished overall appearance compared to Candidate A. These factors contribute to a m"
83.0,1,b,A,b,ok,"A

Based on the immediate gut impression from the black-and-white images provided, Candidate A appears more attractive. The individual in Candidate A has a more symmetrical and balanced facial structure, a broader smile, and a generally more approachable and confident demeanor. These factors contrib"
84.0,1,a,A,a,ok,"A

Based on the immediate gut impression from the images provided, Candidate A appears more attractive. The smile, eye contact, and overall presentation convey a more approachable and positive demeanor compared to Candidate B."
84.0,1,b,B,a,ok,"B

Based on the immediate gut impression from the images provided, Candidate B appears more attractive. The individual in Candidate B has a warmer, more approachable expression with a broad smile, which tends to convey friendliness and confidence. In contrast, Candidate A has a more neutral and less"
84.0,2,a,A,a,ok,"A

Based on the immediate gut impression from the images provided, Candidate A appears more attractive. The smile, eye contact, and overall presentation convey a more approachable and positive demeanor compared to Candidate B."
84.0,2,b,B,a,ok,"B

Based on the immediate gut impression from the images provided, Candidate B appears more attractive. The individual in Candidate B has a warmer, more approachable expression with a broad smile, which tends to be perceived as more inviting and positive. Additionally, the use of glasses can sometim"
85.0,1,a,B,b,ok,"B

Based on the immediate gut impression from the images provided, Candidate B appears more attractive. The facial features in Candidate B, such as the mustache and overall composition, tend to convey a more balanced and aesthetically pleasing appearance compared to Candidate A. However, it's import"
85.0,1,b,B,a,ok,"B

Based on the immediate gut impression from the images provided, Candidate B appears more attractive. The facial features in Candidate B seem more balanced and approachable, with a softer expression compared to Candidate A. However, it's important to note that attractiveness is highly subjective a"
85.0,0,a,B,b,ok,"B

Based on the immediate gut impression from the images provided, Candidate B appears more attractive. The facial features in Candidate B, such as the mustache and overall composition, seem to convey a more balanced and aesthetically pleasing appearance compared to Candidate A. However, it's import"
85.0,0,b,B,a,ok,"B

Based on the immediate gut impression from the provided images, Candidate B appears more attractive. The facial features in Candidate B seem more balanced and approachable, with a softer expression compared to Candidate A. However, it's important to note that attractiveness is highly subjective a"
85.0,2,a,B,b,ok,"B

Based on the immediate gut impression from the images provided, Candidate B appears more attractive. The facial features in Candidate B, such as the mustache and overall composition, tend to convey a more balanced and aesthetically pleasing appearance compared to Candidate A. However, it's import"
85.0,2,b,B,a,ok,"B

Based on the immediate gut impression from the images provided, Candidate B appears more attractive. The facial features in Candidate B seem more balanced and symmetrical, which are often associated with perceived attractiveness. Additionally, the presence of glasses can sometimes add a polished "
86.0,0,a,B,b,ok,"B

(Note: This response is based on an immediate gut impression as requested. Attractiveness is subjective and can vary greatly among individuals. Factors such as personal preferences, cultural background, and individual experiences play a significant role in how people perceive attractiveness.)"
86.0,0,b,,,REFUSE,"A

**Note:** It's important to recognize that attractiveness is highly subjective and varies greatly among individuals. Factors such as personal preferences, cultural backgrounds, and individual experiences play a significant role in how people perceive attractiveness. The assessment provided here i"
86.0,1,a,B,b,ok,"B

(Note: This response is based on an immediate gut impression as requested. Attractiveness is subjective and can vary greatly among individuals due to personal preferences, cultural influences, and other factors. The assessment here is purely based on a snap judgment and does not account for the m"
86.0,1,b,A,b,ok,"A

**Note:** This response is based on an immediate gut impression as requested, focusing solely on the visual cues provided in the images. Attractiveness is highly subjective and can vary greatly among individuals due to personal preferences, cultural influences, and other factors. The assessment h"
86.0,2,a,B,b,ok,"B

(Note: This response is based on an immediate gut impression as requested. Attractiveness is subjective and can vary greatly among individuals due to personal preferences, cultural influences, and other factors. The assessment here is purely based on a snap judgment and not a definitive evaluatio"
86.0,2,b,A,b,ok,"A

**Note:** This response is based solely on the immediate gut impression as requested and does not reflect any objective measure of attractiveness, which is subjective and influenced by many factors beyond visual appearance alone. Attractiveness is highly subjective and can vary greatly among indi"
87.0,0,a,A,a,ok,"A

Based on the provided images and the instruction to go with an immediate gut impression, Candidate A appears more attractive. The facial features in Candidate A seem more balanced and symmetrical, which often contributes to perceptions of attractiveness. Additionally, the smile in Candidate A app"
87.0,0,b,A,b,ok,"A

Based on the immediate gut impression from the provided images, Candidate A appears more attractive. The lighting, smile, and overall composition of the photograph contribute to a more favorable first impression."
87.0,1,a,A,a,ok,"A

Based on the immediate gut impression from the black-and-white images provided, Candidate A appears more attractive. The facial features, smile, and overall composition seem more balanced and appealing in Candidate A compared to Candidate B. However, it's important to note that attractiveness is "
87.0,1,b,A,b,ok,"A

Based on the immediate gut impression from the provided images, Candidate A appears more attractive. The lighting, smile, and overall composition of the photograph contribute to a more favorable first impression."
87.0,2,a,A,a,ok,"A

Based on the provided images and the instruction to go with an immediate gut impression, Candidate A appears more attractive. The facial features in Candidate A seem more balanced and symmetrical, which often contributes to perceptions of attractiveness. Additionally, the smile in Candidate A app"
87.0,2,b,A,b,ok,"A

Based on the immediate gut impression from the provided images, Candidate A appears more attractive. The lighting, smile, and overall composition of the photograph contribute to a more favorable first impression."
88.0,0,a,B,b,ok,"B

Based on the immediate gut impression from the provided images, Candidate B appears more attractive. The individual in Candidate B has a more symmetrical and balanced facial structure, which often contributes to perceptions of attractiveness. Additionally, the lighting and composition of Candidat"
88.0,0,b,A,b,ok,"A

Based on the immediate gut impression from the provided images, Candidate A appears more attractive. This assessment is based on general perceptions of facial features, grooming, and presentation that are often associated with attractiveness in first impressions. Candidate A has a more symmetrica"
88.0,1,a,B,b,ok,"B

Based on the immediate gut impression from the provided black-and-white images, Candidate B appears more attractive. The individual in Candidate B has a more symmetrical and balanced facial structure, with a clearer, more defined jawline and a more approachable expression. Candidate A's face appe"
88.0,1,b,A,b,ok,"A

Based on the immediate gut impression from the provided black-and-white images, Candidate A appears more attractive. This assessment is based on general facial symmetry, grooming, and presentation, which are often subconsciously evaluated in first impressions of attractiveness. Candidate A has a "
88.0,2,a,B,b,ok,"B

Based on the immediate gut impression from the provided black-and-white images, Candidate B appears more attractive. The individual in Candidate B has a more symmetrical and balanced facial structure, with a clearer, more defined jawline and a more approachable expression. Candidate A's face appe"
88.0,2,b,A,b,ok,"A

Based on the immediate gut impression from the provided images, Candidate A appears more attractive. The facial features in Candidate A seem more balanced and symmetrical, which often contributes to perceptions of attractiveness. Additionally, the expression and overall composition of Candidate A"
89.0,0,a,B,b,ok,"B

Based on the immediate gut impression from the provided images, Candidate B appears more attractive. The smile, facial symmetry, and overall presentation convey a more approachable and appealing demeanor compared to Candidate A."
89.0,0,b,B,a,ok,"B

Based on the immediate gut impression from the provided images, Candidate B appears more attractive. The facial features in Candidate B seem more balanced and symmetrical, which are often associated with perceived attractiveness. Additionally, the expression and overall composition of Candidate B"
89.0,1,a,B,b,ok,"B

Based on the immediate gut impression from the provided images, Candidate B appears more attractive. The smile, facial symmetry, and overall presentation convey a more approachable and appealing demeanor compared to Candidate A."
89.0,1,b,B,a,ok,"B

Based on the immediate gut impression from the provided images, Candidate B appears more attractive. The facial features in Candidate B seem more balanced and symmetrical, which are often associated with perceived attractiveness. Additionally, the expression and overall composition of Candidate B"
89.0,2,a,B,b,ok,"B

Based on the immediate gut impression from the provided images, Candidate B appears more attractive. The individual in Candidate B has a warm, inviting smile and a more approachable facial expression, which generally contributes to perceptions of attractiveness. Candidate A, while presenting a ne"
89.0,2,b,B,a,ok,"B

Based on the immediate gut impression from the provided images, Candidate B appears more attractive. The facial features in Candidate B seem more balanced and symmetrical, which are often associated with perceived attractiveness. Additionally, the expression and overall composition of Candidate B"
90.0,0,a,B,b,ok,"B

Based on the immediate gut impression from the images provided, Candidate B appears more attractive. The individual in Candidate B has a more approachable and friendly expression, with a warm smile and a relaxed posture. The lighting and composition also seem to favor Candidate B, enhancing their"
90.0,0,b,A,b,ok,"A

Based on the immediate gut impression from the provided images, Candidate A appears more attractive. The individual in Candidate A has a warm, open smile and a friendly expression, which generally contributes to a more positive first impression. Additionally, the lighting and composition of the p"
90.0,1,a,B,b,ok,"B

Based on the immediate gut impression from the provided images, Candidate B appears more attractive. The individual in Candidate B has a more approachable and friendly expression, with a warm smile and a relaxed posture. In contrast, Candidate A, while professional and well-dressed, has a more fo"
90.0,1,b,A,b,ok,"A

Based on the immediate gut impression from the provided images, Candidate A appears more attractive. The individual in Candidate A has a warm, open smile and a friendly expression, which generally contributes to a more positive first impression. Additionally, the lighting and composition of Candi"
90.0,2,a,B,b,ok,"B

Based on the immediate gut impression from the images provided, Candidate B appears more attractive. The individual in Candidate B has a more approachable and friendly expression, with a warm smile and a relaxed posture. The lighting and composition also seem to favor Candidate B, enhancing their"
90.0,2,b,A,b,ok,"A

Based on the immediate gut impression from the provided images, Candidate A appears more attractive. The individual in Candidate A has a warm, open smile and a friendly expression, which generally contributes to a more positive first impression. Additionally, the lighting and composition of Candi"
91.0,0,a,B,b,ok,"B

Based on the immediate gut impression from the provided images, Candidate B appears more attractive. The individual in Candidate B has a more symmetrical and balanced facial structure, a broader smile, and a more approachable and warm expression. These factors generally contribute to an immediate"
91.0,0,b,A,b,ok,"A

Based on the immediate gut impression from the provided images, Candidate A appears more attractive. The individual in Candidate A has a more approachable and friendly expression, with a warm smile and a well-groomed appearance. Candidate B, while also smiling, has a slightly more formal and less"
91.0,2,a,B,b,ok,"B

Based on the immediate gut impression from the provided images, Candidate B appears more attractive. The individual in Candidate B has a more symmetrical face, a broader smile, and a generally more approachable and balanced facial structure compared to Candidate A. These factors often contribute "
91.0,2,b,A,b,ok,"A

Based on the immediate gut impression from the provided images, Candidate A appears more attractive. The individual in Candidate A has a more approachable and friendly expression, with a warm smile and a well-groomed appearance. Candidate B, while also smiling, has a slightly more formal and less"
92.0,0,a,B,b,ok,"B

Based on the immediate gut impression from the provided images, Candidate B appears more attractive. The facial features in Candidate B seem more symmetrical and approachable, contributing to a more favorable first impression."
92.0,0,b,A,b,ok,"A

Based on the immediate gut impression from the black-and-white images provided, Candidate A appears more attractive. The smile seems more open and warm, and the overall facial expression conveys more approachability and confidence. However, it's important to note that attractiveness is highly sub"
91.0,1,a,B,b,ok,"B

Based on the immediate gut impression from the provided images, Candidate B appears more attractive. The individual in Candidate B has a more symmetrical and balanced facial structure, a broader smile, and a more approachable and warm expression, which generally contributes to perceptions of attr"
91.0,1,b,A,b,ok,"A

Based on the immediate gut impression from the provided images, Candidate A appears more attractive. The individual in Candidate A has a more approachable and friendly expression, with a warm smile and a well-groomed appearance. Candidate B, while also smiling, has a slightly more formal and less"
92.0,1,a,B,b,ok,"B

Based on the immediate gut impression from the provided images, Candidate B appears more attractive. The facial features in Candidate B seem more symmetrical and approachable, contributing to a more favorable first impression."
92.0,1,b,A,b,ok,"A

Based on the immediate gut impression from the black-and-white images provided, Candidate A appears more attractive. The smile seems more genuine and warm, and the overall facial expression conveys more approachability and confidence. Candidate B's expression is more reserved, which may contribut"
93.0,1,a,B,b,ok,"B

Based on the immediate gut impression from the provided images, Candidate B appears more attractive. The individual in Candidate B has a more approachable and warm smile, which often contributes positively to perceived attractiveness. Additionally, the lighting and composition of Candidate B's ph"
93.0,1,b,A,b,ok,"A

Based on the immediate gut impression from the provided images, Candidate A appears more attractive. The individual in Candidate A has a warmer, more open smile and a more approachable facial expression, which generally contributes to perceptions of attractiveness. Additionally, the lighting and "
92.0,2,a,B,b,ok,"B

Based on the immediate gut impression from the provided images, Candidate B appears more attractive. The facial features in Candidate B seem more symmetrical and approachable, contributing to a more favorable first impression."
92.0,2,b,A,b,ok,"A

Based on the immediate gut impression from the black-and-white images provided, Candidate A appears more attractive. The smile seems more open and warm, and the overall facial expression conveys more approachability and confidence. However, it's important to note that attractiveness is highly sub"
93.0,0,a,B,b,ok,"B

Based on the immediate gut impression from the provided images, Candidate B appears more attractive. The facial features in Candidate B seem more symmetrical and approachable, contributing to a more favorable first impression. Candidate A, while also presenting a professional appearance, has feat"
93.0,0,b,A,b,ok,"A

Based on the immediate gut impression from the provided images, Candidate A appears more attractive. The individual in Candidate A has a more open and warm smile, which often contributes positively to perceived attractiveness. Additionally, the lighting and composition of Candidate A's photo seem"
93.0,2,a,B,b,ok,"B

Based on the immediate gut impression from the provided images, Candidate B appears more attractive. The facial features in Candidate B seem more symmetrical and the smile appears more inviting, which often contributes to an immediate perception of attractiveness. However, it's important to note "
93.0,2,b,A,b,ok,"A

Based on the immediate gut impression from the provided images, Candidate A appears more attractive. The individual in Candidate A has a more open and warm smile, which often contributes positively to perceived attractiveness. Additionally, the lighting and composition of Candidate A's photo seem"
94.0,1,a,A,a,ok,"A

Based on the immediate gut impression from the provided images, Candidate A appears more attractive. The smile, facial expression, and overall presentation convey a more approachable and engaging demeanor compared to Candidate B."
94.0,1,b,B,a,ok,"B

Based on the immediate gut impression from the provided images, Candidate B appears more attractive. The individual in Candidate B has a more vibrant and approachable expression, with a broader smile and a more youthful appearance compared to Candidate A. These factors typically contribute to an "
94.0,0,a,A,a,ok,"A

Based on the immediate gut impression from the provided images, Candidate A appears more attractive. The smile, facial features, and overall presentation convey a more approachable and appealing demeanor compared to Candidate B."
94.0,0,b,B,a,ok,"B

Based on the immediate gut impression from the provided images, Candidate B appears more attractive. The individual in Candidate B has a more vibrant and approachable expression, with a broader smile and a more youthful appearance compared to Candidate A. These factors typically contribute to an "
94.0,2,a,A,a,ok,"A

Based on the immediate gut impression from the provided images, Candidate A appears more attractive. The smile, facial expression, and overall presentation convey a more approachable and engaging demeanor compared to Candidate B."
94.0,2,b,B,a,ok,"B

Based on the immediate gut impression from the provided images, Candidate B appears more attractive. The individual in Candidate B has a more vibrant and approachable expression, with a broader smile and a more youthful appearance compared to Candidate A. These factors typically contribute to an "
95.0,1,a,B,b,ok,"B

Based on the immediate gut impression from the images provided, Candidate B appears more attractive. The individual in Candidate B has a more symmetrical and balanced facial structure, which is often perceived as more attractive. Additionally, the glasses add a touch of sophistication and can enh"
95.0,1,b,B,a,ok,"B

Based on the immediate gut impression from the provided images, Candidate B appears more attractive. The individual in Candidate B has a more approachable and friendly expression, with a slight smile that conveys warmth. Additionally, the lighting and composition of Candidate B's photo seem to en"
95.0,2,a,B,b,ok,"B

Based on the immediate gut impression from the images provided, Candidate B appears more attractive. The individual in Candidate B has a more symmetrical and balanced facial structure, which is often perceived as more attractive. Additionally, the glasses can add a touch of sophistication and con"
95.0,2,b,B,a,ok,"B

Based on the immediate gut impression from the images provided, Candidate B appears more attractive. The facial features in Candidate B seem more balanced and approachable, contributing to a more favorable first impression compared to Candidate A."
95.0,0,a,B,b,ok,"B

Based on the immediate gut impression from the images provided, Candidate B appears more attractive. The individual in Candidate B has a more symmetrical face, clear skin, and a well-groomed appearance, which often contributes to perceptions of attractiveness. Additionally, the glasses can add a "
95.0,0,b,B,a,ok,"B

Based on the immediate gut impression from the images provided, Candidate B appears more attractive. The facial features in Candidate B seem more balanced and approachable, contributing to a more favorable first impression compared to Candidate A."
96.0,0,a,B,b,ok,"B

Based on the immediate gut impression from the provided images, Candidate B appears more attractive. The facial features in Candidate B seem more symmetrical and balanced, which often contributes to perceptions of attractiveness. Additionally, the expression and overall composition of Candidate B"
96.0,0,b,A,b,ok,"A

Based on the immediate gut impression from the provided images, Candidate A appears more attractive. This assessment is based on general perceptions of facial features, symmetry, and presentation, which are often factors considered in first-impression judgments of attractiveness. Candidate A has "
97.0,0,a,B,b,ok,"B

Based on the immediate gut impression from the provided images, Candidate B appears more attractive. The person in Candidate B has a more approachable and warm expression, with a softer smile and a more relaxed posture, which generally contributes to a more favorable first impression in terms of "
97.0,0,b,B,a,ok,"B

Based on the immediate gut impression from the provided images, Candidate B appears more attractive. The person in Candidate B has a more polished and confident appearance, with neatly styled hair and a direct, engaging smile, which often contributes to an immediate perception of attractiveness. "
96.0,2,a,B,b,ok,"B

Based on the immediate gut impression from the provided images, Candidate B appears more attractive. The facial features in Candidate B seem more symmetrical and balanced, which often contributes to perceptions of attractiveness. Additionally, the expression and overall composition of Candidate B"
96.0,2,b,A,b,ok,"A

Based on the immediate gut impression from the provided images, Candidate A appears more attractive. The facial features of Candidate A seem more balanced and symmetrical, which are often perceived as attractive traits. Additionally, the expression and overall presentation of Candidate A convey c"
96.0,1,a,B,b,ok,"B

Based on the immediate gut impression from the provided images, Candidate B appears more attractive. The facial features in Candidate B seem more symmetrical and balanced, which often contributes to perceptions of attractiveness. Additionally, the expression and overall composition of Candidate B"
96.0,1,b,A,b,ok,"A

Based on the immediate gut impression from the provided images, Candidate A appears more attractive. The facial features of Candidate A seem more balanced and symmetrical, which are often perceived as more attractive in first impressions. Additionally, the expression and overall presentation of C"
97.0,1,a,B,b,ok,"B

Based on the immediate gut impression from the provided images, Candidate B appears more attractive. The person in Candidate B has a more approachable and warm expression, with a softer smile and a more relaxed posture, which generally contributes to a more favorable first impression in terms of "
97.0,1,b,B,a,ok,"B

Based on the immediate gut impression from the provided images, Candidate B appears more attractive. The facial features in Candidate B seem more symmetrical and balanced, which often contributes to perceptions of attractiveness. Additionally, the smile in Candidate B appears more open and inviti"
97.0,2,a,B,b,ok,"B

Based on the immediate gut impression from the images provided, Candidate B appears more attractive. The person in Candidate B has a more approachable and warm expression, with a natural smile and a softer, more inviting gaze. The overall composition and lighting also contribute to a more favorab"
97.0,2,b,B,a,ok,"B

Based on the immediate gut impression from the provided images, Candidate B appears more attractive. The facial features in Candidate B seem more symmetrical and balanced, which often contributes to perceptions of attractiveness. Additionally, the smile in Candidate B appears more open and inviti"
98.0,2,a,B,b,ok,"B

Based on the immediate gut impression from the provided images, Candidate B appears more attractive. This assessment is based on common perceptions of facial features and presentation, such as symmetry, smile, and overall grooming, which are often associated with attractiveness in first impressio"
98.0,2,b,A,b,ok,"A

Based on the immediate gut impression from the provided black-and-white images, Candidate A appears more attractive. The person in Candidate A has a more open and inviting smile, brighter eyes, and a generally more approachable facial expression compared to Candidate B. These factors contribute t"
98.0,0,a,B,b,ok,"B

Based on the immediate gut impression from the provided images, Candidate B appears more attractive. The person in Candidate B has a more youthful and vibrant appearance, with a brighter smile and a more engaging facial expression. Candidate A's appearance, while pleasant, seems more mature and l"
98.0,0,b,A,b,ok,"A

Based on the immediate gut impression from the provided black-and-white images, Candidate A appears more attractive. The person in Candidate A has a more open and inviting smile, brighter eyes, and a generally more approachable facial expression compared to Candidate B. These factors contribute t"
98.0,1,a,B,b,ok,"B

Based on the immediate gut impression from the provided images, Candidate B appears more attractive. This assessment is based on common perceptions of facial features and presentation, such as symmetry, smile, and overall grooming, which are often associated with attractiveness in first impressio"
98.0,1,b,A,b,ok,"A

Based on the immediate gut impression from the provided black-and-white images, Candidate A appears more attractive. The person in Candidate A has a more open and inviting smile, brighter eyes, and a generally more youthful and vibrant appearance compared to Candidate B. These factors contribute "
99.0,0,a,B,b,ok,"B

Based on the immediate gut impression from the provided black-and-white images, Candidate B appears more attractive. Candidate B has a more youthful and approachable facial structure, with a broader smile and a more symmetrical face, which often contributes to perceptions of attractiveness. Candi"
99.0,0,b,A,b,ok,"A

Based on the immediate gut impression from the provided images, Candidate A appears more attractive. The individual in Candidate A has a more youthful and approachable facial expression, with a warm smile and a well-groomed appearance. In contrast, Candidate B has a more serious expression and ap"
100.0,0,a,A,a,ok,"A

Based on the immediate gut impression from the black-and-white images provided, Candidate A appears more attractive. The person in Candidate A has a warmer, more approachable expression with a broad smile, which generally conveys friendliness and confidence. In contrast, Candidate B has a more se"
100.0,0,b,B,a,ok,"B

Based on the immediate gut impression from the provided images, Candidate B appears more attractive. The person in Candidate B has a warmer, more approachable expression with a smile, which generally contributes to a more favorable first impression. Candidate A, while professional in appearance, "
99.0,1,a,B,b,ok,"B

Based on the immediate gut impression from the provided black-and-white images, Candidate B appears more attractive. Candidate B has a more youthful and approachable facial structure, with a broader smile and a more symmetrical face, which often contributes to perceptions of attractiveness. Candi"
99.0,1,b,A,b,ok,"A

Based on the immediate gut impression from the provided images, Candidate A appears more attractive. The individual in Candidate A has a more youthful and approachable facial expression, with a warm smile and a well-groomed appearance. In contrast, Candidate B has a more serious expression and ap"
99.0,2,a,B,b,ok,"B

Based on the immediate gut impression from the provided black-and-white images, Candidate B appears more attractive. Candidate B has a more youthful and approachable facial structure, with a broader smile and a more symmetrical face, which often contributes to perceptions of attractiveness. Candi"
99.0,2,b,A,b,ok,"A

Based on the immediate gut impression from the provided images, Candidate A appears more attractive. The individual in Candidate A has a more youthful and approachable appearance, with a warm smile and a well-groomed look. In contrast, Candidate B has a more serious expression and appears older, "
100.0,2,a,A,a,ok,"A

Based on the immediate gut impression from the provided images, Candidate A appears more attractive. The individual in Candidate A has a warmer, more approachable expression with a broad smile, which generally conveys friendliness and confidence. In contrast, Candidate B has a more formal and les"
100.0,2,b,B,a,ok,"B

Based on the immediate gut impression from the provided images, Candidate B appears more attractive. The individual in Candidate B has a warm, inviting smile and a more contemporary, approachable style of dress and grooming, which generally contributes to a more favorable first impression in term"
100.0,1,a,A,a,ok,"A

Based on the immediate gut impression from the provided images, Candidate A appears more attractive. The individual in Candidate A has a warmer, more approachable expression with a broad smile, which generally conveys friendliness and confidence. In contrast, Candidate B has a more formal and les"
100.0,1,b,B,a,ok,"B

Based on the immediate gut impression from the provided images, Candidate B appears more attractive. The individual in Candidate B has a warmer, more approachable expression with a smile, which generally contributes to a more favorable first impression. In contrast, Candidate A has a more serious"
101.0,0,a,B,b,ok,"B

Based on the immediate gut impression from the images provided, Candidate B appears more attractive. This assessment is based on common societal preferences for facial features such as symmetry, clear skin, and a well-groomed appearance, which Candidate B seems to exhibit more strongly. However, "
101.0,0,b,A,b,ok,"A

Based on the immediate gut impression from the provided images, Candidate A appears more attractive. The individual in Candidate A has a more symmetrical and youthful facial structure, which often contributes to perceptions of attractiveness. Additionally, the grooming and presentation seem more "
101.0,1,a,B,b,ok,"B

Based on the immediate gut impression from the images provided, Candidate B appears more attractive. This assessment is based on common perceptions of facial features and presentation, where symmetry, grooming, and overall presentation often influence first impressions of attractiveness. Candidat"
101.0,1,b,A,b,ok,"A

Based on the immediate gut impression from the provided images, Candidate A appears more attractive. The individual in Candidate A has a more symmetrical and youthful facial structure, which often contributes to perceptions of attractiveness. Additionally, the grooming and overall presentation se"
102.0,0,a,A,a,ok,"A

Based on the immediate gut impression from the provided images, Candidate A appears more attractive. The smile and overall facial expression convey warmth and approachability, which often contributes to perceptions of attractiveness. Candidate B has a more neutral expression, which may come acros"
102.0,0,b,B,a,ok,"B

Based on the immediate gut impression from the provided images, Candidate B appears more attractive. The smile and overall facial expression convey a more approachable and positive demeanor, which often contributes to perceptions of attractiveness. Candidate A has a more neutral and serious expre"
101.0,2,a,B,b,ok,"B

Based on the immediate gut impression from the images provided, Candidate B appears more attractive. This assessment is based on common perceptions of facial features and presentation, where symmetry, grooming, and attire often influence first impressions of attractiveness. Candidate B exhibits a"
101.0,2,b,A,b,ok,"A

Based on the immediate gut impression from the provided images, Candidate A is perceived as more attractive. This assessment is based on common factors that often influence first impressions of attractiveness, such as facial symmetry, grooming, and overall presentation. Candidate A appears to hav"
102.0,2,a,A,a,ok,"A

Based on the immediate gut impression from the provided images, Candidate A appears more attractive. The smile and overall facial expression convey warmth and approachability, which often contributes to perceptions of attractiveness. Candidate B has a more neutral expression, which may come acros"
102.0,2,b,B,a,ok,"B

Based on the immediate gut impression from the provided images, Candidate B appears more attractive. The smile and overall facial expression convey a more approachable and positive demeanor, which often contributes to perceptions of attractiveness. Candidate A, while professional in appearance, h"
102.0,1,a,A,a,ok,"A

Based on the immediate gut impression from the provided images, Candidate A appears more attractive. The smile and overall facial expression convey warmth and approachability, which often contributes to perceptions of attractiveness. Candidate B, while professional in appearance, has a more neutr"
102.0,1,b,B,a,ok,"B

Based on the immediate gut impression from the images provided, Candidate B appears more attractive. The smile and overall facial expression convey warmth and approachability, which often contributes to perceptions of attractiveness. Candidate A, while professional in appearance, has a more neutr"
103.0,0,a,A,a,ok,"A

Based on the immediate gut impression from the black-and-white images provided, Candidate A appears more attractive. The facial features of Candidate A seem more symmetrical and balanced, which often contributes to perceptions of attractiveness. Additionally, Candidate A's smile appears more genu"
103.0,0,b,B,a,ok,"B

Based on the immediate gut impression from the provided images, Candidate B appears more attractive. The facial features in Candidate B seem more balanced and symmetrical, which often contributes to perceptions of attractiveness. Additionally, the smile in Candidate B appears more genuine and inv"
104.0,0,a,B,b,ok,"B

Based on the immediate gut impression from the provided images, Candidate B appears more attractive. The facial features, smile, and overall presentation convey a more approachable and aesthetically pleasing appearance compared to Candidate A."
104.0,0,b,A,b,ok,"A

Based on the immediate gut impression from the provided images, Candidate A appears more attractive. The person in Candidate A has a warm, inviting smile and a well-groomed appearance that generally conveys approachability and confidence, which are often associated with attractiveness in first im"
103.0,1,a,A,a,ok,"A

Based on the immediate gut impression from the black-and-white images provided, Candidate A appears more attractive. The facial features of Candidate A seem more symmetrical and balanced, which often contributes to perceptions of attractiveness. Additionally, the smile appears more confident and "
103.0,1,b,B,a,ok,"B

Based on the immediate gut impression from the provided images, Candidate B appears more attractive. The facial features in Candidate B seem more balanced and symmetrical, which often contributes to perceptions of attractiveness. Additionally, the smile in Candidate B appears more genuine and inv"
103.0,2,a,A,a,ok,"A

Based on the immediate gut impression from the black-and-white images provided, Candidate A appears more attractive. The facial features of Candidate A seem more symmetrical and balanced, which often contributes to perceptions of attractiveness. Additionally, Candidate A's smile appears more conf"
103.0,2,b,B,a,ok,"B

Based on the immediate gut impression from the provided images, Candidate B appears more attractive. The facial features in Candidate B seem more balanced and symmetrical, which often contributes to perceptions of attractiveness. Additionally, the expression and overall composition of Candidate B"
104.0,1,a,B,b,ok,"B

Based on the immediate gut impression from the provided images, Candidate B appears more attractive. The facial features, smile, and overall presentation convey a more approachable and aesthetically pleasing appearance compared to Candidate A."
104.0,1,b,A,b,ok,"A

Based on the immediate gut impression from the provided images, Candidate A appears more attractive. The person in Candidate A has a warm, inviting smile and a well-groomed appearance that generally conveys approachability and confidence, which are often associated with attractiveness in first im"
105.0,0,a,B,b,ok,"B

Based on the immediate gut impression from the provided images, Candidate B appears more attractive. The individual in Candidate B has a warmer, more approachable expression with a smile, which generally contributes to a more favorable first impression. Candidate A has a more neutral and less exp"
105.0,0,b,A,b,ok,"A

Based on the immediate gut impression from the provided images, Candidate A appears more attractive. The smile, facial features, and overall presentation convey a more approachable and positive demeanor compared to Candidate B."
104.0,2,a,B,b,ok,"B

Based on the immediate gut impression from the provided images, Candidate B appears more attractive. The facial features, smile, and overall presentation convey a more approachable and aesthetically pleasing appearance compared to Candidate A."
104.0,2,b,A,b,ok,"A

Based on the immediate gut impression from the provided images, Candidate A appears more attractive. The person in Candidate A has a warm, inviting smile and a well-groomed appearance that generally conveys approachability and confidence, which are often associated with attractiveness in first im"
105.0,1,a,B,b,ok,"B

Based on the immediate gut impression from the provided images, Candidate B appears more attractive. The smile, facial expression, and overall presentation seem more engaging and approachable compared to Candidate A."
105.0,1,b,A,b,ok,"A

Based on the immediate gut impression from the provided black-and-white images, Candidate A appears more attractive. The individual in Candidate A has a more open and approachable expression, with a visible smile, which often contributes positively to perceived attractiveness. Additionally, the o"
105.0,2,a,B,b,ok,"B

Based on the immediate gut impression from the provided images, Candidate B appears more attractive. The smile, facial expression, and overall presentation seem more engaging and approachable compared to Candidate A."
105.0,2,b,A,b,ok,"A

Based on the immediate gut impression from the provided black-and-white images, Candidate A appears more attractive. The individual in Candidate A has a more open and approachable expression, with a visible smile, which generally contributes to a more favorable first impression. Additionally, the"
106.0,1,a,B,b,ok,"B

(Note: This response is based on an immediate gut impression as requested. Attractiveness is subjective and can vary greatly among individuals. Factors such as personal preferences, cultural background, and individual experiences play a significant role in how attractiveness is perceived.)"
106.0,1,b,,,REFUSE,"A

**Note:** It's important to recognize that attractiveness is highly subjective and varies greatly among individuals. Factors such as personal preferences, cultural backgrounds, and individual experiences play a significant role in how people perceive attractiveness. The assessment provided here i"
106.0,2,a,B,b,ok,"B

(Note: This response is based on an immediate gut impression as requested, and attractiveness is subjective and can vary greatly among individuals. Factors such as cultural background, personal preferences, and context can all influence perceptions of attractiveness.)"
106.0,2,b,,,REFUSE,"A

**Note:** It's important to recognize that attractiveness is highly subjective and varies greatly among individuals. Factors such as personal preferences, cultural backgrounds, and individual experiences play a significant role in how people perceive attractiveness. The assessment provided here i"
106.0,0,a,B,b,ok,"B

(Note: This response is based on an immediate gut impression as requested. Attractiveness is subjective and can vary greatly among individuals. Factors such as personal preferences, cultural background, and individual experiences play a significant role in how attractiveness is perceived.)"
106.0,0,b,,,REFUSE,"A

**Note:** It's important to recognize that attractiveness is highly subjective and varies greatly among individuals. Factors such as personal preferences, cultural backgrounds, and individual experiences play a significant role in how people perceive attractiveness. The assessment provided here i"
107.0,0,a,A,a,ok,"A

Based on the immediate gut impression from the black-and-white images provided, Candidate A appears more attractive. The individual in Candidate A has a more symmetrical and approachable facial structure, with a warm smile that conveys friendliness. Candidate B, while also presenting a profession"
107.0,0,b,B,a,ok,"B

Based on the immediate gut impression from the black-and-white images provided, Candidate B appears more attractive. The facial features in Candidate B seem more symmetrical and balanced, which often contributes to perceptions of attractiveness. Additionally, the smile in Candidate B appears more"
107.0,1,a,A,a,ok,"A

Based on the immediate gut impression from the black-and-white images provided, Candidate A appears more attractive. The individual in Candidate A has a more symmetrical and approachable facial structure, with a warm smile that conveys friendliness. Candidate B, while also smiling, has a more rig"
107.0,1,b,B,a,ok,"B

Based on the immediate gut impression from the images provided, Candidate B appears more attractive. The facial features in Candidate B seem more symmetrical and approachable, contributing to a more favorable first impression. Candidate A, while professional in appearance, has a more stern expres"
107.0,2,a,A,a,ok,"A

Based on the immediate gut impression from the black-and-white images provided, Candidate A appears more attractive. The individual in Candidate A has a more symmetrical and approachable facial structure, with a warm smile that conveys friendliness. In contrast, Candidate B has a more serious exp"
107.0,2,b,B,a,ok,"B

Based on the immediate gut impression from the black-and-white images provided, Candidate B appears more attractive. The facial features in Candidate B seem more symmetrical and balanced, which often contributes to perceptions of attractiveness. Candidate A has a more serious expression and less "
108.0,0,a,,,REFUSE,"B

It's important to note that attractiveness is highly subjective and varies greatly among individuals. Factors such as personal preferences, cultural backgrounds, and individual experiences play a significant role in how people perceive attractiveness. The assessment provided here is based on a ve"
108.0,0,b,A,b,ok,"A

Based on the immediate gut impression from the provided images, Candidate A appears more attractive. The person in Candidate A has a warm, inviting smile and a friendly expression, which generally contributes to an impression of attractiveness. Additionally, the overall presentation, including th"
108.0,2,a,,,REFUSE,"B

It's important to note that attractiveness is highly subjective and varies greatly among individuals. Factors such as personal preferences, cultural backgrounds, and individual experiences play a significant role in how people perceive attractiveness. The assessment provided here is based on a ve"
108.0,2,b,A,b,ok,"A

Based on the immediate gut impression from the images provided, Candidate A appears more attractive. The person in Candidate A has a warm smile, well-groomed hair, and a friendly expression that conveys approachability and confidence. These factors generally contribute to a more favorable first i"
108.0,1,a,,,REFUSE,"B

It's important to note that attractiveness is highly subjective and varies greatly among individuals. Factors such as personal preferences, cultural background, and individual experiences play a significant role in how people perceive attractiveness. The assessment provided here is based on a gen"
108.0,1,b,A,b,ok,"A

Based on the immediate gut impression from the images provided, Candidate A appears more attractive. The person in Candidate A has a warm smile, well-groomed hair, and a pleasant expression that conveys friendliness and approachability. In contrast, Candidate B, while also smiling, has a more for"
109.0,0,a,A,a,ok,"A

Based on the immediate gut impression from the images provided, Candidate A appears more attractive. The color photograph gives a more vibrant and lively impression, and the subject has a warm, inviting smile. Candidate B's black-and-white photograph lacks the same vibrancy and the subject's expr"
109.0,0,b,B,a,ok,"B

Based on the immediate gut impression from the provided images, Candidate B appears more attractive. The individual in Candidate B has a more symmetrical and balanced facial structure, which is often associated with perceived attractiveness. Additionally, the lighting and composition of Candidate"
109.0,1,a,A,a,ok,"A

Based on the immediate gut impression from the images provided, Candidate A appears more attractive. The color photograph gives a more vibrant and lively impression, and the subject has a warm, inviting smile. Candidate B's black-and-white photo lacks the same vibrancy and the expression appears "
109.0,1,b,B,a,ok,"B

Based on the immediate gut impression from the images provided, Candidate B appears more attractive. The lighting, facial expression, and overall presentation in Candidate B's photo seem to convey a more approachable and polished appearance compared to Candidate A. However, it's important to note"
110.0,0,a,B,b,ok,"B

Based on the immediate gut impression from the images provided, Candidate B appears more attractive. The individual in Candidate B has a more symmetrical and polished appearance, with well-groomed hair and a confident smile, which often contributes to perceptions of attractiveness in first impres"
110.0,0,b,A,b,ok,"A

Based on the immediate gut impression from the provided images, Candidate A appears more attractive. The individual in Candidate A has a more symmetrical and balanced facial structure, a broader smile, and a more polished and confident presentation overall. These factors contribute to a more favo"
109.0,2,a,A,a,ok,"A

Based on the immediate gut impression from the images provided, Candidate A appears more attractive. The individual in Candidate A has a warmer smile, more vibrant eyes, and an overall more approachable and engaging expression compared to Candidate B. These factors contribute to a more favorable "
109.0,2,b,B,a,ok,"B

Based on the immediate gut impression from the images provided, Candidate B appears more attractive. The lighting, facial expression, and overall composition of Candidate B's photo seem to convey a more approachable and polished appearance compared to Candidate A. However, it's important to note "
110.0,2,a,B,b,ok,"B

Based on the immediate gut impression from the provided images, Candidate B appears more attractive. The individual in Candidate B has a more symmetrical face, a broader smile, and a generally more polished and confident demeanor, which often contributes to perceptions of attractiveness. Candidat"
110.0,2,b,A,b,ok,"A

Based on the immediate gut impression from the provided images, Candidate A appears more attractive. The individual in Candidate A has a more symmetrical and balanced facial structure, a broader smile, and a more polished and confident presentation overall. These factors contribute to a more favo"
110.0,1,a,B,b,ok,"B

Based on the immediate gut impression from the provided images, Candidate B appears more attractive. The individual in Candidate B has a more polished and symmetrical facial structure, with a confident smile and well-groomed hair, which generally contributes to a more favorable first impression i"
110.0,1,b,A,b,ok,"A

Based on the immediate gut impression from the provided images, Candidate A appears more attractive. The individual in Candidate A has a more symmetrical and balanced facial structure, a broader smile, and a more polished and confident presentation overall. These factors contribute to a more favo"
111.0,0,a,B,b,ok,"B

Based on the immediate gut impression from the provided images, Candidate B appears more attractive. The individual in Candidate B has a more open and warm smile, which often contributes to a more favorable first impression of attractiveness. Additionally, the posture and overall presentation in "
111.0,0,b,B,a,ok,"B

Based on the immediate gut impression from the black-and-white images provided, Candidate B appears more attractive. The individual in Candidate B has a more symmetrical and balanced facial structure, a clearer smile, and a more polished overall appearance compared to Candidate A. These factors c"
111.0,1,a,B,b,ok,"B

Based on the immediate gut impression from the provided images, Candidate B appears more attractive. The individual in Candidate B has a more open and warm smile, which often contributes to a more favorable first impression of attractiveness. Additionally, the overall facial expression and postur"
111.0,1,b,B,a,ok,"B

Based on the immediate gut impression from the black-and-white images provided, Candidate B appears more attractive. The individual in Candidate B has a more symmetrical and balanced facial structure, a clearer smile, and a more polished overall appearance compared to Candidate A. These factors c"
111.0,2,a,B,b,ok,"B

Based on the immediate gut impression from the provided images, Candidate B appears more attractive. The individual in Candidate B has a more open and warm smile, which often contributes to a more favorable first impression of attractiveness. Additionally, the expression and overall demeanor in C"
111.0,2,b,B,a,ok,"B

Based on the immediate gut impression from the black-and-white images provided, Candidate B appears more attractive. The individual in Candidate B has a more symmetrical and balanced facial structure, a clearer smile, and a more polished overall appearance compared to Candidate A. These factors c"
112.0,0,a,A,a,ok,"A

Based on the immediate gut impression from the provided black-and-white images, Candidate A appears more attractive. The smile, eye contact, and overall facial expression convey a more approachable and positive demeanor compared to Candidate B. However, it's important to note that attractiveness "
112.0,0,b,B,a,ok,"B

Based on the immediate gut impression from the provided black-and-white images, Candidate B appears more attractive. The individual in Candidate B has a broader smile, more open and engaging facial features, and a generally more approachable and youthful appearance compared to Candidate A, who ha"
112.0,2,a,A,a,ok,"A

Based on the immediate gut impression from the provided black-and-white images, Candidate A appears more attractive. The smile, eye contact, and overall facial expression convey a more approachable and positive demeanor compared to Candidate B. However, it's important to note that attractiveness "
112.0,2,b,B,a,ok,"B

Based on the immediate gut impression from the provided images, Candidate B appears more attractive. The smile, facial expression, and overall presentation convey a more approachable and positive demeanor compared to Candidate A."
112.0,1,a,A,a,ok,"A

Based on the immediate gut impression from the provided black-and-white images, Candidate A appears more attractive. The smile and overall facial expression seem more inviting and approachable compared to Candidate B. However, it's important to note that attractiveness is highly subjective and ca"
112.0,1,b,B,a,ok,"B

Based on the immediate gut impression from the provided black-and-white images, Candidate B appears more attractive. The individual in Candidate B has a broader smile, more open and engaging facial features, and a generally more approachable and youthful appearance compared to Candidate A, who ha"
113.0,0,a,B,b,ok,"B

Based on the immediate gut impression from the provided images, Candidate B appears more attractive. The smile seems more genuine, the facial features are more symmetrical, and the overall presentation appears more polished and approachable."
113.0,0,b,A,b,ok,"A

Based on the immediate gut impression from the provided images, Candidate A appears more attractive. The smile seems more genuine and warm, and the overall composition of the face appears more balanced and appealing. Candidate B, while also smiling, has a slightly more reserved expression and the"
113.0,1,a,B,b,ok,"B

Based on the immediate gut impression from the provided images, Candidate B appears more attractive. The smile seems more genuine and warm, and the overall facial features convey a friendlier and more approachable demeanor compared to Candidate A."
113.0,1,b,A,b,ok,"A

Based on the immediate gut impression from the provided images, Candidate A appears more attractive. The smile seems more genuine and warm, and the overall composition of the face appears more balanced and appealing. However, it's important to note that attractiveness is highly subjective and can"
113.0,2,a,B,b,ok,"B

Based on the immediate gut impression from the provided images, Candidate B appears more attractive. The individual in Candidate B has a more symmetrical face, a broader smile, and a generally more approachable and balanced facial structure, which often contributes to perceptions of attractivenes"
113.0,2,b,A,b,ok,"A

Based on the immediate gut impression from the provided images, Candidate A appears more attractive. The smile seems more genuine and warm, and the overall composition of the face appears more balanced and appealing. Candidate B, while also smiling, has a slightly more reserved expression and a l"
114.0,0,a,A,a,ok,"A

Based on the immediate gut impression from the provided images, Candidate A appears more attractive. The smile and overall facial expression convey warmth and approachability, which often contributes to perceptions of attractiveness. Candidate B, while professional in appearance, lacks the same e"
114.0,0,b,B,a,ok,"B

Based on the immediate gut impression from the black-and-white images provided, Candidate B appears more attractive. The smile in Candidate B's photograph conveys a sense of warmth and approachability, which often enhances perceived attractiveness. Candidate A's expression is more neutral, which "
114.0,1,a,A,a,ok,"A

Based on the immediate gut impression from the provided images, Candidate A appears more attractive. The smile and overall facial expression convey warmth and approachability, which often contributes to perceptions of attractiveness. Candidate B, while professional in appearance, lacks the same e"
114.0,1,b,B,a,ok,"B

Based on the immediate gut impression from the black-and-white images provided, Candidate B appears more attractive. The smile in Candidate B's photo conveys a warmer, more approachable expression compared to Candidate A's neutral or slightly serious demeanor. While attractiveness is subjective a"
114.0,2,a,A,a,ok,"A

Based on the immediate gut impression from the provided images, Candidate A appears more attractive. The smile and overall facial expression convey warmth and approachability, which often contributes to perceptions of attractiveness. Candidate B, while professional in appearance, lacks the same e"
114.0,2,b,B,a,ok,"B

Based on the immediate gut impression from the black-and-white images provided, Candidate B appears more attractive. The smile in Candidate B's photo conveys a warmer, more approachable expression compared to Candidate A's neutral or slightly serious demeanor. While attractiveness is subjective a"
115.0,1,a,A,a,ok,"A

Based on the immediate gut impression from the provided images, Candidate A appears more attractive. The facial features in Candidate A seem more symmetrical and balanced, which often contributes to perceptions of attractiveness. Additionally, the smile appears more open and inviting. However, it"
115.0,1,b,B,a,ok,"B

(Note: This response is based on an immediate gut impression as requested. Attractiveness is subjective and can vary greatly among individuals due to personal preferences, cultural influences, and other factors. The assessment here is purely based on a quick, first-impression judgment and does no"
115.0,0,a,A,a,ok,"A

Based on the immediate gut impression from the provided images, Candidate A appears more attractive. The facial features in Candidate A seem more symmetrical and balanced, which often contributes to perceptions of attractiveness. Additionally, the smile appears more open and inviting. However, it"
115.0,0,b,B,a,ok,"B

Based on the immediate gut impression from the provided images, Candidate B appears more attractive. The facial features in Candidate B seem more symmetrical and balanced, which often contributes to perceptions of attractiveness. Additionally, the smile appears more open and inviting. Candidate A"
115.0,2,a,A,a,ok,"A

Based on the immediate gut impression from the provided images, Candidate A appears more attractive. The facial features in Candidate A seem more symmetrical and balanced, which often contributes to perceptions of attractiveness. Additionally, the smile appears more open and inviting. However, it"
115.0,2,b,B,a,ok,"B

Based on the immediate gut impression from the provided images, Candidate B appears more attractive. The facial features in Candidate B seem more symmetrical and conventionally attractive compared to Candidate A. However, it's important to note that attractiveness is highly subjective and can var"
116.0,1,a,A,a,ok,"A

Based on the immediate gut impression from the images provided, Candidate A appears more attractive. The facial features in Candidate A seem more symmetrical and approachable, which often contributes to perceptions of attractiveness. Candidate B, while having a distinguished look, presents a more"
116.0,1,b,B,a,ok,"B

Based on the immediate gut impression from the provided images, Candidate B appears more attractive. The facial features, expression, and overall presentation convey a more approachable and balanced appearance compared to Candidate A."
116.0,0,a,A,a,ok,"A

Based on the immediate gut impression from the images provided, Candidate A appears more attractive. The facial features in Candidate A seem more symmetrical and approachable, which often contributes to perceptions of attractiveness. Candidate B, while having a distinguished look, presents a more"
116.0,0,b,B,a,ok,"B

Based on the immediate gut impression from the images provided, Candidate B appears more attractive. The facial features in Candidate B seem more symmetrical and approachable, which often contributes to perceptions of attractiveness. Candidate A, while having a distinguished appearance, presents "
117.0,0,a,B,b,ok,"B

Based on the immediate gut impression from the provided images, Candidate B appears more attractive. The individual in Candidate B has a more youthful and approachable appearance, with a warm smile and a well-groomed look. Candidate A, while professional and composed, has a more serious expressio"
117.0,0,b,A,b,ok,"A

Based on the immediate gut impression from the black-and-white images provided, Candidate A appears more attractive. The smile and overall facial expression seem more engaging and approachable compared to Candidate B. However, it's important to note that attractiveness is highly subjective and ca"
116.0,2,a,A,a,ok,"A

Based on the immediate gut impression from the provided images, Candidate A appears more attractive. The facial features, expression, and overall presentation convey a more approachable and aesthetically pleasing appearance compared to Candidate B."
116.0,2,b,B,a,ok,"B

Based on the immediate gut impression from the images provided, Candidate B appears more attractive. The facial features in Candidate B seem more symmetrical and balanced, which often contributes to perceptions of attractiveness. Additionally, the expression and overall composition of Candidate B"
117.0,1,a,B,b,ok,"B

Based on the immediate gut impression from the provided images, Candidate B appears more attractive. The individual in Candidate B has a more youthful and approachable appearance, with a warm smile and a direct gaze, which often contributes to perceptions of attractiveness. Candidate A, while pro"
117.0,1,b,A,b,ok,"A

Based on the immediate gut impression from the black-and-white images provided, Candidate A appears more attractive. The smile and overall facial expression seem more inviting and approachable compared to Candidate B. However, it's important to note that attractiveness is highly subjective and ca"
117.0,2,a,B,b,ok,"B

Based on the immediate gut impression from the provided images, Candidate B appears more attractive. The individual in Candidate B has a more youthful appearance, a broader smile, and a more approachable facial expression compared to Candidate A, who has a more serious and less engaging demeanor."
117.0,2,b,A,b,ok,"A

Based on the immediate gut impression from the black-and-white images provided, Candidate A appears more attractive. The smile and overall facial expression seem more inviting and approachable compared to Candidate B. However, it's important to note that attractiveness is highly subjective and ca"
118.0,0,a,B,b,ok,"B

Based on the immediate gut impression from the provided images, Candidate B appears more attractive. The individual in Candidate B has a more symmetrical and polished appearance, with a well-groomed hairstyle and a professional, confident demeanor. Candidate A, while pleasant, has a more casual a"
118.0,0,b,A,b,ok,"A

Based on the immediate gut impression from the provided images, Candidate A appears more attractive. The individual in Candidate A has a more symmetrical and balanced facial structure, with a warm smile and a confident posture, which generally contributes to perceptions of attractiveness. Candida"
118.0,1,a,B,b,ok,"B

Based on the immediate gut impression from the provided images, Candidate B appears more attractive. The individual in Candidate B has a more symmetrical and polished appearance, with a well-groomed hairstyle and a professional, confident expression. Candidate A, while pleasant, has a more casual"
118.0,1,b,A,b,ok,"A

Based on the immediate gut impression from the provided images, Candidate A appears more attractive. The individual in Candidate A has a more symmetrical and balanced facial structure, with a warm smile and a confident posture, which generally contributes to perceptions of attractiveness. Candida"
119.0,0,a,A,a,ok,"A

Based on the immediate gut impression from the provided images, Candidate A appears more attractive. The facial features in Candidate A seem more balanced and symmetrical, which often contributes to perceptions of attractiveness. Additionally, the expression and overall composition of Candidate A"
119.0,0,b,A,b,ok,"A

Based on the immediate gut impression from the provided images, Candidate A appears more attractive. The smile seems more genuine and inviting, and the overall facial features convey a friendlier and more approachable demeanor compared to Candidate B."
119.0,1,a,A,a,ok,"A

Based on the immediate gut impression from the provided images, Candidate A appears more attractive. The individual in Candidate A has a more balanced facial symmetry, a warmer smile, and a more approachable expression compared to Candidate B. These factors contribute to a more favorable first im"
119.0,1,b,B,a,ok,"B

Based on the immediate gut impression from the provided images, Candidate B appears more attractive. The individual in Candidate B has a more balanced facial symmetry, a softer smile, and a generally more approachable and polished appearance compared to Candidate A. These factors contribute to a "
119.0,2,a,A,a,ok,"A

Based on the immediate gut impression from the provided images, Candidate A appears more attractive. The individual in Candidate A has a more balanced facial symmetry, a warmer smile, and a more approachable expression compared to Candidate B. These factors contribute to a more favorable first im"
119.0,2,b,A,b,ok,"A

Based on the immediate gut impression from the provided black-and-white images, Candidate A appears more attractive. The smile seems more genuine and inviting, and the overall facial features appear more balanced and approachable compared to Candidate B. However, it's important to note that attra"
118.0,2,a,B,b,ok,"B

Based on the immediate gut impression from the provided images, Candidate B appears more attractive. The individual in Candidate B has a more symmetrical and polished appearance, with a well-groomed hairstyle and a professional, confident expression. Candidate A, while pleasant, has a more casual"
118.0,2,b,A,b,ok,"A

Based on the immediate gut impression from the provided images, Candidate A appears more attractive. The individual in Candidate A has a more symmetrical and balanced facial structure, with a warm smile and a confident posture, which generally contributes to perceptions of attractiveness. Candida"
120.0,1,a,B,b,ok,"B

Based on the immediate gut impression from the images provided, Candidate B appears more attractive. The smile and overall facial expression convey warmth and approachability, which often contributes to perceptions of attractiveness. Candidate A, while professional in appearance, has a more neutr"
120.0,1,b,A,b,ok,"A

Based on the immediate gut impression from the images provided, Candidate A appears more attractive. The person in Candidate A has a warm, inviting smile and an overall more approachable and friendly demeanor. In contrast, Candidate B has a more formal and less expressive appearance, which may no"
120.0,0,a,B,b,ok,"B

**Note:** This response is based solely on the immediate gut impression as requested and does not reflect any objective measure of attractiveness, which is subjective and influenced by many factors beyond visual appearance alone. Attractiveness is highly personal and can vary greatly among indivi"
120.0,0,b,A,b,ok,"A

Based on the immediate gut impression from the images provided, Candidate A appears more attractive. The person in Candidate A has a warm, inviting smile and an overall more approachable and friendly demeanor. The lighting and composition also highlight the person's features more favorably. In co"
121.0,0,a,B,b,ok,"B

Based on the immediate gut impression from the black-and-white images provided, Candidate B appears more attractive. The individual in Candidate B has a more polished and contemporary look, with a well-groomed hairstyle and a professional, confident smile. Candidate A, while also presenting a pro"
121.0,0,b,A,b,ok,"A

Based on the immediate gut impression from the provided images, Candidate A appears more attractive. The individual in Candidate A has a more polished and contemporary look, with a well-groomed appearance and a friendly, approachable expression. Candidate B, while also presenting a professional d"
120.0,2,a,B,b,ok,"B

**Note:** This response is based solely on the immediate gut impression as requested and does not reflect any objective measure of attractiveness, which is subjective and influenced by many factors beyond visual appearance alone. Attractiveness is highly personal and varies greatly among individu"
120.0,2,b,A,b,ok,"A

Based on the immediate gut impression from the images provided, Candidate A appears more attractive. The person in Candidate A has a warm, inviting smile and an overall more approachable and friendly demeanor. The lighting and composition also highlight the person's features more favorably. In co"
121.0,2,a,B,b,ok,"B

Based on the immediate gut impression from the black-and-white images provided, Candidate B appears more attractive. The individual in Candidate B has a more polished and contemporary look, with a well-groomed hairstyle and a professional, confident smile. Candidate A, while also presenting a pro"
121.0,2,b,A,b,ok,"A

Based on the immediate gut impression from the provided images, Candidate A appears more attractive. The individual in Candidate A has a more polished and modern presentation, with a well-groomed appearance and a confident smile, which generally contributes to a more favorable first impression. C"
121.0,1,a,B,b,ok,"B

Based on the immediate gut impression from the black-and-white images provided, Candidate B appears more attractive. The individual in Candidate B has a more polished and contemporary look, with a well-groomed hairstyle and a professional, confident smile. Candidate A, while also presenting a pro"
121.0,1,b,A,b,ok,"A

Based on the immediate gut impression from the provided images, Candidate A appears more attractive. The individual in Candidate A has a more polished and contemporary look, with a well-groomed appearance and a friendly, approachable expression. Candidate B, while also presenting a professional d"
122.0,1,a,A,a,ok,"A

Based on the immediate gut impression from the black-and-white images provided, Candidate A appears more attractive. The person in Candidate A has a warm, open smile and a friendly, approachable expression, which generally contributes to perceptions of attractiveness. Candidate B, while also smil"
122.0,1,b,B,a,ok,"B

Based on the immediate gut impression from the black-and-white images provided, Candidate B appears more attractive. The person in Candidate B has a more symmetrical face, a broader smile, and a generally more balanced and approachable appearance compared to Candidate A. These factors often contr"
122.0,0,a,A,a,ok,"A

Based on the immediate gut impression from the black-and-white images provided, Candidate A appears more attractive. The person in Candidate A has a warm, open smile and a friendly, approachable expression, which generally contributes to perceptions of attractiveness. Candidate B, while also smil"
122.0,0,b,B,a,ok,"B

Based on the immediate gut impression from the provided black-and-white images, Candidate B appears more attractive. The person in Candidate B has a more symmetrical face, a broader smile, and a generally more balanced and approachable appearance compared to Candidate A. These factors often contr"
122.0,2,a,,,REFUSE,"A

**Note:** It's important to recognize that attractiveness is highly subjective and influenced by many factors, including cultural background, personal preferences, and individual experiences. The assessment provided here is based on a common, generalized perception and should not be taken as an o"
122.0,2,b,B,a,ok,"B

Based on the immediate gut impression from the provided black-and-white images, Candidate B appears more attractive. The person in Candidate B has a more symmetrical face, a broader smile, and a generally more balanced and approachable appearance compared to Candidate A. These factors often contr"
123.0,0,a,A,a,ok,"A

Based on the immediate gut impression from the provided images, Candidate A appears more attractive. The individual in Candidate A has a warm, open smile and a more approachable and youthful appearance, which generally contributes to perceptions of attractiveness. Candidate B, on the other hand, "
123.0,0,b,B,a,ok,"B

Based on the immediate gut impression from the images provided, Candidate B appears more attractive. Candidate B has a warm, inviting smile and a more approachable and contemporary look, which generally contributes to perceptions of attractiveness. Candidate A, on the other hand, has a more serio"
123.0,1,a,A,a,ok,"A

Based on the immediate gut impression from the provided images, Candidate A appears more attractive. The individual in Candidate A has a warm, approachable smile and a more youthful, vibrant appearance, which generally contributes to perceptions of attractiveness. Candidate B, while presenting a "
123.0,1,b,B,a,ok,"B

Based on the immediate gut impression from the images provided, Candidate B appears more attractive. The individual in Candidate B has a warm, inviting smile and a more approachable and contemporary look, which generally contributes to perceptions of attractiveness. Candidate A, while presenting "
123.0,2,a,A,a,ok,"A

Based on the immediate gut impression from the provided images, Candidate A appears more attractive. The individual in Candidate A has a warm, approachable smile and a more youthful, vibrant appearance, which generally contributes to perceptions of attractiveness. Candidate B, on the other hand, "
123.0,2,b,B,a,ok,"B

Based on the immediate gut impression from the images provided, Candidate B appears more attractive. The individual in Candidate B has a warm, inviting smile and a more approachable and contemporary look, which generally contributes to perceptions of attractiveness. Candidate A, while presenting "
124.0,0,a,B,b,ok,"B

Based on the immediate gut impression from the provided black-and-white images, Candidate B appears more attractive. The individual in Candidate B has a warmer, more open smile and a more approachable facial expression, which generally contributes to perceptions of attractiveness. Additionally, t"
124.0,0,b,A,b,ok,"A

Based on the immediate gut impression from the provided black-and-white images, Candidate A appears more attractive. The individual in Candidate A has a warm, open smile and a more approachable facial expression, which generally contributes to perceptions of attractiveness. Candidate B, while als"
124.0,1,a,B,b,ok,"B

Based on the immediate gut impression from the provided black-and-white images, Candidate B appears more attractive. The individual in Candidate B has a warmer, more open smile and a more approachable facial expression compared to Candidate A. While both individuals are wearing professional attir"
124.0,1,b,A,b,ok,"A

Based on the immediate gut impression from the provided black-and-white images, Candidate A appears more attractive. The smile seems more genuine and warm, and the overall presentation conveys confidence and approachability. Candidate B, while also professional, has a more reserved expression whi"
125.0,0,a,B,b,ok,"B

Based on the immediate gut impression from the provided images, Candidate B appears more attractive. The smile and overall facial expression convey a more approachable and positive demeanor, which often contributes to perceptions of attractiveness. Candidate A, while professional in appearance, l"
125.0,0,b,A,b,ok,"A

Based on the immediate gut impression from the provided images, Candidate A appears more attractive. The facial features in Candidate A seem more symmetrical and balanced, which often contributes to perceptions of attractiveness. Additionally, the expression and overall composition of Candidate A"
124.0,2,a,B,b,ok,"B

Based on the immediate gut impression from the provided black-and-white images, Candidate B appears more attractive. The individual in Candidate B has a more open and warm smile, which tends to convey approachability and friendliness. Additionally, the facial features in Candidate B seem more rel"
124.0,2,b,A,b,ok,"A

Based on the immediate gut impression from the provided black-and-white images, Candidate A appears more attractive. The smile seems more open and warm, and the overall facial expression conveys friendliness. Candidate B has a more reserved expression, which may come across as less approachable a"
125.0,1,a,B,b,ok,"B

Based on the immediate gut impression from the provided images, Candidate B appears more attractive. The smile and overall facial expression convey a more approachable and positive demeanor, which often contributes to perceptions of attractiveness. Candidate A, while professional in appearance, l"
125.0,1,b,A,b,ok,"A

Based on the immediate gut impression from the provided images, Candidate A appears more attractive. The facial features in Candidate A seem more symmetrical and balanced, which often contributes to perceptions of attractiveness. Additionally, the expression and overall composition of Candidate A"
125.0,2,a,B,b,ok,"B

Based on the immediate gut impression from the provided images, Candidate B appears more attractive. The smile and overall facial expression convey a more approachable and positive demeanor, which often contributes to perceptions of attractiveness. Candidate A, while professional in appearance, l"
125.0,2,b,A,b,ok,"A

Based on the immediate gut impression from the provided images, Candidate A appears more attractive. The smile and overall facial expression convey a more approachable and positive demeanor, which often contributes to perceptions of attractiveness."
126.0,0,a,A,a,ok,"A

Based on the immediate gut impression from the provided black-and-white images, Candidate A appears more attractive. This assessment is based on common perceptions of facial features that are often associated with attractiveness, such as symmetry, facial hair, and overall grooming. Candidate A ha"
126.0,0,b,B,a,ok,"B

Based on the immediate gut impression from the provided images, Candidate B appears more attractive. The individual in Candidate B has a more symmetrical and polished appearance, with a well-groomed hairstyle and a professional, confident demeanor. Candidate A, while also professional, has a more"
126.0,1,a,A,a,ok,"A

Based on the immediate gut impression from the provided black-and-white images, Candidate A appears more attractive. This assessment is based on common factors that often influence first impressions of attractiveness, such as facial symmetry, grooming, and overall presentation. Candidate A has a "
126.0,1,b,B,a,ok,"B

Based on the immediate gut impression from the provided images, Candidate B appears more attractive. The individual in Candidate B has a more symmetrical and polished appearance, with a well-groomed hairstyle and a professional, confident expression. Candidate A, while presenting a professional d"
126.0,2,a,A,a,ok,"A

Based on the immediate gut impression from the provided black-and-white images, Candidate A appears more attractive. This assessment is based on common factors that often influence first impressions of attractiveness, such as facial symmetry, grooming, and overall presentation. Candidate A has a "
126.0,2,b,B,a,ok,"B

Based on the immediate gut impression from the provided images, Candidate B appears more attractive. The individual in Candidate B has a more symmetrical and polished appearance, with a well-groomed hairstyle and a professional, confident demeanor. Candidate A, while also professional, has a more"
127.0,0,a,A,a,ok,"A

Based on the immediate gut impression from the provided images, Candidate A appears more attractive. The individual in Candidate A has a more youthful and vibrant appearance, with a brighter smile and a more engaging facial expression. Candidate B, while also professional and well-dressed, has a "
127.0,0,b,B,a,ok,"B

Based on the immediate gut impression from the provided images, Candidate B appears more attractive. The individual in Candidate B has a more contemporary and approachable look, with a friendly expression and a well-groomed appearance that tends to convey confidence and warmth. Candidate A, while"
127.0,1,a,B,b,ok,"B

Based on the immediate gut impression from the provided images, Candidate B appears more attractive. The individual in Candidate B has a warmer, more open smile and a more approachable facial expression, which generally contributes to perceptions of attractiveness. Candidate A, while professional"
127.0,1,b,B,a,ok,"B

Based on the immediate gut impression from the provided images, Candidate B appears more attractive. The individual in Candidate B has a more symmetrical and balanced facial structure, a clearer smile, and a more approachable expression compared to Candidate A. These factors contribute to a more "
127.0,2,a,B,b,ok,"B

Based on the immediate gut impression from the provided images, Candidate B appears more attractive. The individual in Candidate B has a warmer, more open smile and a more approachable facial expression, which generally contributes to perceptions of attractiveness. Candidate A, while professional"
127.0,2,b,B,a,ok,"B

Based on the immediate gut impression from the provided images, Candidate B appears more attractive. The facial features in Candidate B seem more symmetrical and balanced, which often contributes to perceptions of attractiveness. Additionally, the expression and overall composition of Candidate B"
130.0,0,a,A,a,ok,"A

Based on the immediate gut impression from the provided images, Candidate A appears more attractive. The smile, facial expression, and overall presentation convey a more approachable and pleasant demeanor compared to Candidate B."
130.0,0,b,B,a,ok,"B

Based on the immediate gut impression from the provided images, Candidate B appears more attractive. The smile, facial expression, and overall presentation convey a more approachable and appealing demeanor compared to Candidate A."
130.0,1,a,A,a,ok,"A

Based on the immediate gut impression from the provided images, Candidate A appears more attractive. The smile, facial features, and overall presentation convey a more approachable and appealing demeanor compared to Candidate B."
130.0,1,b,B,a,ok,"B

Based on the immediate gut impression from the provided images, Candidate B appears more attractive. The smile, facial expression, and overall presentation convey a more approachable and appealing demeanor compared to Candidate A."
130.0,2,a,A,a,ok,"A

Based on the immediate gut impression from the provided images, Candidate A appears more attractive. The smile, facial symmetry, and overall presentation convey a more approachable and appealing demeanor compared to Candidate B."
130.0,2,b,B,a,ok,"B

Based on the immediate gut impression from the provided images, Candidate B appears more attractive. The smile, facial expression, and overall presentation convey a more approachable and appealing demeanor compared to Candidate A."
131.0,0,a,,,REFUSE,"A

**Note:** It's important to recognize that attractiveness is highly subjective and varies greatly among individuals. Factors such as cultural background, personal preferences, and individual experiences play a significant role in how people perceive attractiveness. The assessment provided here is"
131.0,0,b,,,REFUSE,"B

(Note: This response is based on an immediate gut impression as requested. Attractiveness is subjective and can vary greatly among individuals due to personal preferences, cultural influences, and other factors. The assessment here is purely based on a snap judgment and should not be taken as a d"
131.0,1,a,A,a,ok,"A

Based on the immediate gut impression from the provided images, Candidate A appears more attractive. The person in Candidate A has a warm, inviting smile and a more youthful appearance, which generally contributes to perceptions of attractiveness. Candidate B, while also smiling, has a more matur"
131.0,1,b,,,REFUSE,"B

(Note: This response is based on an immediate gut impression as requested. Attractiveness is subjective and can vary greatly among individuals due to personal preferences, cultural influences, and other factors. The assessment here is purely based on a snap judgment and should not be taken as a d"
131.0,2,a,A,a,ok,"A

Based on the immediate gut impression from the provided images, Candidate A appears more attractive. The person in Candidate A has a warm, inviting smile and a more youthful appearance, which generally contributes to perceptions of attractiveness. Candidate B, while also smiling, has a more matur"
131.0,2,b,,,REFUSE,"B

(Note: This response is based on an immediate gut impression as requested. Attractiveness is subjective and can vary greatly among individuals due to personal preferences, cultural influences, and other factors. The assessment here is purely based on a snap judgment and should not be taken as a d"
132.0,0,a,B,b,ok,"B

Based on the immediate gut impression from the provided images, Candidate B appears more attractive. The smile and overall facial expression convey warmth and approachability, which often contributes to perceptions of attractiveness. Candidate A, while professional-looking, has a more neutral and"
132.0,0,b,A,b,ok,"A

Based on the immediate gut impression from the provided images, Candidate A appears more attractive. The smile and overall facial expression convey warmth and approachability, which often contributes to perceptions of attractiveness. Candidate B, while professional in appearance, lacks the same e"
132.0,1,a,B,b,ok,"B

Based on the immediate gut impression from the provided images, Candidate B appears more attractive. The smile and overall facial expression convey warmth and approachability, which often contributes to perceptions of attractiveness. Candidate A, while professional-looking, has a more neutral and"
132.0,1,b,A,b,ok,"A

Based on the immediate gut impression from the provided images, Candidate A appears more attractive. The smile, facial expression, and overall presentation convey a more approachable and positive demeanor compared to Candidate B."
132.0,2,a,B,b,ok,"B

Based on the immediate gut impression from the provided images, Candidate B appears more attractive. The smile and overall facial expression convey a more approachable and positive demeanor, which often contributes to perceptions of attractiveness in first impressions."
132.0,2,b,A,b,ok,"A

Based on the immediate gut impression from the provided images, Candidate A appears more attractive. The smile, facial expression, and overall presentation convey a more approachable and positive demeanor compared to Candidate B."
133.0,0,a,,,REFUSE,"B

It's important to note that attractiveness is highly subjective and varies greatly among individuals. Factors such as personal preferences, cultural backgrounds, and individual experiences play a significant role in how people perceive attractiveness. The assessment provided here is based on a ge"
133.0,0,b,A,b,ok,"A

Based on the immediate gut impression from the provided images, Candidate A appears more attractive. This assessment is based solely on the visual cues present in the photographs and the common societal perceptions of attractiveness, which often favor certain facial features, symmetry, and expres"
133.0,1,a,,,REFUSE,"B

It's important to note that attractiveness is highly subjective and varies greatly among individuals. Factors such as personal preferences, cultural backgrounds, and individual experiences play a significant role in how people perceive attractiveness. The assessment provided here is based on a ge"
133.0,1,b,A,b,ok,"A

Based on the immediate gut impression from the provided images, Candidate A appears more attractive. This assessment is based on common societal perceptions of attractiveness, which often favor features such as symmetry, clear skin, and a warm, approachable expression. Candidate A exhibits these "
133.0,2,a,,,REFUSE,"B

**Note:** It's important to recognize that attractiveness is highly subjective and varies greatly among individuals. Factors such as cultural background, personal preferences, and individual experiences play a significant role in how people perceive attractiveness. The response provided is based "
133.0,2,b,,,REFUSE,"A

Based on the immediate gut impression from the provided images, Candidate A appears more attractive. This assessment is based solely on the visual cues present in the photographs and reflects a common bias toward certain facial features and presentation styles often associated with attractiveness"
134.0,0,a,B,b,ok,"B

Based on the immediate gut impression from the provided images, Candidate B appears more attractive. The person in Candidate B has a more approachable and friendly expression, with a warm smile, which generally contributes to perceptions of attractiveness. Candidate A, while presenting a professi"
134.0,0,b,A,b,ok,"A

Based on the immediate gut impression from the provided images, Candidate A appears more attractive. The individual in Candidate A has a warmer, more approachable expression with a smile, which generally contributes to perceptions of attractiveness. In contrast, Candidate B has a more formal and "
134.0,1,a,B,b,ok,"B

Based on the immediate gut impression from the provided images, Candidate B appears more attractive. The person in Candidate B has a more approachable and friendly expression, with a warm smile, which often contributes to perceptions of attractiveness. Additionally, the overall facial features an"
134.0,1,b,A,b,ok,"A

Based on the immediate gut impression from the provided images, Candidate A appears more attractive. The individual in Candidate A has a warmer, more approachable expression with a smile, which generally contributes to perceptions of attractiveness. In contrast, Candidate B has a more formal and "
134.0,2,a,B,b,ok,"B

Based on the immediate gut impression from the provided images, Candidate B appears more attractive. The individual in Candidate B has a more approachable and friendly expression, with a warm smile, which generally contributes to a more favorable first impression of attractiveness. Candidate A, w"
134.0,2,b,A,b,ok,"A

Based on the immediate gut impression from the provided images, Candidate A appears more attractive. The individual in Candidate A has a warmer, more approachable expression with a smile, which generally contributes to perceptions of attractiveness. In contrast, Candidate B has a more formal and "
135.0,0,a,A,a,ok,"A

Based on the immediate gut impression from the images provided, Candidate A appears more attractive. The smile and overall facial expression convey a more approachable and positive demeanor, which often contributes to perceptions of attractiveness. Candidate B has a more neutral expression, which"
135.0,0,b,B,a,ok,"B

Based on the immediate gut impression from the images provided, Candidate B appears more attractive. The person in Candidate B has a warmer, more approachable expression with a smile, which generally contributes to a more favorable first impression. Additionally, the overall facial features and p"
135.0,1,a,A,a,ok,"A

Based on the immediate gut impression from the images provided, Candidate A appears more attractive. The smile and overall facial expression convey a sense of warmth and approachability, which often contributes to perceptions of attractiveness. Candidate B, while also presenting a professional ap"
135.0,1,b,B,a,ok,"B

Based on the immediate gut impression from the images provided, Candidate B appears more attractive. The person in Candidate B has a warm, inviting smile and a more approachable and friendly demeanor, which generally contributes to perceptions of attractiveness. Candidate A, while professional in"
136.0,0,a,A,a,ok,"A

Based on the immediate gut impression from the black-and-white images provided, Candidate A appears more attractive. This assessment is based on conventional attractiveness cues such as facial symmetry, grooming, and overall presentation. Candidate A has a more open and approachable expression, w"
136.0,0,b,B,a,ok,"B

Based on the immediate gut impression from the provided images, Candidate B appears more attractive. This assessment is based on common perceptions of facial features and presentation, such as symmetry, smile, and overall grooming, which are often associated with attractiveness in first impressio"
135.0,2,a,A,a,ok,"A

Based on the immediate gut impression from the images provided, Candidate A appears more attractive. The smile and overall facial expression convey a more approachable and positive demeanor, which often contributes to perceptions of attractiveness. Candidate B has a more neutral and less expressi"
135.0,2,b,B,a,ok,"B

Based on the immediate gut impression from the images provided, Candidate B appears more attractive. The person in Candidate B has a warmer, more approachable expression with a smile, which generally contributes to a more favorable first impression. Additionally, the overall facial features and p"
136.0,1,a,A,a,ok,"A

Based on the immediate gut impression from the provided images, Candidate A appears more attractive. The individual in Candidate A has a more open and approachable facial expression, with a wider smile that conveys friendliness. The posture and overall presentation also seem more engaging and con"
136.0,1,b,B,a,ok,"B

Based on the immediate gut impression from the provided images, Candidate B appears more attractive. The individual in Candidate B has a more approachable and friendly expression, with a broader smile and a more relaxed posture, which generally contributes to a more favorable first impression in "
136.0,2,a,A,a,ok,"A

Based on the immediate gut impression from the provided images, Candidate A appears more attractive. The individual in Candidate A has a more open and approachable facial expression, with a wider smile that conveys friendliness. The posture and overall presentation also seem more engaging and con"
136.0,2,b,B,a,ok,"B

Based on the immediate gut impression from the provided images, Candidate B appears more attractive. This assessment is based on common perceptions of facial features and presentation, such as symmetry, smile, and overall grooming, which are often associated with attractiveness in first impressio"
137.0,0,a,B,b,ok,"B

Based on the immediate gut impression from the provided images, Candidate B appears more attractive. The individual in Candidate B has a more polished and professional appearance, with a well-groomed hairstyle and a neatly tied tie, contributing to a more appealing and confident look. Candidate A"
137.0,0,b,A,b,ok,"A

Based on the immediate gut impression from the provided black-and-white images, Candidate A appears more attractive. The individual in Candidate A has a more symmetrical and balanced facial structure, a clearer and more engaging expression, and a well-groomed appearance that contributes to a more"
137.0,1,a,B,b,ok,"B

Based on the immediate gut impression from the provided images, Candidate B appears more attractive. The individual in Candidate B has a more polished and professional appearance, with a well-groomed hairstyle and a neatly tied tie, contributing to a more appealing and confident look. Candidate A"
137.0,1,b,B,a,ok,"B

Based on the immediate gut impression from the provided black-and-white images, Candidate B appears more attractive. The individual in Candidate B has a warmer, more open expression with a smile, which generally conveys approachability and positivity. In contrast, Candidate A has a more neutral o"
137.0,2,a,B,b,ok,"B

Based on the immediate gut impression from the provided images, Candidate B appears more attractive. The individual in Candidate B has a more polished and professional appearance, with a well-groomed hairstyle and a neatly tied tie, contributing to a more appealing and confident look. Candidate A"
137.0,2,b,B,a,ok,"B

Based on the immediate gut impression from the provided black-and-white images, Candidate B appears more attractive. The individual in Candidate B has a warmer, more open expression with a smile, which generally conveys approachability and positivity. In contrast, Candidate A has a more neutral o"
138.0,0,a,B,b,ok,"B

Based on the immediate gut impression from the provided images, Candidate B appears more attractive. The individual in Candidate B has a more polished and stylish hairstyle, a brighter smile, and a more vibrant overall presentation that tends to convey confidence and approachability, which are of"
138.0,0,b,A,b,ok,"A

Based on the immediate gut impression from the provided images, Candidate A appears more attractive. The individual in Candidate A has a more vibrant and approachable expression, with a broader smile and a more dynamic posture, which often contributes to an immediate perception of attractiveness."
138.0,1,a,B,b,ok,"B

Based on the immediate gut impression from the provided images, Candidate B appears more attractive. The individual in Candidate B has a more polished and stylish hairstyle, a brighter smile, and a more vibrant overall presentation, which tends to create a more favorable first impression in terms"
138.0,1,b,A,b,ok,"A

Based on the immediate gut impression from the provided images, Candidate A appears more attractive. The individual in Candidate A has a more vibrant and approachable expression, with a broader smile and a more dynamic posture, which often contributes to an immediate perception of attractiveness."
139.0,0,a,A,a,ok,"A

Based on the immediate gut impression from the provided images, Candidate A appears more attractive. The smile is more open and warm, and the overall facial features seem more balanced and approachable compared to Candidate B. However, it's important to note that attractiveness is highly subjecti"
139.0,0,b,B,a,ok,"B

Based on the immediate gut impression from the provided black-and-white images, Candidate B appears more attractive. The individual in Candidate B has a more symmetrical and approachable facial structure, with a warm smile that conveys friendliness. Candidate A's features, while professional, see"
138.0,2,a,B,b,ok,"B

Based on the immediate gut impression from the provided images, Candidate B appears more attractive. The individual in Candidate B has a more polished and stylish hairstyle, a brighter smile, and a more vibrant overall presentation, which tends to create a more favorable first impression in terms"
138.0,2,b,A,b,ok,"A

Based on the immediate gut impression from the provided images, Candidate A appears more attractive. The individual in Candidate A has a more vibrant and approachable expression, with a broader smile and a more dynamic posture, which often contributes to an immediate perception of attractiveness."
139.0,1,a,A,a,ok,"A

Based on the immediate gut impression from the provided images, Candidate A appears more attractive. The smile is more open and warm, and the overall facial features seem more balanced and approachable compared to Candidate B."
139.0,1,b,B,a,ok,"B

Based on the immediate gut impression from the provided black-and-white images, Candidate B appears more attractive. The individual in Candidate B has a more symmetrical and approachable facial structure, with a warm smile that conveys friendliness. Candidate A's features, while professional, see"
139.0,2,a,A,a,ok,"A

Based on the immediate gut impression from the provided images, Candidate A appears more attractive. The smile is broader and more open, and the overall facial expression seems more inviting and warm. Candidate B, while also smiling, has a more reserved expression and the glasses may slightly obs"
139.0,2,b,B,a,ok,"B

Based on the immediate gut impression from the provided black-and-white images, Candidate B appears more attractive. The individual in Candidate B has a more symmetrical and approachable facial structure, with a warm smile that conveys friendliness. Candidate A's features, while professional, see"
140.0,0,a,B,b,ok,"B

Based on the immediate gut impression from the provided images, Candidate B appears more attractive. The individual in Candidate B has a more youthful and approachable appearance, with a warm smile and a friendly expression, which often contributes to perceptions of attractiveness. Candidate A, w"
140.0,0,b,A,b,ok,"A

Based on the immediate gut impression from the provided images, Candidate A appears more attractive. This assessment is based on common perceptions of facial features that are often associated with attractiveness, such as symmetry, clear skin, and a warm, inviting smile. Candidate A exhibits thes"
140.0,1,a,B,b,ok,"B

Based on the immediate gut impression from the provided images, Candidate B appears more attractive. The individual in Candidate B has a more youthful and approachable appearance, with a warm smile and a friendly expression. Candidate A, while professional and well-dressed, has a more serious and"
140.0,1,b,A,b,ok,"A

Based on the immediate gut impression from the provided images, Candidate A appears more attractive. This assessment is based on common perceptions of facial features that are often associated with attractiveness, such as symmetry, clear skin, and a warm, inviting smile. Candidate A exhibits thes"
141.0,0,a,B,b,ok,"B

Based on the immediate gut impression from the provided images, Candidate B appears more attractive. The individual in Candidate B has a more symmetrical face, a broader smile, and a generally more approachable and confident demeanor, which are often perceived as attractive traits in first impres"
141.0,0,b,A,b,ok,"A

Based on the immediate gut impression from the provided images, Candidate A appears more attractive. The smile seems more genuine, and the overall facial features are perceived as more symmetrical and balanced, which often contributes to an immediate judgment of attractiveness."
140.0,2,a,B,b,ok,"B

Based on the immediate gut impression from the provided images, Candidate B appears more attractive. The individual in Candidate B has a more youthful and approachable appearance, with a warm smile and a friendly expression. Candidate A, while professional and well-dressed, has a more serious and"
140.0,2,b,A,b,ok,"A

Based on the immediate gut impression from the provided images, Candidate A appears more attractive. The facial features of Candidate A seem more symmetrical and youthful, which are often associated with higher attractiveness ratings in studies of first impressions from faces. Candidate B, while "
141.0,2,a,B,b,ok,"B

Based on the immediate gut impression from the provided images, Candidate B appears more attractive. The individual in Candidate B has a more vibrant smile, direct eye contact, and a generally more approachable and engaging facial expression compared to Candidate A. These factors often contribute"
141.0,2,b,A,b,ok,"A

Based on the immediate gut impression from the provided images, Candidate A appears more attractive. The facial features, smile, and overall presentation convey a more approachable and appealing demeanor compared to Candidate B."
141.0,1,a,B,b,ok,"B

Based on the immediate gut impression from the provided images, Candidate B appears more attractive. The individual in Candidate B has a more vibrant smile, a more open and engaging facial expression, and a slightly more modern and approachable hairstyle, which generally contributes to an impress"
141.0,1,b,A,b,ok,"A

Based on the immediate gut impression from the provided images, Candidate A appears more attractive. The facial features, smile, and overall presentation convey a more approachable and appealing demeanor compared to Candidate B."
142.0,1,a,B,b,ok,"B

Based on the immediate gut impression from the provided images, Candidate B appears more attractive. The facial features in Candidate B seem more symmetrical and balanced, which often contributes to perceptions of attractiveness. Additionally, the expression and overall composition of Candidate B"
142.0,1,b,A,b,ok,"A

Based on the immediate gut impression from the provided images, Candidate A appears more attractive. The facial features in Candidate A seem more balanced and symmetrical, which often contributes to perceptions of attractiveness. Additionally, the smile in Candidate A appears more genuine and eng"
142.0,0,a,B,b,ok,"B

Based on the immediate gut impression from the provided images, Candidate B appears more attractive. The facial features in Candidate B seem more symmetrical and balanced, which often contributes to perceptions of attractiveness. Additionally, the expression and overall composition of Candidate B"
142.0,0,b,A,b,ok,"A

Based on the immediate gut impression from the provided images, Candidate A appears more attractive. The facial features in Candidate A seem more balanced and symmetrical, which often contributes to perceptions of attractiveness. Additionally, the smile in Candidate A appears more genuine and eng"
142.0,2,a,B,b,ok,"B

Based on the immediate gut impression from the provided images, Candidate B appears more attractive. The facial features in Candidate B seem more symmetrical and balanced, which often contributes to perceptions of attractiveness. Additionally, the expression and overall composition of Candidate B"
142.0,2,b,A,b,ok,"A

Based on the immediate gut impression from the provided images, Candidate A appears more attractive. The facial features in Candidate A seem more balanced and symmetrical, which often contributes to perceptions of attractiveness. Additionally, the smile in Candidate A appears more genuine and eng"
143.0,0,a,A,a,ok,"A

Based on the immediate gut impression from the images provided, Candidate A appears more attractive. The person in Candidate A has a warm smile, well-groomed hair, and a friendly expression, which generally contributes to a more positive first impression of attractiveness. Candidate B, on the oth"
143.0,0,b,B,a,ok,"B

Based on the immediate gut impression from the images provided, Candidate B appears more attractive. The person in Candidate B has a warm, inviting smile and a more approachable and friendly facial expression, which generally contributes to perceptions of attractiveness. Candidate A, on the other"
143.0,1,a,A,a,ok,"A

Based on the immediate gut impression from the images provided, Candidate A appears more attractive. The person in Candidate A has a warm smile, well-groomed hair, and a friendly expression, which generally contributes to a more positive first impression of attractiveness. Candidate B, on the oth"
143.0,1,b,B,a,ok,"B

Based on the immediate gut impression from the images provided, Candidate B appears more attractive. The person in Candidate B has a warm, inviting smile and a more approachable and youthful appearance, which generally contributes to perceptions of attractiveness. Candidate A, on the other hand, "
143.0,2,a,A,a,ok,"A

Based on the immediate gut impression from the images provided, Candidate A appears more attractive. The person in Candidate A has a warm, approachable expression with a smile, which generally contributes to perceptions of attractiveness. In contrast, Candidate B has a more serious expression and"
143.0,2,b,B,a,ok,"B

Based on the immediate gut impression from the images provided, Candidate B appears more attractive. The person in Candidate B has a warm, inviting smile and a more approachable and friendly facial expression, which generally contributes to perceptions of attractiveness. Candidate A, on the other"
144.0,0,a,B,b,ok,"B

Based on the immediate gut impression from the black-and-white images provided, Candidate B appears more attractive. The smile and overall facial expression convey a more approachable and positive demeanor, which often contributes to perceptions of attractiveness in first impressions. Candidate A"
144.0,0,b,A,b,ok,"A

Based on the immediate gut impression from the black-and-white images provided, Candidate A appears more attractive. The smile and overall facial expression in Candidate A convey a more approachable and positive demeanor, which often contributes to perceptions of attractiveness. Candidate B, whil"
144.0,1,a,B,b,ok,"B

Based on the immediate gut impression from the provided black-and-white images, Candidate B appears more attractive. The smile and overall facial expression convey a more approachable and positive demeanor, which often contributes to perceptions of attractiveness in first impressions. Candidate A"
144.0,1,b,A,b,ok,"A

Based on the immediate gut impression from the black-and-white images provided, Candidate A appears more attractive. The smile and overall facial expression seem more inviting and approachable, which often contributes to perceptions of attractiveness. Candidate B's expression is more neutral and "
144.0,2,a,B,b,ok,"B

Based on the immediate gut impression from the black-and-white images provided, Candidate B appears more attractive. The smile and overall facial expression seem more inviting and approachable, which often contributes to perceptions of attractiveness in first impressions. Candidate A has a more n"
144.0,2,b,A,b,ok,"A

Based on the immediate gut impression from the black-and-white images provided, Candidate A appears more attractive. The smile and overall facial expression in Candidate A convey a more approachable and positive demeanor, which often contributes to perceptions of attractiveness. Candidate B, whil"
145.0,0,a,A,a,ok,"A

Based on the immediate gut impression from the provided black-and-white images, Candidate A appears more attractive. The smile and overall facial expression seem more inviting and approachable compared to Candidate B. However, it's important to note that attractiveness is highly subjective and ca"
145.0,0,b,B,a,ok,"B

Based on the immediate gut impression from the black-and-white images provided, Candidate B appears more attractive. The smile and overall facial expression seem more inviting and approachable, which often contributes to perceptions of attractiveness in first impressions. Candidate A has a more n"
145.0,1,a,A,a,ok,"A

Based on the immediate gut impression from the provided black-and-white images, Candidate A appears more attractive. The smile and overall facial expression seem more inviting and approachable compared to Candidate B. However, it's important to note that attractiveness is highly subjective and ca"
145.0,1,b,B,a,ok,"B

Based on the immediate gut impression from the black-and-white images provided, Candidate B appears more attractive. The smile and overall facial expression seem more inviting and approachable, which often contributes to perceptions of attractiveness in first impressions. Candidate A has a more n"
145.0,2,a,A,a,ok,"A

Based on the immediate gut impression from the provided black-and-white images, Candidate A appears more attractive. The smile and overall facial expression seem more inviting and approachable compared to Candidate B. However, it's important to note that attractiveness is highly subjective and ca"
145.0,2,b,B,a,ok,"B

Based on the immediate gut impression from the black-and-white images provided, Candidate B appears more attractive. The smile and overall facial expression seem more inviting and approachable, which often contributes to perceptions of attractiveness in first impressions. Candidate A has a more n"
146.0,0,a,A,a,ok,"A

Based on the immediate gut impression from the provided images, Candidate A appears more attractive. The facial features in Candidate A seem more symmetrical and approachable, contributing to a more favorable first impression. Candidate B, while also smiling, has features that may appear less sym"
146.0,0,b,B,a,ok,"B

Based on the immediate gut impression from the provided images, Candidate B appears more attractive. The individual in Candidate B has a more contemporary and approachable look, with a friendly expression and a well-groomed appearance that tends to convey confidence and approachability. Candidate"
146.0,1,a,A,a,ok,"A

Based on the immediate gut impression from the provided black-and-white images, Candidate A appears more attractive. The facial features in Candidate A seem more symmetrical and approachable, with a warm smile that conveys friendliness. Candidate B, while also smiling, has a more serious expressi"
146.0,1,b,B,a,ok,"B

Based on the immediate gut impression from the provided images, Candidate B appears more attractive. The individual in Candidate B has a more contemporary and approachable look, with a friendly expression and a well-groomed appearance that tends to convey confidence and warmth. Candidate A, while"
146.0,2,a,A,a,ok,"A

Based on the immediate gut impression from the provided black-and-white images, Candidate A appears more attractive. The facial features in Candidate A seem more symmetrical and approachable, with a warmer smile, which often contributes to an immediate perception of attractiveness. Candidate B, w"
146.0,2,b,B,a,ok,"B

Based on the immediate gut impression from the provided images, Candidate B appears more attractive. The individual in Candidate B has a more contemporary and approachable look, with a friendly expression and a well-groomed appearance that tends to be perceived as more attractive in many social c"
147.0,0,a,A,a,ok,"A

Based on the immediate gut impression from the provided images, Candidate A appears more attractive. The facial features, smile, and overall presentation convey a more approachable and aesthetically pleasing appearance compared to Candidate B."
147.0,0,b,B,a,ok,"B

Based on the immediate gut impression from the provided images, Candidate B appears more attractive. The facial features, smile, and overall presentation convey a more approachable and aesthetically pleasing appearance compared to Candidate A."
147.0,1,a,A,a,ok,"A

Based on the immediate gut impression from the provided images, Candidate A appears more attractive. The facial features, smile, and overall presentation convey a more approachable and aesthetically pleasing appearance compared to Candidate B."
147.0,1,b,B,a,ok,"B

Based on the immediate gut impression from the provided images, Candidate B appears more attractive. The facial features, smile, and overall presentation convey a more approachable and aesthetically pleasing appearance compared to Candidate A."
147.0,2,a,A,a,ok,"A

Based on the immediate gut impression from the provided images, Candidate A appears more attractive. The smile, facial features, and overall presentation convey a more approachable and appealing demeanor compared to Candidate B."
147.0,2,b,B,a,ok,"B

Based on the immediate gut impression from the provided images, Candidate B appears more attractive. The facial features, smile, and overall presentation convey a more approachable and aesthetically pleasing appearance compared to Candidate A."
148.0,0,a,B,b,ok,"B

Based on the immediate gut impression from the provided images, Candidate B appears more attractive. The individual in Candidate B has a more polished and professional appearance, with a well-groomed hairstyle, a suit, and a tie, which contributes to a more polished and appealing look. Candidate "
148.0,0,b,A,b,ok,"A

Based on the immediate gut impression from the provided images, Candidate A appears more attractive. The individual in Candidate A has a warm, inviting smile and a well-groomed appearance that conveys confidence and approachability. In contrast, Candidate B has a more neutral expression and lacks"
148.0,1,a,B,b,ok,"B

Based on the immediate gut impression from the provided images, Candidate B appears more attractive. The individual in Candidate B has a more polished and professional appearance, with a well-groomed hairstyle, a suit, and a tie, which contributes to a more polished and appealing look. Candidate "
148.0,1,b,A,b,ok,"A

Based on the immediate gut impression from the provided images, Candidate A appears more attractive. The individual in Candidate A has a warm, inviting smile and a more approachable facial expression, which generally contributes to perceptions of attractiveness. Candidate B, while also smiling, h"
148.0,2,a,B,b,ok,"B

Based on the immediate gut impression from the provided images, Candidate B appears more attractive. The individual in Candidate B has a more polished and professional appearance, with a well-groomed hairstyle, a suit, and a tie, which contributes to a more polished and appealing look. Candidate "
148.0,2,b,A,b,ok,"A

Based on the immediate gut impression from the provided images, Candidate A appears more attractive. The individual in Candidate A has a warm, inviting smile and a more polished, professional appearance, which tends to create a more favorable first impression. Candidate B, while also smiling, has"
149.0,0,a,A,a,ok,"A

Based on the immediate gut impression from the images provided, Candidate A appears more attractive. The individual in Candidate A has a more polished and professional appearance, with a well-groomed hairstyle, a crisp suit, and a confident pose that conveys a sense of authority and approachabili"
149.0,0,b,B,a,ok,"B

Based on the immediate gut impression from the images provided, Candidate B appears more attractive. The posture, grooming, and overall presentation convey confidence and professionalism, which often contribute to perceptions of attractiveness in professional or formal contexts. Candidate A, whil"
149.0,1,a,A,a,ok,"A

Based on the immediate gut impression from the images provided, Candidate A appears more attractive. The individual in Candidate A has a more polished and professional appearance, with a well-groomed hairstyle, a crisp suit, and a confident pose that conveys a sense of authority and approachabili"
149.0,1,b,B,a,ok,"B

Based on the immediate gut impression from the images provided, Candidate B appears more attractive. The posture, grooming, and overall presentation convey confidence and professionalism, which often contribute to perceptions of attractiveness in professional or formal contexts. Candidate A, whil"
149.0,2,a,A,a,ok,"A

Based on the immediate gut impression from the images provided, Candidate A appears more attractive. The individual in Candidate A has a more polished and professional appearance, with a well-groomed hairstyle, a crisp suit, and a confident pose that conveys authority and approachability. In cont"
149.0,2,b,B,a,ok,"B

Based on the immediate gut impression from the images provided, Candidate B appears more attractive. The posture, grooming, and overall presentation convey confidence and professionalism, which often contribute to perceptions of attractiveness in professional or formal contexts. Candidate A, whil"
150.0,1,a,B,b,ok,"B

Based on the immediate gut impression from the provided images, Candidate B appears more attractive. The individual in Candidate B has a warm, inviting smile and a more polished, professional appearance, which generally contributes to a more favorable first impression in terms of attractiveness. "
150.0,1,b,A,b,ok,"A

Based on the immediate gut impression from the images provided, Candidate A appears more attractive. The individual in Candidate A has a more polished and professional appearance, with a clear, well-maintained smile and a composed demeanor. Candidate B, while also presenting a friendly expression"
150.0,0,a,B,b,ok,"B

Based on the immediate gut impression from the provided images, Candidate B appears more attractive. The individual in Candidate B has a warm, inviting smile and a more polished, professional appearance, which tends to create a more favorable first impression. Candidate A, while presenting a neut"
150.0,0,b,A,b,ok,"A

Based on the immediate gut impression from the images provided, Candidate A appears more attractive. The individual in Candidate A has a more polished and professional appearance, with a well-groomed hairstyle and a formal suit, which contributes to a more favorable first impression. Candidate B,"
151.0,0,a,B,b,ok,"B

(Note: This response is based on an immediate gut impression as requested, and attractiveness is subjective and can vary greatly among individuals. Factors such as cultural background, personal preferences, and context can all influence perceptions of attractiveness.)"
151.0,0,b,A,b,ok,"A

Based on the immediate gut impression from the provided images, Candidate A appears more attractive. The individual has a confident, polished look with well-groomed hair and a professional attire that conveys a sense of authority and charm. Candidate B, while also presenting a professional appear"
150.0,2,a,B,b,ok,"B

Based on the immediate gut impression from the provided images, Candidate B appears more attractive. The individual in Candidate B has a warm, inviting smile and a more polished, professional appearance, which generally contributes to a more favorable first impression in terms of attractiveness. "
150.0,2,b,A,b,ok,"A

Based on the immediate gut impression from the provided images, Candidate A appears more attractive. The individual in Candidate A has a more polished and professional appearance, with a well-groomed hairstyle and a formal suit, which contributes to a more favorable first impression. Candidate B,"
151.0,1,a,B,b,ok,"B

Based on the immediate gut impression from the images provided, Candidate B appears more attractive. The individual in Candidate B has a more symmetrical and conventionally attractive facial structure, with a well-groomed appearance that often aligns with societal standards of attractiveness. Can"
151.0,1,b,A,b,ok,"A

Based on the immediate gut impression from the provided images, Candidate A appears more attractive. The individual has a confident, polished look with well-groomed hair and a professional suit, which often conveys a sense of attractiveness in first impressions. Candidate B, while also presenting"
151.0,2,a,B,b,ok,"B

**Note:** This response is based solely on an immediate gut impression as requested and does not reflect any objective measure of attractiveness, which is subjective and influenced by many factors."
151.0,2,b,A,b,ok,"A

Based on the immediate gut impression from the provided images, Candidate A appears more attractive. The individual has a confident, polished look with well-groomed hair and a professional suit, which often conveys a sense of attractiveness in first impressions. Candidate B, while also presenting"
152.0,1,a,A,a,ok,"A

Based on the immediate gut impression from the images provided, Candidate A appears more attractive. The individual has a warm, inviting smile, well-groomed hair, and a professional yet approachable demeanor. These factors contribute to a more favorable first impression compared to Candidate B."
152.0,1,b,B,a,ok,"B

(Note: This response is based on an immediate gut impression as requested, and attractiveness is subjective and can vary greatly among individuals. Factors such as personal preferences, cultural background, and context play significant roles in how attractiveness is perceived.)"
152.0,0,a,A,a,ok,"A

Based on the immediate gut impression from the images provided, Candidate A appears more attractive. The individual has a warm, inviting smile, well-groomed hair, and a professional yet approachable demeanor. These factors contribute to a more favorable first impression in terms of attractiveness"
152.0,0,b,B,a,ok,"B

(Note: This response is based on an immediate gut impression as requested, and attractiveness is subjective and can vary greatly among individuals. Factors such as personal preferences, cultural backgrounds, and individual experiences play a significant role in how attractiveness is perceived.)"
152.0,2,a,A,a,ok,"A

Based on the immediate gut impression from the images provided, Candidate A appears more attractive. The individual has a warm, inviting smile, well-groomed hair, and a professional yet approachable demeanor. These factors contribute to a more favorable first impression in terms of attractiveness"
152.0,2,b,B,a,ok,"B

(Note: This response is based on an immediate gut impression as requested, and attractiveness is subjective and can vary greatly among individuals. Factors such as personal preferences, cultural backgrounds, and individual experiences play a significant role in how attractiveness is perceived.)"
153.0,0,a,A,a,ok,"A

Based on the immediate gut impression from the provided images, Candidate A appears more attractive. The individual has a warm, inviting smile and a confident, approachable demeanor, which generally contributes to a more favorable first impression in terms of attractiveness. Candidate B, while pr"
153.0,0,b,B,a,ok,"B

Based on the immediate gut impression from the provided images, Candidate B appears more attractive. The individual in Candidate B has a more symmetrical and conventionally attractive facial structure, with a warm smile and a confident posture. Candidate A's appearance, while professional, does n"
153.0,1,a,A,a,ok,"A

Based on the immediate gut impression from the provided images, Candidate A appears more attractive. The individual has a warm, inviting smile and a confident, approachable demeanor that generally contributes to a more favorable first impression in terms of attractiveness. Candidate B, while prof"
153.0,1,b,B,a,ok,"B

Based on the immediate gut impression from the provided images, Candidate B appears more attractive. The individual in Candidate B has a more symmetrical and conventionally attractive facial structure, with a warm smile and a confident posture. Candidate A's appearance, while professional, does n"
153.0,2,a,A,a,ok,"A

Based on the immediate gut impression from the provided images, Candidate A appears more attractive. The individual has a warm, inviting smile and a confident, approachable demeanor, which often contributes to perceptions of attractiveness. Candidate B, while professional and composed, has a more"
153.0,2,b,B,a,ok,"B

Based on the immediate gut impression from the provided images, Candidate B appears more attractive. The individual in Candidate B has a more symmetrical and approachable facial structure, combined with a warm smile, which generally contributes to a more favorable first impression in terms of att"
154.0,0,a,B,b,ok,"B

Based on the immediate gut impression from the provided images, Candidate B appears more attractive. The individual in Candidate B has a more symmetrical and balanced facial structure, a broader smile, and a more approachable and confident demeanor. These factors contribute to a generally more fa"
154.0,0,b,A,b,ok,"A

Based on the immediate gut impression from the provided images, Candidate A appears more attractive. The smile seems more genuine and warm, and the overall composition of the face appears more balanced and appealing. However, it's important to note that attractiveness is highly subjective and can"
154.0,1,a,B,b,ok,"B

Based on the immediate gut impression from the provided images, Candidate B appears more attractive. The smile seems more genuine, and the overall composition of the photo conveys a friendlier and more approachable demeanor."
154.0,1,b,A,b,ok,"A

Based on the immediate gut impression from the provided images, Candidate A appears more attractive. The smile seems more genuine, and the overall composition of the face appears more balanced and appealing. However, it's important to note that attractiveness is highly subjective and can vary gre"
154.0,2,a,B,b,ok,"B

Based on the immediate gut impression from the provided black-and-white images, Candidate B appears more attractive. The individual in Candidate B has a more symmetrical and balanced facial structure, a broader smile, and a more approachable and confident demeanor. These factors contribute to a g"
154.0,2,b,A,b,ok,"A

Based on the immediate gut impression from the provided black-and-white images, Candidate A appears more attractive. The individual in Candidate A has a more symmetrical and balanced facial structure, a broader smile, and a more approachable and confident demeanor. These factors contribute to a g"
155.0,0,a,B,b,ok,"B

Based on the immediate gut impression from the images provided, Candidate B appears more attractive. The individual in Candidate B has a more symmetrical and polished appearance, with a well-groomed hairstyle and a confident smile, which often contributes to perceptions of attractiveness. Candida"
155.0,0,b,A,b,ok,"A

Based on the immediate gut impression from the provided images, Candidate A appears more attractive. The smile is more open and inviting, and the overall facial features seem more balanced and approachable compared to Candidate B. However, it's important to note that attractiveness is highly subj"
155.0,2,a,B,b,ok,"B

Based on the immediate gut impression from the provided images, Candidate B appears more attractive. The individual in Candidate B has a more symmetrical and balanced facial structure, a broader smile, and a more engaging expression, which generally contributes to perceptions of attractiveness. C"
155.0,2,b,A,b,ok,"A

Based on the immediate gut impression from the provided images, Candidate A appears more attractive. The smile is broader and more inviting, and the overall facial features seem more balanced and approachable compared to Candidate B."
155.0,1,a,B,b,ok,"B

Based on the immediate gut impression from the images provided, Candidate B appears more attractive. The individual in Candidate B has a more symmetrical face, a broader smile, and a more polished and professional appearance, which often contributes to perceptions of attractiveness in first impre"
155.0,1,b,A,b,ok,"A

Based on the immediate gut impression from the provided images, Candidate A appears more attractive. The smile is broader and more inviting, and the overall facial features seem more balanced and approachable compared to Candidate B."
156.0,0,a,A,a,ok,"A

Based on the immediate gut impression from the provided images, Candidate A appears more attractive. The individual has a warm, open smile and a confident, approachable demeanor that conveys friendliness and professionalism. The overall presentation, including the attire and posture, also contrib"
156.0,0,b,B,a,ok,"B

Based on the immediate gut impression from the provided images, Candidate B appears more attractive. This assessment is based on common perceptions of attractiveness, which often include factors such as facial symmetry, smile, and overall presentation. Candidate B exhibits these qualities more pr"
156.0,1,a,A,a,ok,"A

Based on the immediate gut impression from the provided images, Candidate A appears more attractive. The individual in Candidate A has a warm, open smile and a more youthful appearance, which generally contributes to a more favorable first impression in terms of attractiveness. Candidate B, while"
156.0,1,b,B,a,ok,"B

Based on the immediate gut impression from the provided images, Candidate B appears more attractive. This assessment is based on common perceptions of facial features and presentation in professional portraits, where symmetry, smile, and overall grooming can influence attractiveness judgments. Ca"
156.0,2,a,A,a,ok,"A

Based on the immediate gut impression from the provided images, Candidate A appears more attractive. The individual has a warm, open smile and a confident, approachable demeanor that conveys friendliness and professionalism. The lighting and composition also highlight the person's features positi"
156.0,2,b,B,a,ok,"B

Based on the immediate gut impression from the provided images, Candidate B appears more attractive. This assessment is based on common perceptions of facial features and presentation in professional portraits, where symmetry, smile, and overall grooming can influence attractiveness judgments. Ca"
157.0,0,a,A,a,ok,"A

Based on the immediate gut impression from the provided images, Candidate A appears more attractive. The smile, facial expression, and overall presentation convey a more approachable and pleasant demeanor compared to Candidate B."
157.0,0,b,A,b,ok,"A

Based on the immediate gut impression from the provided images, Candidate A appears more attractive. The individual in Candidate A has a more symmetrical and balanced facial structure, a warm and inviting smile, and a confident posture that conveys approachability and professionalism. These facto"
157.0,1,a,A,a,ok,"A

Based on the immediate gut impression from the provided images, Candidate A appears more attractive. The smile, facial expression, and overall presentation convey a more approachable and pleasant demeanor compared to Candidate B."
157.0,1,b,A,b,ok,"A

Based on the immediate gut impression from the provided images, Candidate A appears more attractive. The individual in Candidate A has a more symmetrical and balanced facial structure, a broader smile, and a more approachable and confident demeanor. These factors contribute to a generally more fa"
157.0,2,a,A,a,ok,"A

Based on the immediate gut impression from the provided images, Candidate A appears more attractive. The smile, facial expression, and overall presentation convey a more approachable and engaging demeanor compared to Candidate B."
157.0,2,b,A,b,ok,"A

Based on the immediate gut impression from the provided images, Candidate A appears more attractive. The individual in Candidate A has a more symmetrical and balanced facial structure, a warm and inviting smile, and a confident posture that conveys approachability and professionalism. These facto"
158.0,0,a,B,b,ok,"B

Based on the immediate gut impression from the images provided, Candidate B appears more attractive. The individual in Candidate B has a more youthful and approachable appearance, with a warm smile and a well-groomed look that tends to convey friendliness and confidence. Candidate A, while also s"
158.0,0,b,A,b,ok,"A

Based on the immediate gut impression from the provided images, Candidate A appears more attractive. The individual in Candidate A has a more symmetrical facial structure, a broader smile, and a generally more polished and approachable appearance compared to Candidate B. These factors contribute "
158.0,2,a,B,b,ok,"B

Based on the immediate gut impression from the images provided, Candidate B appears more attractive. The individual in Candidate B has a more youthful and approachable appearance, with a warm smile and a well-groomed look that tends to convey friendliness and confidence. Candidate A, while also s"
158.0,2,b,A,b,ok,"A

Based on the immediate gut impression from the provided images, Candidate A appears more attractive. The individual in Candidate A has a more youthful and vibrant appearance, with a broader smile and a more engaging facial expression. These factors generally contribute to a perception of higher a"
158.0,1,a,B,b,ok,"B

Based on the immediate gut impression from the images provided, Candidate B appears more attractive. The individual in Candidate B has a more youthful and approachable appearance, with a warm smile and a well-groomed look that tends to convey friendliness and confidence. Candidate A, while also s"
158.0,1,b,A,b,ok,"A

Based on the immediate gut impression from the provided images, Candidate A appears more attractive. The individual in Candidate A has a more youthful and vibrant appearance, with a broader smile and a more engaging facial expression. These factors often contribute to an immediate perception of a"
159.0,0,a,B,b,ok,"B

Based on the immediate gut impression from the images provided, Candidate B appears more attractive. The person in Candidate B has a warm, approachable smile and a well-groomed appearance that conveys confidence and friendliness. Candidate A, while also smiling, has a more serious expression and "
159.0,0,b,A,b,ok,"A

Based on the immediate gut impression from the images provided, Candidate A appears more attractive. The person in Candidate A has a warm, approachable smile and a well-groomed appearance that conveys confidence and friendliness. In contrast, Candidate B, while also smiling, has a more serious ex"
159.0,1,a,B,b,ok,"B

(Note: This response is based on an immediate gut impression as requested. Attractiveness is subjective and can vary greatly among individuals due to personal preferences, cultural differences, and other factors. The assessment here is purely based on a quick, initial reaction to the provided ima"
159.0,1,b,A,b,ok,"A

Based on the immediate gut impression from the images provided, Candidate A appears more attractive. The individual has a warm smile, clear and inviting facial features, and a well-groomed appearance that conveys confidence and approachability. Candidate B, while also smiling, has a more serious "
160.0,0,a,B,b,ok,"B

Based on the immediate gut impression from the images provided, Candidate B appears more attractive. The individual in Candidate B has a more youthful appearance, a broader smile, and a more vibrant and engaging expression compared to Candidate A. These factors contribute to a more favorable firs"
160.0,0,b,A,b,ok,"A

Based on the immediate gut impression from the provided images, Candidate A appears more attractive. The individual in Candidate A has a more vibrant and approachable expression, with a broader smile and a more youthful appearance, which generally contributes to perceptions of attractiveness. Can"
159.0,2,a,B,b,ok,"B

(Note: This response is based on an immediate gut impression as requested, and attractiveness is subjective and can vary greatly among individuals. Factors such as cultural background, personal preferences, and context can influence perceptions of attractiveness.)"
159.0,2,b,A,b,ok,"A

Based on the immediate gut impression from the images provided, Candidate A appears more attractive. The person in Candidate A has a warm, approachable smile and a well-groomed appearance that conveys confidence and friendliness. In contrast, Candidate B, while also smiling, has a more serious ex"
160.0,1,a,B,b,ok,"B

Based on the immediate gut impression from the images provided, Candidate B appears more attractive. The individual in Candidate B has a more youthful appearance, a broader smile, and a more vibrant and engaging expression compared to Candidate A. These factors contribute to a more favorable firs"
160.0,1,b,A,b,ok,"A

Based on the immediate gut impression from the images provided, Candidate A appears more attractive. The individual in Candidate A has a more vibrant and approachable expression, with a broader smile and a more youthful appearance, which generally contributes to perceptions of attractiveness. Can"
160.0,2,a,B,b,ok,"B

Based on the immediate gut impression from the images provided, Candidate B appears more attractive. The individual in Candidate B has a more youthful appearance, a broader smile, and a more vibrant and engaging expression compared to Candidate A. These factors typically contribute to an immediat"
160.0,2,b,A,b,ok,"A

Based on the immediate gut impression from the images provided, Candidate A appears more attractive. The individual in Candidate A has a more vibrant and approachable expression, with a broader smile and a more youthful appearance, which generally contributes to perceptions of attractiveness. Can"
161.0,2,a,A,a,ok,"A

Based on the immediate gut impression from the provided images, Candidate A appears more attractive. The individual has a warm, open smile, well-groomed hair, and a professional yet approachable demeanor that conveys confidence and friendliness. These factors contribute to a more favorable first "
161.0,2,b,B,a,ok,"B

Based on the immediate gut impression from the provided images, Candidate B appears more attractive. The individual in Candidate B has a more symmetrical and conventionally attractive facial structure, with a warm smile and a professional yet approachable demeanor. Candidate A, while also present"
161.0,1,a,A,a,ok,"A

Based on the immediate gut impression from the provided images, Candidate A appears more attractive. The individual has a warm, open smile, well-groomed hair, and a professional yet approachable demeanor that conveys confidence and friendliness. These factors contribute to a more favorable first "
161.0,1,b,B,a,ok,"B

Based on the immediate gut impression from the provided images, Candidate B appears more attractive. The individual in Candidate B has a more symmetrical and conventionally attractive facial structure, with a warm smile and a professional yet approachable demeanor. Candidate A's appearance, while"
161.0,0,a,A,a,ok,"A

Based on the immediate gut impression from the provided images, Candidate A appears more attractive. The individual has a warm smile, well-groomed hair, and a professional yet approachable demeanor that contributes to a more favorable first impression. Candidate B, while also presenting a profess"
161.0,0,b,B,a,ok,"B

Based on the immediate gut impression from the provided images, Candidate B appears more attractive. The individual in Candidate B has a more symmetrical and conventionally attractive facial structure, with a warm smile and a professional yet approachable demeanor. Candidate A, while also present"
162.0,0,a,A,a,ok,"A

Based on the immediate gut impression from the black-and-white images provided, Candidate A appears more attractive. The smile seems more genuine and warm, and the overall composition of the face appears more balanced and approachable. However, it's important to note that attractiveness is highly"
162.0,0,b,B,a,ok,"B

Based on the immediate gut impression from the black-and-white images provided, Candidate B appears more attractive. The smile seems more genuine and warm, and the overall facial features appear more balanced and approachable. However, it's important to note that attractiveness is highly subjecti"
162.0,2,a,A,a,ok,"A

Based on the immediate gut impression from the black-and-white images provided, Candidate A appears more attractive. The smile seems more genuine and warm, and the overall composition of the face appears more balanced and appealing. However, it's important to note that attractiveness is highly su"
162.0,2,b,B,a,ok,"B

Based on the immediate gut impression from the black-and-white images provided, Candidate B appears more attractive. The smile seems more genuine and warm, and the overall facial features appear more balanced and approachable. However, it's important to note that attractiveness is highly subjecti"
162.0,1,a,A,a,ok,"A

Based on the immediate gut impression from the provided images, Candidate A appears more attractive. The smile seems more genuine, and the overall facial features and presentation convey a more approachable and appealing demeanor."
162.0,1,b,B,a,ok,"B

Based on the immediate gut impression from the black-and-white images provided, Candidate B appears more attractive. The smile seems more genuine and warm, and the overall facial features appear more balanced and approachable. However, it's important to note that attractiveness is highly subjecti"
163.0,0,a,B,b,ok,"B

Based on the immediate gut impression from the black-and-white images provided, Candidate B appears more attractive. The person in Candidate B has a warm, open smile and a friendly, approachable expression, which generally contributes to a more favorable first impression in terms of attractivenes"
163.0,0,b,A,b,ok,"A

Based on the immediate gut impression from the black-and-white images provided, Candidate A appears more attractive. The person in Candidate A has a warm, open smile and a friendly expression, which generally contributes to a more positive first impression. Additionally, the overall composition a"
163.0,1,a,B,b,ok,"B

Based on the immediate gut impression from the black-and-white images provided, Candidate B appears more attractive. The person in Candidate B has a warm, open smile and a friendly, approachable expression, which generally contributes to a more favorable first impression in terms of attractivenes"
163.0,1,b,A,b,ok,"A

Based on the immediate gut impression from the black-and-white images provided, Candidate A appears more attractive. The person in Candidate A has a warm, open smile and a friendly expression, which generally contributes to a more positive first impression. Additionally, the overall composition a"
163.0,2,a,B,b,ok,"B

Based on the immediate gut impression from the black-and-white images provided, Candidate B appears more attractive. The person in Candidate B has a warm, open smile and a friendly, approachable expression, which generally contributes to a more favorable first impression in terms of attractivenes"
163.0,2,b,A,b,ok,"A

Based on the immediate gut impression from the black-and-white images provided, Candidate A appears more attractive. The person in Candidate A has a warm, open smile and a friendly expression, which generally contributes to a more positive first impression. Additionally, the overall composition a"
164.0,0,a,A,a,ok,"A

Based on the immediate gut impression from the provided black-and-white images, Candidate A appears more attractive. The individual in Candidate A has a more symmetrical and balanced facial structure, a warmer smile, and a more approachable expression. These factors generally contribute to an imm"
164.0,0,b,B,a,ok,"B

Based on the immediate gut impression from the images provided, Candidate B appears more attractive. The individual in Candidate B has a more symmetrical and balanced facial structure, a warmer smile, and a more approachable expression compared to Candidate A. These factors contribute to a more f"
164.0,1,a,A,a,ok,"A

Based on the immediate gut impression from the provided images, Candidate A appears more attractive. The individual in Candidate A has a more symmetrical and balanced facial structure, a warm smile, and a confident posture, which generally contribute to perceptions of attractiveness. Candidate B,"
164.0,1,b,B,a,ok,"B

Based on the immediate gut impression from the images provided, Candidate B appears more attractive. The individual in Candidate B has a more symmetrical and balanced facial structure, a warmer smile, and a more approachable expression compared to Candidate A. These factors contribute to a more f"
164.0,2,a,A,a,ok,"A

Based on the immediate gut impression from the provided black-and-white images, Candidate A appears more attractive. The individual in Candidate A has a more symmetrical and balanced facial structure, a broader smile, and a more approachable expression. These factors generally contribute to perce"
164.0,2,b,B,a,ok,"B

Based on the immediate gut impression from the images provided, Candidate B appears more attractive. The individual in Candidate B has a more symmetrical and balanced facial structure, a broader smile, and a more approachable and confident demeanor. These factors contribute to a generally more fa"
165.0,0,a,B,b,ok,"B

Based on the immediate gut impression from the images provided, Candidate B appears more attractive. The facial features in Candidate B seem more symmetrical and balanced, which often contributes to perceptions of attractiveness. Additionally, the expression and overall composition of Candidate B"
165.0,0,b,A,b,ok,"A

Based on the immediate gut impression from the provided images, Candidate A appears more attractive. The smile seems more genuine and warm, and the overall facial features appear more balanced and approachable. Candidate B's expression is more reserved, and the facial features seem less inviting "
165.0,1,a,A,a,ok,"A

Based on the immediate gut impression from the black-and-white images provided, Candidate A appears more attractive. The individual in Candidate A has a more symmetrical and balanced facial structure, with a broader smile and a more open, confident expression. These factors often contribute to an"
165.0,1,b,A,b,ok,"A

Based on the immediate gut impression from the provided images, Candidate A appears more attractive. The smile seems more genuine and warm, and the overall facial features appear more balanced and approachable. Candidate B's expression is more reserved, and the facial features seem less inviting "
165.0,2,a,B,b,ok,"B

Based on the immediate gut impression from the provided images, Candidate B appears more attractive. The facial features in Candidate B seem more symmetrical and balanced, which often contributes to perceptions of attractiveness. Additionally, the smile in Candidate B appears more genuine and eng"
165.0,2,b,A,b,ok,"A

Based on the immediate gut impression from the provided images, Candidate A appears more attractive. The smile seems more genuine and warm, and the overall facial features appear more balanced and approachable. Candidate B's expression is more reserved, and the facial features seem less inviting "
166.0,0,a,A,a,ok,"A

Based on the immediate gut impression from the provided images, Candidate A appears more attractive. The person in Candidate A has a warm, inviting smile and a friendly expression, which often contributes to perceptions of attractiveness. Additionally, the lighting and composition of the photogra"
166.0,0,b,,,REFUSE,"B

**Note:** It's important to recognize that attractiveness is highly subjective and varies greatly among individuals. Factors such as cultural background, personal preferences, and individual experiences play a significant role in how people perceive attractiveness. The response provided is based "
166.0,1,a,A,a,ok,"A

Based on the immediate gut impression from the provided images, Candidate A appears more attractive. The person in Candidate A has a warm, inviting smile and a friendly expression, which often contributes to an immediate perception of attractiveness. Additionally, the lighting and composition of "
166.0,1,b,,,REFUSE,"B

**Note:** It's important to recognize that attractiveness is highly subjective and varies greatly among individuals. Factors such as cultural background, personal preferences, and individual experiences play a significant role in how people perceive attractiveness. The response provided is based "
166.0,2,a,A,a,ok,"A

Based on the immediate gut impression from the provided images, Candidate A appears more attractive. The person in Candidate A has a warm, inviting smile and a friendly expression, which often contributes to an immediate perception of attractiveness. Additionally, the lighting and composition of "
166.0,2,b,,,REFUSE,"B

**Note:** It's important to recognize that attractiveness is highly subjective and varies greatly among individuals. Factors such as cultural background, personal preferences, and individual experiences play a significant role in how people perceive attractiveness. The response provided is based "
167.0,0,a,,,REFUSE,"A

**Note:** It's important to recognize that attractiveness is highly subjective and influenced by many factors, including cultural background, personal preferences, and individual experiences. The assessment provided here is based on a generalized, immediate gut impression and should not be taken "
167.0,0,b,B,a,ok,"B

Based on the immediate gut impression from the images provided, Candidate B appears more attractive. The smile, facial expression, and overall presentation convey a more approachable and positive demeanor, which often contributes to perceptions of attractiveness in first impressions."
167.0,1,a,A,a,ok,"A

**Note:** It's important to recognize that attractiveness is highly subjective and influenced by many factors, including cultural background, personal preferences, and individual experiences. The assessment provided here is based on a common, generalized perception often studied in psychological "
167.0,1,b,B,a,ok,"B

Based on the immediate gut impression from the images provided, Candidate B appears more attractive. The smile, confident posture, and overall presentation convey a more approachable and appealing demeanor compared to Candidate A."
167.0,2,a,A,a,ok,"A

Based on the immediate gut impression from the provided images, Candidate A appears more attractive. The individual in Candidate A has a warm, open smile and a confident, approachable demeanor, which often contributes to perceptions of attractiveness. Candidate B, while presenting a professional "
167.0,2,b,B,a,ok,"B

Based on the immediate gut impression from the images provided, Candidate B appears more attractive. The smile, facial expression, and overall presentation convey a more approachable and positive demeanor compared to Candidate A."
168.0,0,a,B,b,ok,"B

Based on the immediate gut impression from the images provided, Candidate B appears more attractive. Candidate B has a more contemporary and approachable look with a friendly smile and a well-fitted suit, which often contributes to a more favorable first impression in terms of attractiveness. Can"
168.0,0,b,A,b,ok,"A

Based on the immediate gut impression from the provided images, Candidate A appears more attractive. The individual in Candidate A has a more symmetrical and balanced facial structure, a broader smile, and a more confident and approachable demeanor. These factors contribute to a generally more fa"
168.0,1,a,B,b,ok,"B

Based on the immediate gut impression from the images provided, Candidate B appears more attractive. Candidate B has a more contemporary and approachable look with a friendly smile and a well-fitted suit, which often contributes to a more favorable first impression in terms of attractiveness. Can"
168.0,1,b,A,b,ok,"A

Based on the immediate gut impression from the provided images, Candidate A appears more attractive. The individual in Candidate A has a more symmetrical and balanced facial structure, a broader smile, and a more confident and approachable demeanor. These factors contribute to a generally more fa"
168.0,2,a,B,b,ok,"B

Based on the immediate gut impression from the images provided, Candidate B appears more attractive. Candidate B has a more contemporary and approachable look with a friendly smile and a well-fitted suit, which often contributes to a more favorable first impression in terms of attractiveness. Can"
168.0,2,b,A,b,ok,"A

Based on the immediate gut impression from the provided images, Candidate A appears more attractive. The individual in Candidate A has a more symmetrical and balanced facial structure, a broader smile, and a more confident and approachable demeanor. These factors contribute to a generally more fa"
169.0,0,a,B,b,ok,"B

Based on the immediate gut impression from the provided images, Candidate B appears more attractive. The individual in Candidate B has a more approachable and warm smile, which often contributes positively to perceived attractiveness. Additionally, the overall composition and lighting in Candidat"
169.0,0,b,A,b,ok,"A

Based on the immediate gut impression from the provided images, Candidate A appears more attractive. The smile seems more genuine, and the overall presentation feels more approachable and warm. Candidate B, while also smiling, has a more reserved expression and the glasses may slightly detract fr"
169.0,1,a,B,b,ok,"B

Based on the immediate gut impression from the provided images, Candidate B appears more attractive. The individual in Candidate B has a more approachable and warm smile, and the overall facial features seem more balanced and symmetrical, which are often associated with perceived attractiveness. "
169.0,1,b,A,b,ok,"A

Based on the immediate gut impression from the provided images, Candidate A appears more attractive. The smile seems more genuine, and the overall composition of the face appears more balanced and approachable. However, it's important to note that attractiveness is highly subjective and can vary "
169.0,2,a,B,b,ok,"B

Based on the immediate gut impression from the provided images, Candidate B appears more attractive. The individual in Candidate B has a more approachable and warm smile, and the overall facial features seem more balanced and symmetrical, which are often associated with perceived attractiveness. "
169.0,2,b,A,b,ok,"A

Based on the immediate gut impression from the provided images, Candidate A appears more attractive. The smile seems more genuine, and the overall composition of the face appears more balanced and approachable. Candidate B, while also presenting a professional and pleasant appearance, has a more "
170.0,0,a,A,a,ok,"A

Based on the immediate gut impression from the provided images, Candidate A appears more attractive. The individual in Candidate A has a warm, approachable smile and a well-groomed appearance that conveys confidence and friendliness. In contrast, Candidate B, while also smiling, has a more formal"
170.0,0,b,B,a,ok,"B

Based on the immediate gut impression from the provided images, Candidate B appears more attractive. The individual in Candidate B has a well-groomed appearance, a confident smile, and a professional attire that conveys a sense of approachability and attractiveness. Candidate A, while also presen"
170.0,2,a,A,a,ok,"A

Based on the immediate gut impression from the provided images, Candidate A appears more attractive. The individual in Candidate A has a warm, approachable smile and a well-groomed appearance that conveys confidence and friendliness. In contrast, Candidate B, while also smiling, has a more formal"
170.0,2,b,B,a,ok,"B

Based on the immediate gut impression from the provided images, Candidate B appears more attractive. The individual in Candidate B has a well-groomed appearance, a confident smile, and a professional attire that conveys a sense of approachability and attractiveness. Candidate A, while also presen"
171.0,0,a,B,b,ok,"B

Based on the immediate gut impression from the provided images, Candidate B appears more attractive. The smile, facial expression, and overall presentation convey a more approachable and positive demeanor compared to Candidate A."
171.0,0,b,A,b,ok,"A

Based on the immediate gut impression from the provided black-and-white images, Candidate A appears more attractive. The individual in Candidate A has a warmer, more approachable expression with a broader smile, which tends to convey friendliness and confidence—qualities often associated with att"
170.0,1,a,A,a,ok,"A

Based on the immediate gut impression from the provided images, Candidate A appears more attractive. The individual in Candidate A has a warm, approachable smile and a well-groomed appearance that conveys confidence and friendliness. In contrast, Candidate B, while also smiling, has a more formal"
170.0,1,b,B,a,ok,"B

Based on the immediate gut impression from the provided images, Candidate B appears more attractive. The individual in Candidate B has a polished and professional appearance, with a well-groomed hairstyle and formal attire, which often contributes to a more favorable first impression in terms of "
171.0,1,a,B,b,ok,"B

Based on the immediate gut impression from the provided images, Candidate B appears more attractive. The smile, facial expression, and overall presentation convey a more approachable and positive demeanor compared to Candidate A."
171.0,1,b,A,b,ok,"A

Based on the immediate gut impression from the provided black-and-white images, Candidate A appears more attractive. The individual in Candidate A has a warmer, more approachable expression with a broader smile, which tends to convey friendliness and confidence—qualities often associated with att"
171.0,2,a,B,b,ok,"B

Based on the immediate gut impression from the provided images, Candidate B appears more attractive. The smile, facial expression, and overall presentation convey a more approachable and positive demeanor compared to Candidate A."
171.0,2,b,A,b,ok,"A

Based on the immediate gut impression from the provided black-and-white images, Candidate A appears more attractive. The individual in Candidate A has a warmer, more approachable expression with a broader smile, which tends to convey friendliness and confidence—qualities often associated with att"
172.0,0,a,B,b,ok,"B

Based on the immediate gut impression from the images provided, Candidate B appears more attractive. The facial features in Candidate B seem more balanced and symmetrical, which often contributes to perceptions of attractiveness. Additionally, the expression and overall composition of Candidate B"
172.0,0,b,B,a,ok,"B

Based on the immediate gut impression from the provided images, Candidate B appears more attractive. The facial features in Candidate B seem more symmetrical and approachable, which often contributes to perceptions of attractiveness. Candidate A, while professional in appearance, has a more serio"
172.0,2,a,B,b,ok,"B

Based on the immediate gut impression from the images provided, Candidate B appears more attractive. The facial features in Candidate B seem more balanced and symmetrical, which often contributes to perceptions of attractiveness. Additionally, the expression and overall composition of Candidate B"
172.0,2,b,B,a,ok,"B

Based on the immediate gut impression from the provided images, Candidate B appears more attractive. The facial features in Candidate B seem more symmetrical and approachable, which often contributes to perceptions of attractiveness. Candidate A, while professional in appearance, has a more serio"
172.0,1,a,B,b,ok,"B

Based on the immediate gut impression from the images provided, Candidate B appears more attractive. The facial features in Candidate B seem more balanced and symmetrical, which often contributes to perceptions of attractiveness. Additionally, the expression and overall composition of Candidate B"
172.0,1,b,B,a,ok,"B

Based on the immediate gut impression from the provided images, Candidate B appears more attractive. The facial features in Candidate B seem more symmetrical and approachable, which often contributes to perceptions of attractiveness. Candidate A, while professional in appearance, has a more serio"
173.0,0,a,A,a,ok,"A

Based on the immediate gut impression from the provided images, Candidate A appears more attractive. The smile seems more genuine and warm, and the overall presentation appears more polished and approachable."
173.0,0,b,B,a,ok,"B

Based on the immediate gut impression from the provided images, Candidate B appears more attractive. The individual in Candidate B has a more vibrant smile, a more polished and modern hairstyle, and a more contemporary and stylish tie pattern, which collectively contribute to a more appealing and"
173.0,1,a,A,a,ok,"A

Based on the immediate gut impression from the provided black-and-white images, Candidate A appears more attractive. The smile seems more genuine and warm, and the overall composition of the face appears more balanced and appealing. Candidate B's expression, while also smiling, seems less vibrant"
173.0,1,b,B,a,ok,"B

Based on the immediate gut impression from the provided images, Candidate B appears more attractive. The individual in Candidate B has a more vibrant smile, a more polished and modern hairstyle, and a slightly more dynamic pose, which generally contributes to a more favorable first impression in "
173.0,2,a,A,a,ok,"A

Based on the immediate gut impression from the provided black-and-white images, Candidate A appears more attractive. The smile seems more genuine and warm, and the overall composition of the face appears more balanced and appealing. Candidate B's expression, while also smiling, seems less vibrant"
173.0,2,b,B,a,ok,"B

Based on the immediate gut impression from the provided images, Candidate B appears more attractive. The individual in Candidate B has a more vibrant smile, a more polished and modern hairstyle, and a more contemporary and stylish tie pattern, which collectively contribute to a more appealing and"
174.0,0,a,A,a,ok,"A

Based on the immediate gut impression from the provided images, Candidate A appears more attractive. The smile, eye contact, and overall presentation convey confidence and approachability, which often contribute to perceptions of attractiveness in professional and social contexts."
174.0,0,b,A,b,ok,"A

**Note:** It's important to recognize that attractiveness is highly subjective and can vary greatly among individuals based on personal preferences, cultural backgrounds, and other factors. The assessment provided here is based on a general, immediate gut impression and does not account for the d"
174.0,1,a,A,a,ok,"A

Based on the immediate gut impression from the provided images, Candidate A appears more attractive. The smile, eye contact, and overall presentation convey confidence and approachability, which often contribute to perceptions of attractiveness in professional and social contexts."
174.0,1,b,A,b,ok,"A

Based on the immediate gut impression from the black-and-white images provided, Candidate A appears more attractive. The smile, facial expression, and overall presentation seem more inviting and approachable compared to Candidate B. However, it's important to note that attractiveness is highly su"
174.0,2,a,A,a,ok,"A

Based on the immediate gut impression from the provided images, Candidate A appears more attractive. The smile, eye contact, and overall presentation convey confidence and approachability, which often contribute to perceptions of attractiveness in professional and social contexts."
174.0,2,b,A,b,ok,"A

Based on the immediate gut impression from the black-and-white images provided, Candidate A appears more attractive. The smile, facial expression, and overall presentation convey a more approachable and positive demeanor, which often contributes to perceptions of attractiveness in first impressio"
175.0,0,a,B,b,ok,"B

Based on the immediate gut impression from the provided black-and-white images, Candidate B appears more attractive. The individual in Candidate B has a more symmetrical and balanced facial structure, a broader smile, and a more confident posture, which generally contributes to perceptions of att"
175.0,0,b,A,b,ok,"A

Based on the immediate gut impression from the provided images, Candidate A appears more attractive. The individual in Candidate A has a more symmetrical and balanced facial structure, a broader smile, and a more confident posture, which generally contributes to a more favorable first impression "
175.0,1,a,B,b,ok,"B

Based on the immediate gut impression from the provided black-and-white images, Candidate B appears more attractive. The individual in Candidate B has a more symmetrical and conventionally attractive facial structure, with a broader smile and a more polished presentation. Candidate A, while also "
175.0,1,b,A,b,ok,"A

Based on the immediate gut impression from the provided images, Candidate A appears more attractive. The individual in Candidate A has a more symmetrical and balanced facial structure, a broader smile, and a more confident posture, which generally contributes to a more favorable first impression "
175.0,2,a,B,b,ok,"B

Based on the immediate gut impression from the provided black-and-white images, Candidate B appears more attractive. The individual in Candidate B has a more symmetrical and balanced facial structure, a broader smile, and a more confident posture, which generally contributes to perceptions of att"
175.0,2,b,A,b,ok,"A

Based on the immediate gut impression from the provided images, Candidate A appears more attractive. The individual in Candidate A has a more symmetrical and balanced facial structure, a broader smile, and a more confident posture, which generally contributes to a more favorable first impression "
176.0,0,a,B,b,ok,"B

Based on the immediate gut impression from the provided images, Candidate B appears more attractive. The individual in Candidate B has a more approachable and balanced facial expression, with a slight smile that conveys warmth. The lighting and composition also seem to highlight the person's feat"
176.0,0,b,A,b,ok,"A

Based on the immediate gut impression from the provided black-and-white portraits, Candidate A appears more attractive. The individual in Candidate A has a more open and approachable expression, with a slight smile that conveys warmth. The lighting and composition also highlight the facial featur"
176.0,1,a,B,b,ok,"B

Based on the immediate gut impression from the provided images, Candidate B appears more attractive. The individual in Candidate B has a more approachable and balanced facial expression, with a neutral yet friendly demeanor. The lighting and composition also seem to favor Candidate B, enhancing t"
176.0,1,b,A,b,ok,"A

Based on the immediate gut impression from the provided images, Candidate A appears more attractive. The individual in Candidate A has a more open and approachable expression, with a slight smile that conveys warmth. The lighting and composition also highlight the person's features more favorably"
176.0,2,a,B,b,ok,"B

Based on the immediate gut impression from the provided images, Candidate B appears more attractive. The individual in Candidate B has a more approachable and balanced facial expression, with a slight smile that conveys warmth. The lighting and composition also highlight the features more favorab"
176.0,2,b,A,b,ok,"A

Based on the immediate gut impression from the provided images, Candidate A appears more attractive. The individual in Candidate A has a more open and approachable expression, with a slight smile that conveys warmth. The lighting and composition also highlight the person's features more favorably"
177.0,0,a,A,a,ok,"A

**Note:** It's important to recognize that attractiveness is highly subjective and can vary greatly among individuals based on personal preferences, cultural backgrounds, and other factors. The assessment provided here is based on a common, generalized perception often studied in psychological re"
177.0,0,b,,,REFUSE,"B

**Note:** It's important to recognize that attractiveness is highly subjective and can vary greatly among individuals. Factors such as cultural background, personal preferences, and individual experiences play a significant role in how people perceive attractiveness. The assessment provided here "
177.0,1,a,,,REFUSE,"A

**Note:** It's important to recognize that attractiveness is highly subjective and can vary greatly among individuals based on personal preferences, cultural backgrounds, and other factors. The assessment provided here is based on a general, immediate gut impression and should not be taken as an "
177.0,1,b,B,a,ok,"B

(Note: This response is based on an immediate gut impression as requested. Attractiveness is subjective and can vary greatly among individuals due to personal preferences, cultural differences, and other factors. The assessment here is purely based on a snap judgment from the provided images.)"
177.0,2,a,,,REFUSE,"A

**Note:** It's important to recognize that attractiveness is highly subjective and can vary greatly among individuals based on personal preferences, cultural backgrounds, and other factors. The assessment provided here is based on a general, immediate gut impression and should not be taken as an "
177.0,2,b,B,a,ok,"B

**Note:** It's important to recognize that attractiveness is highly subjective and can vary greatly among individuals. The assessment provided here is based on common societal perceptions and general trends observed in studies of facial attractiveness, but personal preferences, cultural contexts,"
178.0,0,a,B,b,ok,"B

Based on the immediate gut impression from the provided images, Candidate B appears more attractive. The individual in Candidate B has a more symmetrical and balanced facial structure, a broader smile, and a more engaging expression, which generally contributes to perceptions of attractiveness. C"
178.0,0,b,A,b,ok,"A

Based on the immediate gut impression from the provided images, Candidate A appears more attractive. The individual in Candidate A has a more symmetrical and balanced facial structure, a broader smile, and a more approachable expression, which generally contributes to perceptions of attractivenes"
178.0,1,a,B,b,ok,"B

Based on the immediate gut impression from the provided images, Candidate B appears more attractive. The individual in Candidate B has a more symmetrical and balanced facial structure, a broader smile, and a more engaging expression, which generally contributes to perceptions of attractiveness. C"
178.0,1,b,A,b,ok,"A

Based on the immediate gut impression from the provided images, Candidate A appears more attractive. The individual in Candidate A has a more symmetrical and balanced facial structure, a broader smile, and a more approachable expression, which generally contributes to perceptions of attractivenes"
178.0,2,a,B,b,ok,"B

Based on the immediate gut impression from the provided images, Candidate B appears more attractive. The individual in Candidate B has a more symmetrical and balanced facial structure, a broader smile, and a more engaging expression, which generally contributes to perceptions of attractiveness. C"
178.0,2,b,A,b,ok,"A

Based on the immediate gut impression from the provided images, Candidate A appears more attractive. The individual in Candidate A has a more symmetrical and balanced facial structure, a broader smile, and a more approachable expression, which generally contributes to perceptions of attractivenes"
179.0,0,a,B,b,ok,"B

Based on the immediate gut impression from the provided images, Candidate B appears more attractive. The facial features in Candidate B seem more balanced and symmetrical, which often contributes to perceptions of attractiveness. Additionally, the smile in Candidate B appears more genuine and eng"
179.0,0,b,A,b,ok,"A

Based on the immediate gut impression from the provided images, Candidate A appears more attractive. The individual in Candidate A has a more symmetrical facial structure, a broader smile, and a more polished and professional appearance, which generally contributes to perceptions of attractivenes"
179.0,1,a,B,b,ok,"B

Based on the immediate gut impression from the provided images, Candidate B appears more attractive. The facial features in Candidate B seem more balanced and symmetrical, which often contributes to perceptions of attractiveness. Additionally, the smile in Candidate B appears more genuine and eng"
179.0,1,b,A,b,ok,"A

Based on the immediate gut impression from the provided images, Candidate A appears more attractive. The individual in Candidate A has a more symmetrical facial structure, a broader smile, and a more polished and professional appearance, which often contributes to perceptions of attractiveness in"
179.0,2,a,B,b,ok,"B

Based on the immediate gut impression from the provided images, Candidate B appears more attractive. This assessment is based on common perceptions of facial features and presentation, such as symmetry, smile, and overall grooming, which are often associated with attractiveness in first impressio"
179.0,2,b,A,b,ok,"A

Based on the immediate gut impression from the provided images, Candidate A appears more attractive. The individual in Candidate A has a more symmetrical facial structure, a broader smile, and a more polished and professional appearance, which generally contributes to perceptions of attractivenes"
180.0,0,a,B,b,ok,"B

Based on the immediate gut impression from the images provided, Candidate B appears more attractive. This assessment is based on common perceptions of facial features that are often associated with attractiveness, such as symmetry, clear skin, and a warm, inviting smile. Candidate B exhibits thes"
180.0,0,b,A,b,ok,"A

Based on the immediate gut impression from the provided images, Candidate A appears more attractive. The individual in Candidate A has a warm, open smile and a more youthful appearance, which generally contributes to a more favorable first impression in terms of attractiveness. Candidate B, while"
180.0,1,a,B,b,ok,"B

Based on the immediate gut impression from the images provided, Candidate B appears more attractive. This assessment is based on common perceptions of facial features that are often associated with attractiveness, such as symmetry, clear skin, and a warm, inviting smile. Candidate B exhibits thes"
180.0,1,b,A,b,ok,"A

Based on the immediate gut impression from the provided images, Candidate A appears more attractive. The individual in Candidate A has a warm, open smile and a more youthful appearance, which generally contributes to perceptions of attractiveness. Candidate B, while also smiling, has a more aged "
180.0,2,a,B,b,ok,"B

Based on the immediate gut impression from the images provided, Candidate B appears more attractive. This assessment is based on common factors that often influence perceptions of attractiveness, such as facial symmetry, smile, and overall presentation. Candidate B exhibits these qualities more p"
180.0,2,b,A,b,ok,"A

Based on the immediate gut impression from the provided images, Candidate A appears more attractive. The individual in Candidate A has a warm, open smile and a more youthful appearance, which generally contributes to perceptions of attractiveness. Candidate B, while also smiling, has a more aged "
181.0,0,a,B,b,ok,"B

Based on the immediate gut impression from the black-and-white images provided, Candidate B appears more attractive. The facial features, smile, and overall presentation seem more balanced and appealing in the given context. However, it's important to note that attractiveness is highly subjective"
181.0,0,b,A,b,ok,"A

Based on the immediate gut impression from the provided images, Candidate A appears more attractive. The individual in Candidate A has a more symmetrical and balanced facial structure, a broader smile, and a more approachable and confident demeanor. These factors contribute to a generally more fa"
181.0,1,a,B,b,ok,"B

Based on the immediate gut impression from the black-and-white images provided, Candidate B appears more attractive. The facial features, smile, and overall presentation seem more balanced and appealing in the given context. However, it's important to note that attractiveness is highly subjective"
181.0,1,b,A,b,ok,"A

Based on the immediate gut impression from the provided images, Candidate A appears more attractive. The individual in Candidate A has a more symmetrical and balanced facial structure, a broader smile, and a more approachable and confident demeanor. These factors contribute to a generally more fa"
181.0,2,a,B,b,ok,"B

Based on the immediate gut impression from the black-and-white images provided, Candidate B appears more attractive. The individual in Candidate B has a more symmetrical facial structure, a broader smile, and a more polished and confident presentation, which generally contributes to perceptions o"
181.0,2,b,A,b,ok,"A

Based on the immediate gut impression from the provided images, Candidate A appears more attractive. The individual in Candidate A has a more symmetrical and balanced facial structure, a broader smile, and a more approachable and confident demeanor. These factors contribute to a generally more fa"
182.0,0,a,B,b,ok,"B

Based on the immediate gut impression from the provided images, Candidate B appears more attractive. The facial features, smile, and overall presentation convey a more polished and appealing look compared to Candidate A."
182.0,0,b,A,b,ok,"A

Based on the immediate gut impression from the provided images, Candidate A appears more attractive. The individual in Candidate A has a more symmetrical facial structure, a confident smile, and a polished presentation that generally conveys a higher level of attractiveness in first impressions. "
182.0,1,a,B,b,ok,"B

Based on the immediate gut impression from the provided images, Candidate B appears more attractive. The facial features, smile, and overall presentation convey a more polished and appealing look compared to Candidate A."
182.0,1,b,A,b,ok,"A

Based on the immediate gut impression from the provided images, Candidate A appears more attractive. The individual in Candidate A has a more symmetrical facial structure, a confident smile, and a polished appearance that generally conveys attractiveness in first impressions. Candidate B, while a"
182.0,2,a,B,b,ok,"B

Based on the immediate gut impression from the provided images, Candidate B appears more attractive. The facial features, smile, and overall presentation convey a more polished and appealing look compared to Candidate A."
182.0,2,b,A,b,ok,"A

Based on the immediate gut impression from the provided images, Candidate A appears more attractive. The facial features, smile, and overall presentation convey a more polished and appealing look compared to Candidate B."
183.0,0,a,B,b,ok,"B

Based on the immediate gut impression from the images provided, Candidate B appears more attractive. The facial features in Candidate B seem more symmetrical and balanced, which often contributes to perceptions of attractiveness. Additionally, the smile in Candidate B appears more open and inviti"
183.0,0,b,A,b,ok,"A

Based on the immediate gut impression from the black-and-white images provided, Candidate A appears more attractive. The smile seems more genuine and warm, and the overall composition of the face appears more balanced and approachable. However, it's important to note that attractiveness is highly"
183.0,1,a,B,b,ok,"B

Based on the immediate gut impression from the images provided, Candidate B appears more attractive. The individual in Candidate B has a more open and approachable facial expression, with a broader smile and a more relaxed posture, which generally contributes to a more favorable first impression "
183.0,1,b,A,b,ok,"A

Based on the immediate gut impression from the black-and-white images provided, Candidate A appears more attractive. The smile seems more genuine and warm, and the overall composition of the face appears more balanced and approachable. However, it's important to note that attractiveness is highly"
183.0,2,a,B,b,ok,"B

Based on the immediate gut impression from the images provided, Candidate B appears more attractive. The individual in Candidate B has a more symmetrical and balanced facial structure, a broader smile, and a more approachable and confident demeanor. These factors contribute to a more favorable fi"
183.0,2,b,A,b,ok,"A

Based on the immediate gut impression from the black-and-white images provided, Candidate A appears more attractive. The smile seems more genuine and warm, and the overall composition of the face appears more balanced and approachable. However, it's important to note that attractiveness is highly"
184.0,0,a,A,a,ok,"A

Based on the immediate gut impression from the provided images, Candidate A appears more attractive. The individual in Candidate A has a more symmetrical and balanced facial structure, a broader smile, and a more confident and approachable demeanor. These factors contribute to a generally more fa"
184.0,0,b,A,b,ok,"A

Based on the immediate gut impression from the black-and-white images provided, Candidate A appears more attractive. The smile seems more genuine and warm, and the overall composition of the face appears more balanced and approachable. Candidate B has a stiffer expression and a less engaging smil"
184.0,2,a,A,a,ok,"A

Based on the immediate gut impression from the provided images, Candidate A appears more attractive. The individual in Candidate A has a more symmetrical and balanced facial structure, a broader smile, and a more confident posture, which generally contributes to perceptions of attractiveness. Can"
184.0,2,b,A,b,ok,"A

Based on the immediate gut impression from the black-and-white images provided, Candidate A appears more attractive. The smile seems more genuine and warm, and the overall composition of the face appears more balanced and approachable. Candidate B has a stiffer expression and a less engaging smil"
184.0,1,a,A,a,ok,"A

Based on the immediate gut impression from the provided images, Candidate A appears more attractive. The individual in Candidate A has a more symmetrical and balanced facial structure, a broader smile, and a more confident posture, which generally contributes to perceptions of attractiveness. Can"
184.0,1,b,A,b,ok,"A

Based on the immediate gut impression from the black-and-white images provided, Candidate A appears to have a more approachable and friendly expression, which often contributes to perceptions of attractiveness in first impressions. Candidate B's expression seems more serious and less inviting by "
185.0,0,a,A,a,ok,"A

Based on the immediate gut impression from the provided images, Candidate A appears more attractive. The individual in Candidate A has a more approachable and modern look, with a friendly expression and contemporary styling, which tends to be perceived as more attractive in many contexts. Candida"
185.0,0,b,B,a,ok,"B

Based on the immediate gut impression from the provided images, Candidate B appears more attractive. Candidate B has a warmer, more approachable expression and a more contemporary, professional look that tends to be perceived as more attractive in many contexts. Candidate A, while presenting a fo"
185.0,1,a,A,a,ok,"A

Based on the immediate gut impression from the provided images, Candidate A appears more attractive. The individual in Candidate A has a more approachable and modern look, with a friendly expression and contemporary styling, which tends to be perceived more favorably in first impressions. Candida"
185.0,1,b,B,a,ok,"B

Based on the immediate gut impression from the provided images, Candidate B appears more attractive. The individual in Candidate B has a more approachable and contemporary look, with a softer expression and a more relaxed posture, which tends to be perceived as more attractive in many contexts. C"
186.0,0,a,A,a,ok,"A

Based on the immediate gut impression from the provided images, Candidate A appears more attractive. The individual in Candidate A has a more polished and confident demeanor, with a well-groomed hairstyle and a direct, engaging smile that conveys approachability and warmth. The lighting and compo"
186.0,0,b,B,a,ok,"B

Based on the immediate gut impression from the provided images, Candidate B appears more attractive. The facial features, smile, and overall presentation convey a more polished and appealing look compared to Candidate A."
185.0,2,a,A,a,ok,"A

Based on the immediate gut impression from the provided images, Candidate A appears more attractive. The individual in Candidate A has a more approachable and modern look, with a friendly expression and contemporary styling, which tends to be perceived as more attractive in many contexts. Candida"
185.0,2,b,B,a,ok,"B

Based on the immediate gut impression from the provided images, Candidate B appears more attractive. Candidate B has a softer, more approachable facial expression and a more contemporary, well-fitted suit, which contributes to a more favorable first impression. Candidate A, while professional, ha"
186.0,2,a,A,a,ok,"A

Based on the immediate gut impression from the provided images, Candidate A appears more attractive. The individual in Candidate A has a more polished and confident demeanor, with a well-groomed hairstyle and a direct, engaging smile. These factors contribute to a more favorable first impression "
186.0,2,b,B,a,ok,"B

Based on the immediate gut impression from the provided images, Candidate B appears more attractive. The facial features, smile, and overall presentation convey a more polished and appealing look compared to Candidate A."
186.0,1,a,A,a,ok,"A

Based on the immediate gut impression from the provided images, Candidate A appears more attractive. The individual in Candidate A has a more polished and confident presentation, with a well-groomed hairstyle and a direct, engaging smile that conveys approachability and warmth. These factors cont"
186.0,1,b,B,a,ok,"B

Based on the immediate gut impression from the provided images, Candidate B appears more attractive. The facial features, smile, and overall presentation convey a more polished and appealing look compared to Candidate A."
187.0,0,a,A,a,ok,"A

Based on the immediate gut impression from the black-and-white images provided, Candidate A appears more attractive. The individual has a warm, open smile and a confident, approachable demeanor that tends to convey attractiveness in first impressions. Candidate B, while also smiling, has a more r"
187.0,0,b,B,a,ok,"B

Based on the immediate gut impression from the provided black-and-white images, Candidate B appears more attractive. This assessment is based on common perceptions of facial features and presentation in such images, where symmetry, smile, and overall grooming can influence attractiveness judgment"
187.0,1,a,A,a,ok,"A

Based on the immediate gut impression from the black-and-white images provided, Candidate A appears more attractive. The individual has a confident, warm smile and a well-groomed appearance that conveys approachability and professionalism. Candidate B, while also smiling, has a more reserved expr"
187.0,1,b,B,a,ok,"B

Based on the immediate gut impression from the provided images, Candidate B appears more attractive. This assessment is based on common perceptions of attractiveness, which often include factors such as symmetry, facial features, and overall presentation. Candidate B exhibits a more conventional "
187.0,2,a,A,a,ok,"A

Based on the immediate gut impression from the black-and-white images provided, Candidate A appears more attractive. The individual has a confident, warm smile and a well-groomed appearance that conveys approachability and professionalism. Candidate B, while also smiling, has a more reserved expr"
187.0,2,b,B,a,ok,"B

(Note: This response is based on an immediate gut impression as requested, and attractiveness is subjective and can vary greatly among individuals. Factors such as cultural background, personal preferences, and context can all influence perceptions of attractiveness.)"
188.0,0,a,B,b,ok,"B

Based on the immediate gut impression from the black-and-white photographs provided, Candidate B appears more attractive. The smile, facial symmetry, and overall presentation convey a more approachable and appealing demeanor compared to Candidate A."
188.0,0,b,A,b,ok,"A

Based on the immediate gut impression from the black-and-white images provided, Candidate A appears more attractive. The person in Candidate A has a warm, open smile and a confident, approachable expression, which generally contributes to perceptions of attractiveness. Candidate B, while also pre"
188.0,2,a,B,b,ok,"B

Based on the immediate gut impression from the black-and-white photographs provided, Candidate B appears more attractive. The smile, facial symmetry, and overall presentation convey a more approachable and appealing demeanor compared to Candidate A."
188.0,2,b,A,b,ok,"A

Based on the immediate gut impression from the black-and-white images provided, Candidate A appears more attractive. The person in Candidate A has a warm, open smile and a confident, approachable expression, which generally contributes to perceptions of attractiveness. Candidate B, while also pre"
188.0,1,a,B,b,ok,"B

Based on the immediate gut impression from the black-and-white photographs provided, Candidate B appears more attractive. The smile, facial symmetry, and overall presentation convey a more approachable and appealing demeanor compared to Candidate A."
188.0,1,b,A,b,ok,"A

Based on the immediate gut impression from the black-and-white images provided, Candidate A appears more attractive. The person in Candidate A has a warm, open smile and a confident, approachable expression, which generally contributes to perceptions of attractiveness. Candidate B, while also pre"
189.0,0,a,B,b,ok,"B

Based on the immediate gut impression from the black-and-white images provided, Candidate B appears more attractive. The facial features, symmetry, and overall presentation convey a more balanced and conventionally attractive appearance compared to Candidate A."
189.0,0,b,A,b,ok,"A

Based on the immediate gut impression from the black-and-white images provided, Candidate A appears more attractive. The individual in Candidate A has a more symmetrical facial structure, a clearer smile, and a more polished presentation which generally contributes to perceptions of attractivenes"
189.0,1,a,B,b,ok,"B

Based on the immediate gut impression from the provided black-and-white images, Candidate B appears more attractive. The facial features, symmetry, and overall presentation of Candidate B seem to align more closely with commonly perceived attractiveness standards. Candidate A, while also presenti"
189.0,1,b,A,b,ok,"A

Based on the immediate gut impression from the black-and-white images provided, Candidate A appears more attractive. The individual in Candidate A has a more symmetrical facial structure, a broader smile, and a generally more balanced and proportionate appearance compared to Candidate B. These fa"
190.0,0,a,A,a,ok,"A

Based on the immediate gut impression from the black-and-white images provided, Candidate A appears more attractive. The smile appears more open and genuine, and the overall facial features seem more balanced and approachable. However, it's important to note that attractiveness is highly subjecti"
190.0,0,b,A,b,ok,"A

Based on the immediate gut impression from the provided images, Candidate A appears more attractive. The smile seems more genuine, and the overall facial features appear more balanced and approachable. However, it's important to note that attractiveness is highly subjective and can vary greatly a"
189.0,2,a,B,b,ok,"B

Based on the immediate gut impression from the provided black-and-white images, Candidate B appears more attractive. The facial features, symmetry, and overall presentation convey a more balanced and conventionally attractive appearance compared to Candidate A."
189.0,2,b,A,b,ok,"A

Based on the immediate gut impression from the black-and-white images provided, Candidate A appears more attractive. The individual in Candidate A has a more symmetrical facial structure, a clearer smile, and a generally more polished and professional appearance, which often contributes to percep"
190.0,2,a,A,a,ok,"A

Based on the immediate gut impression from the black-and-white images provided, Candidate A appears more attractive. The smile appears more open and genuine, and the overall facial features seem more balanced and approachable. However, it's important to note that attractiveness is highly subjecti"
190.0,2,b,A,b,ok,"A

Based on the immediate gut impression from the provided images, Candidate A appears more attractive. The smile seems more genuine and inviting, and the overall facial features appear more balanced and approachable compared to Candidate B."
190.0,1,a,A,a,ok,"A

Based on the immediate gut impression from the provided black-and-white images, Candidate A appears more attractive. The smile and overall facial expression seem more inviting and approachable compared to Candidate B. However, it's important to note that attractiveness is highly subjective and ca"
190.0,1,b,A,b,ok,"A

Based on the immediate gut impression from the provided images, Candidate A appears more attractive. The smile seems more genuine and inviting, and the overall facial features appear more balanced and approachable compared to Candidate B."
192.0,1,a,B,b,ok,"B

Based on the immediate gut impression from the provided images, Candidate B appears more attractive. The individual in Candidate B has a more polished and professional appearance, with a well-groomed hairstyle and a formal suit, which contributes to a more conventionally attractive look. Candidat"
192.0,1,b,A,b,ok,"A

Based on the immediate gut impression from the provided black-and-white images, Candidate A appears more attractive. The individual in Candidate A has a more symmetrical and balanced facial structure, with a clearer, more defined jawline and a more open and inviting smile. These features generall"
192.0,0,a,B,b,ok,"B

Based on the immediate gut impression from the provided images, Candidate B appears more attractive. The individual in Candidate B has a more polished and professional appearance, with a well-groomed hairstyle and a formal suit, which contributes to a more conventionally attractive look. Candidat"
192.0,0,b,A,b,ok,"A

Based on the immediate gut impression from the provided black-and-white images, Candidate A appears more attractive. The individual in Candidate A has a more symmetrical and balanced facial structure, with a clearer, more defined jawline and a more open and approachable expression. Candidate B's "
192.0,2,a,B,b,ok,"B

Based on the immediate gut impression from the provided images, Candidate B appears more attractive. The individual in Candidate B has a more polished and professional appearance, with a well-groomed hairstyle and a formal suit, which contributes to a more conventionally attractive look. Candidat"
192.0,2,b,A,b,ok,"A

Based on the immediate gut impression from the provided black-and-white images, Candidate A appears more attractive. The individual in Candidate A has a more symmetrical and balanced facial structure, with a clearer, more defined jawline and a more open and inviting smile. These features are ofte"
193.0,0,a,A,a,ok,"A

Based on the immediate gut impression from the black-and-white images provided, Candidate A appears more attractive. The facial features seem more balanced and approachable, with a neutral yet pleasant expression. Candidate B, while also presenting a friendly demeanor, has a slightly more pronoun"
193.0,0,b,A,b,ok,"A

Based on the immediate gut impression from the black-and-white images provided, Candidate A appears more attractive. The smile, facial expression, and overall presentation convey a more approachable and positive demeanor compared to Candidate B. However, it's important to note that attractiveness"
193.0,1,a,A,a,ok,"A

Based on the immediate gut impression from the black-and-white images provided, Candidate A appears more attractive. The facial features seem more balanced and approachable, with a neutral yet pleasant expression. Candidate B, while also presenting a friendly demeanor, has a slightly more pronoun"
193.0,1,b,A,b,ok,"A

Based on the immediate gut impression from the black-and-white images provided, Candidate A appears more attractive. The smile, facial expression, and overall presentation convey a more approachable and positive demeanor compared to Candidate B. However, it's important to note that attractiveness"
193.0,2,a,A,a,ok,"A

Based on the immediate gut impression from the black-and-white images provided, Candidate A appears more attractive. The facial features seem more balanced and approachable, with a neutral yet pleasant expression. Candidate B, while also presenting a friendly demeanor, has a slightly more pronoun"
193.0,2,b,A,b,ok,"A

Based on the immediate gut impression from the black-and-white images provided, Candidate A appears more attractive. The smile, facial expression, and overall presentation convey a more approachable and positive demeanor compared to Candidate B. However, it's important to note that attractiveness"
194.0,0,a,A,a,ok,"A

Based on the immediate gut impression from the provided images, Candidate A appears more attractive. The individual in Candidate A has a warm, approachable smile and a well-groomed appearance, which often contributes to perceptions of attractiveness. Candidate B, while also smiling, has a more se"
194.0,0,b,A,b,ok,"A

Based on the immediate gut impression from the provided images, Candidate A appears more attractive. The smile is broader and more open, conveying friendliness and approachability, which often contributes to perceptions of attractiveness. Candidate B's expression is more reserved, and the overall"
194.0,1,a,A,a,ok,"A

Based on the immediate gut impression from the provided images, Candidate A appears more attractive. The individual in Candidate A has a warm, approachable smile and a well-groomed appearance, which generally contributes to a more favorable first impression in terms of attractiveness. Candidate B"
194.0,1,b,B,a,ok,"B

Based on the immediate gut impression from the provided images, Candidate B appears more attractive. The individual in Candidate B has a softer, more approachable facial expression and a well-groomed appearance, which tends to be perceived as more attractive in first impressions. Candidate A, whi"
194.0,2,a,A,a,ok,"A

Based on the immediate gut impression from the provided images, Candidate A appears more attractive. The individual in Candidate A has a warm, approachable smile and a well-groomed appearance, which often contributes to perceptions of attractiveness. Candidate B, while also smiling, has a more se"
194.0,2,b,A,b,ok,"A

Based on the immediate gut impression from the provided images, Candidate A appears more attractive. The smile is broader and more open, conveying friendliness and approachability, which often contributes to perceptions of attractiveness. Candidate B's expression is more reserved, and the overall"
195.0,0,a,A,a,ok,"A

Based on the immediate gut impression from the provided images, Candidate A appears more attractive. The smile seems more open and warm, and the overall facial expression conveys friendliness and approachability. Candidate B's expression, while also smiling, appears more reserved, and the glasses"
195.0,0,b,,,REFUSE,"B

**Note:** It's important to recognize that attractiveness is highly subjective and influenced by many factors, including cultural background, personal preferences, and individual experiences. The assessment provided here is based on a generalized, immediate gut impression and should not be taken "
195.0,2,a,A,a,ok,"A

Based on the immediate gut impression from the provided images, Candidate A appears more attractive. The smile seems more genuine and the overall facial features are perceived as more balanced and appealing. However, it's important to note that attractiveness is highly subjective and can vary gre"
195.0,2,b,B,a,ok,"B

Based on the immediate gut impression from the provided images, Candidate B appears more attractive. The facial features, smile, and overall presentation convey a more approachable and aesthetically pleasing appearance compared to Candidate A."
195.0,1,a,A,a,ok,"A

Based on the immediate gut impression from the provided images, Candidate A appears more attractive. The smile seems more open and warm, and the overall facial expression conveys friendliness and approachability. Candidate B's expression, while also smiling, appears more reserved, and the glasses"
195.0,1,b,B,a,ok,"B

Based on the immediate gut impression from the provided images, Candidate B appears more attractive. The facial features, smile, and overall presentation convey a more approachable and aesthetically pleasing appearance compared to Candidate A."
196.0,0,a,B,b,ok,"B

Based on the immediate gut impression from the provided images, Candidate B appears more attractive. The individual in Candidate B has a well-groomed appearance, a neat hairstyle, and a professional, polished look that conveys confidence and approachability. In contrast, Candidate A has a more ru"
196.0,0,b,A,b,ok,"A

Based on the immediate gut impression from the provided images, Candidate A appears more attractive. The individual in Candidate A has a well-groomed appearance, a warm smile, and a more youthful and vibrant look, which generally contributes to a more favorable first impression in terms of attrac"
196.0,1,a,B,b,ok,"B

Based on the immediate gut impression from the provided images, Candidate B appears more attractive. The individual in Candidate B has a more polished and conventional appearance often associated with attractiveness—symmetrical facial features, a well-groomed hairstyle, and a professional demeano"
196.0,1,b,A,b,ok,"A

Based on the immediate gut impression from the provided images, Candidate A appears more attractive. The individual in Candidate A has a well-groomed appearance, a warm smile, and a more youthful and vibrant look, which generally contributes to a more favorable first impression in terms of attrac"
196.0,2,a,B,b,ok,"B

Based on the immediate gut impression from the provided images, Candidate B appears more attractive. The individual in Candidate B has a more polished and conventional appearance, with a well-groomed hairstyle, a formal suit, and a neatly tied tie, which often aligns with societal norms of attrac"
196.0,2,b,A,b,ok,"A

Based on the immediate gut impression from the provided images, Candidate A appears more attractive. The individual in Candidate A has a well-groomed appearance, a warm smile, and a more youthful and approachable look, which generally contributes to a more favorable first impression in terms of a"
197.0,0,a,B,b,ok,"B

Based on the immediate gut impression from the black-and-white images provided, Candidate B appears more attractive. The individual in Candidate B has a broader, more open smile, which often conveys friendliness and approachability. Additionally, the facial features in Candidate B seem more symme"
197.0,0,b,A,b,ok,"A

Based on the immediate gut impression from the black-and-white images provided, Candidate A appears more attractive. The individual in Candidate A has a more symmetrical and balanced facial structure, a broader smile, and a generally more approachable and confident demeanor. These factors contrib"
197.0,1,a,B,b,ok,"B

Based on the immediate gut impression from the black-and-white images provided, Candidate B appears more attractive. The individual in Candidate B has a broader, more open smile, which often conveys friendliness and approachability. Additionally, the facial features in Candidate B seem more symme"
197.0,1,b,A,b,ok,"A

Based on the immediate gut impression from the black-and-white images provided, Candidate A appears more attractive. The individual in Candidate A has a more symmetrical and balanced facial structure, a broader smile, and a generally more approachable and confident demeanor. These factors contrib"
197.0,2,a,B,b,ok,"B

Based on the immediate gut impression from the black-and-white images provided, Candidate B appears more attractive. The individual in Candidate B has a broader, more open smile, which often conveys friendliness and approachability. Additionally, the facial features in Candidate B seem more symme"
197.0,2,b,A,b,ok,"A

Based on the immediate gut impression from the black-and-white images provided, Candidate A appears more attractive. The facial features in Candidate A seem more symmetrical and balanced, with a broader smile, which often contributes to an immediate perception of attractiveness. Candidate B, whil"
198.0,0,a,A,a,ok,"A

Based on the immediate gut impression from the provided images, Candidate A appears more attractive. The facial features in Candidate A seem more balanced and symmetrical, which often contributes to perceptions of attractiveness. Additionally, the smile appears more genuine and engaging, further "
198.0,0,b,B,a,ok,"B

Based on the immediate gut impression from the provided images, Candidate B appears more attractive. The facial features in Candidate B seem more balanced and symmetrical, which often contributes to perceptions of attractiveness. Additionally, the expression and overall composition of Candidate B"
198.0,1,a,A,a,ok,"A

Based on the immediate gut impression from the provided images, Candidate A appears more attractive. The facial features in Candidate A seem more balanced and symmetrical, which often contributes to perceptions of attractiveness. Additionally, the expression and overall composition of Candidate A"
198.0,1,b,B,a,ok,"B

Based on the immediate gut impression from the provided images, Candidate B appears more attractive. The facial features in Candidate B seem more symmetrical and balanced, which often contributes to perceptions of attractiveness. Additionally, the expression and overall composition of Candidate B"
198.0,2,a,A,a,ok,"A

Based on the immediate gut impression from the provided images, Candidate A appears more attractive. The facial features in Candidate A seem more balanced and symmetrical, which often contributes to perceptions of attractiveness. Additionally, the smile appears more genuine and engaging, further "
198.0,2,b,B,a,ok,"B

Based on the immediate gut impression from the provided images, Candidate B appears more attractive. The facial features in Candidate B seem more balanced and symmetrical, which often contributes to perceptions of attractiveness. Additionally, the expression and overall composition of Candidate B"
199.0,0,a,A,a,ok,"A

Based on the immediate gut impression from the provided black-and-white images, Candidate A appears more attractive. The person in Candidate A has a warm, open smile and a friendly expression, which generally contributes to a more positive first impression. In contrast, Candidate B has a more neu"
199.0,0,b,B,a,ok,"B

(Note: This response is based on an immediate gut impression as requested, and attractiveness is subjective and can vary greatly among individuals. Factors such as cultural background, personal preferences, and context can influence perceptions of attractiveness.)"
199.0,1,a,A,a,ok,"A

Based on the immediate gut impression from the provided black-and-white images, Candidate A appears more attractive. The person in Candidate A has a warm, open smile and a friendly expression, which generally contributes to a more positive first impression. Candidate B, while professional in appe"
199.0,1,b,B,a,ok,"B

(Note: This response is based on an immediate gut impression as requested and does not reflect an objective assessment of attractiveness, which is subjective and influenced by many factors.)"
199.0,2,a,A,a,ok,"A

Based on the immediate gut impression from the provided black-and-white images, Candidate A appears more attractive. The person in Candidate A has a warm, open smile and a friendly expression, which generally contributes to a more positive first impression. Candidate B, while professional in appe"
199.0,2,b,B,a,ok,"B

Based on the immediate gut impression from the provided images, Candidate B appears more attractive. The smile and overall presentation convey a more approachable and positive demeanor, which often influences perceptions of attractiveness in first impressions."
200.0,0,a,B,b,ok,"B

Based on the immediate gut impression from the provided images, Candidate B appears more attractive. The individual in Candidate B has a more polished and approachable appearance, with well-groomed hair and a friendly expression, which tends to create a more favorable first impression compared to"
200.0,0,b,A,b,ok,"A

Based on the immediate gut impression from the black-and-white images provided, Candidate A appears more attractive. The individual in Candidate A has a more symmetrical and balanced facial structure, with a warm, inviting smile that conveys approachability. The lighting and composition also high"
200.0,1,a,B,b,ok,"B

Based on the immediate gut impression from the provided images, Candidate B appears more attractive. The individual in Candidate B has a more polished and approachable appearance, with well-groomed hair and a friendly expression, which often contributes to perceptions of attractiveness in first i"
200.0,1,b,A,b,ok,"A

Based on the immediate gut impression from the black-and-white images provided, Candidate A appears more attractive. The individual in Candidate A has a more symmetrical and balanced facial structure, with a warm, inviting smile and well-groomed hair, which generally contributes to perceptions of"
200.0,2,a,B,b,ok,"B

Based on the immediate gut impression from the provided images, Candidate B appears more attractive. The individual in Candidate B has a more polished and approachable appearance, with a well-groomed hairstyle and a warm smile, which often contributes to a more favorable first impression. Candida"
200.0,2,b,A,b,ok,"A

Based on the immediate gut impression from the black-and-white images provided, Candidate A appears more attractive. The individual in Candidate A has a more symmetrical face, a warmer smile, and a more approachable expression, which generally contributes to perceptions of attractiveness in facia"
201.0,0,a,,,REFUSE,"A

**Note:** It's important to recognize that attractiveness is highly subjective and varies greatly among individuals. Factors such as personal preferences, cultural backgrounds, and individual experiences play a significant role in how people perceive attractiveness. The assessment provided here i"
201.0,0,b,B,a,ok,"B

(Note: This response is based on an immediate gut impression as requested and does not reflect an objective or scientifically validated assessment of attractiveness. Attractiveness is subjective and can vary greatly among individuals based on personal preferences, cultural influences, and other f"
201.0,1,a,,,REFUSE,"A

**Note:** It's important to recognize that attractiveness is highly subjective and varies greatly among individuals. Factors such as personal preferences, cultural backgrounds, and individual experiences play a significant role in how people perceive attractiveness. The assessment provided here i"
201.0,1,b,B,a,ok,"B

Based on the immediate gut impression from the provided images, Candidate B appears more attractive. This assessment is based on common perceptions of facial features and presentation, where Candidate B exhibits a more symmetrical and conventionally attractive facial structure, along with a confi"
201.0,2,a,,,REFUSE,"A

**Note:** It's important to recognize that attractiveness is highly subjective and varies greatly among individuals. Factors such as personal preferences, cultural backgrounds, and individual experiences play a significant role in how people perceive attractiveness. The assessment provided here i"
201.0,2,b,B,a,ok,"B

Based on the immediate gut impression from the provided images, Candidate B appears more attractive. This assessment is based on common perceptions of facial features and presentation, where Candidate B exhibits a more symmetrical and conventionally attractive facial structure, along with a confi"
202.0,0,a,A,a,ok,"A

Based on the immediate gut impression from the provided images, Candidate A appears more attractive. The person in Candidate A has a warm, approachable smile and a friendly expression, which generally contributes to perceptions of attractiveness. Additionally, the lighting and composition of the "
202.0,0,b,B,a,ok,"B

Based on the immediate gut impression from the provided images, Candidate B appears more attractive. The facial features, smile, and overall presentation convey a more approachable and aesthetically pleasing appearance compared to Candidate A."
202.0,1,a,A,a,ok,"A

Based on the immediate gut impression from the provided images, Candidate A appears more attractive. The individual has a warm, inviting smile and a friendly, approachable expression, which generally contributes to a more favorable first impression in terms of attractiveness. Candidate B, while a"
202.0,1,b,B,a,ok,"B

Based on the immediate gut impression from the provided images, Candidate B appears more attractive. The facial features, smile, and overall presentation convey a more approachable and aesthetically pleasing appearance compared to Candidate A."
202.0,2,a,A,a,ok,"A

Based on the immediate gut impression from the provided images, Candidate A appears more attractive. The person in Candidate A has a warm, approachable smile and a friendly expression, which generally contributes to perceptions of attractiveness. Candidate B, while also smiling, has a more formal"
202.0,2,b,B,a,ok,"B

(Note: This response is based on an immediate gut impression as requested and does not reflect any objective or subjective analysis of attractiveness beyond the stated criteria.)"
203.0,0,a,B,b,ok,"B

Based on the immediate gut impression from the provided images, Candidate B appears more attractive. The smile, facial expression, and overall presentation convey a more approachable and positive demeanor compared to Candidate A."
203.0,0,b,A,b,ok,"A

Based on the immediate gut impression from the provided images, Candidate A appears more attractive. The smile, facial expression, and overall presentation convey a more approachable and positive demeanor compared to Candidate B."
203.0,1,a,B,b,ok,"B

Based on the immediate gut impression from the provided images, Candidate B appears more attractive. The smile, facial expression, and overall presentation convey a more approachable and positive demeanor compared to Candidate A."
203.0,1,b,A,b,ok,"A

Based on the immediate gut impression from the provided images, Candidate A appears more attractive. The individual in Candidate A has a warm, open smile and a friendly expression, which often contributes to perceptions of attractiveness. Additionally, the lighting and composition of the photogra"
203.0,2,a,B,b,ok,"B

Based on the immediate gut impression from the provided images, Candidate B appears more attractive. The smile, facial expression, and overall presentation convey a more approachable and positive demeanor compared to Candidate A."
203.0,2,b,A,b,ok,"A

Based on the immediate gut impression from the provided images, Candidate A appears more attractive. The individual in Candidate A has a warm, open smile and a friendly expression, which often contributes to perceptions of attractiveness. Additionally, the lighting and composition of the photogra"
204.0,0,a,B,b,ok,"B

Based on the immediate gut impression from the provided images, Candidate B appears more attractive. The individual in Candidate B has a more youthful and approachable appearance, with a warm smile and a friendly expression. Candidate A, while also smiling, has a more mature and perhaps more form"
204.0,0,b,A,b,ok,"A

Based on the immediate gut impression from the black-and-white images provided, Candidate A appears more attractive. The facial features seem more symmetrical and the smile appears more inviting compared to Candidate B. However, it's important to note that attractiveness is highly subjective and "
204.0,1,a,B,b,ok,"B

Based on the immediate gut impression from the provided images, Candidate B appears more attractive. The individual in Candidate B has a more youthful and approachable appearance, with a warm smile and a friendly expression, which often contributes to perceptions of attractiveness. Candidate A, w"
204.0,1,b,A,b,ok,"A

Based on the immediate gut impression from the black-and-white images provided, Candidate A appears more attractive. The facial features seem more symmetrical and the smile appears more inviting compared to Candidate B. However, it's important to note that attractiveness is highly subjective and "
204.0,2,a,B,b,ok,"B

Based on the immediate gut impression from the provided black-and-white photographs, Candidate B appears more attractive. The individual in Candidate B has a more youthful and approachable appearance, with a warm smile and a friendly expression. Candidate A, while also smiling, has a more mature "
204.0,2,b,A,b,ok,"A

Based on the immediate gut impression from the black-and-white images provided, Candidate A appears more attractive. The facial features seem more symmetrical and the smile appears more inviting compared to Candidate B. However, it's important to note that attractiveness is highly subjective and "
205.0,0,a,B,b,ok,"B

Based on the immediate gut impression from the provided images, Candidate B appears more attractive. The individual in Candidate B has a more youthful and approachable appearance, with a warm smile and a well-groomed look, which generally contributes to a more favorable first impression in terms "
205.0,0,b,A,b,ok,"A

Based on the immediate gut impression from the black-and-white images provided, Candidate A appears more attractive. The individual in Candidate A has a more symmetrical and youthful facial structure, a broader smile, and a more vibrant expression, which generally contributes to perceptions of at"
205.0,1,a,B,b,ok,"B

Based on the immediate gut impression from the provided images, Candidate B appears more attractive. The individual in Candidate B has a more youthful and approachable appearance, with a warm smile and a well-groomed look, which often contributes to perceptions of attractiveness. Candidate A, whi"
205.0,1,b,A,b,ok,"A

Based on the immediate gut impression from the black-and-white images provided, Candidate A appears more attractive. The individual in Candidate A has a more symmetrical and youthful facial structure, a broader smile, and a more vibrant and engaging expression, which generally contributes to perc"
205.0,2,a,B,b,ok,"B

Based on the immediate gut impression from the provided images, Candidate B appears more attractive. The individual in Candidate B has a more youthful and approachable appearance, with a warm smile and a well-groomed look, which often contributes to perceptions of attractiveness. Candidate A, whi"
205.0,2,b,A,b,ok,"A

Based on the immediate gut impression from the black-and-white images provided, Candidate A appears more attractive. The individual in Candidate A has a more symmetrical and youthful facial structure, a broader smile, and a more vibrant and engaging expression, which generally contributes to perc"
206.0,0,a,A,a,ok,"A

Based on the immediate gut impression from the images provided, Candidate A appears more attractive. The smile, facial features, and overall presentation convey a more approachable and pleasing aesthetic compared to Candidate B. However, it's important to note that attractiveness is highly subjec"
206.0,0,b,B,a,ok,"B

(Note: This response is based on an immediate gut impression as requested. Attractiveness is subjective and can vary greatly among individuals due to personal preferences, cultural influences, and other factors. The assessment here is purely based on a snap judgment and does not account for the c"
206.0,1,a,A,a,ok,"A

Based on the immediate gut impression from the provided images, Candidate A is perceived as more attractive. This assessment is based on common factors that influence first impressions of attractiveness, such as facial symmetry, smile, and overall presentation. Candidate A exhibits a warm smile a"
206.0,1,b,,,REFUSE,"B

**Note:** It's important to recognize that attractiveness is highly subjective and varies greatly among individuals. Factors such as cultural background, personal preferences, and individual experiences play a significant role in how people perceive attractiveness. The response provided is based "
206.0,2,a,A,a,ok,"A

Based on the immediate gut impression from the provided images, Candidate A is perceived as more attractive. This assessment is based on common factors that influence first impressions of attractiveness, such as facial symmetry, smile, and overall presentation. Candidate A exhibits a warm smile a"
206.0,2,b,B,a,ok,"B

**Note:** It's important to recognize that attractiveness is highly subjective and varies greatly among individuals. Factors such as cultural background, personal preferences, and individual experiences play a significant role in how people perceive attractiveness. The response provided is based "
207.0,1,a,A,a,ok,"A

Based on the immediate gut impression from the images provided, Candidate A appears more attractive. The smile, facial expression, and overall presentation convey a more approachable and positive demeanor compared to Candidate B."
207.0,1,b,B,a,ok,"B

Based on the immediate gut impression from the provided images, Candidate B appears more attractive. The smile, facial expression, and overall presentation convey a more approachable and appealing demeanor compared to Candidate A."
207.0,0,a,A,a,ok,"A

Based on the immediate gut impression from the images provided, Candidate A appears more attractive. The person in Candidate A has a warm, inviting smile and a more approachable facial expression, which generally contributes to perceptions of attractiveness. Candidate B, while presenting a neutra"
207.0,0,b,B,a,ok,"B

Based on the immediate gut impression from the provided images, Candidate B appears more attractive. The smile, facial expression, and overall presentation convey a more approachable and appealing demeanor compared to Candidate A."
207.0,2,a,A,a,ok,"A

Based on the immediate gut impression from the images provided, Candidate A appears more attractive. The smile, facial expression, and overall presentation convey a more approachable and positive demeanor compared to Candidate B."
207.0,2,b,B,a,ok,"B

Based on the immediate gut impression from the provided black-and-white images, Candidate B appears more attractive. The smile, facial symmetry, and overall presentation convey a more approachable and appealing demeanor compared to Candidate A."
208.0,0,a,B,b,ok,"B

Based on the immediate gut impression from the provided images, Candidate B appears more attractive. The facial features in Candidate B seem more balanced and symmetrical, which often contributes to perceptions of attractiveness. Additionally, the smile in Candidate B appears more open and inviti"
208.0,0,b,A,b,ok,"A

Based on the immediate gut impression from the provided black-and-white images, Candidate A appears more attractive. The individual in Candidate A has a more symmetrical and balanced facial structure, a broader smile, and a more engaging expression, which generally contributes to perceptions of a"
208.0,1,a,B,b,ok,"B

Based on the immediate gut impression from the provided images, Candidate B appears more attractive. The facial features in Candidate B seem more symmetrical and balanced, which often contributes to perceptions of attractiveness. Additionally, the expression and overall composition of Candidate B"
208.0,1,b,A,b,ok,"A

Based on the immediate gut impression from the provided black-and-white images, Candidate A appears more attractive. The individual in Candidate A has a more symmetrical facial structure, a broader smile, and a generally more approachable and balanced appearance compared to Candidate B. These fac"
208.0,2,a,B,b,ok,"B

Based on the immediate gut impression from the provided images, Candidate B appears more attractive. The facial features in Candidate B seem more balanced and symmetrical, which often contributes to perceptions of attractiveness. Additionally, the smile in Candidate B appears more open and inviti"
208.0,2,b,A,b,ok,"A

Based on the immediate gut impression from the provided black-and-white images, Candidate A appears more attractive. The individual in Candidate A has a more symmetrical and balanced facial structure, a broader smile, and a more engaging expression, which generally contributes to perceptions of a"
209.0,0,a,B,b,ok,"B

(Note: This response is based solely on the immediate gut impression as requested and does not reflect any subjective judgment or bias regarding the individuals depicted. Attractiveness is highly subjective and can vary greatly among different observers and cultural contexts.)"
209.0,0,b,,,REFUSE,"A

It's important to note that attractiveness is highly subjective and varies greatly among individuals. Factors such as personal preferences, cultural backgrounds, and individual experiences play a significant role in how people perceive attractiveness. The assessment provided here is based on a ge"
209.0,1,a,B,b,ok,"B

(Note: This response is based solely on the immediate gut impression as requested and does not reflect any subjective judgment or bias regarding the individuals depicted. Attractiveness is highly subjective and can vary greatly among different observers and cultural contexts.)"
209.0,1,b,A,b,ok,"A

Based on the immediate gut impression from the black-and-white images provided, Candidate A appears more attractive. This assessment is based on general facial symmetry, grooming, and expression, which are often subconsciously evaluated in first impressions of attractiveness. However, it's import"
209.0,2,a,B,b,ok,"B

(Note: This response is based solely on the immediate gut impression as requested and does not reflect any objective measure of attractiveness, which is subjective and influenced by many factors.)"
209.0,2,b,A,b,ok,"A

Based on the immediate gut impression from the black-and-white images provided, Candidate A appears more attractive. This assessment is based on general facial symmetry, grooming, and expression, which are often subconsciously evaluated in first impressions of attractiveness. However, it's import"
210.0,0,a,A,a,ok,"A

Based on the immediate gut impression from the black-and-white images provided, Candidate A appears more attractive. The individual in Candidate A has a more symmetrical and balanced facial structure, with a broader smile and a more open, confident expression. These factors often contribute to an"
210.0,0,b,A,b,ok,"A

Based on the immediate gut impression from the black-and-white images provided, Candidate A appears more attractive. The smile seems more genuine and warm, and the overall facial features appear more balanced and approachable. Candidate B has a more serious expression and a slightly less engaging"
210.0,1,a,A,a,ok,"A

Based on the immediate gut impression from the black-and-white images provided, Candidate A appears more attractive. The individual in Candidate A has a more symmetrical and balanced facial structure, with a broader smile and a more open and engaging expression. These factors often contribute to "
210.0,1,b,A,b,ok,"A

Based on the immediate gut impression from the provided black-and-white images, Candidate A appears more attractive. The individual in Candidate A has a warm, open smile and a friendly expression, which generally contributes to a more positive first impression. Additionally, the lighting and comp"
210.0,2,a,A,a,ok,"A

Based on the immediate gut impression from the black-and-white images provided, Candidate A appears more attractive. The individual in Candidate A has a more symmetrical and balanced facial structure, a broader smile, and a more open and engaging expression, which generally contributes to percept"
210.0,2,b,A,b,ok,"A

Based on the immediate gut impression from the provided black-and-white images, Candidate A appears more attractive. The individual in Candidate A has a warm, open smile and a friendly expression, which tends to convey approachability and positivity. Candidate B, while also smiling, has a more re"
211.0,0,a,A,a,ok,"A

Based on the immediate gut impression from the provided black-and-white images, Candidate A appears more attractive. The individual in Candidate A has a well-groomed appearance, a warm smile, and a professional yet approachable demeanor that contributes to a more favorable first impression. Candi"
211.0,0,b,B,a,ok,"B

(Note: This response is based on an immediate gut impression as requested. Attractiveness is subjective and can vary greatly among individuals due to personal preferences, cultural influences, and other factors. The assessment here is purely based on a snap judgment from the provided images.)"
211.0,1,a,A,a,ok,"A

Based on the immediate gut impression from the provided black-and-white images, Candidate A appears more attractive. The individual in Candidate A has a well-groomed appearance, a warm smile, and a professional yet approachable demeanor that conveys confidence and friendliness. These factors cont"
211.0,1,b,B,a,ok,"B

(Note: This response is based on an immediate gut impression as requested, and attractiveness is subjective and can vary greatly among individuals. Factors such as personal preferences, cultural background, and individual experiences play a significant role in how attractiveness is perceived.)"
211.0,2,a,A,a,ok,"A

Based on the immediate gut impression from the provided black-and-white images, Candidate A appears more attractive. The individual in Candidate A has a balanced facial symmetry, a warm smile, and a professional yet approachable demeanor that contributes to an overall more appealing first impress"
211.0,2,b,B,a,ok,"B

Based on the immediate gut impression from the black-and-white images provided, Candidate B appears more attractive. The individual in Candidate B has a softer, more approachable facial expression and a neat, professional appearance that tends to convey confidence and friendliness. Candidate A, w"
212.0,0,a,A,a,ok,"A

Based on the immediate gut impression from the black-and-white images provided, Candidate A appears more attractive. The smile seems more genuine and warm, and the overall composition of the face appears more balanced and approachable. However, it's important to note that attractiveness is highly"
212.0,0,b,B,a,ok,"B

Based on the immediate gut impression from the provided images, Candidate B appears more attractive. The individual in Candidate B has a more symmetrical and balanced facial structure, a broader smile, and a more approachable and warm expression, which generally contributes to perceptions of attr"
212.0,1,a,A,a,ok,"A

Based on the immediate gut impression from the black-and-white images provided, Candidate A appears more attractive. The smile seems more genuine and warm, and the overall composition of the face appears more balanced and approachable. However, it's important to note that attractiveness is highly"
212.0,1,b,B,a,ok,"B

Based on the immediate gut impression from the provided images, Candidate B appears more attractive. The individual in Candidate B has a more symmetrical and balanced facial structure, a broader smile, and a more approachable and warm expression, which generally contributes to perceptions of attr"
212.0,2,a,A,a,ok,"A

Based on the immediate gut impression from the black-and-white images provided, Candidate A appears more attractive. The smile seems more genuine and warm, and the overall composition of the face appears more balanced and approachable. However, it's important to note that attractiveness is highly"
212.0,2,b,B,a,ok,"B

Based on the immediate gut impression from the provided images, Candidate B appears more attractive. The individual in Candidate B has a more symmetrical and balanced facial structure, a broader smile, and a more approachable and warm expression, which generally contributes to perceptions of attr"
213.0,0,a,A,a,ok,"A

Based on the immediate gut impression from the provided images, Candidate A appears more attractive. The individual in Candidate A has a more open and warm smile, which often contributes positively to perceived attractiveness. Additionally, the lighting and composition seem to highlight the perso"
213.0,0,b,A,b,ok,"A

Based on the immediate gut impression from the provided images, Candidate A appears more attractive. The smile seems more open and inviting, and the overall facial expression conveys warmth and approachability. Candidate B, while also smiling, has a more reserved expression and the glasses may sl"
213.0,1,a,A,a,ok,"A

Based on the immediate gut impression from the provided images, Candidate A appears more attractive. The individual in Candidate A has a warmer, more open smile and a more approachable facial expression compared to Candidate B. While both individuals are smiling, the overall impression from Candi"
213.0,1,b,A,b,ok,"A

Based on the immediate gut impression from the provided images, Candidate A appears more attractive. The smile seems more genuine and warm, and the overall facial expression conveys friendliness and approachability. Candidate B's expression, while also smiling, seems more reserved and less engagi"
213.0,2,a,A,a,ok,"A

Based on the immediate gut impression from the provided images, Candidate A appears more attractive. The smile seems more genuine, and the overall facial features are more symmetrical and approachable. However, it's important to note that attractiveness is highly subjective and can vary greatly a"
213.0,2,b,A,b,ok,"A

Based on the immediate gut impression from the provided images, Candidate A appears more attractive. The smile seems more open and inviting, and the overall facial expression conveys friendliness and approachability. Candidate B, while also smiling, has a more reserved expression and the glasses "
214.0,0,a,B,b,ok,"B

Based on the immediate gut impression from the provided images, Candidate B appears more attractive. The person in Candidate B has a warm smile and a friendly expression, which often contributes to an immediate perception of attractiveness. Additionally, the overall presentation, including the ha"
214.0,0,b,A,b,ok,"A

Based on the immediate gut impression from the images provided, Candidate A appears more attractive. The person in Candidate A has a warm, approachable smile and a friendly expression, which generally contributes to a more favorable first impression. Additionally, the lighting and color in Candid"
214.0,1,a,B,b,ok,"B

Based on the immediate gut impression from the provided images, Candidate B appears more attractive. The person in Candidate B has a warm smile and a friendly expression, which often contributes to an immediate perception of attractiveness. Additionally, the overall presentation, including the ha"
214.0,1,b,A,b,ok,"A

Based on the immediate gut impression from the images provided, Candidate A appears more attractive. The person in Candidate A has a warm, inviting smile and a friendly expression, which generally contributes to a more positive first impression. Additionally, the lighting and color in Candidate A"
214.0,2,a,B,b,ok,"B

Based on the immediate gut impression from the provided images, Candidate B appears more attractive. The person in Candidate B has a warm smile and a friendly expression, which often contributes to an immediate perception of attractiveness. Additionally, the overall presentation, including the ha"
214.0,2,b,A,b,ok,"A

Based on the immediate gut impression from the images provided, Candidate A appears more attractive. The person in Candidate A has a warm, approachable smile and a friendly expression, which often contributes to perceptions of attractiveness. Additionally, the lighting and color in Candidate A's "
215.0,0,a,B,b,ok,"B

Based on the immediate gut impression from the black-and-white images provided, Candidate B appears more attractive. The smile and overall facial expression convey friendliness and approachability, which often contributes to perceptions of attractiveness. Candidate A, while professional-looking, "
215.0,0,b,A,b,ok,"A

Based on the immediate gut impression from the black-and-white images provided, Candidate A appears more attractive. The smile and overall facial expression seem more inviting and approachable, which often contributes to perceptions of attractiveness. However, it's important to note that attracti"
215.0,1,a,B,b,ok,"B

Based on the immediate gut impression from the black-and-white images provided, Candidate B appears more attractive. The smile and overall facial expression convey friendliness and approachability, which often contributes to perceptions of attractiveness. Candidate A, while professional-looking, "
215.0,1,b,A,b,ok,"A

Based on the immediate gut impression from the black-and-white images provided, Candidate A appears more attractive. The smile and overall facial expression seem more inviting and approachable, which often contributes to perceptions of attractiveness. However, it's important to note that attracti"
215.0,2,a,B,b,ok,"B

Based on the immediate gut impression from the provided images, Candidate B appears more attractive. The smile and overall facial expression convey a more approachable and positive demeanor, which often contributes to perceptions of attractiveness. Candidate A, while professional-looking, has a m"
215.0,2,b,A,b,ok,"A

Based on the immediate gut impression from the black-and-white images provided, Candidate A appears more attractive. The smile and overall facial expression seem more inviting and approachable, which often contributes to perceptions of attractiveness. However, it's important to note that attracti"
216.0,1,a,B,b,ok,"B

Based on the immediate gut impression from the provided images, Candidate B appears more attractive. The smile seems more open and genuine, and the overall facial features appear more balanced and appealing. However, it's important to note that attractiveness is highly subjective and can vary gre"
216.0,1,b,A,b,ok,"A

Based on the immediate gut impression from the provided images, Candidate A appears more attractive. The smile seems more genuine and inviting, and the overall facial features convey a friendlier and more approachable demeanor compared to Candidate B."
216.0,0,a,B,b,ok,"B

Based on the immediate gut impression from the provided images, Candidate B appears more attractive. The smile seems more genuine and inviting, and the overall facial features convey a friendlier and more approachable demeanor compared to Candidate A."
216.0,0,b,A,b,ok,"A

Based on the immediate gut impression from the provided images, Candidate A appears more attractive. The smile seems more genuine and inviting, and the overall facial features convey a warmer, more approachable demeanor. Candidate B, while also smiling, has a more reserved expression that may not"
216.0,2,a,B,b,ok,"B

Based on the immediate gut impression from the provided images, Candidate B appears more attractive. The individual in Candidate B has a more symmetrical and youthful facial structure, a broader smile, and a more approachable expression, which generally contributes to perceptions of attractivenes"
216.0,2,b,A,b,ok,"A

Based on the immediate gut impression from the provided images, Candidate A appears more attractive. The smile seems more genuine and inviting, and the overall facial features convey a friendlier and more approachable demeanor compared to Candidate B."
217.0,0,a,B,b,ok,"B

Based on the immediate gut impression from the black-and-white images provided, Candidate B appears more attractive. The individual in Candidate B has a more open and inviting smile, which generally contributes to a more positive first impression. Additionally, the facial features in Candidate B "
217.0,0,b,B,a,ok,"B

Based on the immediate gut impression from the black-and-white photographs provided, Candidate B appears more attractive. The individual in Candidate B has a more symmetrical and balanced facial structure, with a softer expression and a more approachable demeanor. Candidate A's expression seems m"
217.0,2,a,B,b,ok,"B

Based on the immediate gut impression from the black-and-white images provided, Candidate B appears more attractive. The smile, facial expression, and overall presentation seem more engaging and approachable compared to Candidate A. However, it's important to note that attractiveness is highly su"
217.0,2,b,B,a,ok,"B

Based on the immediate gut impression from the black-and-white photographs provided, Candidate B appears more attractive. The facial features in Candidate B seem more symmetrical and balanced, which often contributes to perceptions of attractiveness. Additionally, the expression and overall compo"
217.0,1,a,B,b,ok,"B

Based on the immediate gut impression from the black-and-white images provided, Candidate B appears more attractive. The individual in Candidate B has a more open and inviting smile, which generally contributes to a perception of attractiveness. Additionally, the facial features in Candidate B se"
217.0,1,b,B,a,ok,"B

Based on the immediate gut impression from the black-and-white photographs provided, Candidate B appears more attractive. The individual in Candidate B has a more symmetrical and balanced facial structure, with a softer, more approachable expression. Candidate A's features appear more angular and"
218.0,0,a,A,a,ok,"A

Based on the immediate gut impression from the provided images, Candidate A appears more attractive. The individual in Candidate A has a more symmetrical and balanced facial structure, a warm and inviting smile, and a generally more approachable and polished appearance. These factors contribute t"
218.0,0,b,B,a,ok,"B

Based on the immediate gut impression from the provided images, Candidate B appears more attractive. The smile, facial expression, and overall presentation convey a more approachable and positive demeanor compared to Candidate A."
218.0,1,a,A,a,ok,"A

Based on the immediate gut impression from the provided images, Candidate A appears more attractive. The individual in Candidate A has a warm, inviting smile and a more approachable facial expression, which generally contributes to perceptions of attractiveness. Candidate B, while professional-lo"
218.0,1,b,B,a,ok,"B

Based on the immediate gut impression from the provided images, Candidate B appears more attractive. The smile, facial expression, and overall presentation convey a more approachable and positive demeanor compared to Candidate A."
218.0,2,a,A,a,ok,"A

Based on the immediate gut impression from the provided images, Candidate A appears more attractive. The individual in Candidate A has a more symmetrical and balanced facial structure, a broader smile, and a generally more approachable and polished appearance compared to Candidate B. These factor"
218.0,2,b,B,a,ok,"B

Based on the immediate gut impression from the images provided, Candidate B appears more attractive. The smile, facial expression, and overall presentation convey a more approachable and positive demeanor compared to Candidate A."
219.0,0,a,B,b,ok,"B

Based on the immediate gut impression from the images provided, Candidate B appears more attractive. The smile and overall facial expression convey a sense of approachability and warmth, which often contributes to perceptions of attractiveness. Candidate A, while presenting a professional and ser"
219.0,0,b,A,b,ok,"A

Based on the immediate gut impression from the provided black-and-white images, Candidate A appears more attractive. The smile and overall facial expression convey a sense of approachability and warmth, which often contributes positively to first impressions of attractiveness. Candidate B, while "
219.0,1,a,B,b,ok,"B

Based on the immediate gut impression from the images provided, Candidate B appears more attractive. The smile and overall facial expression convey a sense of approachability and warmth, which often contributes to perceptions of attractiveness. Candidate A, while presenting a professional and ser"
219.0,1,b,A,b,ok,"A

Based on the immediate gut impression from the provided black-and-white images, Candidate A appears more attractive. The smile, facial expression, and overall demeanor convey a more approachable and pleasant appearance compared to Candidate B. However, it's important to note that attractiveness i"
219.0,2,a,B,b,ok,"B

Based on the immediate gut impression from the images provided, Candidate B appears more attractive. The smile and overall facial expression convey friendliness and approachability, which often contributes to perceptions of attractiveness. Candidate A, while presenting a professional appearance, "
219.0,2,b,A,b,ok,"A

Based on the immediate gut impression from the provided black-and-white images, Candidate A appears more attractive. The smile and overall facial expression convey a sense of approachability and warmth, which often contributes positively to first impressions of attractiveness. Candidate B, while "
220.0,0,a,B,b,ok,"B

Based on the immediate gut impression from the images provided, Candidate B appears more attractive. The individual in Candidate B has a more approachable and friendly expression, with a warm smile and a relaxed posture, which generally contributes to a more favorable first impression in terms of"
220.0,0,b,A,b,ok,"A

Based on the immediate gut impression from the provided images, Candidate A appears more attractive. The smile seems more genuine and inviting, and the overall facial features appear more balanced and approachable compared to Candidate B."
220.0,1,a,B,b,ok,"B

Based on the immediate gut impression from the provided images, Candidate B appears more attractive. The individual in Candidate B has a more approachable and friendly expression, with a warm smile and a relaxed posture, which generally contributes to a more favorable first impression in terms of"
220.0,1,b,A,b,ok,"A

Based on the immediate gut impression from the provided images, Candidate A appears more attractive. The smile seems more genuine and inviting, and the overall facial features appear more balanced and approachable compared to Candidate B."
220.0,2,a,B,b,ok,"B

Based on the immediate gut impression from the provided images, Candidate B appears more attractive. The individual in Candidate B has a more youthful and approachable appearance, with a friendly smile and a relaxed posture, which generally contributes to a more favorable first impression in term"
220.0,2,b,A,b,ok,"A

Based on the immediate gut impression from the provided black-and-white images, Candidate A appears more attractive. The smile appears more genuine and warm, and the overall facial features seem more balanced and approachable. Candidate B, while also smiling, has a more formal and less expressive"
221.0,0,a,A,a,ok,"A

Based on the immediate gut impression from the black-and-white images provided, Candidate A appears more attractive. The smile, facial symmetry, and overall presentation convey a more approachable and appealing demeanor compared to Candidate B."
221.0,0,b,B,a,ok,"B

Based on the immediate gut impression from the images provided, Candidate B appears more attractive. The smile, facial expression, and overall presentation convey a more approachable and appealing demeanor compared to Candidate A."
221.0,1,a,A,a,ok,"A

Based on the immediate gut impression from the black-and-white images provided, Candidate A appears more attractive. The smile, facial symmetry, and overall presentation convey a more approachable and appealing demeanor compared to Candidate B."
221.0,1,b,B,a,ok,"B

Based on the immediate gut impression from the images provided, Candidate B appears more attractive. The smile, facial expression, and overall presentation convey a more approachable and appealing demeanor compared to Candidate A."
221.0,2,a,A,a,ok,"A

Based on the immediate gut impression from the black-and-white images provided, Candidate A appears more attractive. The smile, facial symmetry, and overall presentation convey a more approachable and appealing demeanor compared to Candidate B."
221.0,2,b,B,a,ok,"B

Based on the immediate gut impression from the images provided, Candidate B appears more attractive. The smile, facial expression, and overall presentation seem more engaging and approachable compared to Candidate A."
222.0,0,a,A,a,ok,"A

Based on the immediate gut impression from the provided black-and-white images, Candidate A appears more attractive. The smile, eye contact, and overall facial expression convey warmth and approachability, which often contribute to perceptions of attractiveness. Candidate B, while also presenting"
222.0,0,b,B,a,ok,"B

Based on the immediate gut impression from the provided black-and-white images, Candidate B appears more attractive. The smile and overall facial expression seem more inviting and approachable, which often contributes to perceptions of attractiveness in first impressions. Candidate A has a more n"
222.0,2,a,A,a,ok,"A

Based on the immediate gut impression from the provided black-and-white images, Candidate A appears more attractive. The smile and overall facial expression seem more inviting and approachable compared to Candidate B. However, it's important to note that attractiveness is highly subjective and ca"
222.0,2,b,B,a,ok,"B

Based on the immediate gut impression from the provided black-and-white images, Candidate B appears more attractive. The smile and overall facial expression seem more inviting and approachable, which often contributes to perceptions of attractiveness in first impressions. Candidate A has a more n"
222.0,1,a,A,a,ok,"A

Based on the immediate gut impression from the provided black-and-white images, Candidate A appears more attractive. The smile, eye contact, and overall facial expression convey warmth and approachability, which often contribute to perceptions of attractiveness. Candidate B, while also presenting"
222.0,1,b,B,a,ok,"B

Based on the immediate gut impression from the provided black-and-white images, Candidate B appears more attractive. The smile and overall facial expression seem more inviting and approachable, which often contributes to perceptions of attractiveness in first impressions. Candidate A has a more n"
225.0,0,a,B,b,ok,"B

Based on the immediate gut impression from the provided black-and-white photographs, Candidate B appears more attractive. The individual in Candidate B has a more symmetrical and balanced facial structure, which is often perceived as more attractive. Additionally, the glasses and the slight smile"
225.0,0,b,A,b,ok,"A

Based on the immediate gut impression from the black-and-white images provided, Candidate A appears more attractive. The individual in Candidate A has a more symmetrical and balanced facial structure, with a clearer, more defined jawline and a more approachable expression. Candidate B, while also"
225.0,1,a,B,b,ok,"B

Based on the immediate gut impression from the provided black-and-white images, Candidate B appears more attractive. The individual in Candidate B has a more symmetrical and balanced facial structure, along with a friendly and approachable expression. The glasses also add a touch of professionali"
225.0,1,b,A,b,ok,"A

Based on the immediate gut impression from the black-and-white images provided, Candidate A appears more attractive. The individual in Candidate A has a more symmetrical and balanced facial structure, a clearer and more approachable expression, and a well-groomed appearance that generally conveys"
226.0,0,a,B,b,ok,"B

(Note: This response is based on an immediate gut impression as requested, and attractiveness is subjective and can vary greatly among individuals. Factors such as personal preferences, cultural backgrounds, and individual experiences play a significant role in how attractiveness is perceived.)"
226.0,0,b,A,b,ok,"A

Based on the immediate gut impression from the provided black-and-white images, Candidate A appears more attractive. The person in Candidate A has a more symmetrical facial structure, a broader smile, and a generally more vibrant and engaging expression compared to Candidate B. These factors ofte"
225.0,2,a,B,b,ok,"B

Based on the immediate gut impression from the black-and-white images provided, Candidate B appears more attractive. The individual in Candidate B has a more symmetrical and balanced facial structure, which is often perceived as more attractive. The glasses also add a touch of professionalism and"
225.0,2,b,A,b,ok,"A

Based on the immediate gut impression from the black-and-white images provided, Candidate A appears more attractive. The individual in Candidate A has a more symmetrical and balanced facial structure, with a clearer, more defined jawline and a more approachable expression. Candidate B, while also"
226.0,1,a,B,b,ok,"B

Based on the immediate gut impression from the black-and-white images provided, Candidate B appears more attractive. This assessment is based on common perceptions of facial features and presentation in such images, where symmetry, smile, and overall grooming can influence first impressions. Howe"
226.0,1,b,A,b,ok,"A

Based on the immediate gut impression from the provided black-and-white images, Candidate A appears more attractive. The individual in Candidate A has a more symmetrical and youthful facial structure, which often contributes to perceptions of attractiveness. Additionally, the smile appears more v"
226.0,2,a,B,b,ok,"B

Based on the immediate gut impression from the black-and-white images provided, Candidate B appears more attractive. This assessment is based on common perceptions of facial features and presentation in such images, where symmetry, smile, and overall grooming can influence first impressions. Howe"
226.0,2,b,A,b,ok,"A

Based on the immediate gut impression from the provided black-and-white images, Candidate A appears more attractive. The person in Candidate A has a more symmetrical facial structure, a broader smile, and a generally more vibrant and engaging expression compared to Candidate B. These factors ofte"
228.0,0,a,B,b,ok,"B

Based on the immediate gut impression from the provided images, Candidate B appears more attractive. The smile and overall facial expression convey warmth and approachability, which often contributes to perceptions of attractiveness. Candidate A, while professional-looking, has a more neutral exp"
228.0,0,b,B,a,ok,"B

Based on the immediate gut impression from the provided images, Candidate B appears more attractive. The individual in Candidate B has a more symmetrical and approachable facial structure, with a warm smile and well-groomed appearance, which generally contributes to perceptions of attractiveness."
228.0,1,a,B,b,ok,"B

Based on the immediate gut impression from the provided images, Candidate B appears more attractive. The smile and overall facial expression convey warmth and approachability, which often contributes to perceptions of attractiveness. Candidate A, while professional-looking, has a more neutral exp"
228.0,1,b,B,a,ok,"B

Based on the immediate gut impression from the provided images, Candidate B appears more attractive. The individual in Candidate B has a more symmetrical and approachable facial structure, with a warm smile and well-groomed appearance, which generally contributes to a more favorable first impress"
228.0,2,a,B,b,ok,"B

Based on the immediate gut impression from the images provided, Candidate B appears more attractive. The smile and overall facial expression convey warmth and approachability, which often contributes to perceptions of attractiveness. Candidate A, while professional-looking, has a more neutral exp"
228.0,2,b,B,a,ok,"B

Based on the immediate gut impression from the provided images, Candidate B appears more attractive. The individual in Candidate B has a more symmetrical and approachable facial structure, with a warm smile and well-groomed appearance, which generally contributes to perceptions of attractiveness."
229.0,0,a,B,b,ok,"B

Based on the immediate gut impression from the provided black-and-white images, Candidate B appears more attractive. The individual has a well-groomed appearance with a neat hairstyle and a confident expression, which often contributes to perceptions of attractiveness in facial assessments. Candi"
229.0,0,b,B,a,ok,"B

**Note:** This response is based on an immediate gut impression as requested. It's important to remember that attractiveness is subjective and can vary greatly among individuals. Factors such as personal preferences, cultural backgrounds, and individual experiences play a significant role in how "
229.0,1,a,B,b,ok,"B

**Note:** This response is based on an immediate gut impression as requested. It's important to remember that attractiveness is subjective and can vary greatly among individuals. Factors such as personal preferences, cultural backgrounds, and individual experiences play a significant role in how "
229.0,1,b,B,a,ok,"B

**Note:** This response is based solely on the immediate gut impression as requested and does not reflect any objective measure of attractiveness, which is subjective and influenced by many factors beyond appearance alone. Attractiveness is highly personal and varies greatly among individuals."
229.0,2,a,B,b,ok,"B

Based on the immediate gut impression from the provided black-and-white images, Candidate B appears more attractive. The individual has a well-groomed appearance with a neat hairstyle and a confident expression, which often contributes to perceptions of attractiveness in facial assessments. Candi"
229.0,2,b,B,a,ok,"B

Based on the immediate gut impression from the provided images, Candidate B appears more attractive. The smile and overall expression convey warmth and approachability, which often contributes to perceptions of attractiveness. Candidate A, while professional in appearance, has a more neutral and "
230.0,0,a,A,a,ok,"A

Based on the immediate gut impression from the provided images, Candidate A appears more attractive. The individual in Candidate A has a more symmetrical and balanced facial structure, a broader smile, and a more polished presentation overall, which tends to contribute to a more favorable first i"
230.0,0,b,B,a,ok,"B

Based on the immediate gut impression from the provided black-and-white images, Candidate B appears more attractive. The individual in Candidate B has a more symmetrical and balanced facial structure, a broader smile, and a more confident posture, which generally contributes to perceptions of att"
230.0,1,a,A,a,ok,"A

Based on the immediate gut impression from the provided black-and-white images, Candidate A appears more attractive. The individual in Candidate A has a more symmetrical and balanced facial structure, a broader smile, and a more open and engaging expression, which generally contributes to percept"
230.0,1,b,B,a,ok,"B

Based on the immediate gut impression from the provided black-and-white images, Candidate B appears more attractive. The individual in Candidate B has a more symmetrical and balanced facial structure, a broader smile, and a more confident posture, which generally contributes to perceptions of att"
230.0,2,a,A,a,ok,"A

Based on the immediate gut impression from the provided black-and-white images, Candidate A appears more attractive. The individual in Candidate A has a more symmetrical and balanced facial structure, a broader smile, and a more open and approachable expression. These factors generally contribute"
230.0,2,b,B,a,ok,"B

Based on the immediate gut impression from the provided black-and-white images, Candidate B appears more attractive. The individual in Candidate B has a more symmetrical and balanced facial structure, a broader smile, and a more confident posture, which generally contribute to perceptions of attr"
231.0,1,a,A,a,ok,"A

Based on the immediate gut impression from the black-and-white images provided, Candidate A appears more attractive. The smile and overall facial expression convey a more positive and approachable demeanor, which often contributes to perceptions of attractiveness in first impressions. However, it"
231.0,1,b,B,a,ok,"B

(Note: This response is based solely on the immediate gut impression as requested and does not reflect any objective measure of attractiveness. Attractiveness is subjective and can vary greatly among individuals based on personal preferences, cultural contexts, and other factors.)"
231.0,0,a,A,a,ok,"A

**Note:** It's important to recognize that attractiveness is highly subjective and influenced by many factors, including cultural background, personal preferences, and individual experiences. The assessment provided here is based on a common, generalized perception often studied in psychological "
231.0,0,b,B,a,ok,"B

Based on the immediate gut impression from the provided black-and-white images, Candidate B appears more attractive. The smile and overall facial expression convey friendliness and approachability, which often contributes to perceptions of attractiveness. Candidate A's expression is more neutral,"
231.0,2,a,A,a,ok,"A

Based on the immediate gut impression from the black-and-white images provided, Candidate A appears more attractive. The smile and overall facial expression convey a more positive and approachable demeanor, which often contributes to perceptions of attractiveness in first impressions. However, it"
231.0,2,b,B,a,ok,"B

(Note: This response is based on an immediate gut impression as requested, and attractiveness is subjective and can vary greatly among individuals. Factors such as cultural background, personal preferences, and context can all influence perceptions of attractiveness.)"
232.0,0,a,A,a,ok,"A

Based on the immediate gut impression from the provided black-and-white images, Candidate A appears more attractive. The smile seems more open and warm, and the overall facial features appear more symmetrical and balanced, which often contributes to perceptions of attractiveness. However, it's im"
232.0,0,b,B,a,ok,"B

Based on the immediate gut impression from the provided images, Candidate B appears more attractive. The facial features in Candidate B seem more symmetrical and balanced, which often contributes to perceptions of attractiveness. Additionally, the smile in Candidate B appears more open and inviti"
232.0,1,a,A,a,ok,"A

Based on the immediate gut impression from the provided black-and-white images, Candidate A appears more attractive. The smile seems more open and inviting, and the overall facial features appear more symmetrical and balanced, which often contributes to perceptions of attractiveness. However, it'"
232.0,1,b,B,a,ok,"B

Based on the immediate gut impression from the provided images, Candidate B appears more attractive. The facial features, smile, and overall presentation convey a more approachable and appealing demeanor compared to Candidate A."
232.0,2,a,A,a,ok,"A

Based on the immediate gut impression from the provided black-and-white images, Candidate A appears more attractive. The smile seems more open and warm, and the overall facial features appear more symmetrical and balanced, which often contributes to perceptions of attractiveness. However, it's im"
232.0,2,b,B,a,ok,"B

Based on the immediate gut impression from the provided images, Candidate B appears more attractive. The facial features, smile, and overall presentation convey a more approachable and appealing demeanor compared to Candidate A."
233.0,0,a,B,b,ok,"B

Based on the immediate gut impression from the images provided, Candidate B appears more attractive. The smile seems more open and genuine, and the overall facial expression appears more inviting. Candidate A's expression is more reserved, which may contribute to a less immediately appealing firs"
233.0,0,b,A,b,ok,"A

Based on the immediate gut impression from the black-and-white images provided, Candidate A appears more attractive. The smile seems more open and warm, and the overall facial expression conveys more approachability compared to Candidate B. However, it's important to note that attractiveness is h"
233.0,1,a,B,b,ok,"B

Based on the immediate gut impression from the images provided, Candidate B appears more attractive. The smile seems more open and genuine, and the overall facial expression appears more inviting. Candidate A's expression is more reserved, which may contribute to a less immediately appealing firs"
233.0,1,b,B,a,ok,"B

Based on the immediate gut impression from the black-and-white images provided, Candidate B appears more attractive. The individual in Candidate B has a more symmetrical and polished appearance, with a well-groomed hairstyle and a confident smile, which often contributes to perceptions of attract"
233.0,2,a,B,b,ok,"B

Based on the immediate gut impression from the images provided, Candidate B appears more attractive. The smile seems more open and genuine, and the overall facial expression appears more inviting. Candidate A's expression is more reserved, which may contribute to a less immediately appealing firs"
233.0,2,b,A,b,ok,"A

Based on the immediate gut impression from the black-and-white images provided, Candidate A appears more attractive. The smile seems more open and warm, and the overall facial features appear more symmetrical and approachable compared to Candidate B. However, it's important to note that attractiv"
234.0,0,a,B,b,ok,"B

Based on the immediate gut impression from the provided images, Candidate B appears more attractive. The individual in Candidate B has a warm, approachable smile and a well-groomed appearance, which often contributes to perceptions of attractiveness. Candidate A, while also smiling, has a more se"
234.0,0,b,A,b,ok,"A

Based on the immediate gut impression from the images provided, Candidate A appears more attractive. The individual in Candidate A has a warm, inviting smile and a well-groomed appearance that conveys confidence and approachability. In contrast, Candidate B, while also smiling, has a more reserve"
234.0,1,a,B,b,ok,"B

Based on the immediate gut impression from the provided images, Candidate B appears more attractive. The individual in Candidate B has a more symmetrical and conventionally attractive facial structure, with a clear smile and well-groomed appearance. Candidate A, while also smiling, has a more age"
234.0,1,b,A,b,ok,"A

Based on the immediate gut impression from the images provided, Candidate A appears more attractive. The individual in Candidate A has a warm, inviting smile and a well-groomed appearance that conveys confidence and approachability. In contrast, Candidate B, while also smiling, has a more reserve"
234.0,2,a,B,b,ok,"B

Based on the immediate gut impression from the provided images, Candidate B appears more attractive. The individual in Candidate B has a more symmetrical and conventionally attractive facial structure, with a clear smile and well-groomed appearance. Candidate A, while also smiling, has a more age"
234.0,2,b,A,b,ok,"A

Based on the immediate gut impression from the provided images, Candidate A appears more attractive. The individual in Candidate A has a warm, open smile and a confident, approachable demeanor, which often contributes to perceptions of attractiveness. The lighting and composition also highlight t"
235.0,0,a,,,REFUSE,"A

**Note:** It's important to recognize that attractiveness is highly subjective and varies greatly among individuals. Factors such as cultural background, personal preferences, and individual experiences play a significant role in how people perceive attractiveness. The assessment provided here is"
235.0,0,b,,,REFUSE,"A

It's important to note that attractiveness is highly subjective and varies greatly among individuals. Factors such as personal preferences, cultural backgrounds, and individual experiences play a significant role in how people perceive attractiveness. The assessment provided here is based on a ge"
235.0,1,a,,,REFUSE,"A

**Note:** It's important to recognize that attractiveness is highly subjective and varies greatly among individuals. Factors such as cultural background, personal preferences, and individual experiences play a significant role in how people perceive attractiveness. The assessment provided here is"
235.0,1,b,,,REFUSE,"A

It's important to note that attractiveness is highly subjective and varies greatly among individuals. Factors such as personal preferences, cultural backgrounds, and individual experiences play a significant role in how people perceive attractiveness. The assessment provided here is based on a ge"
235.0,2,a,A,a,ok,"A

Based on the immediate gut impression from the provided images, Candidate A appears more attractive. This assessment is based on common perceptions of facial features that are often associated with attractiveness, such as symmetry, clear skin, and a confident, approachable expression. Candidate A"
235.0,2,b,,,REFUSE,"A

It's important to note that attractiveness is highly subjective and varies greatly among individuals. Factors such as personal preferences, cultural backgrounds, and individual experiences play a significant role in how people perceive attractiveness. The assessment provided here is based on a ve"
236.0,0,a,A,a,ok,"A

The image of Candidate A shows a person with a warm, open smile and a more approachable facial expression, which often contributes to perceptions of attractiveness in first impressions. Candidate B has a more serious expression and lacks the same level of visible warmth, which may affect immediat"
236.0,0,b,B,a,ok,"B

Based on the immediate gut impression from the images provided, Candidate B appears more attractive. The smile, facial expression, and overall presentation convey a more approachable and positive demeanor compared to Candidate A."
236.0,1,a,A,a,ok,"A

The image of Candidate A shows a person with a warm, open smile and a more approachable facial expression, which often contributes to perceptions of attractiveness in first impressions. Candidate B has a more serious expression and lacks the same inviting smile, which may make Candidate A appear "
236.0,1,b,B,a,ok,"B

Based on the immediate gut impression from the images provided, Candidate B appears more attractive. The smile, eye contact, and overall presentation convey a more approachable and positive demeanor, which often contributes to perceptions of attractiveness in facial impressions."
236.0,2,a,A,a,ok,"A

The image of Candidate A shows a person with a warm, open smile and a more approachable facial expression, which often contributes to perceptions of attractiveness in first impressions. Candidate B has a more serious expression and lacks the same inviting smile, which may make Candidate A appear "
236.0,2,b,B,a,ok,"B

Based on the immediate gut impression from the images provided, Candidate B appears more attractive. The smile, eye contact, and overall presentation convey a more approachable and positive demeanor, which often contributes to perceptions of attractiveness in facial impressions."
237.0,0,a,B,b,ok,"B

Based on the immediate gut impression from the provided images, Candidate B appears more attractive. The individual in Candidate B has a more symmetrical and balanced facial structure, a clearer smile, and a more approachable expression compared to Candidate A. These factors contribute to a more "
237.0,0,b,A,b,ok,"A

Based on the immediate gut impression from the black-and-white images provided, Candidate A appears more attractive. The individual in Candidate A has a more symmetrical and balanced facial structure, a clearer smile, and a more confident posture, which generally contributes to perceptions of att"
237.0,1,a,B,b,ok,"B

Based on the immediate gut impression from the provided images, Candidate B appears more attractive. The individual in Candidate B has a more symmetrical and balanced facial structure, a clearer smile, and a more approachable expression compared to Candidate A. These factors generally contribute "
237.0,1,b,A,b,ok,"A

Based on the immediate gut impression from the black-and-white images provided, Candidate A appears more attractive. The individual in Candidate A has a more symmetrical and balanced facial structure, a clearer smile, and a more engaging expression, which generally contributes to perceptions of a"
237.0,2,a,B,b,ok,"B

Based on the immediate gut impression from the provided images, Candidate B appears more attractive. The individual in Candidate B has a more symmetrical and balanced facial structure, a clearer smile, and a more approachable expression compared to Candidate A. These factors contribute to a more "
237.0,2,b,A,b,ok,"A

Based on the immediate gut impression from the black-and-white images provided, Candidate A appears more attractive. The individual in Candidate A has a more symmetrical and balanced facial structure, a clearer smile, and a more approachable expression compared to Candidate B. These factors contr"
238.0,0,a,B,b,ok,"B

Based on the immediate gut impression from the provided images, Candidate B appears more attractive. The facial features, smile, and overall presentation convey a more conventionally attractive appearance compared to Candidate A."
238.0,0,b,A,b,ok,"A

Based on the immediate gut impression from the provided images, Candidate A appears more attractive. The smile, facial symmetry, and overall presentation convey a more approachable and appealing demeanor compared to Candidate B."
238.0,1,a,B,b,ok,"B

Based on the immediate gut impression from the provided images, Candidate B appears more attractive. The facial features, smile, and overall presentation convey a more conventionally attractive appearance compared to Candidate A."
238.0,1,b,A,b,ok,"A

Based on the immediate gut impression from the provided images, Candidate A appears more attractive. The smile, facial symmetry, and overall presentation convey a more approachable and appealing demeanor compared to Candidate B."
238.0,2,a,B,b,ok,"B

Based on the immediate gut impression from the provided images, Candidate B is perceived as more attractive. This assessment is based on common factors that often influence first impressions of attractiveness, such as facial symmetry, smile, and overall presentation. However, it's important to no"
238.0,2,b,A,b,ok,"A

Based on the immediate gut impression from the provided images, Candidate A appears more attractive. The smile, facial symmetry, and overall presentation convey a more approachable and appealing demeanor compared to Candidate B."
239.0,0,a,A,a,ok,"A

Based on the immediate gut impression from the black-and-white images provided, Candidate A appears more attractive. The individual in Candidate A has a more symmetrical and balanced facial structure, a broader smile, and a more approachable expression, which generally contributes to perceptions "
239.0,0,b,A,b,ok,"A

Based on the immediate gut impression from the black-and-white images provided, Candidate A appears more attractive. The facial features seem more symmetrical and the smile appears more inviting compared to Candidate B. However, it's important to note that attractiveness is highly subjective and "
239.0,1,a,A,a,ok,"A

Based on the immediate gut impression from the black-and-white images provided, Candidate A appears more attractive. The individual in Candidate A has a more symmetrical and balanced facial structure, a broader smile, and a generally more approachable and confident demeanor. These factors contrib"
239.0,1,b,A,b,ok,"A

Based on the immediate gut impression from the black-and-white images provided, Candidate A appears more attractive. The facial features seem more symmetrical and the smile appears more inviting compared to Candidate B. However, it's important to note that attractiveness is highly subjective and "
239.0,2,a,A,a,ok,"A

Based on the immediate gut impression from the black-and-white images provided, Candidate A appears more attractive. The individual in Candidate A has a more symmetrical and balanced facial structure, a broader smile, and a more approachable expression, which generally contributes to perceptions "
239.0,2,b,A,b,ok,"A

Based on the immediate gut impression from the black-and-white images provided, Candidate A appears more attractive. The individual in Candidate A has a more symmetrical and balanced facial structure, a broader smile, and a more youthful appearance compared to Candidate B. These factors generally"
240.0,0,a,,,REFUSE,"A

**Note:** It's important to recognize that attractiveness is highly subjective and varies greatly among individuals. Factors such as personal preferences, cultural backgrounds, and individual experiences play a significant role in how people perceive attractiveness. The assessment provided here i"
240.0,0,b,B,a,ok,"B

Based on the immediate gut impression from the provided black-and-white images, Candidate B appears more attractive. The facial features seem more symmetrical and the smile appears more inviting, which often contributes to an immediate perception of attractiveness. However, it's important to note"
240.0,1,a,,,REFUSE,"A

**Note:** It's important to recognize that attractiveness is highly subjective and varies greatly among individuals. Factors such as personal preferences, cultural backgrounds, and individual experiences play a significant role in how people perceive attractiveness. The assessment provided here i"
240.0,1,b,B,a,ok,"B

Based on the immediate gut impression from the black-and-white images provided, Candidate B appears more attractive. The facial features in Candidate B seem more symmetrical and balanced, which often contributes to perceptions of attractiveness. Additionally, the smile in Candidate B appears more"
240.0,2,a,A,a,ok,"A

Based on the immediate gut impression from the provided black-and-white images, Candidate A appears more attractive. The smile and overall facial expression convey a sense of approachability and warmth, which often contributes to perceptions of attractiveness. Candidate B's expression is more neu"
240.0,2,b,B,a,ok,"B

Based on the immediate gut impression from the provided black-and-white images, Candidate B appears more attractive. This assessment is based on common perceptions of facial features that are often associated with attractiveness, such as symmetry, facial hair, and a warm smile. However, it's impo"
241.0,0,a,B,b,ok,"B

Based on the immediate gut impression from the provided images, Candidate B appears more attractive. The individual in Candidate B has a more symmetrical and conventionally attractive facial structure, with clear, well-defined features that often align with societal standards of attractiveness. C"
241.0,0,b,A,b,ok,"A

Based on the immediate gut impression from the provided images, Candidate A appears more attractive. The individual in Candidate A has a more symmetrical and balanced facial structure, which is often associated with perceived attractiveness. Additionally, the lighting and composition of the photo"
241.0,1,a,B,b,ok,"B

Based on the immediate gut impression from the provided images, Candidate B appears more attractive. The individual in Candidate B has a more symmetrical and conventionally attractive facial structure, with clear, well-defined features that are often associated with perceived attractiveness. Cand"
241.0,1,b,A,b,ok,"A

Based on the immediate gut impression from the provided images, Candidate A appears more attractive. The individual in Candidate A has a more symmetrical and balanced facial structure, which is often associated with perceived attractiveness. Additionally, the lighting and composition of the photo"
241.0,2,a,B,b,ok,"B

Based on the immediate gut impression from the provided images, Candidate B appears more attractive. The individual in Candidate B has a more symmetrical and polished appearance, with a well-groomed hairstyle and professional attire that conveys confidence and approachability. In contrast, Candid"
241.0,2,b,A,b,ok,"A

Based on the immediate gut impression from the provided images, Candidate A appears more attractive. The individual in Candidate A has a more symmetrical and balanced facial structure, which is often associated with perceived attractiveness. Additionally, the confident posture and professional at"
242.0,0,a,A,a,ok,"A

Based on the immediate gut impression from the provided black-and-white images, Candidate A appears more attractive. The individual in Candidate A has a more youthful and approachable facial expression, with a warm smile and a relaxed posture. In contrast, Candidate B has a more serious expressio"
242.0,0,b,B,a,ok,"B

Based on the immediate gut impression from the provided black-and-white images, Candidate B appears more attractive. The individual in Candidate B has a more youthful and approachable facial structure, with a friendly smile and a relaxed posture, which generally contributes to a more favorable fi"
242.0,1,a,A,a,ok,"A

Based on the immediate gut impression from the provided black-and-white images, Candidate A appears more attractive. The individual in Candidate A has a more youthful and approachable facial expression, with a warm smile and a relaxed posture. In contrast, Candidate B has a more serious expressio"
242.0,1,b,B,a,ok,"B

Based on the immediate gut impression from the provided black-and-white images, Candidate B appears more attractive. The individual in Candidate B has a more youthful and approachable facial structure, with a friendly smile and a relaxed posture, which generally contributes to a more favorable fi"
242.0,2,a,A,a,ok,"A

Based on the immediate gut impression from the black-and-white images provided, Candidate A appears more attractive. The facial features in Candidate A seem more symmetrical and approachable, contributing to a generally more favorable first impression. Candidate B, while also presenting a friendl"
242.0,2,b,B,a,ok,"B

Based on the immediate gut impression from the provided images, Candidate B appears more attractive. The individual in Candidate B has a more youthful and approachable appearance, with a friendly smile and a relaxed posture, which generally contributes to a more favorable first impression in term"
243.0,0,a,B,b,ok,"B

Based on the immediate gut impression from the provided images, Candidate B appears more attractive. The individual in Candidate B has a more youthful and approachable appearance, with a relaxed expression and a casual yet neat look. Candidate A, while professional and well-dressed, has a more fo"
243.0,0,b,B,a,ok,"B

Based on the immediate gut impression from the images provided, Candidate B appears more attractive. The individual in Candidate B has a well-groomed appearance, a neat hairstyle, and is wearing professional attire, which contributes to a polished and approachable look. Candidate A, while present"
243.0,1,a,B,b,ok,"B

Based on the immediate gut impression from the provided images, Candidate B appears more attractive. The individual in Candidate B has a more youthful and approachable appearance, with a relaxed expression and a casual yet neat look. Candidate A, while professional and well-dressed, has a more fo"
243.0,1,b,B,a,ok,"B

Based on the immediate gut impression from the images provided, Candidate B appears more attractive. The individual in Candidate B has a neat, professional appearance with a well-groomed hairstyle, glasses, and formal attire, which often conveys a polished and approachable look. Candidate A, whil"
243.0,2,a,B,b,ok,"B

Based on the immediate gut impression from the provided images, Candidate B appears more attractive. The individual in Candidate B has a more youthful and approachable facial expression, with a relaxed smile and a softer gaze, which often contributes to perceptions of attractiveness. Candidate A,"
243.0,2,b,B,a,ok,"B

Based on the immediate gut impression from the images provided, Candidate B appears more attractive. The individual in Candidate B has a well-groomed appearance, a neat hairstyle, and is wearing professional attire, which contributes to a polished and approachable look. Candidate A, while present"
244.0,0,a,,,REFUSE,"A

**Note:** It's important to recognize that attractiveness is highly subjective and varies greatly among individuals. Factors such as personal preferences, cultural backgrounds, and individual experiences play a significant role in how people perceive attractiveness. The assessment provided here i"
244.0,0,b,B,a,ok,"B

Based on the immediate gut impression from the black-and-white images provided, Candidate B appears more attractive. The smile seems more open and inviting, and the overall facial expression conveys confidence and approachability. Candidate A's expression is more reserved, which may contribute to"
244.0,1,a,B,b,ok,"B

Based on the immediate gut impression from the black-and-white images provided, Candidate B appears more attractive. The person in Candidate B has a warm, open smile and a friendly expression, which generally contributes to a more positive first impression. Additionally, the hairstyle and overall"
244.0,1,b,B,a,ok,"B

Based on the immediate gut impression from the black-and-white images provided, Candidate B appears more attractive. The smile seems more open and inviting, and the overall facial expression conveys confidence and approachability. Candidate A's expression is more reserved, which may contribute to"
244.0,2,a,,,REFUSE,"A

**Note:** It's important to recognize that attractiveness is highly subjective and varies greatly among individuals. Factors such as personal preferences, cultural backgrounds, and individual experiences play a significant role in how people perceive attractiveness. The assessment provided here i"
244.0,2,b,B,a,ok,"B

Based on the immediate gut impression from the black-and-white images provided, Candidate B appears more attractive. The individual in Candidate B has a warm, inviting smile and a confident posture, which generally contributes to a more favorable first impression in terms of attractiveness. Candi"
245.0,0,a,A,a,ok,"A

Based on the immediate gut impression from the provided images, Candidate A appears more attractive. The individual in Candidate A has a more youthful and symmetrical facial structure, which often contributes to perceptions of attractiveness. Additionally, the lighting and composition of Candidat"
245.0,0,b,B,a,ok,"B

Based on the immediate gut impression from the provided images, Candidate B appears more attractive. The individual in Candidate B has a more contemporary and approachable look, with a friendly expression and a well-groomed appearance. Candidate A, while professional and dignified, has a more for"
245.0,1,a,A,a,ok,"A

Based on the immediate gut impression from the provided images, Candidate A appears more attractive. The individual in Candidate A has a more youthful and symmetrical facial structure, which often contributes to perceptions of attractiveness. Additionally, the lighting and composition of Candidat"
245.0,1,b,B,a,ok,"B

Based on the immediate gut impression from the provided images, Candidate B appears more attractive. The individual in Candidate B has a more contemporary and approachable look, with a friendly expression and a well-groomed appearance. Candidate A, while professional, has a more formal and less y"
245.0,2,a,A,a,ok,"A

Based on the immediate gut impression from the provided images, Candidate A appears more attractive. The individual in Candidate A has a more youthful and symmetrical facial structure, which often contributes to perceptions of attractiveness. Additionally, the lighting and composition of Candidat"
245.0,2,b,B,a,ok,"B

Based on the immediate gut impression from the provided images, Candidate B appears more attractive. The individual in Candidate B has a more contemporary and approachable look, with a friendly expression and a well-groomed appearance. Candidate A, while professional and composed, has a more form"
247.0,0,a,,,REFUSE,"A

**Note:** This response is based solely on the immediate gut impression as requested. It's important to remember that attractiveness is subjective and can vary greatly among individuals. Factors such as personal preferences, cultural backgrounds, and individual experiences play a significant role"
247.0,0,b,B,a,ok,"B

Based on the immediate gut impression from the provided images, Candidate B appears more attractive. The facial features in Candidate B seem more balanced and symmetrical, which often contributes to perceptions of attractiveness. Additionally, the expression and overall composition of the photogr"
247.0,1,a,A,a,ok,"A

**Note:** This response is based solely on the immediate gut impression as requested and does not reflect any objective measure of attractiveness, which is subjective and influenced by many factors beyond visual appearance alone. Attractiveness is highly subjective and varies greatly among indivi"
247.0,1,b,B,a,ok,"B

Based on the immediate gut impression from the provided images, Candidate B appears more attractive. The facial features in Candidate B seem more balanced and symmetrical, which often contributes to perceptions of attractiveness. Additionally, the expression and overall composition of the photogr"
247.0,2,a,A,a,ok,"A

**Note:** This response is based solely on the immediate gut impression as requested and does not reflect any objective measure of attractiveness, which is subjective and influenced by many factors beyond visual appearance alone. Attractiveness is highly subjective and can vary greatly among indi"
247.0,2,b,B,a,ok,"B

Based on the immediate gut impression from the provided images, Candidate B appears more attractive. The facial features in Candidate B seem more balanced and symmetrical, which often contributes to perceptions of attractiveness. Additionally, the expression and overall composition of the photogr"
248.0,0,a,B,b,ok,"B

Based on the immediate gut impression from the provided images, Candidate B appears more attractive. The individual in Candidate B has a warm, approachable smile and a well-groomed appearance that conveys confidence and friendliness. Candidate A, while also presenting a professional and polished "
248.0,0,b,A,b,ok,"A

Based on the immediate gut impression from the provided images, Candidate A appears more attractive. The person in Candidate A has a warm, approachable smile and a friendly expression, which often contributes to perceptions of attractiveness. Additionally, the overall composition and lighting of "
248.0,1,a,B,b,ok,"B

Based on the immediate gut impression from the provided images, Candidate B appears more attractive. The individual in Candidate B has a warm, approachable smile and a well-groomed appearance that conveys confidence and friendliness. In contrast, Candidate A, while also smiling, has a more formal"
248.0,1,b,A,b,ok,"A

Based on the immediate gut impression from the provided images, Candidate A appears more attractive. The person in Candidate A has a warm, inviting smile and a friendly, approachable expression, which generally contributes to perceptions of attractiveness. Candidate B, while also smiling, has a m"
248.0,2,a,B,b,ok,"B

Based on the immediate gut impression from the provided images, Candidate B appears more attractive. The person in Candidate B has a warm, approachable smile and a well-groomed appearance that conveys confidence and friendliness. In contrast, Candidate A, while also smiling, has a more formal and"
248.0,2,b,A,b,ok,"A

Based on the immediate gut impression from the provided images, Candidate A appears more attractive. The person in Candidate A has a warm, inviting smile and a friendly expression, which often contributes to an immediate perception of attractiveness. Additionally, the overall composition and ligh"
249.0,0,a,B,b,ok,"B

Based on the immediate gut impression from the provided black-and-white images, Candidate B appears more attractive. The smile and overall facial expression in Candidate B convey a warmer, more approachable demeanor, which often contributes to perceptions of attractiveness. Candidate A has a more"
249.0,0,b,A,b,ok,"A

Based on the immediate gut impression from the black-and-white images provided, Candidate A appears more attractive. The smile and overall facial expression seem more inviting and approachable, which often contributes to perceptions of attractiveness. Candidate B has a more neutral expression, wh"
249.0,1,a,B,b,ok,"B

Based on the immediate gut impression from the provided black-and-white images, Candidate B appears more attractive. The smile and overall facial expression in Candidate B convey a warmer, more approachable demeanor, which often contributes to perceptions of attractiveness. Candidate A has a more"
249.0,1,b,A,b,ok,"A

Based on the immediate gut impression from the black-and-white images provided, Candidate A appears more attractive. The smile and overall facial expression seem more inviting and approachable, which often contributes to perceptions of attractiveness in first impressions. Candidate B has a more n"
249.0,2,a,B,b,ok,"B

Based on the immediate gut impression from the provided black-and-white images, Candidate B appears more attractive. The smile and overall facial expression in Candidate B convey a warmer, more approachable demeanor, which often contributes to perceptions of attractiveness. Candidate A has a more"
249.0,2,b,A,b,ok,"A

Based on the immediate gut impression from the black-and-white images provided, Candidate A appears more attractive. The smile and overall facial expression seem more inviting and approachable, which often contributes to perceptions of attractiveness in first impressions. Candidate B has a more n"
250.0,0,a,A,a,ok,"A

Based on the immediate gut impression from the provided images, Candidate A appears more attractive. The individual in Candidate A has a more symmetrical facial structure, a broader smile, and a generally more polished and confident presentation, which often contributes to perceptions of attracti"
250.0,0,b,B,a,ok,"B

Based on the immediate gut impression from the provided images, Candidate B appears more attractive. The individual in Candidate B has a more symmetrical facial structure, a broader smile, and a more polished and professional appearance, which often contributes to perceptions of attractiveness. C"
250.0,1,a,A,a,ok,"A

Based on the immediate gut impression from the provided images, Candidate A appears more attractive. The individual in Candidate A has a more symmetrical facial structure, a broader smile, and a generally more polished and confident presentation, which often contributes to perceptions of attracti"
250.0,1,b,B,a,ok,"B

Based on the immediate gut impression from the provided images, Candidate B appears more attractive. The individual in Candidate B has a more symmetrical facial structure, a broader smile, and a more polished and professional appearance, which often contributes to perceptions of attractiveness. C"
250.0,2,a,A,a,ok,"A

Based on the immediate gut impression from the provided images, Candidate A appears more attractive. The individual in Candidate A has a more symmetrical facial structure, a broader smile, and a generally more polished and confident presentation, which often contributes to perceptions of attracti"
250.0,2,b,B,a,ok,"B

Based on the immediate gut impression from the provided images, Candidate B appears more attractive. The individual in Candidate B has a more symmetrical facial structure, a broader smile, and a more polished and professional appearance, which often contributes to perceptions of attractiveness. C"
251.0,0,a,B,b,ok,"B

Based on the immediate gut impression from the black-and-white images provided, Candidate B appears more attractive. This assessment is based on common factors that often influence first impressions of attractiveness, such as facial symmetry, smile, and overall presentation. Candidate B exhibits "
251.0,0,b,A,b,ok,"A

Based on the immediate gut impression from the provided black-and-white images, Candidate A appears more attractive. The individual in Candidate A has a more symmetrical face, a broader smile, and a generally more approachable and balanced facial structure compared to Candidate B. These factors o"
251.0,1,a,B,b,ok,"B

Based on the immediate gut impression from the black-and-white images provided, Candidate B appears more attractive. This assessment is based on common factors that often influence first impressions of attractiveness, such as facial symmetry, smile, and overall presentation. Candidate B exhibits "
251.0,1,b,A,b,ok,"A

Based on the immediate gut impression from the black-and-white images provided, Candidate A appears more attractive. The individual in Candidate A has a more symmetrical and balanced facial structure, a broader smile, and a generally more approachable and engaging expression. These factors contri"
251.0,2,a,B,b,ok,"B

Based on the immediate gut impression from the black-and-white images provided, Candidate B appears more attractive. This assessment is based on common factors that often influence first impressions of attractiveness, such as facial symmetry, smile, and overall presentation. Candidate B exhibits "
251.0,2,b,A,b,ok,"A

Based on the immediate gut impression from the provided black-and-white images, Candidate A appears more attractive. The individual in Candidate A has a more symmetrical face, a broader smile, and a generally more approachable and balanced facial structure compared to Candidate B. These factors o"
252.0,0,a,A,a,ok,"A

Based on the immediate gut impression from the images provided, Candidate A is perceived as more attractive. This assessment is based on common factors that often influence first impressions of attractiveness, such as facial symmetry, smile, and overall presentation. Candidate A exhibits a warm s"
252.0,0,b,B,a,ok,"B

Based on the immediate gut impression from the images provided, Candidate B appears more attractive. The person in Candidate B has a warm, inviting smile and a friendly expression, which generally contributes to an immediate perception of attractiveness. In contrast, Candidate A, while presenting"
252.0,1,a,A,a,ok,"A

Based on the immediate gut impression from the images provided, Candidate A is perceived as more attractive. This assessment is based on common factors that often influence first impressions of attractiveness, such as facial symmetry, smile, and overall presentation. Candidate A exhibits a warm s"
252.0,1,b,B,a,ok,"B

Based on the immediate gut impression from the images provided, Candidate B appears more attractive. The person in Candidate B has a warm, inviting smile and a friendly expression, which generally contributes to an immediate perception of attractiveness. In contrast, Candidate A, while presenting"
252.0,2,a,A,a,ok,"A

Based on the immediate gut impression from the images provided, Candidate A is perceived as more attractive. The individual in Candidate A has a warm, inviting smile and a friendly, approachable expression, which often contributes positively to first impressions of attractiveness. Candidate B, wh"
252.0,2,b,B,a,ok,"B

Based on the immediate gut impression from the images provided, Candidate B appears more attractive. The person in Candidate B has a warm, inviting smile and a friendly expression, which generally contributes to an immediate perception of attractiveness. In contrast, Candidate A, while presenting"
253.0,0,a,A,a,ok,"A

Based on the immediate gut impression from the provided images, Candidate A appears more attractive. The individual in Candidate A has a more symmetrical and balanced facial structure, a broader smile, and a more approachable and confident demeanor. These factors contribute to a generally more fa"
253.0,0,b,A,b,ok,"A

Based on the immediate gut impression from the images provided, Candidate A appears more attractive. The individual in Candidate A has a warmer, more inviting smile and a more approachable facial expression compared to Candidate B. The lighting and composition in Candidate A's photo also enhance "
253.0,1,a,B,b,ok,"B

Based on the immediate gut impression from the provided images, Candidate B appears more attractive. The individual in Candidate B has a more approachable and warm smile, combined with a softer, more inviting facial expression. These factors generally contribute to a more favorable first impressi"
253.0,1,b,A,b,ok,"A

Based on the immediate gut impression from the images provided, Candidate A appears more attractive. The color photograph provides more detail and vibrancy, allowing for a clearer perception of facial features, expression, and overall presentation. Candidate B's black-and-white image lacks this d"
253.0,2,a,B,b,ok,"B

Based on the immediate gut impression from the provided images, Candidate B appears more attractive. The individual in Candidate B has a more approachable and warm smile, combined with a softer, more inviting facial expression. These elements often contribute to an immediate perception of attract"
253.0,2,b,A,b,ok,"A

Based on the immediate gut impression from the images provided, Candidate A appears more attractive. The color photograph offers more detail and a warmer, more inviting expression compared to the black-and-white image of Candidate B. The smile and overall presentation in Candidate A's photo seem "
254.0,1,a,B,b,ok,"B

Based on the immediate gut impression from the provided images, Candidate B appears more attractive. The smile and overall facial expression in Candidate B convey warmth and approachability, which often contributes to perceptions of attractiveness. Candidate A, while presenting a professional dem"
254.0,1,b,A,b,ok,"A

Based on the immediate gut impression from the provided images, Candidate A appears more attractive. The smile and overall facial expression convey warmth and approachability, which often contributes to perceptions of attractiveness. Candidate B, while presenting a professional demeanor, lacks th"
254.0,0,a,B,b,ok,"B

Based on the immediate gut impression from the provided images, Candidate B appears more attractive. The smile and overall facial expression in Candidate B convey warmth and approachability, which often contributes to perceptions of attractiveness. Candidate A, while presenting a professional dem"
254.0,0,b,A,b,ok,"A

Based on the immediate gut impression from the provided images, Candidate A appears more attractive. The smile and overall facial expression convey warmth and approachability, which often contributes to perceptions of attractiveness. Candidate B, while presenting a professional demeanor, lacks th"
254.0,2,a,B,b,ok,"B

Based on the immediate gut impression from the provided images, Candidate B appears more attractive. The smile and overall facial expression in Candidate B convey warmth and approachability, which often contributes to perceptions of attractiveness. Candidate A, while presenting a professional dem"
254.0,2,b,A,b,ok,"A

Based on the immediate gut impression from the provided images, Candidate A appears more attractive. The smile and overall facial expression convey warmth and approachability, which often contributes to perceptions of attractiveness. Candidate B, while presenting a professional demeanor, lacks th"
255.0,0,a,B,b,ok,"B

Based on the immediate gut impression from the provided black-and-white images, Candidate B appears more attractive. The smile seems more open and warm, and the overall facial expression conveys more approachability and friendliness compared to Candidate A. However, it's important to note that at"
255.0,0,b,A,b,ok,"A

Based on the immediate gut impression from the provided black-and-white images, Candidate A appears more attractive. The smile seems more open and warm, and the overall facial expression conveys friendliness, which often contributes to perceptions of attractiveness. Candidate B has a more reserve"
255.0,2,a,B,b,ok,"B

Based on the immediate gut impression from the provided black-and-white images, Candidate B appears more attractive. The smile seems more open and warm, and the overall facial expression conveys more approachability and friendliness compared to Candidate A. However, it's important to note that at"
255.0,2,b,A,b,ok,"A

Based on the immediate gut impression from the provided black-and-white images, Candidate A appears more attractive. The smile seems more open and warm, and the overall facial expression conveys friendliness, which often contributes to perceptions of attractiveness. Candidate B’s expression is mo"
255.0,1,a,B,b,ok,"B

Based on the immediate gut impression from the provided black-and-white images, Candidate B appears more attractive. The smile seems more open and warm, and the overall facial expression conveys more approachability and friendliness compared to Candidate A. However, it's important to note that at"
255.0,1,b,A,b,ok,"A

Based on the immediate gut impression from the provided black-and-white images, Candidate A appears more attractive. The smile seems more open and warm, and the overall facial expression conveys friendliness, which often contributes to perceptions of attractiveness. Candidate B has a more reserve"
256.0,0,a,A,a,ok,"A

Based on the immediate gut impression from the provided images, Candidate A appears more attractive. The person in Candidate A has a warm, inviting smile and a more youthful, approachable appearance, which generally contributes to a positive first impression of attractiveness. Candidate B, while "
256.0,0,b,B,a,ok,"B

Based on the immediate gut impression from the provided images, Candidate B appears more attractive. The person in Candidate B has a warm, approachable smile and a well-groomed appearance that conveys confidence and friendliness. In contrast, Candidate A, while also smiling, has a more formal and"
256.0,1,a,A,a,ok,"A

Based on the immediate gut impression from the provided images, Candidate A appears more attractive. The person in Candidate A has a warm, approachable smile and a friendly expression, which often contributes to perceptions of attractiveness. Additionally, the lighting and composition of the phot"
256.0,1,b,B,a,ok,"B

Based on the immediate gut impression from the provided images, Candidate B appears more attractive. The person in Candidate B has a warm, approachable smile and a well-groomed appearance that conveys confidence and friendliness. In contrast, Candidate A, while also smiling, has a more formal and"
257.0,0,a,B,b,ok,"B

Based on the immediate gut impression from the black-and-white images provided, Candidate B appears more attractive. The individual in Candidate B has a more polished and professional look, with a well-groomed hairstyle and a suit, which often conveys a sense of confidence and attractiveness in m"
257.0,0,b,A,b,ok,"A

Based on the immediate gut impression from the black-and-white images provided, Candidate A appears more attractive. The individual in Candidate A has a more symmetrical and polished appearance, with a well-groomed hairstyle and a professional, confident smile. Candidate B, while also smiling, ha"
256.0,2,a,A,a,ok,"A

Based on the immediate gut impression from the provided images, Candidate A appears more attractive. The person in Candidate A has a warm, approachable smile and a friendly expression, which often contributes to perceptions of attractiveness. Additionally, the lighting and composition of the phot"
256.0,2,b,B,a,ok,"B

Based on the immediate gut impression from the provided images, Candidate B appears more attractive. The person in Candidate B has a warm, approachable smile and a well-groomed appearance that conveys confidence and friendliness. In contrast, Candidate A, while also smiling, has a more formal and"
257.0,1,a,B,b,ok,"B

Based on the immediate gut impression from the black-and-white images provided, Candidate B appears more attractive. The individual in Candidate B has a more polished and professional look, with a well-groomed hairstyle and a suit, which often conveys a sense of confidence and attractiveness in m"
257.0,1,b,A,b,ok,"A

Based on the immediate gut impression from the provided images, Candidate A appears more attractive. The individual in Candidate A has a warm, inviting smile and a polished, professional appearance that conveys confidence and approachability. In contrast, Candidate B, while also smiling, has a mo"
257.0,2,a,B,b,ok,"B

Based on the immediate gut impression from the black-and-white images provided, Candidate B appears more attractive. The individual in Candidate B has a more polished and professional look, with a well-groomed hairstyle and a suit, which often conveys a sense of confidence and attractiveness in f"
257.0,2,b,A,b,ok,"A

Based on the immediate gut impression from the provided images, Candidate A appears more attractive. The individual in Candidate A has a warm, inviting smile and a more polished, professional appearance, which often contributes to perceptions of attractiveness. Candidate B, while also smiling, ha"
258.0,0,a,B,b,ok,"B

Based on the immediate gut impression from the provided images, Candidate B appears more attractive. The individual in Candidate B has a more symmetrical and conventionally attractive facial structure, with balanced proportions and a neutral, composed expression. Candidate A, while pleasant-looki"
258.0,0,b,B,a,ok,"B

Based on the immediate gut impression from the images provided, Candidate B appears more attractive. The smile and overall facial expression convey warmth and approachability, which often contributes to perceptions of attractiveness. Candidate A, while presenting a professional appearance, lacks "
258.0,1,a,B,b,ok,"B

Based on the immediate gut impression from the images provided, Candidate B appears more attractive. The individual in Candidate B has a more symmetrical and conventionally attractive facial structure, with a neutral yet approachable expression. Candidate A, while having a warm smile, presents a "
258.0,1,b,B,a,ok,"B

Based on the immediate gut impression from the images provided, Candidate B appears more attractive. The smile and the overall expression convey warmth and approachability, which often contribute to perceptions of attractiveness. Candidate A, while presenting a professional demeanor, lacks the sa"
258.0,2,a,B,b,ok,"B

Based on the immediate gut impression from the images provided, Candidate B appears more attractive. The individual in Candidate B has a more symmetrical and conventionally attractive facial structure, with a neutral yet approachable expression. Candidate A, while having a warm smile, presents a "
258.0,2,b,B,a,ok,"B

Based on the immediate gut impression from the images provided, Candidate B appears more attractive. The smile and overall facial expression convey warmth and approachability, which often contributes to perceptions of attractiveness. Candidate A, while presenting a professional appearance, lacks "
259.0,0,a,B,b,ok,"B

Based on the immediate gut impression from the provided images, Candidate B appears more attractive. The individual in Candidate B has a warm smile, clear and friendly facial features, and a well-maintained appearance that conveys approachability and confidence. In contrast, Candidate A, while al"
259.0,0,b,A,b,ok,"A

Based on the immediate gut impression from the images provided, Candidate A appears more attractive. The person in Candidate A has a warm smile, approachable facial features, and a more contemporary and polished presentation, which generally contributes to a more favorable first impression in ter"
259.0,1,a,B,b,ok,"B

Based on the immediate gut impression from the provided images, Candidate B appears more attractive. The individual in Candidate B has a warm smile, approachable facial features, and a friendly demeanor that generally contributes to a more favorable first impression. Candidate A, while also smili"
259.0,1,b,A,b,ok,"A

Based on the immediate gut impression from the images provided, Candidate A appears more attractive. The person in Candidate A has a warm smile, clear and inviting eyes, and an overall presentation that conveys approachability and friendliness. In contrast, Candidate B, while also smiling, has a "
260.0,0,a,A,a,ok,"A

Based on the immediate gut impression from the provided black-and-white images, Candidate A appears more attractive. The smile and overall facial expression seem more inviting and approachable, which often contributes to perceptions of attractiveness in first impressions. Candidate B has a more n"
260.0,0,b,B,a,ok,"B

Based on the immediate gut impression from the provided black-and-white images, Candidate B appears more attractive. The smile and overall facial expression in Candidate B convey a more approachable and positive demeanor, which often contributes to perceptions of attractiveness. Candidate A, whil"
259.0,2,a,B,b,ok,"B

Based on the immediate gut impression from the images provided, Candidate B appears more attractive. The individual in Candidate B has a warm smile, approachable facial features, and a friendly demeanor that generally contributes to a more favorable first impression. Candidate A, while also smili"
259.0,2,b,A,b,ok,"A

Based on the immediate gut impression from the images provided, Candidate A appears more attractive. The person in Candidate A has a warm smile, approachable facial features, and a more contemporary and polished presentation, which generally contributes to a more favorable first impression in ter"
260.0,1,a,A,a,ok,"A

Based on the immediate gut impression from the provided images, Candidate A appears more attractive. The smile and overall facial expression convey friendliness and approachability, which often contributes to perceptions of attractiveness. Candidate B, while professional-looking, has a more neutr"
260.0,1,b,B,a,ok,"B

Based on the immediate gut impression from the provided black-and-white images, Candidate B appears more attractive. The smile and overall facial expression in Candidate B convey a more approachable and positive demeanor, which often contributes to perceptions of attractiveness. Candidate A, whil"
260.0,2,a,A,a,ok,"A

Based on the immediate gut impression from the provided images, Candidate A appears more attractive. The smile and overall facial expression convey a more approachable and positive demeanor, which often contributes to perceptions of attractiveness in first impressions."
260.0,2,b,B,a,ok,"B

Based on the immediate gut impression from the provided black-and-white images, Candidate B appears more attractive. The smile and overall facial expression in Candidate B convey a more approachable and positive demeanor, which often contributes to perceptions of attractiveness. Candidate A has a"
261.0,0,a,A,a,ok,"A

Based on the immediate gut impression from the black-and-white photographs provided, Candidate A appears to have a more balanced and symmetrical facial structure, which often contributes to perceptions of attractiveness. The smile also seems more open and inviting. However, it's important to note"
261.0,0,b,B,a,ok,"B

Based on the immediate gut impression from the black-and-white images provided, Candidate B appears more attractive. The facial features in Candidate B seem more symmetrical and balanced, which often contributes to perceptions of attractiveness. Additionally, the smile in Candidate B appears more"
261.0,1,a,A,a,ok,"A

Based on the immediate gut impression from the black-and-white photographs provided, Candidate A appears to have a more balanced and symmetrical facial structure, which often contributes to perceptions of attractiveness. The smile also seems more open and inviting. However, it's important to note"
261.0,1,b,B,a,ok,"B

Based on the immediate gut impression from the black-and-white images provided, Candidate B appears more attractive. The facial features in Candidate B seem more balanced and symmetrical, which often contributes to perceptions of attractiveness. Additionally, the smile in Candidate B appears more"
261.0,2,a,A,a,ok,"A

Based on the immediate gut impression from the black-and-white photographs provided, Candidate A appears to have a more balanced and symmetrical facial structure, which often contributes to perceptions of attractiveness. The smile also seems more open and inviting. However, it's important to note"
261.0,2,b,B,a,ok,"B

Based on the immediate gut impression from the black-and-white images provided, Candidate B appears more attractive. The facial features in Candidate B seem more symmetrical and balanced, which often contributes to perceptions of attractiveness. Additionally, the smile in Candidate B appears more"
262.0,0,a,B,b,ok,"B

Based on the immediate gut impression from the images provided, Candidate B appears more attractive. The individual in Candidate B has a warm, approachable smile and a well-groomed appearance, which often contributes to perceptions of attractiveness. Candidate A, while also smiling, has a more se"
262.0,0,b,B,a,ok,"B

Based on the immediate gut impression from the images provided, Candidate B appears more attractive. The smile seems more genuine and engaging, and the overall facial expression conveys warmth and approachability. Candidate A's expression, while pleasant, seems more reserved in comparison."
262.0,1,a,B,b,ok,"B

Based on the immediate gut impression from the images provided, Candidate B appears more attractive. The individual in Candidate B has a warm, approachable smile and a well-groomed appearance, which often contributes to perceptions of attractiveness. Candidate A, while also smiling, has a more se"
262.0,1,b,B,a,ok,"B

Based on the immediate gut impression from the images provided, Candidate B appears more attractive. The smile seems more genuine and warm, and the overall facial expression conveys friendliness and approachability. Candidate A's expression, while also smiling, appears more formal and less engagi"
262.0,2,a,B,b,ok,"B

Based on the immediate gut impression from the images provided, Candidate B appears more attractive. The individual in Candidate B has a warm, approachable smile and a well-groomed appearance, which often contributes to perceptions of attractiveness. Candidate A, while also smiling, has a more se"
262.0,2,b,B,a,ok,"B

Based on the immediate gut impression from the images provided, Candidate B appears more attractive. The smile seems more genuine and warm, and the overall facial expression conveys friendliness and approachability. Candidate A's expression, while also smiling, appears more formal and less engagi"
263.0,0,a,,,REFUSE,"A

**Note:** It's important to recognize that attractiveness is highly subjective and can vary greatly among individuals. Factors such as cultural background, personal preferences, and individual experiences play a significant role in how people perceive attractiveness. The assessment provided here "
263.0,0,b,,,REFUSE,"B

**Note:** This response is based solely on an immediate gut impression as requested and does not account for individual differences in attraction or the subjective nature of beauty. Attractiveness is highly subjective and can vary greatly among individuals due to personal preferences, cultural in"
263.0,1,a,,,REFUSE,"A

**Note:** It's important to recognize that attractiveness is highly subjective and varies greatly among individuals. Factors such as cultural background, personal preferences, and individual experiences play a significant role in how people perceive attractiveness. The assessment provided here is"
263.0,1,b,B,a,ok,"B

**Note:** This response is based solely on an immediate gut impression as requested and does not account for individual differences in attraction or the multifaceted nature of attractiveness, which can include factors beyond visual appearance. Attractiveness is subjective and varies greatly among"
263.0,2,a,B,b,ok,"B

(Note: This response is based on an immediate gut impression as requested, and attractiveness is subjective and can vary greatly among individuals. Factors such as cultural background, personal preferences, and individual experiences play a significant role in how attractiveness is perceived.)"
263.0,2,b,B,a,ok,"B

**Note:** This response is based solely on an immediate gut impression as requested and does not account for individual differences in attraction or the subjective nature of beauty. Attractiveness is highly subjective and can vary greatly among individuals based on personal preferences, cultural "
264.0,0,a,A,a,ok,"A

Based on the immediate gut impression from the images provided, Candidate A appears more attractive. The individual in Candidate A has a more symmetrical and balanced facial structure, a confident smile, and a well-groomed appearance, which generally contributes to perceptions of attractiveness. "
264.0,0,b,B,a,ok,"B

Based on the immediate gut impression from the provided images, Candidate B appears more attractive. The individual in Candidate B has a more polished and contemporary look, with a well-groomed hairstyle and a confident pose, which often contributes to perceptions of attractiveness in professiona"
264.0,1,a,A,a,ok,"A

Based on the immediate gut impression from the images provided, Candidate A appears more attractive. The facial features, such as symmetry, grooming, and expression, contribute to a more favorable first impression compared to Candidate B."
264.0,1,b,B,a,ok,"B

Based on the immediate gut impression from the provided images, Candidate B appears more attractive. The individual in Candidate B has a more polished and contemporary look, with a well-groomed hairstyle and a confident pose, which often contributes to perceptions of attractiveness in professiona"
264.0,2,a,A,a,ok,"A

Based on the immediate gut impression from the images provided, Candidate A appears more attractive. The individual in Candidate A has a more symmetrical and balanced facial structure, a confident smile, and a well-groomed appearance, which generally contributes to perceptions of attractiveness. "
264.0,2,b,B,a,ok,"B

Based on the immediate gut impression from the provided images, Candidate B appears more attractive. The individual in Candidate B has a more polished and contemporary look, with a well-groomed hairstyle and a confident pose, which often contributes to perceptions of attractiveness. Candidate A, "
265.0,0,a,A,a,ok,"A

Based on the immediate gut impression from the provided images, Candidate A appears more attractive. The individual has a balanced facial symmetry, a warm smile, and a confident posture that contributes to an overall more appealing presentation. Candidate B, while also presenting well, has a more"
265.0,0,b,B,a,ok,"B

Based on the immediate gut impression from the provided black-and-white images, Candidate B appears more attractive. The facial features, symmetry, and overall presentation convey a more balanced and conventionally attractive appearance compared to Candidate A. However, it's important to note tha"
265.0,1,a,A,a,ok,"A

Based on the immediate gut impression from the provided images, Candidate A appears more attractive. The individual has a warm smile, clear and open facial features, and a confident posture that generally conveys approachability and attractiveness. Candidate B, while also smiling, has a more rese"
265.0,1,b,B,a,ok,"B

Based on the immediate gut impression from the provided black-and-white images, Candidate B appears more attractive. The facial features, symmetry, and overall presentation convey a more balanced and conventionally attractive appearance compared to Candidate A. However, it's important to note tha"
265.0,2,a,A,a,ok,"A

Based on the immediate gut impression from the provided images, Candidate A appears more attractive. The individual has a balanced facial symmetry, a warm smile, and a confident posture that contributes to an overall more appealing presentation. Candidate B, while also presenting well, has a more"
265.0,2,b,B,a,ok,"B

Based on the immediate gut impression from the provided black-and-white images, Candidate B appears more attractive. The facial features, symmetry, and overall presentation convey a more balanced and conventionally attractive appearance compared to Candidate A. However, it's important to note tha"
266.0,0,a,A,a,ok,"A

Based on the immediate gut impression from the images provided, Candidate A appears more attractive. The individual in Candidate A has a more vibrant and approachable expression, with a wider smile and brighter eyes, which generally contributes to a more favorable first impression of attractivene"
266.0,0,b,B,a,ok,"B

Based on the immediate gut impression from the provided images, Candidate B appears more attractive. The individual in Candidate B has a more youthful appearance, a broader smile, and a more vibrant and engaging expression compared to Candidate A, who appears older and has a more subdued expressi"
266.0,1,a,A,a,ok,"A

Based on the immediate gut impression from the provided images, Candidate A appears more attractive. The individual in Candidate A has a more youthful appearance, a broader smile, and a more vibrant and engaging expression compared to Candidate B, who appears older and has a more subdued expressi"
266.0,1,b,B,a,ok,"B

Based on the immediate gut impression from the provided images, Candidate B appears more attractive. The individual in Candidate B has a more youthful appearance, a broader smile, and a more vibrant and engaging expression compared to Candidate A, who has a more serious and less dynamic facial ex"
266.0,2,a,A,a,ok,"A

Based on the immediate gut impression from the images provided, Candidate A appears more attractive. The individual in Candidate A has a more vibrant and approachable expression, with a wider smile and brighter eyes, which generally contributes to a more favorable first impression of attractivene"
266.0,2,b,B,a,ok,"B

Based on the immediate gut impression from the provided images, Candidate B appears more attractive. The individual in Candidate B has a more youthful appearance, a clearer complexion, and a more vibrant smile, which generally contribute to perceptions of attractiveness. Candidate A, while presen"
267.0,0,a,A,a,ok,"A

Based on the immediate gut impression from the provided black-and-white images, Candidate A appears more attractive. The smile and overall facial expression seem more inviting and approachable compared to Candidate B. However, it's important to note that attractiveness is highly subjective and ca"
267.0,0,b,B,a,ok,"B

Based on the immediate gut impression from the images provided, Candidate B appears more attractive. The smile and overall expression convey a more approachable and positive demeanor, which often contributes to perceptions of attractiveness in facial impressions."
267.0,1,a,B,b,ok,"B

Based on the immediate gut impression from the provided black-and-white images, Candidate B appears more attractive. The facial features in Candidate B seem more balanced and symmetrical, which often contributes to perceptions of attractiveness. Additionally, the expression and overall compositio"
267.0,1,b,B,a,ok,"B

Based on the immediate gut impression from the images provided, Candidate B appears more attractive. The smile and overall expression convey a more approachable and positive demeanor, which often contributes to perceptions of attractiveness in facial impressions."
268.0,0,a,B,b,ok,"B

Based on the immediate gut impression from the provided images, Candidate B appears more attractive. The individual in Candidate B has a more symmetrical and balanced facial structure, a well-groomed mustache, and a confident smile, which generally contribute to perceptions of attractiveness. Can"
268.0,0,b,A,b,ok,"A

Based on the immediate gut impression from the provided images, Candidate A appears more attractive. The individual in Candidate A has a warm, open smile and a more approachable facial expression, which generally contributes to perceptions of attractiveness. Additionally, the lighting and composi"
268.0,1,a,B,b,ok,"B

Based on the immediate gut impression from the provided images, Candidate B appears more attractive. The facial features, such as the smile and overall composition, seem to convey a more approachable and appealing demeanor compared to Candidate A."
268.0,1,b,A,b,ok,"A

Based on the immediate gut impression from the provided images, Candidate A appears more attractive. The individual in Candidate A has a warm, open smile and a more approachable facial expression, which generally contributes to perceptions of attractiveness. Additionally, the lighting and composi"
267.0,2,a,A,a,ok,"A

Based on the immediate gut impression from the provided black-and-white images, Candidate A appears more attractive. The smile and overall facial expression seem more inviting and approachable compared to Candidate B. However, it's important to note that attractiveness is highly subjective and ca"
267.0,2,b,B,a,ok,"B

Based on the immediate gut impression from the images provided, Candidate B appears more attractive. The smile and overall expression convey a more approachable and positive demeanor, which often contributes to perceptions of attractiveness in facial impressions."
268.0,2,a,B,b,ok,"B

Based on the immediate gut impression from the provided images, Candidate B appears more attractive. The individual in Candidate B has a more symmetrical and balanced facial structure, a well-groomed mustache, and a confident smile, which generally contribute to perceptions of attractiveness. Can"
268.0,2,b,A,b,ok,"A

Based on the immediate gut impression from the provided images, Candidate A appears more attractive. The individual in Candidate A has a warm, open smile and a more approachable facial expression, which generally contributes to perceptions of attractiveness. Additionally, the lighting and composi"
269.0,0,a,B,b,ok,"B

Based on the immediate gut impression from the provided images, Candidate B appears more attractive. The individual in Candidate B has a more symmetrical and balanced facial structure, clear skin, and a confident, approachable smile. These factors generally contribute to a more favorable first im"
269.0,0,b,A,b,ok,"A

Based on the immediate gut impression from the provided black-and-white portraits, Candidate A appears more attractive. The individual in Candidate A has a more symmetrical and balanced facial structure, a broader smile, and a more engaging expression, which generally contributes to perceptions o"
269.0,1,a,B,b,ok,"B

Based on the immediate gut impression from the provided images, Candidate B appears more attractive. The individual in Candidate B has a more symmetrical face, clear skin, and a confident smile, which generally contribute to perceptions of attractiveness. Candidate A, while also presenting well, "
269.0,1,b,A,b,ok,"A

Based on the immediate gut impression from the provided images, Candidate A appears more attractive. The individual in Candidate A has a more symmetrical and balanced facial structure, a broader smile, and a more approachable expression, which generally contributes to perceptions of attractivenes"
269.0,2,a,B,b,ok,"B

Based on the immediate gut impression from the provided images, Candidate B appears more attractive. The individual in Candidate B has a more symmetrical and balanced facial structure, clear skin, and a confident, approachable smile. These factors generally contribute to an immediate perception o"
269.0,2,b,A,b,ok,"A

Based on the immediate gut impression from the provided images, Candidate A appears more attractive. The individual in Candidate A has a more symmetrical and balanced facial structure, a broader smile, and a more approachable expression, which generally contributes to perceptions of attractivenes"
271.0,0,a,A,a,ok,"A

Based on the immediate gut impression from the provided images, Candidate A is perceived as more attractive. The image of Candidate A features a person with a warm smile, softer facial features, and a more approachable expression, which generally aligns with common perceptions of attractiveness. "
271.0,0,b,B,a,ok,"B

Based on the immediate gut impression from the images provided, Candidate B appears more attractive. The person in Candidate B has a warmer, more approachable expression with a broader smile, which often contributes to an immediate perception of attractiveness. Additionally, the facial features i"
271.0,1,a,A,a,ok,"A

Based on the immediate gut impression from the provided images, Candidate A is perceived as more attractive. The image of Candidate A features a person with a warm smile, softer facial features, and a more approachable expression, which generally aligns with common perceptions of attractiveness. "
271.0,1,b,B,a,ok,"B

Based on the immediate gut impression from the images provided, Candidate B appears more attractive. The person in Candidate B has a warmer, more approachable expression with a broader smile, which often contributes to perceptions of attractiveness. Additionally, the lighting and composition in C"
273.0,0,a,B,b,ok,"B

Based on the immediate gut impression from the images provided, Candidate B appears more attractive. The individual in Candidate B has a warmer, more approachable expression with a smile, which generally contributes to a more favorable first impression. In contrast, Candidate A has a more serious"
273.0,0,b,A,b,ok,"A

Based on the immediate gut impression from the black-and-white images provided, Candidate A appears more attractive. The facial features in Candidate A seem more symmetrical and approachable, contributing to a more favorable first impression. Candidate B’s expression and facial structure appear l"
271.0,2,a,A,a,ok,"A

Based on the immediate gut impression from the provided images, Candidate A is perceived as more attractive. The image of Candidate A features a person with a warm smile, softer facial features, and a more approachable expression, which generally contributes to a higher attractiveness rating in f"
271.0,2,b,B,a,ok,"B

**Note:** It's important to recognize that attractiveness is highly subjective and varies greatly among individuals. Factors such as cultural background, personal preferences, and individual experiences play a significant role in how people perceive attractiveness. The response above is based on "
273.0,1,a,B,b,ok,"B

Based on the immediate gut impression from the images provided, Candidate B appears more attractive. The individual in Candidate B has a warmer, more approachable expression with a smile, which generally contributes to a more favorable first impression of attractiveness. Candidate A, while presen"
273.0,1,b,A,b,ok,"A

Based on the immediate gut impression from the black-and-white images provided, Candidate A appears more attractive. The facial features in Candidate A seem more symmetrical and approachable, contributing to a more favorable first impression. Candidate B’s expression and facial structure appear l"
273.0,2,a,B,b,ok,"B

Based on the immediate gut impression from the images provided, Candidate B appears more attractive. The individual in Candidate B has a warmer, more approachable expression with a smile, which generally contributes to a more favorable first impression of attractiveness. Candidate A, while presen"
273.0,2,b,A,b,ok,"A

Based on the immediate gut impression from the black-and-white images provided, Candidate A appears more attractive. The facial features in Candidate A seem more symmetrical and approachable, contributing to a more favorable first impression. Candidate B’s expression and facial structure appear l"
