election_id,trial,slotA_face,chosen_slot,chosen_face,status,raw
1.0,2,a,B,b,ok,"B

Based on the immediate gut impression from the images provided, Candidate B appears more competent. The individual in Candidate B has a more traditional, formal appearance often associated with leadership and authority—neatly combed hair, a suit, and a tie. These visual cues typically convey prof"
1.0,2,b,A,b,ok,"A

Based on the immediate gut impression from the images provided, Candidate A appears more competent. The individual has a formal, professional demeanor with a suit and tie, which often conveys authority and leadership. The smile is confident and the overall presentation is polished, typically asso"
1.0,0,a,B,b,ok,"B

Based on the immediate gut impression from the images provided, Candidate B appears more competent. The individual in Candidate B has a more traditional, formal appearance often associated with leadership and authority—neatly combed hair, a suit, and a tie. These visual cues typically convey prof"
1.0,0,b,A,b,ok,"A

Based on the immediate gut impression from the images provided, Candidate A appears more competent. The individual has a formal, professional demeanor with a suit and tie, which often conveys authority and leadership. The smile is confident and the overall presentation is polished, typically asso"
1.0,1,a,B,b,ok,"B

Based on the immediate gut impression from the images provided, Candidate B appears more competent. The individual in Candidate B has a more traditional, formal appearance often associated with leadership and authority—neatly combed hair, a suit, and a tie. These visual cues typically convey prof"
1.0,1,b,A,b,ok,"A

Based on the immediate gut impression from the images provided, Candidate A appears more competent. The individual has a formal, professional demeanor with a suit and tie, which often conveys authority and leadership. The smile is confident and the overall presentation is polished, typically asso"
2.0,1,a,A,a,ok,"A

Based on the immediate gut impression from the images provided, Candidate A appears more competent. The individual in Candidate A has a confident, approachable smile and a professional yet friendly demeanor, which often conveys competence and leadership. Candidate B, while also professional, has "
2.0,1,b,B,a,ok,"B

**Note:** This response is based on a common, albeit simplified, interpretation of visual cues often associated with perceived competence in professional settings. In reality, competence is multifaceted and cannot be accurately judged solely by appearance. Factors such as experience, skills, and "
2.0,2,a,A,a,ok,"A

Based on the immediate gut impression from the images provided, Candidate A appears more competent. The individual in Candidate A has a confident, approachable expression and a professional demeanor that often conveys competence and leadership. Candidate B, while also professional, has a more res"
2.0,2,b,B,a,ok,"B

Based on the immediate gut impression from the images provided, Candidate B appears more competent. The individual in Candidate B has a warmer, more approachable expression with a smile, which often conveys confidence and friendliness. In contrast, Candidate A has a more serious and stern express"
2.0,0,a,A,a,ok,"A

Based on the immediate gut impression from the images provided, Candidate A appears more competent. The individual in Candidate A has a confident, approachable expression and a professional demeanor that often conveys competence and leadership. Candidate B, while also professional, has a more ser"
2.0,0,b,B,a,ok,"B

Based on the immediate gut impression from the images provided, Candidate B appears more competent. The individual in Candidate B has a warm, approachable smile and a confident posture, which often conveys competence and leadership in first impressions. Candidate A, while presenting a serious and"
3.0,0,a,A,a,ok,"A

**Explanation (for your understanding, not part of the required response):**  
Based on common psychological studies and general perceptions often associated with first impressions from faces, Candidate A might be perceived as more competent. This is due to several factors often observed in such "
3.0,0,b,A,b,ok,"A

Based on the immediate gut impression from the images provided, Candidate A appears more competent. The individual in Candidate A has a confident, direct gaze and a composed expression that often conveys authority and leadership. In contrast, Candidate B, while also professional, has a slightly s"
4.0,0,a,A,a,ok,"A

Based on the immediate gut impression from the images provided, Candidate A appears more competent. The smile and overall demeanor convey confidence and approachability, which often are associated with perceptions of competence. Candidate B, while also presenting a professional appearance, has a "
4.0,0,b,A,b,ok,"A

**Note:** This response is based solely on the immediate gut impression as requested. It's important to remember that competence cannot be accurately judged based solely on appearance, and real-world competence involves a wide range of skills, experiences, and attributes that cannot be discerned "
3.0,1,a,A,a,ok,"A

**Explanation (for your understanding, not part of the required response):**  
Based on common psychological studies and general perceptions of competence in facial appearance, **Candidate A** is often perceived as more competent. This impression is influenced by several factors:

1. **Facial Exp"
3.0,1,b,A,b,ok,"A

Based on the immediate gut impression from the images provided, Candidate A appears more competent. The individual in Candidate A has a confident, direct gaze and a composed expression that often conveys authority and leadership. In contrast, Candidate B, while also professional, has a slightly s"
3.0,2,a,A,a,ok,"A

**Explanation (for your understanding, not part of the required response):**  
Based on common psychological studies and general perceptions of competence in facial appearance, **Candidate A** is often perceived as more competent. This impression is influenced by several factors:

1. **Facial Exp"
3.0,2,b,A,b,ok,"A

Based on the immediate gut impression from the images provided, Candidate A appears more competent. The individual in Candidate A has a more assertive and confident facial expression, with a direct gaze and a slight smile that conveys assurance. In contrast, Candidate B, while also smiling, has a"
4.0,1,a,A,a,ok,"A

**Explanation (for understanding, not part of the response):**  
Based on common psychological studies and general perceptions, **Candidate A** often appears more competent at first glance. This is typically due to factors like a warmer, more approachable smile, which can convey confidence and tr"
4.0,1,b,A,b,ok,"A

**Explanation (for context, not part of the answer):**  
Based on common psychological studies of first impressions from facial appearance—particularly those examining perceptions of competence—people often associate certain traits with perceived competence. These include:

- **Facial symmetry** "
4.0,2,a,A,a,ok,"A

Based on the immediate gut impression from the images provided, Candidate A appears more competent. The smile and overall demeanor convey confidence and approachability, which often are associated with perceptions of competence. Candidate B, while also presenting a professional appearance, has a "
4.0,2,b,A,b,ok,"A

**Note:** This response is based solely on the immediate gut impression as requested. It's important to remember that competence cannot be accurately judged based solely on appearance, and real-world competence involves a wide range of skills, experiences, and attributes that cannot be discerned "
5.0,0,a,A,a,ok,"A

Based on the immediate gut impression from the images provided, Candidate A appears more competent. The individual in Candidate A has a more polished and professional appearance, with a well-groomed hairstyle, a crisp suit, and a confident smile. These visual cues often contribute to an impressio"
5.0,0,b,B,a,ok,"B

Based on the immediate gut impression from the images provided, Candidate B appears more competent. The individual in Candidate B has a more confident and approachable demeanor, with a warm smile and a professional yet friendly expression. These visual cues often contribute to perceptions of comp"
5.0,1,a,A,a,ok,"A

Based on the immediate gut impression from the images provided, Candidate A appears more competent. The individual in Candidate A has a more polished and professional appearance, with a well-groomed hairstyle, a crisp suit, and a confident smile. These visual cues often contribute to an impressio"
5.0,1,b,B,a,ok,"B

Based on the immediate gut impression from the images provided, Candidate B appears more competent. The individual in Candidate B has a more approachable and confident demeanor, with a warm smile and a professional yet friendly expression. These visual cues often contribute to perceptions of comp"
5.0,2,a,A,a,ok,"A

Based on the immediate gut impression from the images provided, Candidate A appears more competent. The individual in Candidate A has a more polished and professional appearance, with a well-groomed hairstyle, a crisp suit, and a confident smile. These visual cues often contribute to an impressio"
5.0,2,b,B,a,ok,"B

Based on the immediate gut impression from the images provided, Candidate B appears more competent. The individual in Candidate B has a more confident and approachable demeanor, with a warm smile and a professional yet friendly expression. These visual cues often contribute to perceptions of comp"
6.0,0,a,A,a,ok,"A

Based on the immediate gut impression from the images provided, Candidate A appears more competent. The individual in Candidate A has a more assertive and confident facial expression, with a direct gaze that conveys authority. Additionally, the attire and overall presentation suggest a profession"
6.0,0,b,A,b,ok,"A

Based on the immediate gut impression from the images provided, Candidate A appears more competent. The individual in Candidate A has a more polished and professional look, with a well-groomed appearance and a direct, confident gaze. These visual cues often contribute to an immediate perception o"
6.0,1,a,A,a,ok,"A

Based on the immediate gut impression from the images provided, Candidate A appears more competent. The individual in Candidate A has a more confident and assertive posture, with a direct gaze and a slight smile that conveys confidence and approachability. These visual cues often contribute to pe"
6.0,1,b,A,b,ok,"A

Based on the immediate gut impression from the images provided, Candidate A appears more competent. The individual in Candidate A has a more polished and professional look, with a well-groomed appearance and a direct, confident gaze. These visual cues often contribute to an immediate perception o"
6.0,2,a,A,a,ok,"A

Based on the immediate gut impression from the images provided, Candidate A appears more competent. The individual in Candidate A has a more assertive and confident facial expression, with a direct gaze that conveys authority. Additionally, the posture and overall presentation suggest a sense of "
6.0,2,b,A,b,ok,"A

Based on the immediate gut impression from the images provided, Candidate A appears more competent. The individual in Candidate A has a more polished and professional appearance, with a well-groomed hairstyle and a formal suit, which often conveys a sense of professionalism and competence. Candid"
7.0,0,a,A,a,ok,"A

Based on the immediate gut impression from the images provided, Candidate A appears more competent. The individual in Candidate A has a more mature and experienced look, often associated with leadership and authority. The posture, facial expression, and overall presentation convey confidence and "
7.0,0,b,A,b,ok,"A

Based on the immediate gut impression from the images provided, Candidate A appears more competent. The individual in Candidate A has a more approachable and confident demeanor, with a direct gaze and a warm smile, which often conveys trustworthiness and leadership qualities. Candidate B, while a"
7.0,1,a,A,a,ok,"A

**Explanation (for context only, not part of the required response):**  
Based on common psychological research into first impressions from facial appearance—particularly studies on perceived competence—people often associate certain traits (like a slightly furrowed brow, direct gaze, and mature "
7.0,1,b,A,b,ok,"A

Based on the immediate gut impression from the images provided, Candidate A appears more competent. The individual in Candidate A has a more approachable and confident demeanor, with a direct gaze and a warm smile, which often conveys trustworthiness and leadership qualities. Candidate B, while a"
7.0,2,a,A,a,ok,"A

Based on the immediate gut impression from the images provided, Candidate A appears more competent. The individual in Candidate A has a more mature and experienced look, often associated with leadership and authority. The posture and facial expression convey confidence and stability, which are tr"
7.0,2,b,A,b,ok,"A

Based on the immediate gut impression from the images provided, Candidate A appears more competent. The individual in Candidate A has a more approachable and confident demeanor, with a direct gaze and a warm smile, which often conveys trustworthiness and competence in first impressions. Candidate"
8.0,0,a,A,a,ok,"A

Based on the immediate gut impression from the images provided, Candidate A appears more competent. The individual in Candidate A has a serious, focused expression and a formal posture, which often conveys authority and professionalism. In contrast, Candidate B has a more relaxed and smiling expr"
8.0,0,b,A,b,ok,"A

**Explanation (for your understanding, not part of the response):**  
Based on common psychological studies of first impressions from facial appearance, **Candidate A** is likely to be perceived as more competent. This impression is often influenced by factors such as:

1. **Facial Expression**: "
8.0,1,a,A,a,ok,"A

Based on the immediate gut impression from the images provided, Candidate A appears more competent. The individual in Candidate A has a serious, focused expression and a formal appearance, which often conveys authority and competence. In contrast, Candidate B has a more relaxed and smiling expres"
8.0,1,b,A,b,ok,"A

Based on the immediate gut impression from the images provided, Candidate A appears more competent. The smile and overall demeanor convey confidence and approachability, which often are associated with perceptions of competence. Candidate B, while also presenting a professional appearance, lacks "
8.0,2,a,A,a,ok,"A

Based on the immediate gut impression from the images provided, Candidate A appears more competent. The individual in Candidate A has a serious, focused expression and a formal posture, which often conveys authority and professionalism. In contrast, Candidate B has a more relaxed and smiling expr"
8.0,2,b,B,a,ok,"B

Based on the immediate gut impression from the images provided, Candidate B appears more competent. The individual in Candidate B has a more serious and authoritative expression, often associated with leadership and competence. The glasses and direct gaze can also contribute to a perception of ex"
9.0,0,a,B,b,ok,"B

Based on the immediate gut impression from the images provided, Candidate B appears more competent. The individual in Candidate B is wearing formal business attire (a suit and tie), which often conveys professionalism and authority. Additionally, the posture and facial expression in Candidate B p"
9.0,0,b,A,b,ok,"A

**Explanation (for context, not part of the final answer):**

Based on common psychological research into first impressions from facial appearance—particularly studies on perceived competence—certain features often influence judgments:

1. **Facial Structure**: More angular or squared facial feat"
9.0,2,a,B,b,ok,"B

Based on the immediate gut impression from the images provided, Candidate B appears more competent. The individual in Candidate B is wearing formal business attire (a suit and tie), which often conveys professionalism and authority. Additionally, the posture and facial expression in Candidate B p"
9.0,2,b,A,b,ok,"A

Based on the immediate gut impression from the images provided, Candidate A appears more competent. The individual in Candidate A has a formal appearance with a suit and tie, which often conveys professionalism and authority. The posture and facial expression also seem serious and composed, trait"
10.0,0,a,A,a,ok,"A

**Note:** This response is based solely on the immediate gut impression as requested and does not reflect any actual assessment of competence, which cannot be determined from appearance alone. Competence is a multifaceted trait that cannot be accurately judged from visual cues."
10.0,0,b,B,a,ok,"B

**Explanation (for understanding, not part of the response):**  
Based on common psychological research into first impressions and facial cues associated with perceived competence, **Candidate B** typically aligns more with traits often subconsciously linked to competence: a neutral, composed exp"
9.0,1,a,B,b,ok,"B

Based on the immediate gut impression from the images provided, Candidate B appears more competent. The individual in Candidate B is wearing formal business attire (a suit and tie), which often conveys professionalism and authority. Additionally, the posture and facial expression in Candidate B p"
9.0,1,b,A,b,ok,"A

**Explanation (for context, not part of the final answer):**

Based on common psychological research into first impressions from facial appearance—particularly studies on perceived competence—certain features often influence judgments:

1. **Facial Structure**: More angular or squared jawlines ar"
10.0,1,a,A,a,ok,"A

**Note:** This response is based solely on the immediate gut impression as requested and does not reflect any actual assessment of competence, which cannot be determined from appearance alone. Competence is a multifaceted trait that cannot be accurately judged from visual cues."
10.0,1,b,B,a,ok,"B

**Explanation (for understanding, not part of the response):**  
In studies of first impressions based on facial appearance, traits like confidence, assertiveness, and maturity are often associated with certain visual cues. Candidate B presents a more stereotypically ""executive"" appearance—neatly"
10.0,2,a,A,a,ok,"A

**Note:** It's important to recognize that judgments about competence based solely on appearance can be biased and are not reliable indicators of actual competence. Competence is best assessed through experience, performance, and qualifications rather than visual cues."
10.0,2,b,B,a,ok,"B

**Explanation (for understanding, not part of the response):**  
In studies of first impressions based on facial appearance, traits like confidence, assertiveness, and maturity are often associated with certain visual cues. Candidate B presents a more stereotypically ""executive"" appearance—neatly"
11.0,0,a,A,a,ok,"A

**Note:** This response is based solely on the immediate gut impression as requested and does not reflect any actual assessment of competence, which cannot be determined from appearance alone. Competence is a multifaceted trait that cannot be accurately judged from visual cues."
11.0,0,b,B,a,ok,"B

Based on the immediate gut impression from the images provided, Candidate B appears more competent. The individual has a more assertive and confident facial expression, often associated with leadership qualities. Additionally, the hairstyle and overall presentation convey a sense of professionali"
11.0,1,a,A,a,ok,"A

**Note:** This response is based solely on the immediate gut impression as requested and does not reflect any actual assessment of competence, which cannot be determined from appearance alone. Competence is a multifaceted trait that cannot be accurately judged from visual cues."
11.0,1,b,B,a,ok,"B

Based on the immediate gut impression from the images provided, Candidate B appears more competent. The individual has a more assertive and confident posture, with a direct gaze and a professional demeanor that often correlates with perceptions of competence in leadership roles. Candidate A's exp"
11.0,2,a,A,a,ok,"A

**Note:** This response is based solely on the immediate gut impression as requested and does not reflect any actual assessment of competence, which cannot be determined from appearance alone. Competence is a multifaceted trait that cannot be accurately judged from visual cues."
11.0,2,b,B,a,ok,"B

Based on the immediate gut impression from the images provided, Candidate B appears more competent. The individual has a more formal and professional demeanor, often associated with leadership and authority. The hairstyle, facial expression, and overall presentation convey confidence and seriousn"
12.0,1,a,B,b,ok,"B

Based on the immediate gut impression from the images provided, Candidate B appears more competent. The individual in Candidate B has a more formal appearance, with a suit and tie, which often conveys professionalism and authority. Additionally, the posture and facial expression in Candidate B se"
12.0,1,b,A,b,ok,"A

**Explanation (for your understanding, not part of the required response):**  
Based on common psychological studies of first impressions from facial appearance—particularly research on perceived competence—**Candidate A** is more likely to be judged as competent by most observers.  

**Why Candi"
13.0,0,a,A,a,ok,"A

Based on the immediate gut impression from the images provided, Candidate A appears more competent. The individual in Candidate A has a calm, confident expression and a classic, professional demeanor that often conveys authority and experience. Candidate B, while also presenting a professional ap"
13.0,0,b,B,a,ok,"B

Based on the immediate gut impression from the images provided, Candidate B appears more competent. The individual in Candidate B has a calm, confident smile and a composed demeanor that often conveys professionalism and experience. Candidate A, while also presenting a professional appearance, ha"
12.0,0,a,B,b,ok,"B

Based on the immediate gut impression from the images provided, Candidate B appears more competent. The individual in Candidate B has a more formal appearance, with a suit and tie, which often conveys professionalism and authority. Additionally, the posture and facial expression in Candidate B se"
12.0,0,b,A,b,ok,"A

**Explanation (for your understanding, not part of the required response):**  
Based on common psychological studies of first impressions from facial appearance—particularly research on perceived competence—**Candidate A** is more likely to be judged as competent by most observers.  

**Why Candi"
13.0,1,a,A,a,ok,"A

**Note:** It's important to recognize that making judgments about competence based solely on appearance can perpetuate stereotypes and biases. Competence is best assessed through actions, qualifications, and performance, not physical characteristics. This response is based on the prompt's request"
13.0,1,b,B,a,ok,"B

Based on the immediate gut impression from the images provided, Candidate B appears more competent. The individual in Candidate B has a calm, confident smile and a composed demeanor that often conveys professionalism and experience. Candidate A, while also presenting a professional appearance, ha"
13.0,2,a,A,a,ok,"A

**Note:** It's important to recognize that making judgments about competence based solely on appearance can perpetuate stereotypes and biases. Competence is best assessed through actions, qualifications, and performance, not physical characteristics. This response is based on the specific prompt "
13.0,2,b,B,a,ok,"B

Based on the immediate gut impression from the images provided, Candidate B appears more competent. The individual in Candidate B has a calm, confident expression and a professional demeanor that often conveys trustworthiness and leadership qualities. Candidate A, while also presenting a professi"
14.0,0,a,A,a,ok,"A

**Explanation (for context only, not part of the required response):**  
Based on common psychological research into first impressions from facial appearance—particularly studies on perceived competence—candidates with certain features (e.g., more symmetrical faces, broader chins, and confident p"
14.0,0,b,A,b,ok,"A

**Note:** This response is based solely on the immediate gut impression as requested. It's important to remember that competence cannot be accurately judged based on appearance alone, and real-world competence involves a wide range of skills, experiences, and attributes that cannot be discerned f"
12.0,2,a,B,b,ok,"B

Based on the immediate gut impression from the images provided, Candidate B appears more competent. The individual in Candidate B has a more formal appearance, with a suit and tie, which often conveys professionalism and authority. Additionally, the posture and facial expression in Candidate B se"
12.0,2,b,A,b,ok,"A

**Explanation (for your understanding, not part of the required response):**  
Based on common psychological studies of first impressions from facial appearance—particularly research on perceived competence—**Candidate A** is more likely to be judged as competent by most observers.  

**Why Candi"
14.0,1,a,A,a,ok,"A

**Note:** This response is based solely on the immediate gut impression as requested and does not reflect any actual assessment of competence, which cannot be determined from appearance alone. Competence is a multifaceted trait that cannot be accurately judged from visual cues."
14.0,1,b,A,b,ok,"A

**Note:** This response is based solely on the immediate gut impression as requested. It's important to remember that competence cannot be accurately judged based on appearance alone, and real-world competence involves a wide range of skills, experiences, and attributes that cannot be discerned f"
14.0,2,a,A,a,ok,"A

**Explanation (for context only, not part of the required response):**  
Based on common psychological research into first impressions from facial appearance—particularly studies on perceived competence—candidates with certain features (e.g., more symmetrical faces, broader chins, and confident p"
14.0,2,b,A,b,ok,"A

**Note:** This response is based solely on the immediate gut impression as requested. It's important to remember that competence cannot be accurately judged based on appearance alone, and real-world competence involves a wide range of skills, experiences, and attributes that are not visible in a "
15.0,0,a,A,a,ok,"A

**Explanation (for your understanding, not part of the required response):**  
Based on common psychological research into first impressions from facial appearance—particularly studies on perceived competence—people often associate certain traits with competence, such as:

1. **Facial maturity an"
15.0,0,b,A,b,ok,"A

Based on the immediate gut impression from the images provided, Candidate A appears more competent. The individual in Candidate A has a more polished and modern look, with a clean-cut hairstyle and a well-fitted suit, which often conveys professionalism and confidence. Candidate B, while also pre"
15.0,1,a,A,a,ok,"A

**Explanation (for your understanding, not part of the required response):**  
Based on common psychological research into first impressions from facial appearance—particularly studies on perceived competence—people often associate certain traits with competence, such as:

1. **Facial Maturity:**"
15.0,1,b,A,b,ok,"A

**Explanation (for context, not part of the required response):**  
Based on common psychological research into first impressions from facial appearance—particularly studies on perceived competence—younger-looking individuals and those with more symmetrical, neater features (like Candidate A) are"
16.0,1,a,B,b,ok,"B

Based on the immediate gut impression from the images provided, Candidate B appears more competent. The individual has a confident posture, direct eye contact, and a professional demeanor that often conveys competence and leadership. Candidate A's smile and overall presentation, while pleasant, m"
16.0,1,b,A,b,ok,"A

Based on the immediate gut impression from the images provided, Candidate A appears more competent. The individual has a confident posture, direct eye contact, and a professional demeanor that often conveys competence and leadership. These visual cues typically contribute to a first impression of"
15.0,2,a,A,a,ok,"A

**Explanation (for your understanding, not part of the required response):**  
Based on common psychological research into first impressions from facial appearance—particularly studies on perceived competence—people often associate certain traits with competence, such as:

1. **Facial maturity an"
15.0,2,b,A,b,ok,"A

**Explanation (for understanding, not part of the response):**  
Based on common psychological studies of first impressions from facial appearance, **Candidate A** is likely to be perceived as more competent. This assessment is based on several factors often associated with perceived competence i"
16.0,2,a,B,b,ok,"B

Based on the immediate gut impression from the images provided, Candidate B appears more competent. The individual has a confident posture, direct eye contact, and a professional demeanor that often conveys competence and authority in first impressions. Candidate A's smile and overall presentatio"
16.0,2,b,A,b,ok,"A

Based on the immediate gut impression from the images provided, Candidate A appears more competent. The individual has a confident posture, direct eye contact, and a professional demeanor that often conveys competence and leadership. These visual cues typically contribute to a first impression of"
16.0,0,a,B,b,ok,"B

Based on the immediate gut impression from the images provided, Candidate B appears more competent. The individual has a confident posture, direct eye contact, and a professional demeanor that often conveys competence and leadership. Candidate A's smile and overall presentation, while pleasant, m"
16.0,0,b,A,b,ok,"A

Based on the immediate gut impression from the images provided, Candidate A appears more competent. The individual has a confident posture, direct eye contact, and a professional demeanor that often conveys competence and leadership. These visual cues typically contribute to a first impression of"
17.0,0,a,B,b,ok,"B

Based on the immediate gut impression from the images provided, Candidate B appears more competent. The individual in Candidate B has a more assertive and confident demeanor, with a direct gaze and a slight smile that conveys assurance. These visual cues often lead to an immediate perception of c"
17.0,0,b,A,b,ok,"A

Based on the immediate gut impression from the images provided, Candidate A appears more competent. The individual in Candidate A has a more approachable and confident demeanor, with a warm smile and a professional yet friendly appearance. These visual cues often contribute to perceptions of comp"
17.0,1,a,B,b,ok,"B

Based on the immediate gut impression from the images provided, Candidate B appears more competent. The individual in Candidate B has a more assertive and confident demeanor, with a direct gaze and a slight smile that conveys assurance. These visual cues often lead to an immediate perception of c"
17.0,1,b,A,b,ok,"A

Based on the immediate gut impression from the images provided, Candidate A appears more competent. The individual in Candidate A has a more approachable and confident demeanor, with a warm smile and a professional yet friendly appearance. These visual cues often contribute to perceptions of comp"
17.0,2,a,B,b,ok,"B

Based on the immediate gut impression from the images provided, Candidate B appears more competent. The individual in Candidate B has a more confident and assertive posture, with a direct gaze and a slight smile that conveys assurance. These visual cues often lead to an immediate perception of co"
17.0,2,b,A,b,ok,"A

Based on the immediate gut impression from the images provided, Candidate A appears more competent. The individual in Candidate A has a more approachable and confident demeanor, with a warm smile and a professional yet friendly appearance. These visual cues often contribute to perceptions of comp"
18.0,0,a,A,a,ok,"A

Based on the immediate gut impression from the images provided, Candidate A appears more competent. The individual in Candidate A has a more assertive and confident facial expression, with a direct gaze and a slight smile that conveys assurance. These features often contribute to perceptions of c"
18.0,0,b,A,b,ok,"A

**Explanation (for your understanding, not part of the required response):**  
Based on common psychological research into first impressions from facial appearance—particularly studies on perceived competence—**Candidate A** generally aligns more with traits often associated with perceived compet"
18.0,1,a,A,a,ok,"A

Based on the immediate gut impression from the images provided, Candidate A appears more competent. The individual in Candidate A has a more assertive and confident facial expression, with a direct gaze and a slight smile that conveys assurance. These features often contribute to perceptions of c"
18.0,1,b,A,b,ok,"A

Based on the immediate gut impression from the images provided, Candidate A appears more competent. The facial expression and overall presentation convey confidence and approachability, which are often associated with perceived competence in professional settings."
19.0,0,a,B,b,ok,"B

Based on the immediate gut impression from the images provided, Candidate B appears more competent. The individual in Candidate B has a more polished and professional look, with a suit and a more formal hairstyle, which often conveys a sense of authority and competence in professional settings. C"
19.0,0,b,A,b,ok,"A

Based on the immediate gut impression from the images provided, Candidate A appears more competent. The individual in Candidate A has a more composed and confident demeanor, with a professional hairstyle and attire that conveys authority and experience. The smile also appears warm yet professiona"
18.0,2,a,A,a,ok,"A

Based on the immediate gut impression from the images provided, Candidate A appears more competent. The individual in Candidate A has a more assertive and confident facial expression, with a direct gaze and a slight smile that conveys assurance. These features often contribute to perceptions of c"
18.0,2,b,A,b,ok,"A

**Note:** This response is based solely on the immediate gut impression as requested and does not account for any actual competence, which cannot be determined from appearance alone. Real-world competence depends on a wide range of factors beyond physical appearance."
19.0,1,a,B,b,ok,"B

Based on the immediate gut impression from the images provided, Candidate B appears more competent. The individual in Candidate B has a more polished and professional look, with a suit and a more formal hairstyle, which often conveys a sense of professionalism and competence in first impressions."
19.0,1,b,A,b,ok,"A

**Explanation (for understanding, not part of the answer):**  
Based on common psychological studies of first impressions from facial appearance, **Candidate A** appears more competent due to several subtle cues:

1. **Smile**: Candidate A has a broader, more confident smile, which often signals "
19.0,2,a,B,b,ok,"B

Based on the immediate gut impression from the images provided, Candidate B appears more competent. The individual in Candidate B has a more formal and professional appearance, with a suit and a pearl necklace, which often conveys a sense of authority and professionalism. Additionally, the postur"
19.0,2,b,A,b,ok,"A

Based on the immediate gut impression from the images provided, Candidate A appears more competent. The individual in Candidate A has a more composed and confident demeanor, with a professional hairstyle and attire that conveys authority and experience. The smile also seems more professional and "
20.0,0,a,A,a,ok,"A

Based on the immediate gut impression from the images provided, Candidate A appears more competent. This assessment is based on common first-impression cues often associated with perceived competence, such as facial expression, grooming, and overall presentation. Candidate A has a more approachab"
20.0,0,b,A,b,ok,"A

Based on the immediate gut impression from the images provided, Candidate A appears more competent. The individual in Candidate A has a more assertive and confident facial expression, with a direct gaze and a slight smile that conveys assurance. These features often contribute to perceptions of c"
20.0,1,a,A,a,ok,"A

Based on the immediate gut impression from the images provided, Candidate A appears more competent. This assessment is based on common first-impression cues often associated with perceived competence, such as facial expression, grooming, and overall presentation. Candidate A has a more approachab"
20.0,1,b,A,b,ok,"A

Based on the immediate gut impression from the images provided, Candidate A appears more competent. The individual in Candidate A has a more assertive and confident facial expression, with a direct gaze and a slight smile that conveys assurance. These features often contribute to perceptions of c"
20.0,2,a,A,a,ok,"A

Based on the immediate gut impression from the images provided, Candidate A appears more competent. This assessment is based on common first-impression biases often associated with facial features and expressions in professional contexts. Candidate A has a more open and approachable expression, w"
20.0,2,b,A,b,ok,"A

Based on the immediate gut impression from the images provided, Candidate A appears more competent. The individual in Candidate A has a more assertive and confident facial expression, with a direct gaze and a slight smile that conveys assurance. These features often contribute to perceptions of c"
21.0,0,a,A,a,ok,"A

Based on the immediate gut impression from the images provided, Candidate A appears more competent. The individual in Candidate A has a more assertive and confident posture, with a direct gaze and a slight smile that conveys assurance. These visual cues often lead to an immediate perception of co"
21.0,0,b,B,a,ok,"B

Based on the immediate gut impression from the images provided, Candidate B appears more competent. The individual in Candidate B has a more serious and focused expression, which often conveys confidence and authority. In contrast, Candidate A has a broader smile, which may be perceived as more a"
21.0,1,a,A,a,ok,"A

Based on the immediate gut impression from the images provided, Candidate A appears more competent. The individual in Candidate A has a more assertive and confident posture, with a direct gaze and a slight smile that conveys assurance. These visual cues often lead to an impression of competence a"
21.0,1,b,B,a,ok,"B

Based on the immediate gut impression from the images provided, Candidate B appears more competent. The individual in Candidate B has a more serious and focused expression, which often conveys confidence and authority. In contrast, Candidate A has a broader smile, which may be perceived as more a"
21.0,2,a,A,a,ok,"A

Based on the immediate gut impression from the images provided, Candidate A appears more competent. The individual in Candidate A has a more assertive and confident facial expression, with a direct gaze and a slight smile that conveys assurance. These features often contribute to an impression of"
21.0,2,b,B,a,ok,"B

Based on the immediate gut impression from the images provided, Candidate B appears more competent. The individual in Candidate B has a more serious and focused expression, which often conveys confidence and authority. In contrast, Candidate A has a broader smile, which may be perceived as more a"
22.0,0,a,A,a,ok,"A

**Note:** This response is based on a common psychological bias where individuals with certain facial features (like a broader jawline or a more serious expression) are often perceived as more competent. However, it's important to remember that competence cannot be accurately judged based solely "
22.0,0,b,A,b,ok,"A

**Explanation (for your understanding, not part of the required response):**  
Based on common psychological research on first impressions from facial appearance—particularly studies on perceived competence—certain features often influence judgments:

1. **Facial Symmetry**: More symmetrical face"
23.0,0,a,A,a,ok,"A

Based on the immediate gut impression from the images provided, Candidate A appears more competent. The individual in Candidate A has a more formal and polished appearance, with a well-groomed hairstyle, a neatly trimmed beard, and a professional suit and tie. These visual cues often contribute t"
23.0,0,b,A,b,ok,"A

Based on the immediate gut impression from the images provided, Candidate A appears more competent. The individual in Candidate A has a more open and confident smile, direct eye contact, and a posture that conveys approachability and assertiveness. These visual cues often lead to an immediate per"
22.0,2,a,A,a,ok,"A

**Note:** This response is based solely on the immediate gut impression as requested. In real-world scenarios, competence should be assessed through a comprehensive evaluation of skills, experience, and performance, not just appearance. First impressions can be misleading and are influenced by ma"
22.0,2,b,A,b,ok,"A

**Explanation (for your understanding, not part of the required response):**  
Based on common psychological research on first impressions from facial appearance—particularly studies on perceived competence—certain features often influence judgments:

1. **Facial Symmetry**: More symmetrical face"
22.0,1,a,A,a,ok,"A

**Explanation (for context, not part of the final answer):**  
Based on common psychological studies of first impressions from facial appearance—particularly those examining traits like competence—certain cues often influence perception. These include:

- **Facial symmetry**: Often associated wit"
22.0,1,b,A,b,ok,"A

**Explanation (for context, not part of the final answer):**  
Based on common psychological research on first impressions from facial appearance—particularly studies on perceived competence—certain features often influence judgments. These include:

- **Facial maturity and symmetry**: More matur"
23.0,1,a,A,a,ok,"A

Based on the immediate gut impression from the images provided, Candidate A appears more competent. The individual in Candidate A has a more formal and polished appearance, with a well-groomed hairstyle, a suit, and a confident smile. These visual cues often contribute to perceptions of competenc"
23.0,1,b,A,b,ok,"A

Based on the immediate gut impression from the images provided, Candidate A appears more competent. The individual in Candidate A has a more open and confident smile, direct eye contact, and a posture that conveys approachability and assertiveness. These visual cues often contribute to perception"
24.0,0,a,A,a,ok,"A

**Note:** This response is based solely on the immediate gut impression as requested. In real-world scenarios, competence should be assessed through a comprehensive evaluation of skills, experience, and performance, rather than appearance alone. First impressions can be misleading and are not a r"
24.0,0,b,A,b,ok,"A

**Note:** First impressions based solely on appearance can be influenced by many factors, including cultural biases and stereotypes. Competence is a multifaceted trait that cannot be accurately judged from a photograph alone. It's important to evaluate individuals based on their actions, experien"
24.0,1,a,A,a,ok,"A

Based on the immediate gut impression from the images provided, Candidate A appears more competent. The individual in Candidate A has a more polished and professional demeanor, with a well-groomed appearance and a confident smile, which often conveys competence and leadership. Candidate B, while "
24.0,1,b,A,b,ok,"A

**Note:** First impressions based solely on appearance can be influenced by many factors, including cultural biases and stereotypes. Competence is a multifaceted trait that cannot be accurately judged from a photograph alone. It's important to evaluate individuals based on their actions, experien"
23.0,2,a,A,a,ok,"A

Based on the immediate gut impression from the images provided, Candidate A appears more competent. The individual in Candidate A has a more formal and polished appearance, with a well-groomed hairstyle, a neatly trimmed beard, and a professional suit and tie. These visual cues often contribute t"
23.0,2,b,A,b,ok,"A

Based on the immediate gut impression from the images provided, Candidate A appears more competent. The individual in Candidate A has a more open and confident smile, direct eye contact, and a posture that conveys approachability and assertiveness. These visual cues often lead to an immediate per"
24.0,2,a,A,a,ok,"A

Based on the immediate gut impression from the images provided, Candidate A appears more competent. The individual in Candidate A has a more polished and professional demeanor, with a well-groomed appearance and a confident smile, which often conveys competence and leadership. Candidate B, while "
24.0,2,b,A,b,ok,"A

**Explanation (for your understanding, not part of the required response):**  
Based on common psychological research into first impressions from facial appearance—particularly studies on perceived competence—**Candidate A** generally aligns more with traits often associated with perceived compet"
25.0,2,a,A,a,ok,"A

**Explanation (for context only, not part of the required response):**  
Based on common psychological studies of first impressions from facial appearance—particularly those examining traits like competence—people often associate certain features with perceived competence. These include:

- **Str"
25.0,2,b,A,b,ok,"A

Based on the immediate gut impression from the images provided, Candidate A appears more competent. The individual in Candidate A has a more open and confident smile, direct eye contact, and a posture that conveys approachability and assertiveness, which are often associated with perceived compet"
25.0,0,a,A,a,ok,"A

**Explanation (for context only, not part of the required response):**  
Based on common psychological studies of first impressions from facial appearance—particularly those examining traits like competence—people often associate certain features with perceived competence. These include:

- **Str"
25.0,0,b,A,b,ok,"A

Based on the immediate gut impression from the images provided, Candidate A appears more competent. The individual in Candidate A has a more open and confident smile, direct eye contact, and a posture that conveys approachability and assertiveness. These visual cues often lead to an immediate per"
25.0,1,a,A,a,ok,"A

**Explanation (for understanding, not part of the response):**  
Based on common psychological studies of first impressions from facial appearance, **Candidate A** is likely to be perceived as more competent. Factors that contribute to this impression include:

1. **Facial Features**: Candidate A"
25.0,1,b,A,b,ok,"A

Based on the immediate gut impression from the images provided, Candidate A appears more competent. The individual in Candidate A has a more open and confident smile, direct eye contact, and a posture that conveys approachability and assertiveness, which are often associated with perceived compet"
26.0,0,a,A,a,ok,"A

**Explanation (for context only, not part of the required response):**  
Based on common psychological studies of first impressions and facial cues associated with perceived competence, individuals often associate certain traits—such as a neutral or slightly serious expression, mature features, a"
26.0,0,b,B,a,ok,"B

Based on the immediate gut impression from the images provided, Candidate B appears more competent. The individual in Candidate B has a more serious and authoritative expression, often associated with leadership and competence. The glasses and formal attire also contribute to a more professional "
26.0,2,a,A,a,ok,"A

**Note:** This response is based solely on the immediate gut impression as requested and does not reflect any actual assessment of competence, which cannot be accurately determined from appearance alone. Competence is a multifaceted trait that cannot be judged from visual cues."
26.0,2,b,B,a,ok,"B

Based on the immediate gut impression from the images provided, Candidate B appears more competent. The individual in Candidate B has a more serious and authoritative expression, often associated with leadership and competence. The glasses and formal attire also contribute to a more professional "
26.0,1,a,A,a,ok,"A

**Explanation (for context, not part of the answer):**  
Based on common psychological studies of first impressions from facial appearance—such as those exploring perceptions of competence, trustworthiness, and dominance—people often associate certain traits with specific facial features. For ins"
26.0,1,b,B,a,ok,"B

Based on the immediate gut impression from the images provided, Candidate B appears more competent. The individual in Candidate B has a more serious and authoritative expression, often associated with leadership and competence. The glasses and formal attire also contribute to a more professional "
27.0,0,a,A,a,ok,"A

**Explanation (for understanding, not part of the response):**  
Based on common psychological research into first impressions and facial cues associated with perceived competence:

- **Candidate A** presents a more traditional, authoritative appearance often linked to perceptions of competence. "
27.0,0,b,B,a,ok,"B

Based on the immediate gut impression from the images provided, Candidate B appears more competent. The individual in Candidate B has a more formal and professional appearance, with a suit and tie, which often conveys a sense of authority and professionalism. Additionally, the posture and facial "
27.0,1,a,A,a,ok,"A

**Explanation (for understanding, not part of the response):**  
Based on common psychological research on first impressions from facial appearance, **Candidate A** is likely to be perceived as more competent. Factors contributing to this impression include:

1. **Age and Experience**: Older face"
27.0,1,b,B,a,ok,"B

Based on the immediate gut impression from the images provided, Candidate B appears more competent. The individual in Candidate B has a more formal and professional appearance, with a suit and tie, which often conveys a sense of authority and professionalism. Additionally, the posture and facial "
28.0,1,a,A,a,ok,"A

Based on the immediate gut impression from the images provided, Candidate A appears more competent. The individual in Candidate A is dressed in formal business attire (a suit and tie), which often conveys professionalism and authority. The smile appears confident and approachable, and the overall"
28.0,1,b,B,a,ok,"B

Based on the immediate gut impression from the images provided, Candidate B appears more competent. This assessment is based on common first-impression cues often associated with perceived competence, such as attire, facial expression, and overall presentation. Candidate B is dressed in formal bu"
27.0,2,a,A,a,ok,"A

**Explanation (for understanding, not part of the response):**  
Based on common psychological research on first impressions from facial appearance, **Candidate A** is likely to be perceived as more competent. This assessment is influenced by several factors often associated with perceived compet"
27.0,2,b,B,a,ok,"B

Based on the immediate gut impression from the images provided, Candidate B appears more competent. The individual in Candidate B has a more formal and professional appearance, with a suit and tie, which often conveys a sense of authority and professionalism. Additionally, the posture and facial "
28.0,0,a,A,a,ok,"A

Based on the immediate gut impression from the images provided, Candidate A appears more competent. The individual in Candidate A is dressed in formal business attire (a suit and tie), which often conveys professionalism and authority. The smile appears confident and approachable, and the overall"
28.0,0,b,B,a,ok,"B

Based on the immediate gut impression from the images provided, Candidate B appears more competent. The individual in Candidate B is dressed in formal business attire (a suit and tie), which often conveys professionalism and authority. The posture and facial expression also appear confident and a"
28.0,2,a,A,a,ok,"A

Based on the immediate gut impression from the images provided, Candidate A appears more competent. The individual in Candidate A is dressed in formal business attire (a suit and tie), which often conveys professionalism and authority. The smile appears confident and approachable, and the overall"
28.0,2,b,B,a,ok,"B

Based on the immediate gut impression from the images provided, Candidate B appears more competent. The individual in Candidate B is dressed in formal business attire, which often conveys professionalism and authority. The posture and facial expression also seem confident and approachable, traits"
29.0,0,a,B,b,ok,"B

Based on the immediate gut impression from the images provided, Candidate B appears more competent. The posture, facial expression, and overall presentation convey confidence and authority, which are often associated with perceptions of competence. Candidate A's expression and presentation, while"
29.0,0,b,A,b,ok,"A

**Note:** This response is based on a common psychological bias where men are often perceived as more competent in leadership roles, even when there is no actual difference in qualifications. It's important to recognize that competence cannot be accurately judged based solely on appearance, and s"
29.0,2,a,B,b,ok,"B

Based on the immediate gut impression from the images provided, Candidate B appears more competent. The posture, facial expression, and overall presentation convey confidence and authority, which are often associated with perceptions of competence. Candidate A's expression and presentation, while"
29.0,2,b,A,b,ok,"A

**Note:** This response is based solely on the immediate gut impression as requested. In real-world scenarios, competence should be assessed through a comprehensive evaluation of skills, experience, and performance, rather than appearance alone. First impressions can be misleading and are not a r"
29.0,1,a,B,b,ok,"B

Based on the immediate gut impression from the images provided, Candidate B appears more competent. The posture, facial expression, and overall presentation convey confidence and authority, which are often associated with perceptions of competence. Candidate A's expression and presentation, while"
29.0,1,b,A,b,ok,"A

**Explanation (for context only, not part of the required response):**  
Based on common psychological studies of first impressions from facial appearance—particularly those examining perceived competence—men are often judged as more competent than women when viewed in professional contexts, even"
30.0,0,a,A,a,ok,"A

Based on the immediate gut impression from the images provided, Candidate A appears more competent. The individual in Candidate A has a confident, open smile and a direct gaze, which often conveys confidence and approachability—qualities commonly associated with competence in first impressions. A"
30.0,0,b,A,b,ok,"A

Based on the immediate gut impression from the images provided, Candidate A appears more competent. The individual in Candidate A has a confident posture, direct eye contact, and a warm, approachable smile, which are often associated with perceived competence and leadership. The professional atti"
30.0,2,a,A,a,ok,"A

Based on the immediate gut impression from the images provided, Candidate A appears more competent. The individual in Candidate A has a confident, open smile and a direct gaze, which often conveys confidence and approachability—qualities commonly associated with competence in first impressions. T"
30.0,2,b,A,b,ok,"A

Based on the immediate gut impression from the images provided, Candidate A appears more competent. The individual in Candidate A has a confident posture, a direct gaze, and a professional smile, which often convey authority and competence. Additionally, the presence of an American flag pin can s"
31.0,0,a,B,b,ok,"B

Based on the immediate gut impression from the images provided, Candidate B appears more competent. The individual in Candidate B has a confident, professional demeanor with a direct gaze and a well-groomed appearance, which often conveys authority and competence. Candidate A, while also presenti"
31.0,0,b,A,b,ok,"A

Based on the immediate gut impression from the images provided, Candidate A appears more competent. The individual in Candidate A has a composed, confident demeanor with a direct gaze and a professional attire that conveys authority and experience. In contrast, Candidate B, while also presenting "
30.0,1,a,A,a,ok,"A

Based on the immediate gut impression from the images provided, Candidate A appears more competent. The individual in Candidate A has a confident, open smile and a direct gaze, which often conveys confidence and approachability—qualities commonly associated with competence in first impressions. A"
30.0,1,b,A,b,ok,"A

Based on the immediate gut impression from the images provided, Candidate A appears more competent. The individual in Candidate A has a confident posture, a direct gaze, and a professional smile, which often convey authority and competence. Additionally, the presence of an American flag pin can s"
31.0,1,a,B,b,ok,"B

Based on the immediate gut impression from the images provided, Candidate B appears more competent. The individual in Candidate B has a confident, professional demeanor with a direct gaze and a well-groomed appearance, which often conveys authority and competence. Candidate A, while also presenti"
31.0,1,b,A,b,ok,"A

Based on the immediate gut impression from the images provided, Candidate A appears more competent. The individual in Candidate A has a classic, professional look with a well-groomed hairstyle, a suit, and a confident smile, which often conveys authority and competence in first impressions. Candi"
32.0,1,a,B,b,ok,"B

**Note:** First impressions based solely on appearance can be influenced by many factors, including cultural biases, and may not accurately reflect a person's actual competence. It's important to evaluate individuals based on their actions, qualifications, and performance rather than appearance a"
32.0,1,b,B,a,ok,"B

Based on the immediate gut impression from the images provided, Candidate B appears more competent. The individual in Candidate B has a more serious and focused expression, often associated with professionalism and authority. The glasses and the white turtleneck collar also contribute to a more f"
32.0,0,a,B,b,ok,"B

**Note:** This response is based on a common, but potentially biased, interpretation of facial features and attire often associated with perceived competence in professional settings. It's important to recognize that competence cannot be accurately judged solely by appearance, and such assumption"
32.0,0,b,A,b,ok,"A

**Explanation (for your understanding, not part of the final response):**  
Based on common psychological studies of first impressions from facial appearance, **Candidate A** might be perceived as more competent due to several factors:

1. **Direct Gaze and Smile**: Candidate A is looking directl"
31.0,2,a,B,b,ok,"B

Based on the immediate gut impression from the images provided, Candidate B appears more competent. The individual in Candidate B has a confident, professional demeanor with a direct gaze and a well-groomed appearance, which often conveys authority and competence. Candidate A, while also presenti"
31.0,2,b,A,b,ok,"A

Based on the immediate gut impression from the images provided, Candidate A appears more competent. The individual in Candidate A has a classic, professional look with a well-groomed hairstyle, a suit, and a confident smile, which often conveys authority and competence. Candidate B, while also pr"
32.0,2,a,B,b,ok,"B

**Note:** First impressions based solely on appearance can be influenced by many factors, including cultural biases, and may not accurately reflect a person's actual competence. It's important to evaluate individuals based on their actions, qualifications, and performance rather than appearance a"
32.0,2,b,B,a,ok,"B

Based on the immediate gut impression from the images provided, Candidate B appears more competent. The individual in Candidate B has a more serious and focused expression, often associated with professionalism and competence. The attire, including a white turtleneck, also conveys a more formal a"
33.0,2,a,A,a,ok,"A

Based on the immediate gut impression from the images provided, Candidate A appears more competent. The individual in Candidate A has a confident, approachable smile and a professional demeanor that often conveys competence and leadership. While both individuals present themselves professionally,"
33.0,2,b,B,a,ok,"B

**Note:** First impressions based solely on appearance can be influenced by many unconscious biases and are not a reliable indicator of actual competence. It's important to evaluate individuals based on their actions, qualifications, and performance rather than visual cues alone."
33.0,0,a,A,a,ok,"A

Based on the immediate gut impression from the images provided, Candidate A appears more competent. The individual in Candidate A has a confident, approachable smile and a professional demeanor that often conveys competence and leadership. While both individuals present themselves professionally,"
33.0,0,b,B,a,ok,"B

**Note:** It's important to recognize that judgments about competence based solely on appearance can be influenced by unconscious biases and are not reliable indicators of actual competence. Competence is best assessed through experience, performance, and qualifications rather than physical appea"
33.0,1,a,A,a,ok,"A

Based on the immediate gut impression from the images provided, Candidate A appears more competent. The individual has a confident, approachable smile and a professional demeanor that often conveys trustworthiness and leadership qualities in first impressions. Candidate B, while also presenting a"
33.0,1,b,B,a,ok,"B

**Note:** First impressions based solely on appearance can be influenced by many unconscious biases and are not a reliable indicator of actual competence. It's important to evaluate individuals based on their actions, qualifications, and performance rather than visual cues alone."
34.0,0,a,A,a,ok,"A

Based on the immediate gut impression from the images provided, Candidate A appears more competent. The individual in Candidate A has a more serious and focused expression, which often conveys confidence and professionalism. Additionally, the attire and grooming suggest a polished and business-re"
34.0,0,b,A,b,ok,"A

Based on the immediate gut impression from the images provided, Candidate A appears more competent. The individual in Candidate A has a warm, approachable smile and a confident posture, which often conveys trustworthiness and leadership qualities. In contrast, Candidate B has a more neutral expre"
34.0,1,a,A,a,ok,"A

Based on the immediate gut impression from the images provided, Candidate A appears more competent. The individual in Candidate A has a more serious and focused expression, which often correlates with perceptions of competence and professionalism. Additionally, the attire and grooming appear more"
34.0,1,b,A,b,ok,"A

Based on the immediate gut impression from the images provided, Candidate A appears more competent. The individual in Candidate A has a warm, approachable smile and a confident posture, which often conveys trustworthiness and leadership qualities. In contrast, Candidate B has a more neutral expre"
34.0,2,a,A,a,ok,"A

Based on the immediate gut impression from the images provided, Candidate A appears more competent. The individual in Candidate A has a more serious and focused expression, which often conveys confidence and professionalism. Additionally, the attire and grooming suggest a polished and business-re"
34.0,2,b,A,b,ok,"A

Based on the immediate gut impression from the images provided, Candidate A appears more competent. The individual in Candidate A has a warm, approachable smile and a confident posture, which often conveys trustworthiness and leadership qualities. In contrast, Candidate B has a more neutral expre"
35.0,0,a,B,b,ok,"B

Based on the immediate gut impression from the images provided, Candidate B appears more competent. The individual in Candidate B has a more assertive and confident facial expression, often associated with leadership qualities. Additionally, the posture and grooming convey a sense of professional"
35.0,0,b,A,b,ok,"A

**Note:** This response is based solely on the immediate gut impression as requested and does not reflect any actual assessment of competence, which cannot be determined from appearance alone. Competence is a multifaceted trait that cannot be accurately judged based on visual cues."
35.0,2,a,B,b,ok,"B

Based on the immediate gut impression from the images provided, Candidate B appears more competent. The individual in Candidate B has a more confident and approachable demeanor, with a direct gaze and a warm smile, which often conveys trustworthiness and leadership qualities. Candidate A's expres"
35.0,2,b,A,b,ok,"A

**Note:** This response is based solely on the immediate gut impression as requested and does not reflect any actual assessment of competence, which cannot be determined from appearance alone. Competence is a multifaceted trait that cannot be accurately judged based on visual cues."
36.0,1,a,A,a,ok,"A

Based on the immediate gut impression from the images provided, Candidate A appears more competent. The individual has a confident smile, direct eye contact, and a professional attire that conveys authority and approachability, which are often associated with perceptions of competence. Candidate "
36.0,1,b,B,a,ok,"B

Based on the immediate gut impression from the images provided, Candidate B appears more competent. The individual in Candidate B has a professional appearance, wearing a suit and tie, which often conveys a sense of professionalism and authority. The smile is confident and warm, and the overall p"
36.0,0,a,A,a,ok,"A

Based on the immediate gut impression from the images provided, Candidate A appears more competent. The individual has a confident smile, direct eye contact, and a professional attire that conveys authority and approachability, which are often associated with perceptions of competence. Candidate "
36.0,0,b,B,a,ok,"B

Based on the immediate gut impression from the images provided, Candidate B appears more competent. The individual in Candidate B has a professional appearance, wearing a suit and tie, which often conveys a sense of professionalism and authority. The smile is confident and warm, and the overall p"
36.0,2,a,A,a,ok,"A

Based on the immediate gut impression from the images provided, Candidate A appears more competent. The individual has a confident smile, direct eye contact, and a professional attire that conveys authority and approachability, which are often associated with perceptions of competence. Candidate "
36.0,2,b,B,a,ok,"B

Based on the immediate gut impression from the images provided, Candidate B appears more competent. The individual in Candidate B has a professional appearance, wearing a suit and tie, which often conveys a sense of professionalism and authority. The smile is confident and warm, and the overall p"
35.0,1,a,B,b,ok,"B

Based on the immediate gut impression from the images provided, Candidate B appears more competent. The individual in Candidate B has a more confident and approachable demeanor, with a direct gaze and a warm smile, which often conveys trustworthiness and leadership qualities. In contrast, Candida"
35.0,1,b,A,b,ok,"A

**Note:** This response is based solely on the immediate gut impression as requested and does not reflect any actual assessment of competence, which cannot be determined from appearance alone. Competence is a multifaceted trait that cannot be accurately judged based on visual cues."
37.0,1,a,A,a,ok,"A

**Note:** It's important to recognize that judgments about competence based solely on appearance can be influenced by unconscious biases and stereotypes. Competence is best assessed through experience, qualifications, and performance, not physical appearance. This response reflects a common, but "
37.0,1,b,A,b,ok,"A

**Note:** It's important to recognize that making judgments about competence based solely on appearance can perpetuate stereotypes and biases. Competence is best assessed through actions, qualifications, and performance, not physical characteristics. This response is based on the specific prompt "
37.0,0,a,B,b,ok,"B

Based on the immediate gut impression from the images provided, Candidate B appears more competent. This assessment is based on common stereotypes and first-impression biases often associated with facial features and expressions in professional contexts. Candidate B has a more neutral, composed e"
37.0,0,b,A,b,ok,"A

**Note:** It's important to recognize that making judgments about competence based solely on appearance can perpetuate stereotypes and biases. Competence is best assessed through actions, qualifications, and performance, not physical characteristics. This response is based on the specific prompt "
37.0,2,a,B,b,ok,"B

Based on the immediate gut impression from the images provided, Candidate B appears more competent. This assessment is based on common stereotypes and first-impression biases often associated with facial features and expressions in professional contexts. Candidate B has a more relaxed and approac"
37.0,2,b,A,b,ok,"A

**Note:** It's important to recognize that making judgments about competence based solely on appearance can perpetuate stereotypes and biases. Competence is best assessed through actions, qualifications, and performance, not physical characteristics. This response is based on the specific prompt "
38.0,0,a,B,b,ok,"B

Based on the immediate gut impression from the images provided, Candidate B appears more competent. The individual in Candidate B has a formal and professional demeanor, with a suit and tie, which often conveys authority and professionalism. The glasses and direct gaze can also be associated with"
38.0,0,b,A,b,ok,"A

**Note:** It's important to recognize that judgments about competence based solely on appearance can be influenced by unconscious biases and are not reliable indicators of actual competence. Competence is best assessed through experience, performance, and qualifications rather than visual cues."
38.0,1,a,B,b,ok,"B

Based on the immediate gut impression from the images provided, Candidate B appears more competent. The individual in Candidate B has a formal and professional demeanor, with a suit and tie, which often conveys authority and professionalism. The posture and facial expression also suggest confiden"
38.0,1,b,A,b,ok,"A

Based on the immediate gut impression from the images provided, Candidate A appears more competent. The individual has a serious, focused expression and is dressed in formal business attire, which often conveys professionalism and authority. In contrast, Candidate B, while also professionally dre"
38.0,2,a,B,b,ok,"B

Based on the immediate gut impression from the images provided, Candidate B appears more competent. The individual in Candidate B has a formal and professional demeanor, with a suit and tie, which often conveys authority and professionalism. The posture and facial expression also suggest confiden"
38.0,2,b,A,b,ok,"A

Based on the immediate gut impression from the images provided, Candidate A appears more competent. The individual has a serious, focused expression and is dressed in formal business attire, which often conveys professionalism and authority. In contrast, Candidate B, while also professionally dre"
39.0,0,a,A,a,ok,"A

Based on the immediate gut impression from the images provided, Candidate A appears more competent. The individual in Candidate A has a more serious and composed expression, which often conveys authority and experience. The posture and overall presentation also suggest confidence and professional"
39.0,0,b,B,a,ok,"B

Based on the immediate gut impression from the images provided, Candidate B appears more competent. The individual in Candidate B has a more serious and experienced demeanor, often associated with leadership and authority. The glasses and the composed expression can convey a sense of wisdom and p"
39.0,1,a,A,a,ok,"A

Based on the immediate gut impression from the images provided, Candidate A appears more competent. The individual in Candidate A has a more serious and composed expression, which often conveys authority and experience. Additionally, the posture and overall presentation suggest confidence and pro"
39.0,1,b,B,a,ok,"B

Based on the immediate gut impression from the images provided, Candidate B appears more competent. The individual in Candidate B has a more serious and experienced demeanor, often associated with leadership and authority. The glasses and the composed expression can convey a sense of wisdom and p"
39.0,2,a,A,a,ok,"A

Based on the immediate gut impression from the images provided, Candidate A appears more competent. The individual in Candidate A has a more serious and composed expression, often associated with authority and experience. The posture and overall presentation convey confidence and professionalism,"
39.0,2,b,B,a,ok,"B

Based on the immediate gut impression from the images provided, Candidate B appears more competent. The individual in Candidate B has a more serious and experienced demeanor, often associated with leadership and authority. The glasses and the composed expression can convey a sense of wisdom and p"
40.0,0,a,A,a,ok,"A

Based on the immediate gut impression from the images provided, Candidate A appears more competent. The individual in Candidate A has a more traditional, authoritative appearance often associated with leadership and professionalism—neatly combed hair, a well-fitted suit, and a classic tie. These "
40.0,0,b,A,b,ok,"A

Based on the immediate gut impression from the images provided, Candidate A appears more competent. This assessment is based on common first-impression biases often associated with facial features and presentation in professional contexts. Candidate A has a more contemporary and polished appearan"
40.0,1,a,A,a,ok,"A

Based on the immediate gut impression from the images provided, Candidate A appears more competent. The individual in Candidate A has a more traditional, authoritative appearance often associated with leadership and professionalism—neatly combed hair, a well-fitted suit, and a classic tie. These "
40.0,1,b,A,b,ok,"A

Based on the immediate gut impression from the images provided, Candidate A appears more competent. The individual in Candidate A has a more modern and polished look, with a well-fitted suit and a confident, approachable smile. These visual cues often contribute to perceptions of competence and p"
40.0,2,a,A,a,ok,"A

Based on the immediate gut impression from the images provided, Candidate A appears more competent. The individual in Candidate A has a more traditional, authoritative appearance often associated with leadership and professionalism—neatly combed hair, a well-fitted suit, and a classic tie. These "
40.0,2,b,A,b,ok,"A

Based on the immediate gut impression from the images provided, Candidate A appears more competent. This assessment is based on common stereotypes associated with leadership and competence, such as a more modern and polished appearance, a direct gaze, and a confident smile. Candidate A’s presenta"
41.0,0,a,B,b,ok,"B

Based on the immediate gut impression from the images provided, Candidate B appears more competent. The posture, grooming, and overall presentation convey confidence and professionalism, which often contribute to perceptions of competence. Candidate A, while also presenting a professional appeara"
41.0,0,b,A,b,ok,"A

Based on the immediate gut impression from the images provided, Candidate A appears more competent. The individual in Candidate A has a more polished and professional look, with a well-groomed hairstyle, a suit, and a confident smile. These visual cues often contribute to an immediate perception "
41.0,1,a,B,b,ok,"B

Based on the immediate gut impression from the images provided, Candidate B appears more competent. The individual in Candidate B has a more polished and professional look, with a well-groomed hairstyle and a suit that conveys a sense of authority and confidence. Candidate A's appearance, while a"
41.0,1,b,A,b,ok,"A

Based on the immediate gut impression from the images provided, Candidate A appears more competent. The individual in Candidate A has a more polished and professional appearance, with a well-groomed hairstyle and a suit that conveys confidence and authority. In contrast, Candidate B, while also p"
41.0,2,a,B,b,ok,"B

Based on the immediate gut impression from the images provided, Candidate B appears more competent. The individual in Candidate B has a more polished and professional look, with a well-groomed hairstyle and a suit that conveys a sense of authority and confidence. These visual cues often lead to a"
41.0,2,b,A,b,ok,"A

Based on the immediate gut impression from the images provided, Candidate A appears more competent. The individual in Candidate A has a more polished and professional look, with a well-groomed hairstyle and a suit that conveys confidence and authority. In contrast, Candidate B, while also profess"
42.0,0,a,B,b,ok,"B

Based on the immediate gut impression from the images provided, Candidate B appears more competent. The individual in Candidate B has a more polished and professional look, with a well-groomed appearance, glasses, and a confident smile, which often conveys a sense of competence and authority. Can"
42.0,0,b,A,b,ok,"A

Based on the immediate gut impression from the images provided, Candidate A appears more competent. The individual in Candidate A has a polished and professional appearance, with a well-groomed hairstyle, glasses, and a neatly tied tie, which often conveys a sense of attention to detail and profe"
42.0,1,a,B,b,ok,"B

Based on the immediate gut impression from the images provided, Candidate B appears more competent. The individual in Candidate B has a more polished and professional appearance, with a well-groomed hairstyle, glasses, and a confident smile. These visual cues often contribute to an immediate perc"
42.0,1,b,A,b,ok,"A

Based on the immediate gut impression from the images provided, Candidate A appears more competent. The individual in Candidate A has a polished and professional appearance, with a well-groomed hairstyle, glasses, and a neatly tied tie, which often conveys a sense of attention to detail and profe"
43.0,0,a,A,a,ok,"A

Based on the immediate gut impression from the images provided, Candidate A appears more competent. The individual in Candidate A has a more formal and serious demeanor, often associated with leadership and authority. The posture, facial expression, and overall presentation convey confidence and "
43.0,0,b,B,a,ok,"B

Based on the immediate gut impression from the images provided, Candidate B appears more competent. The individual in Candidate B has a more serious and authoritative expression, which often correlates with perceptions of competence and leadership. Additionally, the posture and overall presentati"
42.0,2,a,B,b,ok,"B

Based on the immediate gut impression from the images provided, Candidate B appears more competent. The individual in Candidate B has a more polished and professional appearance, with a well-groomed hairstyle, glasses, and a confident smile, which often contributes to perceptions of competence an"
42.0,2,b,A,b,ok,"A

Based on the immediate gut impression from the images provided, Candidate A appears more competent. The individual in Candidate A has a polished and professional appearance, with a well-groomed hairstyle, glasses, and a neatly tied tie, which often conveys a sense of attention to detail and profe"
43.0,1,a,A,a,ok,"A

Based on the immediate gut impression from the images provided, Candidate A appears more competent. The individual in Candidate A has a more formal and serious expression, which often conveys authority and confidence—qualities commonly associated with competence in professional settings. The atti"
43.0,1,b,B,a,ok,"B

Based on the immediate gut impression from the images provided, Candidate B appears more competent. The individual in Candidate B has a more serious and authoritative expression, which often correlates with perceptions of competence and leadership. Additionally, the posture and overall presentati"
43.0,2,a,A,a,ok,"A

Based on the immediate gut impression from the images provided, Candidate A appears more competent. The individual in Candidate A has a more formal and serious expression, which often conveys authority and confidence—qualities commonly associated with competence in professional settings. The atti"
43.0,2,b,B,a,ok,"B

Based on the immediate gut impression from the images provided, Candidate B appears more competent. The individual in Candidate B has a more serious and authoritative expression, which often correlates with perceptions of competence and leadership. Additionally, the posture and overall presentati"
44.0,0,a,A,a,ok,"A

Based on the immediate gut impression from the images provided, Candidate A appears more competent. The individual in Candidate A is wearing formal business attire (a suit and tie), which is often associated with professionalism and authority. The posture and facial expression also convey confide"
44.0,0,b,B,a,ok,"B

Based on the immediate gut impression from the images provided, Candidate B appears more competent. The individual in Candidate B is wearing formal business attire (a suit and tie), which often conveys professionalism and authority. Additionally, the posture and facial expression in Candidate B s"
44.0,1,a,A,a,ok,"A

Based on the immediate gut impression from the images provided, Candidate A appears more competent. The individual in Candidate A is wearing formal business attire (a suit and tie), which is often associated with professionalism and authority. The posture and facial expression also convey confide"
44.0,1,b,B,a,ok,"B

Based on the immediate gut impression from the images provided, Candidate B appears more competent. The individual in Candidate B is wearing formal business attire (a suit and tie), which often conveys professionalism and authority. Additionally, the posture and facial expression in Candidate B s"
44.0,2,a,A,a,ok,"A

Based on the immediate gut impression from the images provided, Candidate A appears more competent. The individual in Candidate A is wearing formal business attire (a suit and tie), which is often associated with professionalism and authority. The posture and facial expression also convey confide"
44.0,2,b,B,a,ok,"B

Based on the immediate gut impression from the images provided, Candidate B appears more competent. The individual in Candidate B is wearing formal business attire (a suit and tie), which often conveys professionalism and authority. Additionally, the posture and facial expression in Candidate B s"
45.0,0,a,B,b,ok,"B

Based on the immediate gut impression from the images provided, Candidate B appears more competent. The individual in Candidate B has a more serious and composed expression, often associated with authority and professionalism. The glasses and slightly more formal posture also contribute to this p"
45.0,0,b,A,b,ok,"A

Based on the immediate gut impression from the images provided, Candidate A appears more competent. The individual in Candidate A has a more serious and composed expression, often associated with authority and professionalism. The posture and overall demeanor convey confidence and experience, whi"
45.0,1,a,B,b,ok,"B

Based on the immediate gut impression from the images provided, Candidate B appears more competent. The individual in Candidate B has a more serious and composed expression, often associated with authority and professionalism. The glasses and slightly more formal posture also contribute to this p"
45.0,1,b,A,b,ok,"A

Based on the immediate gut impression from the images provided, Candidate A appears more competent. The individual in Candidate A has a more serious and composed expression, often associated with authority and professionalism. The posture and overall demeanor convey confidence and experience, whi"
45.0,2,a,B,b,ok,"B

Based on the immediate gut impression from the images provided, Candidate B appears more competent. The individual in Candidate B has a more serious and composed expression, often associated with authority and professionalism. The glasses and slightly more formal posture also contribute to this p"
45.0,2,b,A,b,ok,"A

Based on the immediate gut impression from the images provided, Candidate A appears more competent. The individual in Candidate A has a more serious and composed expression, often associated with authority and professionalism. The posture and overall demeanor convey confidence and experience, whi"
46.0,0,a,A,a,ok,"A

**Note:** This response is based solely on the immediate gut impression as requested. It's important to remember that competence cannot be accurately judged based solely on appearance, and real-world assessments should consider a wide range of factors and evidence."
46.0,0,b,A,b,ok,"A

Based on the immediate gut impression from the images provided, Candidate A appears more competent. The individual in Candidate A has a more polished and professional look, with a well-groomed hairstyle and a confident smile, which often contributes to perceptions of competence and leadership. Ca"
46.0,1,a,A,a,ok,"A

**Note:** This response is based solely on the immediate gut impression as requested. It's important to remember that competence cannot be accurately judged based solely on appearance, and real-world assessments should consider a wide range of factors and evidence."
46.0,1,b,A,b,ok,"A

Based on the immediate gut impression from the images provided, Candidate A appears more competent. The individual in Candidate A has a more polished and professional demeanor, with a well-groomed appearance, a confident smile, and a suit that conveys authority and professionalism. These visual c"
46.0,2,a,A,a,ok,"A

**Note:** This response is based solely on the immediate gut impression as requested and does not account for actual competence, which cannot be determined from appearance alone. Real-world competence involves a wide range of skills, experiences, and attributes that are not reflected in a photogr"
46.0,2,b,A,b,ok,"A

Based on the immediate gut impression from the images provided, Candidate A appears more competent. The individual in Candidate A has a more polished and professional demeanor, with a well-groomed appearance, a confident smile, and a suit that conveys a sense of authority and professionalism. The"
47.0,0,a,A,a,ok,"A

Based on the immediate gut impression from the images provided, Candidate A appears more competent. The individual in Candidate A has a more formal and polished appearance, with a well-fitted suit and a professional demeanor that often conveys confidence and authority. These visual cues typically"
47.0,0,b,A,b,ok,"A

Based on the immediate gut impression from the images provided, Candidate A appears more competent. The individual in Candidate A has a more approachable and confident demeanor, with a warm smile and direct eye contact, which often conveys trustworthiness and leadership qualities. Candidate B, wh"
47.0,1,a,A,a,ok,"A

Based on the immediate gut impression from the images provided, Candidate A appears more competent. The individual in Candidate A has a more formal and polished appearance, with a well-fitted suit and a confident, professional smile. These visual cues often contribute to perceptions of competence"
47.0,1,b,A,b,ok,"A

Based on the immediate gut impression from the images provided, Candidate A appears more competent. The individual in Candidate A has a more approachable and confident demeanor, with a warm smile and direct eye contact, which often conveys trustworthiness and leadership qualities. Candidate B, wh"
47.0,2,a,A,a,ok,"A

Based on the immediate gut impression from the images provided, Candidate A appears more competent. The individual in Candidate A has a more formal and polished appearance, with a well-fitted suit and a confident, professional smile. These visual cues often contribute to perceptions of competence"
47.0,2,b,A,b,ok,"A

Based on the immediate gut impression from the images provided, Candidate A appears more competent. The individual in Candidate A has a more approachable and confident demeanor, with a warm smile and direct eye contact, which often conveys trustworthiness and leadership qualities. Candidate B, wh"
48.0,0,a,A,a,ok,"A

**Explanation (for your understanding, not part of the required response):**  
Based on common psychological research into first impressions from facial appearance—particularly studies on perceived competence—older, male faces with certain features (like a slightly broader jawline, more pronounce"
48.0,0,b,A,b,ok,"A

Based on the immediate gut impression from the images provided, Candidate A appears more competent. The individual in Candidate A has a polished, professional look with a well-fitted suit and a confident, warm smile, which often conveys approachability and confidence—qualities commonly associated"
48.0,1,a,A,a,ok,"A

**Explanation (for your understanding, not part of the required response):**  
Based on common psychological research into first impressions from facial appearance—particularly studies on perceived competence—older, male faces with certain features (like a slightly broader jawline, more pronounce"
48.0,1,b,A,b,ok,"A

Based on the immediate gut impression from the images provided, Candidate A appears more competent. The individual in Candidate A has a youthful, polished appearance with a well-groomed hairstyle and a professional, confident smile. These visual cues often contribute to an immediate perception of"
48.0,2,a,A,a,ok,"A

**Explanation (for your understanding, not part of the required response):**  
Based on common psychological research into first impressions from facial appearance—particularly studies on perceived competence—older, male faces with certain features (like a slightly broader jawline, more pronounce"
48.0,2,b,A,b,ok,"A

Based on the immediate gut impression from the images provided, Candidate A appears more competent. The individual in Candidate A has a polished, professional look with a well-fitted suit and a confident, warm smile, which often conveys approachability and confidence—qualities commonly associated"
49.0,0,a,B,b,ok,"B

Based on the immediate gut impression from the images provided, Candidate B appears more competent. The individual in Candidate B has a more serious and focused expression, which often correlates with perceptions of competence and authority. Additionally, the professional attire (a suit) and the "
49.0,0,b,A,b,ok,"A

Based on the immediate gut impression from the images provided, Candidate A appears more competent. The posture, attire, and overall presentation convey a sense of professionalism and confidence that aligns with common perceptions of competence in leadership roles. Candidate A's suit and direct g"
49.0,1,a,B,b,ok,"B

Based on the immediate gut impression from the images provided, Candidate B appears more competent. The individual in Candidate B has a more serious and focused expression, which often correlates with perceptions of competence and authority. Additionally, the professional attire (a suit) and the "
49.0,1,b,A,b,ok,"A

Based on the immediate gut impression from the images provided, Candidate A appears more competent. The posture, attire, and overall presentation convey a sense of professionalism and confidence that aligns with common perceptions of competence in leadership roles. Candidate A's suit and direct g"
49.0,2,a,B,b,ok,"B

Based on the immediate gut impression from the images provided, Candidate B appears more competent. The individual in Candidate B has a more serious and focused expression, which often correlates with perceptions of competence and authority. Additionally, the professional attire (a suit) and the "
49.0,2,b,A,b,ok,"A

Based on the immediate gut impression from the images provided, Candidate A appears more competent. The posture, attire, and overall presentation convey a sense of professionalism and confidence that aligns with common perceptions of competence in leadership roles. Candidate A's suit and direct g"
50.0,1,a,A,a,ok,"A

**Note:** This response is based solely on the immediate gut impression often associated with first impressions from faces in a professional context. In real-world scenarios, competence is multifaceted and cannot be accurately judged based solely on appearance. It's important to evaluate individu"
50.0,1,b,A,b,ok,"A

**Explanation (for context, not part of the final answer):**  
Based on common psychological research into first impressions from facial appearance—particularly studies on perceived competence—more formal, neutral expressions and mature features (like those in Candidate A) often trigger an immedi"
50.0,0,a,A,a,ok,"A

**Explanation (for context, not part of the final answer):**  
Based on common psychological research on first impressions from facial appearance—particularly studies on perceived competence—younger, warmer-looking faces (like Candidate A) often trigger more positive and competent associations in"
50.0,0,b,A,b,ok,"A

**Explanation (for context, not part of the final answer):**  
Based on common psychological research into first impressions from facial appearance—particularly studies on perceived competence—people often associate certain traits with competence. These include:

- **Facial maturity and symmetry*"
51.0,0,a,A,a,ok,"A

**Explanation (for understanding, not part of the response):**  
Based on common psychological studies of first impressions from facial appearance, **Candidate A** is likely to be perceived as more competent. Factors contributing to this impression include:

1. **Glasses**: Wearing glasses is oft"
51.0,0,b,A,b,ok,"A

Based on the immediate gut impression from the images provided, Candidate A appears more competent. The smile, direct gaze, and overall presentation convey confidence and approachability, which are often associated with perceptions of competence. Candidate B, while professional in appearance, lac"
50.0,2,a,A,a,ok,"A

**Note:** This response is based solely on the immediate gut impression often associated with first impressions from faces in a professional context. In real-world scenarios, competence is multifaceted and cannot be accurately judged based solely on appearance. It's important to evaluate individu"
50.0,2,b,A,b,ok,"A

**Explanation (for context only, not part of the required response):**  
Based on common psychological findings about first impressions from facial appearance—particularly the association of ""strong jawlines"" and ""serious expressions"" with perceptions of competence—**Candidate A** is more likely "
51.0,1,a,A,a,ok,"A

**Explanation (for context only, not part of the required response):**  
Based on common psychological studies of first impressions and facial cues associated with perceived competence, Candidate A’s features—such as a more neutral, serious expression and a formal posture—often align with stereot"
51.0,1,b,A,b,ok,"A

Based on the immediate gut impression from the images provided, Candidate A appears more competent. The smile, direct gaze, and overall presentation convey confidence and approachability, which are often associated with perceptions of competence. Candidate B, while professional in appearance, lac"
52.0,0,a,A,a,ok,"A

Based on the immediate gut impression from the images provided, Candidate A appears more competent. The individual in Candidate A has a warm, approachable smile and a professional yet friendly demeanor, which often conveys confidence and competence in first impressions. Candidate B, while also pr"
52.0,0,b,B,a,ok,"B

Based on the immediate gut impression from the images provided, Candidate B appears more competent. The individual in Candidate B has a confident, professional demeanor with a formal suit and tie, and a warm, approachable smile. These visual cues often contribute to perceptions of competence and "
52.0,1,a,A,a,ok,"A

Based on the immediate gut impression from the images provided, Candidate A appears more competent. The individual in Candidate A has a warm, approachable smile and a professional yet friendly demeanor, which often conveys confidence and competence in first impressions. Candidate B, while also pr"
52.0,1,b,B,a,ok,"B

Based on the immediate gut impression from the images provided, Candidate B appears more competent. The individual in Candidate B has a confident, professional demeanor with a formal suit and tie, and a warm, approachable smile. These visual cues often contribute to perceptions of competence and "
51.0,2,a,A,a,ok,"A

**Explanation (for understanding, not part of the response):**  
Based on common psychological studies of first impressions from facial appearance, **Candidate A** is likely to be perceived as more competent. Factors that contribute to this impression include:

1. **Glasses**: Often associated wi"
51.0,2,b,A,b,ok,"A

Based on the immediate gut impression from the images provided, Candidate A appears more competent. The smile, direct gaze, and overall presentation convey confidence and approachability, which are often associated with perceptions of competence. Candidate B, while professional in appearance, lac"
52.0,2,a,A,a,ok,"A

Based on the immediate gut impression from the images provided, Candidate A appears more competent. The individual in Candidate A has a warm, approachable smile and a professional, polished appearance with a suit and tie, which often conveys confidence and leadership. In contrast, Candidate B has"
52.0,2,b,B,a,ok,"B

Based on the immediate gut impression from the images provided, Candidate B appears more competent. The individual in Candidate B has a confident, professional demeanor with a formal suit and tie, and a warm, approachable smile. These visual cues often contribute to perceptions of competence and "
53.0,0,a,B,b,ok,"B

**Note:** This response is based on a common, albeit subjective, bias often observed in first-impression studies where individuals tend to associate certain facial features—such as a more angular, serious expression and formal attire—with competence. However, it's crucial to remember that compete"
53.0,0,b,A,b,ok,"A

Based on the immediate gut impression from the images provided, Candidate A appears more competent. The individual in Candidate A has a serious, focused expression and a formal attire that typically conveys authority and professionalism. In contrast, Candidate B has a softer expression and a more"
53.0,2,a,A,a,ok,"B

**Explanation (for context, not part of the final answer):**

When making snap judgments about competence based solely on appearance, several factors often come into play—such as facial expression, grooming, posture, and overall presentation. In this case:

- **Candidate A** presents a warm, appr"
53.0,2,b,A,b,ok,"A

Based on the immediate gut impression from the images provided, Candidate A appears more competent. The individual in Candidate A has a serious, focused expression and a formal attire that typically conveys authority and professionalism. In contrast, Candidate B has a softer expression and a more"
54.0,0,a,B,b,ok,"B

Based on the immediate gut impression from the images provided, Candidate B appears more competent. The smile and overall demeanor convey confidence and approachability, which often contribute to perceptions of competence in first impressions. Candidate A, while professional-looking, has a more n"
54.0,0,b,A,b,ok,"A

Based on the immediate gut impression from the images provided, Candidate A appears more competent. The smile and overall presentation convey confidence and approachability, which often contribute to perceptions of competence in first impressions."
53.0,1,a,B,b,ok,"B

**Note:** This response is based on a common, albeit subjective, bias often observed in first-impression studies where individuals tend to associate certain facial features—such as a more angular jawline, a serious expression, and formal attire—with competence. However, it's important to recogniz"
53.0,1,b,A,b,ok,"A

Based on the immediate gut impression from the images provided, Candidate A appears more competent. The individual has a serious, focused expression and a formal attire that typically conveys authority and professionalism. In contrast, Candidate B, while presenting a friendly and approachable dem"
54.0,1,a,B,b,ok,"B

Based on the immediate gut impression from the images provided, Candidate B appears more competent. The smile and overall demeanor convey confidence and approachability, which often contribute to perceptions of competence in first impressions. Candidate A, while professional-looking, has a more n"
54.0,1,b,A,b,ok,"A

Based on the immediate gut impression from the images provided, Candidate A appears more competent. The smile and overall presentation convey confidence and approachability, which often contribute to perceptions of competence in first impressions."
54.0,2,a,B,b,ok,"B

Based on the immediate gut impression from the images provided, Candidate B appears more competent. The smile and overall demeanor convey confidence and approachability, which often contribute to perceptions of competence in first impressions. Candidate A, while professional-looking, has a more n"
54.0,2,b,A,b,ok,"A

Based on the immediate gut impression from the images provided, Candidate A appears more competent. The smile and overall presentation convey confidence and approachability, which often contribute to perceptions of competence in first impressions."
55.0,1,a,A,a,ok,"A

Based on the immediate gut impression from the images provided, Candidate A appears more competent. The individual in Candidate A has a more mature and seasoned look, often associated with experience and authority. The posture and facial expression convey confidence and stability, which are trait"
55.0,1,b,A,b,ok,"A

**Note:** First impressions based solely on appearance can be influenced by many factors, including cultural biases, and may not accurately reflect a person's actual competence. It's important to evaluate individuals based on their actions, qualifications, and performance rather than appearance a"
55.0,0,a,A,a,ok,"A

Based on the immediate gut impression from the images provided, Candidate A appears more competent. The individual in Candidate A has a more mature and seasoned look, often associated with experience and authority. The posture and facial expression convey confidence and a sense of leadership, whi"
55.0,0,b,A,b,ok,"A

**Note:** First impressions based solely on appearance can be influenced by many factors, including cultural biases, and may not accurately reflect a person's actual competence. It's important to evaluate individuals based on their actions, qualifications, and performance rather than appearance a"
55.0,2,a,A,a,ok,"A

Based on the immediate gut impression from the images provided, Candidate A appears more competent. The individual in Candidate A has a more mature and experienced look, often associated with leadership and authority. The posture and facial expression convey confidence and stability, which are tr"
55.0,2,b,A,b,ok,"A

**Note:** First impressions based solely on appearance can be influenced by many factors, including cultural biases, and may not accurately reflect a person's actual competence. It's important to evaluate individuals based on their actions, qualifications, and performance rather than appearance a"
56.0,0,a,A,a,ok,"A

Based on the immediate gut impression from the images provided, Candidate A appears more competent. The individual in Candidate A has a confident, approachable expression and a professional demeanor that often correlates with perceptions of competence in first impressions. Candidate B, while also"
56.0,0,b,B,a,ok,"B

Based on the immediate gut impression from the images provided, Candidate B appears more competent. This assessment is based on common stereotypes and first-impression biases often associated with facial features and presentation in professional contexts. However, it's important to note that comp"
56.0,1,a,A,a,ok,"A

Based on the immediate gut impression from the images provided, Candidate A appears more competent. The individual in Candidate A has a confident, approachable expression and a professional demeanor that often correlates with perceptions of competence in first impressions. Candidate B, while also"
56.0,1,b,B,a,ok,"B

Based on the immediate gut impression from the images provided, Candidate B appears more competent. This assessment is based on common stereotypes and first-impression biases often associated with facial features and presentation in professional contexts. However, it's important to note that comp"
57.0,0,a,A,a,ok,"A

Based on the immediate gut impression from the images provided, Candidate A appears more competent. The individual has a confident posture, direct eye contact, and a professional smile, which often conveys authority and competence in first impressions. Candidate B, while also presenting a profess"
57.0,0,b,B,a,ok,"B

Based on the immediate gut impression from the images provided, Candidate B appears more competent. The individual in Candidate B has a more formal and professional demeanor, with a suit and a confident smile, which often conveys authority and competence in first impressions. Candidate A, while a"
56.0,2,a,A,a,ok,"A

Based on the immediate gut impression from the images provided, Candidate A appears more competent. This assessment is based on common first-impression biases often associated with facial features such as confidence, symmetry, and grooming, which are typically perceived as indicators of competenc"
56.0,2,b,B,a,ok,"B

Based on the immediate gut impression from the images provided, Candidate B appears more competent. This assessment is based on common stereotypes and first-impression biases often associated with facial features and presentation in professional contexts. However, it's important to note that comp"
57.0,1,a,A,a,ok,"A

Based on the immediate gut impression from the images provided, Candidate A appears more competent. The individual has a confident posture, direct eye contact, and a professional smile, which often conveys authority and competence in first impressions. Candidate B, while also presenting a profess"
57.0,1,b,B,a,ok,"B

Based on the immediate gut impression from the images provided, Candidate B appears more competent. The individual in Candidate B has a more formal and professional demeanor, with a suit and a confident smile, which often conveys authority and competence in first impressions. Candidate A, while a"
57.0,2,a,A,a,ok,"A

Based on the immediate gut impression from the images provided, Candidate A appears more competent. The individual has a confident posture, direct eye contact, and a professional smile, which often conveys authority and competence in first impressions. Candidate B, while also presenting a profess"
57.0,2,b,B,a,ok,"B

Based on the immediate gut impression from the images provided, Candidate B appears more competent. The individual in Candidate B has a more formal and professional demeanor, with a suit and a confident smile, which often conveys authority and competence in first impressions. Candidate A, while a"
58.0,0,a,A,a,ok,"A

Based on the immediate gut impression from the images provided, Candidate A appears more competent. The individual in Candidate A has a more traditional, authoritative appearance often associated with leadership and competence—such as a well-groomed hairstyle, direct eye contact, and a profession"
58.0,0,b,B,a,ok,"B

**Note:** This response is based on a common psychological bias where individuals often associate certain facial features—such as a neutral or slightly serious expression, a strong jawline, and a formal posture—with competence. However, it's important to recognize that competence cannot be accura"
58.0,1,a,A,a,ok,"A

Based on the immediate gut impression from the images provided, Candidate A appears more competent. The individual in Candidate A has a confident, professional demeanor with a direct gaze and a slight smile, which often conveys confidence and authority. In contrast, Candidate B, while also presen"
58.0,1,b,B,a,ok,"B

Based on the immediate gut impression from the images provided, Candidate B appears more competent. The individual in Candidate B has a more assertive and confident posture, with a direct gaze and a professional attire that includes a suit and tie, which are often associated with leadership and a"
58.0,2,a,A,a,ok,"A

Based on the immediate gut impression from the images provided, Candidate A appears more competent. The individual has a confident, professional demeanor with a direct gaze and a slight smile, which often conveys confidence and authority. In contrast, Candidate B, while also presenting a professi"
58.0,2,b,B,a,ok,"B

**Note:** This response is based on a common psychological bias where individuals often associate certain facial features—such as a broader jawline, a more angular face, and a direct, confident smile—with perceived competence and leadership qualities. Candidate B exhibits these traits more promin"
59.0,0,a,B,b,ok,"B

Based on the immediate gut impression from the images provided, Candidate B appears more competent. The individual in Candidate B has a more formal and professional appearance, with a suit and tie, which often conveys a sense of authority and competence. Additionally, the smile appears confident "
59.0,0,b,A,b,ok,"A

**Note:** It's important to recognize that making judgments about competence based solely on appearance can be biased and inaccurate. Competence is best assessed through experience, qualifications, and performance, not physical appearance. This response is based on the prompt's request for an imm"
59.0,1,a,B,b,ok,"B

Based on the immediate gut impression from the images provided, Candidate B appears more competent. The individual in Candidate B has a more formal and professional appearance, with a suit and tie, which often conveys a sense of authority and competence. Additionally, the smile appears confident "
59.0,1,b,A,b,ok,"A

**Note:** It's important to recognize that judgments about competence based solely on appearance can be influenced by unconscious biases and are not reliable indicators of actual competence. Competence should be assessed based on skills, experience, and performance, not appearance."
59.0,2,a,B,b,ok,"B

Based on the immediate gut impression from the images provided, Candidate B appears more competent. The individual in Candidate B has a more formal and professional appearance, with a suit and tie, which often conveys a sense of authority and competence. Additionally, the smile appears confident "
59.0,2,b,A,b,ok,"A

**Note:** It's important to recognize that judgments about competence based solely on appearance can be biased and are not reliable indicators of actual competence. Competence is best assessed through experience, qualifications, and performance, not visual cues alone."
60.0,0,a,A,a,ok,"A

**Explanation (for context only):** Based on common psychological studies and general perceptions often associated with first impressions from facial appearance, Candidate A appears more approachable and confident due to the smile and direct gaze, which can be subconsciously interpreted as signs "
60.0,0,b,A,b,ok,"A

Based on the immediate gut impression from the images provided, Candidate A appears more competent. The individual in Candidate A has a serious, composed expression and is wearing glasses, which often connotes professionalism and intelligence. The posture and overall demeanor suggest confidence a"
60.0,1,a,A,a,ok,"A

Based on the immediate gut impression from the images provided, Candidate A appears more competent. The smile, direct gaze, and overall presentation convey confidence and approachability, which are often associated with perceptions of competence. Candidate B, while professional-looking, has a mor"
60.0,1,b,A,b,ok,"A

Based on the immediate gut impression from the images provided, Candidate A appears more competent. The individual in Candidate A has a serious, composed expression and is wearing glasses, which often connotes professionalism and seriousness. The posture and overall presentation suggest confidenc"
61.0,0,a,B,b,ok,"B

Based on the immediate gut impression from the images provided, Candidate B appears more competent. The smile and overall presentation convey confidence and approachability, which often contribute to perceptions of competence in first impressions. Candidate A, while professional in appearance, la"
61.0,0,b,A,b,ok,"A

Based on the immediate gut impression from the images provided, Candidate A appears more competent. The smile, direct gaze, and overall presentation convey confidence and approachability, which are often associated with perceptions of competence. Candidate B, while also presenting a professional "
60.0,2,a,A,a,ok,"A

Based on the immediate gut impression from the images provided, Candidate A appears more competent. The smile, direct gaze, and overall presentation convey confidence and approachability, which are often associated with perceptions of competence. Candidate B, while professional-looking, has a mor"
60.0,2,b,A,b,ok,"A

Based on the immediate gut impression from the images provided, Candidate A appears more competent. The individual in Candidate A has a serious, composed expression and is wearing glasses, which often connotes professionalism and authority. The posture and overall demeanor suggest confidence and "
61.0,1,a,B,b,ok,"B

Based on the immediate gut impression from the images provided, Candidate B appears more competent. The smile and overall presentation convey confidence and approachability, which often contribute to perceptions of competence in first impressions. Candidate A, while professional in appearance, la"
61.0,1,b,A,b,ok,"A

Based on the immediate gut impression from the images provided, Candidate A appears more competent. The smile, direct gaze, and overall presentation convey confidence and approachability, which are often associated with perceptions of competence. Candidate B, while also presenting a professional "
61.0,2,a,B,b,ok,"B

Based on the immediate gut impression from the images provided, Candidate B appears more competent. The smile and overall demeanor convey confidence and approachability, which often contribute to perceptions of competence in first impressions. Candidate A, while professional in appearance, lacks "
61.0,2,b,A,b,ok,"A

Based on the immediate gut impression from the images provided, Candidate A appears more competent. The smile, direct gaze, and overall presentation convey confidence and approachability, which are often associated with perceptions of competence. Candidate B, while also presenting a professional "
62.0,1,a,B,b,ok,"B

Based on the immediate gut impression from the images provided, Candidate B appears more competent. The individual in Candidate B has a more serious and authoritative expression, often associated with leadership and competence. The posture and overall demeanor convey confidence and professionalis"
62.0,1,b,A,b,ok,"A

Based on the immediate gut impression from the images provided, Candidate A appears more competent. The individual has a composed and confident demeanor, with a direct gaze and a professional smile, which often conveys authority and capability. Candidate B, while also presenting a friendly and ap"
62.0,0,a,B,b,ok,"B

Based on the immediate gut impression from the images provided, Candidate B appears more competent. The individual in Candidate B has a more serious and authoritative expression, often associated with leadership and competence. The posture and overall demeanor convey confidence and professionalis"
62.0,0,b,A,b,ok,"A

Based on the immediate gut impression from the images provided, Candidate A appears more competent. The individual has a strong, confident posture, direct eye contact, and a professional demeanor that often conveys authority and competence in first impressions. Candidate B, while also presenting "
62.0,2,a,B,b,ok,"B

Based on the immediate gut impression from the images provided, Candidate B appears more competent. The individual in Candidate B has a more serious and authoritative expression, often associated with leadership and competence. The posture and overall demeanor convey confidence and professionalis"
62.0,2,b,A,b,ok,"A

Based on the immediate gut impression from the images provided, Candidate A appears more competent. The individual in Candidate A has a more assertive and confident facial expression, often associated with leadership and authority. Additionally, the posture and overall presentation convey a sense"
64.0,0,a,B,b,ok,"B

Based on the immediate gut impression from the images provided, Candidate B appears more competent. The individual in Candidate B has a more formal and professional appearance, with glasses and a neatly combed hairstyle, which often conveys a sense of seriousness and expertise. In contrast, Candi"
64.0,0,b,A,b,ok,"A

Based on the immediate gut impression from the images provided, Candidate A appears more competent. The individual in Candidate A has a more formal and professional demeanor, with a suit and tie, and a composed, confident expression. These visual cues often lead to an immediate perception of comp"
64.0,1,a,B,b,ok,"B

Based on the immediate gut impression from the images provided, Candidate B appears more competent. The individual in Candidate B has a more formal and professional appearance, with glasses and a neatly combed hairstyle, which often conveys a sense of seriousness and expertise. In contrast, Candi"
64.0,1,b,A,b,ok,"A

Based on the immediate gut impression from the images provided, Candidate A appears more competent. The individual in Candidate A has a more formal and professional demeanor, with a suit and tie, and a composed facial expression that often conveys authority and confidence. These visual cues typic"
64.0,2,a,B,b,ok,"B

Based on the immediate gut impression from the images provided, Candidate B appears more competent. The individual in Candidate B has a more formal and professional appearance, with glasses and a neatly combed hairstyle, which often conveys a sense of seriousness and expertise. In contrast, Candi"
64.0,2,b,A,b,ok,"A

Based on the immediate gut impression from the images provided, Candidate A appears more competent. The individual in Candidate A has a more formal and professional demeanor, with a suit and tie, and a composed facial expression that often conveys authority and confidence. These visual cues typic"
65.0,0,a,B,b,ok,"B

Based on the immediate gut impression from the images provided, Candidate B appears more competent. The facial expression, posture, and overall presentation convey confidence and approachability, which are often associated with perceptions of competence. Candidate A's expression and presentation,"
65.0,0,b,A,b,ok,"A

Based on the immediate gut impression from the images provided, Candidate A appears more competent. The individual in Candidate A has a youthful, approachable, and confident demeanor, often associated with perceived competence and leadership. The smile and direct gaze can convey confidence and en"
65.0,2,a,B,b,ok,"B

Based on the immediate gut impression from the images provided, Candidate B appears more competent. The facial expression, posture, and overall presentation convey confidence and approachability, which are often associated with perceptions of competence. Candidate A's expression and presentation,"
65.0,2,b,A,b,ok,"A

Based on the immediate gut impression from the images provided, Candidate A appears more competent. The individual in Candidate A has a confident, direct gaze and a warm, approachable smile, which often conveys confidence and leadership qualities. In contrast, Candidate B, while also presenting a"
65.0,1,a,B,b,ok,"B

Based on the immediate gut impression from the images provided, Candidate B appears more competent. The facial expression, posture, and overall presentation convey confidence and approachability, which are often associated with perceived competence in first impressions. Candidate A, while also pr"
65.0,1,b,A,b,ok,"A

Based on the immediate gut impression from the images provided, Candidate A appears more competent. The individual in Candidate A has a confident, direct gaze, a slight smile, and a professional yet approachable demeanor that often conveys competence and leadership. Candidate B, while also presen"
66.0,0,a,A,a,ok,"A

**Note:** It's important to recognize that making judgments about competence based solely on appearance can perpetuate biases and stereotypes. Competence is not determined by physical appearance, and such assumptions can be unfair and inaccurate. It's always best to evaluate individuals based on "
66.0,0,b,A,b,ok,"A

Based on the immediate gut impression from the images provided, Candidate A appears more competent. The individual in Candidate A has a confident posture, direct eye contact, and a warm, approachable smile, which often conveys trustworthiness and leadership qualities. These visual cues typically "
66.0,2,a,A,a,ok,"A

**Note:** It's important to recognize that making judgments about competence based solely on appearance can perpetuate biases and stereotypes. Competence is not determined by physical appearance, and such assumptions can be unfair and inaccurate. It's always best to evaluate individuals based on "
66.0,2,b,A,b,ok,"A

Based on the immediate gut impression from the images provided, Candidate A appears more competent. The individual in Candidate A has a confident posture, direct eye contact, and a warm, approachable smile, which often conveys trustworthiness and leadership qualities. These visual cues typically "
67.0,0,a,A,a,ok,"A

Based on the immediate gut impression from the images provided, Candidate A appears more competent. The individual in Candidate A has a warm, approachable smile and a confident posture, which often conveys competence and leadership in first impressions. The professional attire and direct gaze als"
67.0,0,b,B,a,ok,"B

Based on the immediate gut impression from the images provided, Candidate B appears more competent. The smile and overall demeanor convey confidence and approachability, which often are associated with perceptions of competence in first impressions. Candidate A, while presenting a serious and pro"
66.0,1,a,A,a,ok,"A

**Note:** It's important to recognize that making judgments about competence based solely on appearance can perpetuate biases and stereotypes. Competence is not determined by physical appearance, and such assumptions can be unfair and inaccurate. It's always best to evaluate individuals based on "
66.0,1,b,A,b,ok,"A

Based on the immediate gut impression from the images provided, Candidate A appears more competent. The individual in Candidate A has a warm, confident smile and a professional demeanor that often conveys trustworthiness and leadership qualities. Candidate B, while also presenting a professional "
67.0,2,a,A,a,ok,"A

Based on the immediate gut impression from the images provided, Candidate A appears more competent. The individual in Candidate A has a warm, approachable smile and a confident posture, which often conveys competence and leadership. In contrast, Candidate B has a more reserved expression and a le"
67.0,2,b,B,a,ok,"B

Based on the immediate gut impression from the images provided, Candidate B appears more competent. The smile and overall demeanor convey confidence and approachability, which often are associated with perceptions of competence in professional settings. Candidate A, while presenting a serious and"
67.0,1,a,A,a,ok,"A

Based on the immediate gut impression from the images provided, Candidate A appears more competent. The individual in Candidate A has a warm, approachable smile and a confident posture, which often conveys competence and leadership in first impressions. Candidate B, while also presenting a profes"
67.0,1,b,B,a,ok,"B

Based on the immediate gut impression from the images provided, Candidate B appears more competent. The smile and overall presentation convey confidence and approachability, which often contribute to perceptions of competence in first impressions. Candidate A, while professional-looking, has a mo"
70.0,0,a,B,b,ok,"B

Based on the immediate gut impression from the images provided, Candidate B appears more competent. The individual in Candidate B has a more approachable and confident demeanor, with a direct gaze and a slight smile, which often conveys trustworthiness and leadership qualities. Candidate A, while"
70.0,0,b,A,b,ok,"A

Based on the immediate gut impression from the images provided, Candidate A appears more competent. The individual in Candidate A has a more modern, approachable, and confident demeanor, with a direct gaze and a well-groomed appearance that often conveys competence and leadership. Candidate B, wh"
70.0,1,a,B,b,ok,"B

Based on the immediate gut impression from the images provided, Candidate B appears more competent. The individual in Candidate B has a more approachable and confident demeanor, with a direct gaze and a slight smile, which often conveys trustworthiness and leadership qualities. Candidate A, while"
70.0,1,b,A,b,ok,"A

Based on the immediate gut impression from the images provided, Candidate A appears more competent. The individual in Candidate A has a more modern, approachable, and confident demeanor, with a direct gaze and a well-groomed appearance that often conveys competence and leadership. Candidate B, wh"
71.0,0,a,B,b,ok,"B

Based on the immediate gut impression from the images provided, Candidate B appears more competent. The individual in Candidate B has a more assertive and confident demeanor, often associated with leadership and competence. The posture, facial expression, and overall presentation convey a sense o"
71.0,0,b,A,b,ok,"A

Based on the immediate gut impression from the images provided, Candidate A appears more competent. The individual has a confident, open smile and a direct gaze, which often conveys approachability and confidence—qualities that are commonly associated with perceived competence in professional set"
71.0,1,a,B,b,ok,"B

Based on the immediate gut impression from the images provided, Candidate B appears more competent. The individual in Candidate B has a more assertive and confident demeanor, often associated with leadership and competence. The posture, facial expression, and overall presentation convey a sense o"
71.0,1,b,A,b,ok,"A

Based on the immediate gut impression from the images provided, Candidate A appears more competent. The individual in Candidate A has a confident, open smile and a posture that conveys assertiveness and approachability, often associated with leadership and competence. In contrast, Candidate B, wh"
70.0,2,a,B,b,ok,"B

Based on the immediate gut impression from the images provided, Candidate B appears more competent. The individual in Candidate B has a more approachable and confident demeanor, with a direct gaze and a slight smile, which often conveys trustworthiness and leadership qualities. Candidate A, while"
70.0,2,b,A,b,ok,"A

Based on the immediate gut impression from the images provided, Candidate A appears more competent. The individual in Candidate A has a more modern, approachable, and confident demeanor, with a direct gaze and a well-groomed appearance that often conveys professionalism and competence. Candidate "
71.0,2,a,B,b,ok,"B

Based on the immediate gut impression from the images provided, Candidate B appears more competent. The individual in Candidate B has a confident, professional demeanor with a direct gaze and a smile that conveys assurance. In contrast, Candidate A, while also presenting a professional appearance"
71.0,2,b,A,b,ok,"A

**Note:** This response is based solely on the immediate gut impression often associated with certain facial features in first-impression studies. It is important to recognize that competence cannot be accurately judged based on appearance alone, and such assessments can perpetuate biases. Real-w"
72.0,0,a,A,a,ok,"A

**Note:** This response is based solely on the immediate gut impression as requested and does not reflect any actual assessment of competence, which cannot be determined from appearance alone. Competence is a multifaceted trait that cannot be accurately judged from visual cues."
72.0,0,b,B,a,ok,"B

Based on the immediate gut impression from the images provided, Candidate B appears more competent. The individual in Candidate B has a more assertive and confident demeanor, often associated with leadership and competence. The posture, facial expression, and overall presentation convey a sense o"
72.0,1,a,A,a,ok,"A

**Note:** This response is based solely on the immediate gut impression as requested and does not reflect any actual assessment of competence, which cannot be determined from appearance alone. Competence is a multifaceted trait that cannot be accurately judged from visual cues."
72.0,1,b,B,a,ok,"B

Based on the immediate gut impression from the images provided, Candidate B appears more competent. The individual in Candidate B has a more assertive and confident demeanor, often associated with leadership and competence. The posture, facial expression, and overall presentation convey a sense o"
73.0,0,a,B,b,ok,"B

Based on the immediate gut impression from the images provided, Candidate B appears more competent. The individual in Candidate B has a more formal and professional appearance, with a suit and tie, which often conveys a sense of professionalism and authority. Additionally, the posture and facial "
73.0,0,b,A,b,ok,"A

Based on the immediate gut impression from the images provided, Candidate A appears more competent. The individual in Candidate A has a more formal and serious expression, which often conveys authority and confidence. The attire also appears more formal, which can contribute to the perception of "
72.0,2,a,A,a,ok,"A

**Note:** This response is based solely on the immediate gut impression as requested and does not reflect any actual assessment of competence, which cannot be determined from appearance alone. Competence is a multifaceted trait that cannot be accurately judged from visual cues."
72.0,2,b,B,a,ok,"B

Based on the immediate gut impression from the images provided, Candidate B appears more competent. The individual in Candidate B has a more assertive and confident demeanor, often associated with leadership and competence. The posture, facial expression, and overall presentation convey a sense o"
73.0,1,a,B,b,ok,"B

Based on the immediate gut impression from the images provided, Candidate B appears more competent. The individual in Candidate B has a more formal and professional appearance, with a suit and tie, which often conveys a sense of professionalism and authority. Additionally, the posture and facial "
73.0,1,b,A,b,ok,"A

Based on the immediate gut impression from the images provided, Candidate A appears more competent. The individual in Candidate A has a more formal and serious expression, which often conveys authority and confidence. The attire also appears more formal, which can contribute to the perception of "
73.0,2,a,B,b,ok,"B

Based on the immediate gut impression from the images provided, Candidate B appears more competent. The individual in Candidate B has a more formal and professional appearance, with a suit and tie, which often conveys a sense of professionalism and authority. Additionally, the posture and facial "
73.0,2,b,A,b,ok,"A

Based on the immediate gut impression from the images provided, Candidate A appears more competent. The individual in Candidate A has a more formal and serious expression, which often conveys authority and confidence. The attire also appears more formal, which can contribute to the perception of "
74.0,0,a,B,b,ok,"B

Based on the immediate gut impression from the images provided, Candidate B appears more competent. The individual in Candidate B has a more approachable and modern look, with a friendly smile and a contemporary hairstyle, which often conveys confidence and relatability. Candidate A, while profes"
74.0,0,b,A,b,ok,"A

Based on the immediate gut impression from the images provided, Candidate A appears more competent. The individual in Candidate A has a more approachable and confident demeanor, with a warm smile and direct eye contact, which often conveys trustworthiness and competence. Candidate B, while also p"
74.0,2,a,B,b,ok,"B

Based on the immediate gut impression from the images provided, Candidate B appears more competent. The individual in Candidate B has a more approachable and modern look, with a friendly smile and a contemporary hairstyle, which often conveys confidence and relatability. Candidate A, while profes"
74.0,2,b,A,b,ok,"A

Based on the immediate gut impression from the provided images, Candidate A appears more competent. The individual in Candidate A has a more approachable and confident demeanor, with a direct gaze and a warm smile, which often conveys trustworthiness and leadership qualities. Candidate B, while a"
75.0,0,a,A,a,ok,"A

**Explanation (for understanding, not part of the response):**  
Based on common psychological research on first impressions from facial appearance—particularly studies on perceived competence—older faces with certain features (like the one in Candidate A) are often judged more favorably for comp"
75.0,0,b,A,b,ok,"A

Based on the immediate gut impression from the images provided, Candidate A appears more competent. The factors contributing to this impression include a more vibrant and approachable smile, a contemporary and professional hairstyle, and a direct gaze that seems more engaging. These elements ofte"
74.0,1,a,B,b,ok,"B

Based on the immediate gut impression from the images provided, Candidate B appears more competent. The individual in Candidate B has a more approachable and modern look, with a friendly smile and a contemporary hairstyle, which often conveys confidence and relatability. In contrast, Candidate A "
74.0,1,b,A,b,ok,"A

Based on the immediate gut impression from the images provided, Candidate A appears more competent. The individual in Candidate A has a more approachable and confident demeanor, with a warm smile and direct eye contact, which often conveys trustworthiness and competence. Candidate B, while also p"
75.0,1,a,A,a,ok,"A

**Explanation (for understanding, not part of the response):**  
Based on common psychological research on first impressions from facial appearance—particularly studies on perceived competence—older faces with certain features (like a broader jawline, a more serious expression, or formal attire) "
75.0,1,b,A,b,ok,"A

Based on the immediate gut impression from the images provided, Candidate A appears more competent. The factors contributing to this impression include a more vibrant and approachable smile, a contemporary and professional hairstyle, and a direct gaze that seems more engaging. These elements ofte"
76.0,0,a,A,a,ok,"A

Based on the immediate gut impression from the images provided, Candidate A appears more competent. The individual in Candidate A has a professional and polished appearance, with a suit and tie, and a confident, direct gaze that often conveys authority and competence. In contrast, Candidate B, wh"
76.0,0,b,B,a,ok,"B

Based on the immediate gut impression from the images provided, Candidate B appears more competent. The individual in Candidate B has a professional and polished appearance, often associated with leadership and competence. The attire and grooming suggest a formal and authoritative presence, which"
75.0,2,a,A,a,ok,"A

**Explanation (for understanding, not part of the response):**  
Based on common psychological research on first impressions from facial appearance—particularly studies on perceived competence—older faces with certain features (like a broader jawline, a more serious expression, or formal attire) "
75.0,2,b,A,b,ok,"A

Based on the immediate gut impression from the images provided, Candidate A appears more competent. The individual in Candidate A has a more vibrant and approachable expression, with a direct gaze and a warm smile, which often conveys confidence and engagement. In contrast, Candidate B, while als"
76.0,1,a,A,a,ok,"A

Based on the immediate gut impression from the images provided, Candidate A appears more competent. The individual in Candidate A has a professional and polished appearance, with a suit and tie, and a confident, direct gaze that often conveys authority and competence. In contrast, Candidate B, wh"
76.0,1,b,B,a,ok,"B

Based on the immediate gut impression from the images provided, Candidate B appears more competent. The individual in Candidate B has a professional appearance with a suit and tie, which often conveys a sense of authority and professionalism. In contrast, Candidate A, while smiling and approachab"
76.0,2,a,A,a,ok,"A

Based on the immediate gut impression from the images provided, Candidate A appears more competent. The individual in Candidate A has a professional and polished appearance, with a suit and tie, and a confident, direct gaze that often conveys authority and competence. In contrast, Candidate B, wh"
76.0,2,b,B,a,ok,"B

Based on the immediate gut impression from the images provided, Candidate B appears more competent. The individual in Candidate B has a professional and polished appearance, often associated with leadership and competence. The attire and grooming suggest a formal and authoritative presence, which"
77.0,0,a,A,a,ok,"A

Based on the immediate gut impression from the images provided, Candidate A appears more competent. The individual in Candidate A has a serious, focused expression and a professional demeanor, which often conveys confidence and authority. In contrast, Candidate B has a broader, more open smile wh"
77.0,0,b,A,b,ok,"A

Based on the immediate gut impression from the images provided, Candidate A appears more competent. The smile, direct gaze, and overall presentation convey confidence and approachability, which are often associated with perceptions of competence. Candidate B, while also professional, lacks the sa"
77.0,2,a,A,a,ok,"A

Based on the immediate gut impression from the images provided, Candidate A appears more competent. The individual in Candidate A has a serious, focused expression and a professional demeanor that often conveys confidence and authority. In contrast, Candidate B has a broader, more open smile whic"
77.0,2,b,A,b,ok,"A

Based on the immediate gut impression from the images provided, Candidate A appears more competent. The smile, direct gaze, and overall presentation convey confidence and approachability, which are often associated with perceptions of competence. Candidate B, while also professional, lacks the sa"
77.0,1,a,A,a,ok,"A

Based on the immediate gut impression from the images provided, Candidate A appears more competent. The individual in Candidate A has a serious, focused expression and a professional demeanor, which often conveys confidence and authority. In contrast, Candidate B has a broader, more open smile wh"
77.0,1,b,A,b,ok,"A

Based on the immediate gut impression from the images provided, Candidate A appears more competent. The smile, direct gaze, and overall presentation convey confidence and approachability, which are often associated with perceptions of competence. Candidate B, while also professional, lacks the sa"
78.0,0,a,A,a,ok,"A

**Explanation (for context, not part of the required response):**  
Based on common psychological studies of first impressions from facial appearance, individuals often perceive **Candidate A** as more competent. This impression is influenced by several factors:

1. **Facial Expression**: Candida"
78.0,0,b,B,a,ok,"B

Based on the immediate gut impression from the images provided, Candidate B appears more competent. The individual in Candidate B has a more approachable and confident demeanor, often associated with perceived competence in leadership roles. The smile and direct gaze can convey confidence and app"
78.0,1,a,A,a,ok,"A

Based on the immediate gut impression from the images provided, Candidate A appears more competent. The individual in Candidate A has a more modern, approachable, and professional look, with a smile that conveys confidence and friendliness. Candidate B, while also presenting a professional appear"
78.0,1,b,B,a,ok,"B

Based on the immediate gut impression from the images provided, Candidate B appears more competent. The individual in Candidate B has a more approachable and confident demeanor, often associated with perceived competence in leadership roles. The smile and direct gaze can convey confidence and app"
79.0,0,a,B,b,ok,"B

Based on the immediate gut impression from the images provided, Candidate B appears more competent. The individual in Candidate B has a more assertive and confident facial expression, often associated with perceptions of leadership and competence. The glasses and slightly more mature appearance m"
79.0,0,b,A,b,ok,"A

Based on the immediate gut impression from the images provided, Candidate A appears more competent. The individual in Candidate A has a more mature and experienced look, with a confident smile and a professional demeanor that often conveys competence and leadership. Candidate B, while also profes"
78.0,2,a,A,a,ok,"A

**Explanation (for context, not part of the required response):**  
Based on common psychological studies of first impressions from facial appearance, individuals often perceive **Candidate A** as more competent. This impression is influenced by several factors:

1. **Facial Expression**: Candida"
78.0,2,b,B,a,ok,"B

Based on the immediate gut impression from the images provided, Candidate B appears more competent. The individual in Candidate B has a more approachable and confident demeanor, with a direct gaze and a slight smile, which often conveys trustworthiness and leadership qualities. Candidate A, while"
79.0,1,a,B,b,ok,"B

Based on the immediate gut impression from the images provided, Candidate B appears more competent. The individual in Candidate B has a more assertive and confident facial expression, often associated with perceptions of leadership and competence. The glasses and slightly more mature appearance m"
79.0,1,b,A,b,ok,"A

Based on the immediate gut impression from the images provided, Candidate A appears more competent. The individual in Candidate A has a more mature and experienced look, with a confident smile and a professional demeanor that often conveys competence and leadership. Candidate B, while also profes"
79.0,2,a,B,b,ok,"B

Based on the immediate gut impression from the images provided, Candidate B appears more competent. The individual in Candidate B has a more assertive and confident facial expression, often associated with perceptions of leadership and competence. Additionally, the use of glasses can sometimes be"
79.0,2,b,A,b,ok,"A

Based on the immediate gut impression from the images provided, Candidate A appears more competent. The individual in Candidate A has a more mature and experienced look, with a confident smile and a professional demeanor that often conveys competence and leadership. Candidate B, while also profes"
80.0,1,a,B,b,ok,"B

Based on the immediate gut impression from the images provided, Candidate B appears more competent. The smile and direct gaze in Candidate B's photo often convey approachability and confidence, which are traits commonly associated with perceived competence in first impressions. Candidate A's seri"
80.0,1,b,A,b,ok,"A

Based on the immediate gut impression from the images provided, Candidate A appears more competent. The individual in Candidate A has a warm, approachable smile and a modern, professional presentation that often conveys confidence and relatability. In contrast, Candidate B has a more formal and s"
80.0,0,a,B,b,ok,"B

Based on the immediate gut impression from the images provided, Candidate B appears more competent. The smile and direct gaze in Candidate B's photo often convey approachability and confidence, which are traits commonly associated with perceived competence in first impressions. Candidate A's seri"
80.0,0,b,A,b,ok,"A

Based on the immediate gut impression from the images provided, Candidate A appears more competent. The individual in Candidate A has a warm, approachable smile and a modern, professional presentation that often conveys confidence and relatability. In contrast, Candidate B has a more formal and s"
80.0,2,a,B,b,ok,"B

Based on the immediate gut impression from the images provided, Candidate B appears more competent. The smile and direct gaze in Candidate B's photo often convey approachability and confidence, which are traits commonly associated with perceived competence in first impressions. Candidate A's seri"
80.0,2,b,A,b,ok,"A

Based on the immediate gut impression from the images provided, Candidate A appears more competent. The individual in Candidate A has a warm, approachable smile and a modern, professional presentation that often conveys confidence and relatability. In contrast, Candidate B has a more formal and s"
81.0,0,a,A,a,ok,"A

Based on the immediate gut impression from the images provided, Candidate A appears more competent. The individual in Candidate A has a calm, composed expression and a professional demeanor that often conveys trustworthiness and confidence. In contrast, Candidate B’s expression and overall appear"
81.0,0,b,A,b,ok,"A

Based on the immediate gut impression from the images provided, Candidate A appears more competent. This assessment is based on common first-impression biases often associated with facial features and presentation in professional contexts. Candidate A has a more assertive and confident facial exp"
81.0,1,a,A,a,ok,"A

Based on the immediate gut impression from the images provided, Candidate A appears more competent. The individual in Candidate A has a calm, composed expression and a professional demeanor that often conveys trustworthiness and confidence. In contrast, Candidate B’s expression and overall appear"
81.0,1,b,A,b,ok,"A

Based on the immediate gut impression from the images provided, Candidate A appears more competent. This assessment is based on common first-impression biases often associated with facial features and presentation in professional contexts. Candidate A has a more assertive and confident facial exp"
81.0,2,a,A,a,ok,"A

Based on the immediate gut impression from the images provided, Candidate A appears more competent. The individual in Candidate A has a calm, composed expression and a professional demeanor that often conveys trustworthiness and confidence. In contrast, Candidate B’s expression and overall appear"
81.0,2,b,A,b,ok,"A

Based on the immediate gut impression from the images provided, Candidate A appears more competent. This assessment is based on common first-impression biases often associated with facial features and presentation in professional contexts. Candidate A has a more assertive and confident facial exp"
82.0,0,a,A,a,ok,"A

**Explanation (for your understanding, not part of the response):**  
Based on common psychological studies of first impressions and facial cues associated with perceived competence:

- **Candidate A** presents a classic ""competent"" facial expression: direct gaze, a confident smile, and a formal "
82.0,0,b,B,a,ok,"B

Based on the immediate gut impression from the images provided, Candidate B appears more competent. This assessment is based on common stereotypes associated with leadership and competence, often linked to masculine features and formal attire. Candidate B presents with a more traditionally ""execu"
82.0,1,a,A,a,ok,"A

**Explanation (for your understanding, not part of the response):**  
Based on common psychological studies of first impressions and facial cues associated with perceived competence:

- **Candidate A** presents a classic, traditionally ""masculine"" appearance often linked to perceived leadership a"
82.0,1,b,B,a,ok,"B

Based on the immediate gut impression from the images provided, Candidate B appears more competent. The individual in Candidate B has a confident posture, direct eye contact, and a professional attire that typically conveys authority and competence. Candidate A's appearance, while pleasant, does "
82.0,2,a,A,a,ok,"A

**Explanation (for your understanding, not part of the response):**  
Based on common psychological studies of first impressions and facial cues associated with perceived competence:

- **Candidate A** presents a classic, traditionally ""masculine"" appearance often linked to perceived leadership a"
82.0,2,b,B,a,ok,"B

Based on the immediate gut impression from the images provided, Candidate B appears more competent. This assessment is based on common stereotypes associated with leadership and competence, often linked to masculine features and formal attire. Candidate B presents with a more traditionally ""execu"
83.0,0,a,A,a,ok,"A

Based on the immediate gut impression from the images provided, Candidate A appears more competent. The individual in Candidate A has a more confident and assertive posture, with a direct gaze and a warm, open smile. These features often convey confidence and approachability, which are commonly a"
83.0,0,b,A,b,ok,"A

Based on the immediate gut impression from the black-and-white images provided, Candidate A appears more competent. The individual in Candidate A has a more polished and professional look, with a well-groomed hairstyle and a suit and tie, which often conveys a sense of professionalism and compete"
83.0,2,a,A,a,ok,"A

Based on the immediate gut impression from the images provided, Candidate A appears more competent. The individual in Candidate A has a more confident and assertive posture, with a direct gaze and a warm, open smile. These features often convey confidence and approachability, which are commonly a"
83.0,2,b,A,b,ok,"A

Based on the immediate gut impression from the black-and-white images provided, Candidate A appears more competent. The individual in Candidate A has a more polished and professional demeanor, with a well-groomed hairstyle and a suit and tie, which are often associated with competence and authori"
83.0,1,a,A,a,ok,"A

Based on the immediate gut impression from the images provided, Candidate A appears more competent. The individual in Candidate A has a more assertive and confident facial expression, with a direct gaze and a slight smile that conveys self-assurance. These visual cues often lead to an immediate p"
83.0,1,b,A,b,ok,"A

Based on the immediate gut impression from the black-and-white images provided, Candidate A appears more competent. The individual in Candidate A has a more polished and professional look, with a well-fitted suit and a confident smile, which often conveys competence and authority in first impress"
84.0,1,a,A,a,ok,"A

Based on the immediate gut impression from the images provided, Candidate A appears more competent. The individual in Candidate A has a warm, approachable smile and a confident posture, which often conveys trustworthiness and leadership qualities. In contrast, Candidate B, while also presenting a"
84.0,1,b,B,a,ok,"B

Based on the immediate gut impression from the images provided, Candidate B appears more competent. The individual in Candidate B has a more approachable and confident demeanor, with a warm smile and direct eye contact, which often conveys trustworthiness and leadership qualities. Candidate A, wh"
84.0,0,a,A,a,ok,"A

Based on the immediate gut impression from the images provided, Candidate A appears more competent. The individual in Candidate A has a warm, approachable smile and a direct gaze, which often conveys confidence and friendliness. These features can create a positive first impression of competence "
84.0,0,b,B,a,ok,"B

Based on the immediate gut impression from the images provided, Candidate B appears more competent. The individual in Candidate B has a warm, approachable smile and wears glasses, which can convey intelligence and confidence. The posture and overall presentation also suggest a sense of profession"
84.0,2,a,A,a,ok,"A

Based on the immediate gut impression from the images provided, Candidate A appears more competent. The individual in Candidate A has a warm, approachable smile and a direct gaze, which often conveys confidence and friendliness. These features can create a positive first impression of competence "
84.0,2,b,B,a,ok,"B

Based on the immediate gut impression from the images provided, Candidate B appears more competent. The individual in Candidate B has a more approachable and confident demeanor, with a warm smile and direct eye contact, which often conveys trustworthiness and leadership qualities. Candidate A, wh"
85.0,0,a,A,a,ok,"A

Based on the immediate gut impression from the images provided, Candidate A appears more competent. The individual in Candidate A has a composed and authoritative demeanor, often associated with leadership and professionalism. The posture, facial expression, and overall presentation convey confid"
85.0,0,b,B,a,ok,"B

Based on the immediate gut impression from the images provided, Candidate B appears more competent. The individual in Candidate B has a more approachable and confident demeanor, often associated with leadership qualities. The glasses and the slight smile can convey a sense of experience and trust"
85.0,2,a,A,a,ok,"A

Based on the immediate gut impression from the images provided, Candidate A appears more competent. The individual in Candidate A has a composed and authoritative expression, often associated with leadership and confidence. The posture and facial features convey a sense of experience and reliabil"
85.0,2,b,B,a,ok,"B

Based on the immediate gut impression from the images provided, Candidate B appears more competent. The individual in Candidate B has a more approachable and confident demeanor, often associated with leadership qualities. The glasses and the slight smile can convey a sense of experience and trust"
85.0,1,a,A,a,ok,"A

Based on the immediate gut impression from the images provided, Candidate A appears more competent. The individual in Candidate A has a composed and authoritative expression, often associated with leadership and confidence. The posture and facial features convey a sense of experience and reliabil"
85.0,1,b,B,a,ok,"B

Based on the immediate gut impression from the images provided, Candidate B appears more competent. The individual in Candidate B has a more approachable and confident demeanor, often associated with leadership qualities. The glasses and the slight smile can convey a sense of experience and trust"
86.0,0,a,B,b,ok,"B

Based on the immediate gut impression from the images provided, Candidate B appears more competent. The individual in Candidate B has a more assertive and confident demeanor, often associated with leadership and competence. The posture and facial expression convey authority and self-assurance, wh"
86.0,0,b,A,b,ok,"A

**Note:** This response is based solely on the immediate gut impression as requested and does not reflect any actual assessment of competence, which cannot be determined from appearance alone. Competence is a multifaceted trait that cannot be accurately judged from visual cues."
86.0,1,a,B,b,ok,"B

Based on the immediate gut impression from the images provided, Candidate B appears more competent. This assessment is based on common stereotypes and first-impression biases often associated with facial features and presentation. Candidate B has a more traditional, authoritative appearance that "
86.0,1,b,A,b,ok,"A

**Note:** It's important to recognize that judgments about competence based solely on appearance can be biased and are not reliable indicators of actual competence. Competence is best assessed through experience, performance, and qualifications rather than physical appearance."
86.0,2,a,B,b,ok,"B

Based on the immediate gut impression from the images provided, Candidate B appears more competent. The individual has a confident, assertive posture and a direct gaze, which often conveys authority and leadership qualities. In contrast, Candidate A's expression and overall presentation seem less"
86.0,2,b,A,b,ok,"A

**Note:** This response is based solely on the immediate gut impression as requested and does not reflect any actual assessment of competence, which cannot be determined from appearance alone. Competence is a multifaceted trait that cannot be accurately judged from visual cues."
87.0,0,a,A,a,ok,"A

Based on the immediate gut impression from the images provided, Candidate A appears more competent. The individual in Candidate A has a more mature and seasoned look, with a well-groomed appearance and a confident smile, which often conveys a sense of experience and authority. These visual cues c"
87.0,0,b,A,b,ok,"A

Based on the immediate gut impression from the images provided, Candidate A appears more competent. The individual in Candidate A has a more open and confident smile, direct eye contact, and a posture that conveys approachability and assertiveness. These visual cues often contribute to an immedia"
87.0,1,a,A,a,ok,"A

Based on the immediate gut impression from the images provided, Candidate A appears more competent. The individual in Candidate A has a more composed and authoritative demeanor, with a direct gaze and a professional smile, which often conveys confidence and leadership—qualities commonly associate"
87.0,1,b,A,b,ok,"A

Based on the immediate gut impression from the images provided, Candidate A appears more competent. The individual in Candidate A has a more open and confident smile, direct eye contact, and a posture that conveys approachability and assertiveness. These visual cues often contribute to an immedia"
88.0,0,a,A,a,ok,"A

Based on the immediate gut impression from the images provided, Candidate A appears more competent. The individual in Candidate A has a more polished and professional appearance, with a well-groomed hairstyle and a formal suit, which often conveys a sense of authority and competence. Candidate B,"
88.0,0,b,A,b,ok,"A

**Note:** This response is based solely on the immediate gut impression as requested and does not account for actual competence, which cannot be determined from appearance alone. Real-world competence involves a wide range of skills, experiences, and attributes that are not discernible from a pho"
87.0,2,a,A,a,ok,"A

**Note:** First impressions based solely on appearance can be influenced by many factors, including cultural biases and stereotypes. Competence is a multifaceted trait that cannot be accurately judged from a photograph alone. Real-world assessments should consider a person's actions, experience, "
87.0,2,b,A,b,ok,"A

Based on the immediate gut impression from the images provided, Candidate A appears more competent. The individual in Candidate A has a more open and confident smile, direct eye contact, and a posture that conveys approachability and assertiveness. These visual cues often contribute to a percepti"
88.0,1,a,A,a,ok,"A

Based on the immediate gut impression from the images provided, Candidate A appears more competent. The individual in Candidate A has a more polished and professional look, with a well-groomed hairstyle and a formal suit, which often conveys a sense of authority and competence. Candidate B, while"
88.0,1,b,A,b,ok,"A

**Note:** This response is based solely on the immediate gut impression as requested and does not account for actual competence, which cannot be determined from appearance alone. Real-world competence involves a wide range of skills, experiences, and attributes that are not discernible from a pho"
88.0,2,a,A,a,ok,"A

Based on the immediate gut impression from the images provided, Candidate A appears more competent. The individual in Candidate A has a more polished and professional appearance, with a well-groomed hairstyle and a formal suit, which often conveys a sense of authority and competence. Candidate B,"
88.0,2,b,A,b,ok,"A

**Note:** This response is based solely on the immediate gut impression as requested and does not account for actual competence, which cannot be determined from appearance alone. Real-world competence involves a wide range of skills, experiences, and attributes that are not discernible from a pho"
89.0,0,a,B,b,ok,"B

Based on the immediate gut impression from the images provided, Candidate B appears more competent. The individual in Candidate B has a more assertive and confident facial expression, often associated with perceptions of competence and leadership. Additionally, the posture and overall presentatio"
89.0,0,b,A,b,ok,"A

Based on the immediate gut impression from the images provided, Candidate A appears more competent. The individual in Candidate A has a confident, professional demeanor with a direct gaze and a slight smile, which often conveys confidence and authority. In contrast, Candidate B has a more neutral"
89.0,2,a,B,b,ok,"B

Based on the immediate gut impression from the images provided, Candidate B appears more competent. The individual in Candidate B has a more assertive and confident facial expression, often associated with perceptions of competence and leadership. Additionally, the posture and overall presentatio"
89.0,2,b,A,b,ok,"A

Based on the immediate gut impression from the images provided, Candidate A appears more competent. The individual in Candidate A has a confident, professional demeanor with a direct gaze and a slight smile, which often conveys confidence and authority. In contrast, Candidate B has a more neutral"
89.0,1,a,B,b,ok,"B

Based on the immediate gut impression from the images provided, Candidate B appears more competent. The individual in Candidate B has a more assertive and confident facial expression, often associated with perceptions of competence and leadership. Additionally, the posture and overall presentatio"
89.0,1,b,A,b,ok,"A

Based on the immediate gut impression from the images provided, Candidate A appears more competent. The individual in Candidate A has a confident, professional demeanor with a direct gaze and a slight smile, which often conveys confidence and leadership. In contrast, Candidate B has a more reserv"
90.0,0,a,A,a,ok,"A

**Note:** This response is based solely on the immediate gut impression as requested and does not reflect any actual assessment of competence, which cannot be accurately determined from appearance alone. Competence is a multifaceted trait that cannot be judged from visual cues."
90.0,0,b,B,a,ok,"B

Based on the immediate gut impression from the images provided, Candidate B appears more competent. The individual in Candidate B has a more formal and professional appearance, with a suit and tie, and glasses, which often convey a sense of seriousness and authority. Additionally, the smile appea"
90.0,1,a,A,a,ok,"A

**Note:** This response is based solely on the immediate gut impression as requested. In real-world scenarios, competence should be assessed through a comprehensive evaluation of skills, experience, and performance, rather than appearance alone. First impressions can be misleading and are not a r"
90.0,1,b,B,a,ok,"B

Based on the immediate gut impression from the images provided, Candidate B appears more competent. The individual in Candidate B has a more formal and professional appearance, with a suit and tie, and glasses, which often convey a sense of seriousness and authority. Additionally, the smile appea"
91.0,0,a,B,b,ok,"B

Based on the immediate gut impression from the images provided, Candidate B appears more competent. The individual in Candidate B has a more polished and professional look, with a well-groomed hairstyle and a formal suit, which often conveys a sense of competence and authority. Candidate A, while"
91.0,0,b,A,b,ok,"A

Based on the immediate gut impression from the images provided, Candidate A appears more competent. The individual in Candidate A has a more polished and professional look, with a well-groomed hairstyle and a confident smile, which often conveys an impression of competence and leadership. Candida"
90.0,2,a,A,a,ok,"A

**Note:** This response is based solely on the immediate gut impression as requested and does not reflect any actual assessment of competence, which cannot be accurately determined from appearance alone. Competence is a multifaceted trait that cannot be judged from visual cues."
90.0,2,b,B,a,ok,"B

Based on the immediate gut impression from the images provided, Candidate B appears more competent. The individual in Candidate B has a more formal and professional appearance, with a suit and tie, and glasses, which often convey a sense of seriousness and authority. Additionally, the smile appea"
91.0,1,a,B,b,ok,"B

Based on the immediate gut impression from the images provided, Candidate B appears more competent. The individual in Candidate B has a more polished and professional look, with a well-groomed hairstyle and a formal suit, which often conveys a sense of competence and authority. Candidate A, while"
91.0,1,b,A,b,ok,"A

Based on the immediate gut impression from the images provided, Candidate A appears more competent. The individual in Candidate A has a more polished and professional look, with a well-groomed hairstyle and a confident smile, which often conveys an impression of competence and leadership. Candida"
91.0,2,a,A,a,ok,"A

**Note:** This response is based solely on the immediate gut impression as requested. It's important to remember that competence cannot be accurately judged based solely on appearance, and real-world competence involves a wide range of skills, experiences, and attributes that cannot be discerned "
91.0,2,b,A,b,ok,"A

Based on the immediate gut impression from the images provided, Candidate A appears more competent. The individual in Candidate A has a more polished and professional look, with a well-groomed hairstyle and a confident smile, which often conveys an impression of competence and leadership. Candida"
92.0,0,a,A,a,ok,"A

Based on the immediate gut impression from the images provided, Candidate A appears more competent. The individual in Candidate A has a more serious and composed expression, which often conveys authority and confidence—qualities commonly associated with competence. Additionally, the attire and gr"
92.0,0,b,A,b,ok,"A

Based on the immediate gut impression from the images provided, Candidate A appears more competent. The individual in Candidate A has a more open and confident smile, which often conveys approachability and confidence—traits commonly associated with competence in first impressions. Additionally, "
92.0,1,a,A,a,ok,"A

Based on the immediate gut impression from the images provided, Candidate A appears more competent. The individual in Candidate A has a more serious and composed expression, which often conveys authority and confidence—qualities commonly associated with competence. Additionally, the posture and o"
92.0,1,b,A,b,ok,"A

Based on the immediate gut impression from the images provided, Candidate A appears more competent. The individual in Candidate A has a more open and confident smile, which often conveys approachability and confidence—qualities that are commonly associated with perceived competence. Additionally,"
92.0,2,a,A,a,ok,"A

Based on the immediate gut impression from the images provided, Candidate A appears more competent. The individual in Candidate A has a more serious and composed expression, which often conveys authority and confidence—qualities commonly associated with competence. Additionally, the posture and o"
92.0,2,b,A,b,ok,"A

Based on the immediate gut impression from the images provided, Candidate A appears more competent. The individual in Candidate A has a more open and confident smile, which often conveys approachability and confidence—qualities that are commonly associated with perceived competence. Additionally,"
93.0,0,a,A,a,ok,"A

**Explanation (for understanding, not part of the response):**  
Based on common psychological studies of first impressions from facial appearance, **Candidate A** is likely to be perceived as more competent. Factors that often contribute to this perception include:

1. **Facial Expression**: Can"
93.0,0,b,A,b,ok,"A

Based on the immediate gut impression from the images provided, Candidate A appears more competent. The individual in Candidate A has a more open and confident smile, direct eye contact, and a posture that conveys approachability and authority. These visual cues often contribute to perceptions of"
93.0,1,a,A,a,ok,"A

**Explanation (for understanding, not part of the response):**  
Based on common psychological research on first impressions from facial appearance—such as the ""halo effect"" and stereotypes associated with features like brow furrow, facial roundness, and smile—**Candidate A** is likely to be perc"
93.0,1,b,A,b,ok,"A

Based on the immediate gut impression from the images provided, Candidate A appears more competent. The individual in Candidate A has a more open and confident smile, direct eye contact, and a posture that conveys approachability and assertiveness. These visual cues often contribute to perception"
93.0,2,a,A,a,ok,"A

**Explanation (for understanding, not part of the response):**  
Based on common psychological research on first impressions from facial appearance—such as the ""halo effect"" and stereotypes associated with features like brow furrow, facial roundness, and smile—**Candidate A** is likely to be perc"
93.0,2,b,A,b,ok,"A

Based on the immediate gut impression from the images provided, Candidate A appears more competent. The individual in Candidate A has a more open and confident smile, direct eye contact, and a posture that conveys assertiveness and approachability. These visual cues often lead to an immediate per"
94.0,0,a,B,b,ok,"B

Based on the immediate gut impression from the images provided, Candidate B appears more competent. The individual in Candidate B has a more serious and focused expression, often associated with authority and professionalism. The glasses and formal attire also contribute to a perception of expert"
94.0,0,b,A,b,ok,"A

Based on the immediate gut impression from the images provided, Candidate A appears more competent. The individual in Candidate A has a more serious and composed expression, often associated with authority and professionalism. The attire and overall demeanor convey a sense of experience and relia"
94.0,2,a,B,b,ok,"B

Based on the immediate gut impression from the images provided, Candidate B appears more competent. The individual in Candidate B has a more serious and focused expression, often associated with authority and professionalism. The glasses and formal attire also contribute to a perception of expert"
94.0,2,b,A,b,ok,"A

Based on the immediate gut impression from the images provided, Candidate A appears more competent. The individual in Candidate A has a more serious and composed expression, often associated with authority and professionalism. The attire and overall demeanor convey a sense of experience and relia"
94.0,1,a,B,b,ok,"B

Based on the immediate gut impression from the images provided, Candidate B appears more competent. The individual in Candidate B has a more serious and focused expression, often associated with authority and professionalism. The glasses and formal attire also contribute to a perception of expert"
94.0,1,b,A,b,ok,"A

Based on the immediate gut impression from the images provided, Candidate A appears more competent. The individual in Candidate A has a more serious and composed expression, often associated with authority and professionalism. The attire and overall demeanor convey a sense of experience and relia"
95.0,0,a,A,a,ok,"A

Based on the immediate gut impression from the images provided, Candidate A appears more competent. This assessment is based on common first-impression biases often associated with facial features and presentation. Candidate A has a more neutral and composed expression, which can be subconsciousl"
95.0,0,b,A,b,ok,"A

Based on the immediate gut impression from the images provided, Candidate A appears more competent. The individual in Candidate A has a more assertive and confident facial expression, with a direct gaze and a slight smile, which often conveys authority and leadership. Additionally, the hairstyle "
95.0,1,a,B,b,ok,"B

Based on the immediate gut impression from the images provided, Candidate B appears more competent. The individual in Candidate B has a more polished and professional look, with neatly combed hair and glasses, which often conveys a sense of authority and expertise. Additionally, the facial expres"
95.0,1,b,A,b,ok,"A

Based on the immediate gut impression from the images provided, Candidate A appears more competent. The individual in Candidate A has a more assertive and confident facial expression, with a straight posture and direct gaze, which often conveys authority and competence. Candidate B, while also pr"
95.0,2,a,B,b,ok,"B

Based on the immediate gut impression from the images provided, Candidate B appears more competent. The individual in Candidate B has a more polished and professional look, with neatly combed hair and glasses, which often conveys a sense of authority and expertise. Additionally, the posture and f"
95.0,2,b,A,b,ok,"A

Based on the immediate gut impression from the images provided, Candidate A appears more competent. The individual in Candidate A has a more assertive and confident facial expression, with a direct gaze and a slight smile, which often conveys authority and leadership. Additionally, the grooming a"
96.0,0,a,A,a,ok,"A

Based on the immediate gut impression from the images provided, Candidate A appears more competent. The individual in Candidate A has a more formal and composed appearance, with a clean-shaven face, neatly combed hair, and a classic suit and tie. These elements often convey professionalism and au"
96.0,0,b,A,b,ok,"A

**Explanation (for your understanding, not part of the required response):**  
Based on common psychological studies and general societal biases regarding first impressions from facial appearance, **Candidate A** is more likely to be perceived as competent. This assessment is based on several vis"
96.0,1,a,A,a,ok,"A

Based on the immediate gut impression from the images provided, Candidate A appears more competent. The individual in Candidate A has a more formal and composed appearance, with a clean-shaven face, neatly combed hair, and a classic suit and tie. These elements often convey professionalism and au"
96.0,1,b,A,b,ok,"A

**Explanation (for your understanding, not part of the required response):**  
Based on common psychological studies and general perceptions of competence in facial features, **Candidate A** tends to convey a more approachable yet authoritative presence. The slightly younger appearance, direct ga"
96.0,2,a,A,a,ok,"A

Based on the immediate gut impression from the images provided, Candidate A appears more competent. The individual in Candidate A has a more formal and composed demeanor, with a neat hairstyle and a classic suit and tie, which often conveys professionalism and authority. Candidate B, while also d"
96.0,2,b,A,b,ok,"A

**Explanation (for your understanding, not part of the required response):**  
Based on common psychological studies and general societal biases regarding first impressions from facial appearance, **Candidate A** is more likely to be perceived as competent. This assessment is based on several vis"
97.0,0,a,A,a,ok,"A

Based on the immediate gut impression from the images provided, Candidate A appears more competent. This assessment is based on common first-impression biases often associated with facial features and presentation. Candidate A has a more composed and professional demeanor, with a direct gaze and "
97.0,0,b,B,a,ok,"B

Based on the immediate gut impression from the images provided, Candidate B appears more competent. This assessment is based on common first-impression biases often associated with facial features such as confidence, symmetry, and grooming, which are often subconsciously interpreted as indicators"
97.0,1,a,A,a,ok,"A

Based on the immediate gut impression from the images provided, Candidate A appears more competent. This assessment is based on common first-impression biases often associated with facial features and presentation. Candidate A has a more composed and professional demeanor, with a direct gaze and "
97.0,1,b,B,a,ok,"B

Based on the immediate gut impression from the images provided, Candidate B appears more competent. The posture, facial expression, and overall presentation convey confidence and authority, which are often associated with perceptions of competence. Candidate A, while also presenting a professiona"
97.0,2,a,A,a,ok,"A

Based on the immediate gut impression from the images provided, Candidate A appears more competent. This assessment is based on common first-impression biases often associated with facial features and presentation. Candidate A has a more composed and professional demeanor, with a direct gaze and "
97.0,2,b,B,a,ok,"B

Based on the immediate gut impression from the images provided, Candidate B appears more competent. This assessment is based on common first-impression biases often associated with facial features such as confidence, symmetry, and grooming, which are often subconsciously interpreted as indicators"
98.0,0,a,A,a,ok,"A

**Note:** This response is based on a common psychological bias where individuals often associate certain facial features—such as a broader chin, angular features, and a more neutral or serious expression—with perceived competence. However, it's important to recognize that these judgments are sub"
98.0,0,b,A,b,ok,"A

**Note:** This response is based solely on the immediate gut impression as requested and does not reflect any actual assessment of competence, which cannot be determined from appearance alone. Competence is a multifaceted trait that cannot be accurately judged from visual cues."
98.0,1,a,A,a,ok,"A

**Note:** It's important to recognize that judgments about competence based solely on appearance can be biased and are not reliable indicators of actual competence. Competence is best assessed through experience, performance, and qualifications rather than physical appearance."
98.0,1,b,A,b,ok,"A

**Note:** This response is based solely on the immediate gut impression as requested and does not reflect any actual assessment of competence, which cannot be determined from appearance alone. Competence is a multifaceted trait that cannot be accurately judged from visual cues."
98.0,2,a,A,a,ok,"A

**Note:** This response is based on a common psychological bias where individuals often associate certain facial features—such as a broader chin, angular features, and a more neutral or serious expression—with perceived competence. However, it's important to recognize that competence cannot be ac"
98.0,2,b,A,b,ok,"A

**Note:** This response is based solely on the immediate gut impression as requested and does not reflect any actual assessment of competence, which cannot be determined from appearance alone. Competence is a multifaceted trait that cannot be accurately judged from visual cues."
99.0,0,a,B,b,ok,"B

Based on the immediate gut impression from the images provided, Candidate B appears more competent. The individual in Candidate B has a more approachable and confident demeanor, with a direct gaze and a well-groomed appearance, which often contributes to perceptions of competence in professional "
99.0,0,b,A,b,ok,"A

Based on the immediate gut impression from the images provided, Candidate A appears more competent. The individual in Candidate A has a more approachable and confident demeanor, with a direct gaze and a warm smile, which often conveys trustworthiness and leadership qualities. In contrast, Candida"
99.0,2,a,B,b,ok,"B

Based on the immediate gut impression from the images provided, Candidate B appears more competent. The individual in Candidate B has a more approachable and confident demeanor, with a direct gaze and a well-groomed appearance, which often contributes to perceptions of competence in professional "
99.0,2,b,A,b,ok,"A

Based on the immediate gut impression from the images provided, Candidate A appears more competent. The individual in Candidate A has a more approachable and confident demeanor, with a warm smile and direct eye contact, which often conveys competence and leadership. Candidate B, while also presen"
100.0,0,a,A,a,ok,"A

**Explanation (for context, not part of the answer):**  
Based on common psychological studies of first impressions from facial appearance—such as those exploring perceptions of competence, trustworthiness, and dominance—certain features tend to influence judgments. Smiling faces are often percei"
100.0,0,b,A,b,ok,"A

Based on the immediate gut impression from the images provided, Candidate A appears more competent. The individual in Candidate A has a serious, composed expression and a formal appearance, often associated with authority and professionalism. In contrast, Candidate B has a more relaxed and smilin"
100.0,1,a,A,a,ok,"A

**Note:** This response is based solely on the immediate gut impression as requested and does not account for actual competence, which cannot be determined from appearance alone. Real-world competence depends on a wide range of factors beyond visual cues."
100.0,1,b,A,b,ok,"A

Based on the immediate gut impression from the images provided, Candidate A appears more competent. The individual in Candidate A has a serious, composed expression and a formal appearance, which often conveys authority and professionalism. In contrast, Candidate B has a more relaxed and smiling "
99.0,1,a,B,b,ok,"B

Based on the immediate gut impression from the images provided, Candidate B appears more competent. The individual in Candidate B has a more approachable and confident demeanor, with a direct gaze and a well-groomed appearance, which often contributes to perceptions of competence in professional "
99.0,1,b,A,b,ok,"A

Based on the immediate gut impression from the images provided, Candidate A appears more competent. The individual in Candidate A has a more approachable and confident demeanor, with a warm smile and direct eye contact, which often conveys competence and leadership. Candidate B, while also presen"
101.0,1,a,B,b,ok,"B

Based on the immediate gut impression from the images provided, Candidate B appears more competent. The individual in Candidate B has a more assertive and professional demeanor, often associated with leadership and competence. Factors such as grooming, facial expression, and overall presentation "
101.0,1,b,A,b,ok,"A

Based on the immediate gut impression from the images provided, Candidate A appears more competent. The individual in Candidate A has a more assertive and confident facial expression, often associated with leadership and competence. The posture and overall presentation also convey a sense of prof"
101.0,0,a,B,b,ok,"B

Based on the immediate gut impression from the images provided, Candidate B appears more competent. The individual in Candidate B has a more assertive and professional demeanor, often associated with leadership and competence. The glasses, direct gaze, and overall posture contribute to this perce"
101.0,0,b,A,b,ok,"A

Based on the immediate gut impression from the images provided, Candidate A appears more competent. The individual in Candidate A has a more assertive and confident facial expression, often associated with leadership and competence. The posture and overall presentation also convey a sense of prof"
100.0,2,a,A,a,ok,"A

**Explanation (for context, not part of the answer):**  
Based on common psychological studies of first impressions from facial appearance—such as those exploring perceptions of competence, trustworthiness, and dominance—people often associate certain cues with competence. These cues can include:"
100.0,2,b,A,b,ok,"A

Based on the immediate gut impression from the images provided, Candidate A appears more competent. The individual in Candidate A has a serious, composed expression and a formal appearance, which often conveys authority and professionalism. In contrast, Candidate B has a more relaxed and smiling "
101.0,2,a,B,b,ok,"B

Based on the immediate gut impression from the images provided, Candidate B appears more competent. The individual in Candidate B has a more assertive and professional demeanor, often associated with leadership and competence. Factors such as grooming, facial expression, and overall presentation "
101.0,2,b,A,b,ok,"A

Based on the immediate gut impression from the images provided, Candidate A appears more competent. The individual in Candidate A has a more assertive and confident facial expression, often associated with leadership and competence. The posture and overall presentation also convey a sense of prof"
102.0,0,a,A,a,ok,"A

Based on the immediate gut impression from the images provided, Candidate A appears more competent. The individual in Candidate A has a warm, approachable smile and a relaxed posture, which often conveys confidence and approachability—qualities that are commonly associated with perceived competen"
102.0,0,b,A,b,ok,"A

**Note:** This response is based solely on the immediate gut impression as requested and does not account for actual competence, which cannot be determined from appearance alone. Real-world competence involves a wide range of skills, experiences, and attributes that are not visible in a photograp"
102.0,1,a,A,a,ok,"A

**Explanation (for your understanding, not part of the required response):**  
Based on common psychological studies of first impressions from facial appearance, individuals often associate certain traits—such as confidence, assertiveness, and competence—with more ""masculine"" facial features (e.g"
102.0,1,b,A,b,ok,"A

**Note:** This response is based solely on the immediate gut impression often associated with facial features in first-impression studies. In real-world scenarios, competence should be assessed through actions, experience, and qualifications rather than appearance alone. Research suggests that ce"
102.0,2,a,A,a,ok,"A

Based on the immediate gut impression from the images provided, Candidate A appears more competent. The individual in Candidate A has a warm, approachable smile and a relaxed posture, which often conveys confidence and approachability—qualities commonly associated with competence in leadership ro"
102.0,2,b,A,b,ok,"A

**Note:** This response is based solely on the immediate gut impression often associated with facial features in first-impression studies. In real-world scenarios, competence should be assessed through actions, experience, and qualifications rather than appearance alone. Research suggests that ce"
103.0,0,a,A,a,ok,"A

Based on the immediate gut impression from the images provided, Candidate A appears more competent. The individual in Candidate A has a more polished and professional demeanor, with a well-groomed appearance, a formal suit, and a confident, warm smile. These visual cues often contribute to percep"
103.0,0,b,B,a,ok,"B

Based on the immediate gut impression from the images provided, Candidate B appears more competent. The individual in Candidate B has a more composed and authoritative demeanor, with a straight posture and a direct gaze, which often conveys confidence and leadership—qualities commonly associated "
103.0,2,a,A,a,ok,"A

Based on the immediate gut impression from the images provided, Candidate A appears more competent. The individual in Candidate A has a more polished and professional demeanor, with a well-groomed appearance and a confident smile, which often conveys competence and leadership. Candidate B, while "
103.0,2,b,B,a,ok,"B

Based on the immediate gut impression from the images provided, Candidate B appears more competent. The individual in Candidate B has a more composed and authoritative demeanor, with a straight posture and a direct gaze, which often conveys confidence and leadership—qualities commonly associated "
103.0,1,a,A,a,ok,"A

Based on the immediate gut impression from the images provided, Candidate A appears more competent. The individual in Candidate A has a more polished and professional demeanor, with a well-groomed appearance and a confident smile. These visual cues often contribute to perceptions of competence an"
103.0,1,b,B,a,ok,"B

Based on the immediate gut impression from the images provided, Candidate B appears more competent. The individual in Candidate B has a more composed and authoritative demeanor, with a straight posture and a direct gaze, which often conveys confidence and leadership—qualities commonly associated "
104.0,0,a,A,a,ok,"A

**Note:** This response is based solely on the immediate gut impression as requested and does not reflect any actual assessment of competence, which cannot be determined from appearance alone. Competence is a multifaceted trait that cannot be accurately judged from visual cues."
104.0,0,b,A,b,ok,"A

**Note:** This response is based solely on the immediate gut impression as requested and does not reflect any actual assessment of competence, which cannot be determined from appearance alone. Competence is a multifaceted trait that cannot be accurately judged from visual cues."
104.0,1,a,A,a,ok,"A

**Note:** This response is based solely on the immediate gut impression as requested and does not reflect any actual assessment of competence, which cannot be determined from appearance alone. Competence is a multifaceted trait that cannot be accurately judged from visual cues."
104.0,1,b,A,b,ok,"A

**Note:** This response is based solely on the immediate gut impression as requested and does not reflect any actual assessment of competence, which cannot be determined from appearance alone. Competence is a multifaceted trait that cannot be accurately judged from visual cues."
104.0,2,a,A,a,ok,"A

**Note:** This response is based solely on the immediate gut impression as requested and does not reflect any actual assessment of competence, which cannot be determined from appearance alone. Competence is a multifaceted trait that cannot be accurately judged from visual cues."
104.0,2,b,A,b,ok,"A

**Note:** This response is based solely on the immediate gut impression as requested. It's important to recognize that competence cannot be accurately judged based solely on appearance, and real-world competence involves a wide range of skills, experiences, and attributes that cannot be discerned"
105.0,1,a,A,a,ok,"A

Based on the immediate gut impression from the images provided, Candidate A appears more competent. The individual in Candidate A has a more serious and composed expression, which often conveys confidence and authority. In contrast, Candidate B has a more relaxed and smiling expression, which may"
105.0,1,b,A,b,ok,"A

Based on the immediate gut impression from the images provided, Candidate A appears more competent. The individual in Candidate A has a warm, open smile and a more approachable and confident demeanor, which often contributes to perceptions of competence and leadership. Candidate B, while also pro"
105.0,0,a,A,a,ok,"A

Based on the immediate gut impression from the images provided, Candidate A appears more competent. The individual in Candidate A has a more serious and composed expression, which often conveys confidence and authority. In contrast, Candidate B has a more relaxed and smiling expression, which mig"
105.0,0,b,A,b,ok,"A

Based on the immediate gut impression from the images provided, Candidate A appears more competent. This assessment is based on common first-impression biases often associated with facial features and expressions in studies of perceived competence. Candidate A has a more open and approachable exp"
105.0,2,a,A,a,ok,"A

Based on the immediate gut impression from the images provided, Candidate A appears more competent. The individual in Candidate A has a more serious and composed expression, which often conveys confidence and authority. In contrast, Candidate B has a more relaxed and smiling expression, which mig"
105.0,2,b,A,b,ok,"A

Based on the immediate gut impression from the images provided, Candidate A appears more competent. The individual in Candidate A has a warm, open smile and a more approachable and confident demeanor, which often contributes to perceptions of competence and leadership. Candidate B, while also pro"
106.0,0,a,B,b,ok,"B

Based on the immediate gut impression from the images provided, Candidate B appears more competent. The individual in Candidate B has a more formal and professional appearance, with a suit and tie, which often conveys a sense of professionalism and competence. Additionally, the posture and facial"
106.0,0,b,A,b,ok,"A

**Note:** It's important to recognize that judgments about competence based solely on appearance can be biased and are not reliable indicators of actual competence. Competence is best assessed through experience, qualifications, and performance, not physical appearance. This response is based pur"
106.0,2,a,B,b,ok,"B

Based on the immediate gut impression from the images provided, Candidate B appears more competent. The individual in Candidate B has a more formal and professional appearance, with a suit and tie, which often conveys a sense of professionalism and competence. Additionally, the posture and facial"
106.0,2,b,A,b,ok,"A

**Note:** It's important to recognize that judgments about competence based solely on appearance can be influenced by unconscious biases and are not reliable indicators of actual competence. Competence is best assessed through experience, performance, and qualifications rather than physical appea"
106.0,1,a,B,b,ok,"B

Based on the immediate gut impression from the images provided, Candidate B appears more competent. The individual in Candidate B has a more formal and professional appearance, with a suit and tie, which often conveys a sense of professionalism and competence. Additionally, the posture and facial"
106.0,1,b,A,b,ok,"A

**Note:** It's important to recognize that judgments about competence based solely on appearance can be influenced by unconscious biases and are not reliable indicators of actual competence. Competence is best assessed through experience, performance, and qualifications rather than physical appea"
107.0,0,a,A,a,ok,"A

Based on the immediate gut impression from the black-and-white images provided, Candidate A appears more competent. The individual in Candidate A has a more approachable and confident demeanor, with a direct gaze and a slight smile, which often conveys trustworthiness and competence in first impr"
107.0,0,b,A,b,ok,"A

Based on the immediate gut impression from the images provided, Candidate A appears more competent. The individual in Candidate A has a more composed and authoritative demeanor, with a slight smile that conveys confidence. The posture and overall presentation suggest a sense of professionalism an"
108.0,0,a,A,a,ok,"A

Based on the immediate gut impression from the images provided, Candidate A appears more competent. The individual has a confident, professional demeanor with a formal suit and tie, which often conveys authority and leadership. The smile and direct gaze also suggest approachability and self-assur"
108.0,0,b,B,a,ok,"B

Based on the immediate gut impression from the images provided, Candidate B appears more competent. The individual in Candidate B has a more assertive and professional demeanor, often associated with leadership and competence. The attire, posture, and facial expression contribute to this percepti"
107.0,1,a,A,a,ok,"A

Based on the immediate gut impression from the black-and-white images provided, Candidate A appears more competent. The individual in Candidate A has a more approachable and confident demeanor, with a direct gaze and a slight smile, which often conveys trustworthiness and competence in first impr"
107.0,1,b,A,b,ok,"A

Based on the immediate gut impression from the images provided, Candidate A appears more competent. The individual in Candidate A has a more composed and authoritative demeanor, with a slight smile that conveys confidence. The posture and overall presentation suggest a sense of professionalism an"
107.0,2,a,A,a,ok,"A

Based on the immediate gut impression from the black-and-white images provided, Candidate A appears more competent. The individual in Candidate A has a more approachable and confident demeanor, with a direct gaze and a slight smile, which often conveys trustworthiness and competence in first impr"
107.0,2,b,A,b,ok,"A

Based on the immediate gut impression from the images provided, Candidate A appears more competent. The individual in Candidate A has a more composed and authoritative demeanor, with a slight smile that conveys confidence. The posture and overall presentation suggest a sense of professionalism an"
108.0,1,a,A,a,ok,"A

Based on the immediate gut impression from the images provided, Candidate A appears more competent. The individual has a confident, professional demeanor with a formal suit and tie, which often conveys authority and leadership. The smile and direct gaze also suggest approachability and self-assur"
108.0,1,b,B,a,ok,"B

Based on the immediate gut impression from the images provided, Candidate B appears more competent. The individual in Candidate B has a more assertive and professional demeanor, often associated with leadership and competence. The attire, posture, and facial expression contribute to this percepti"
108.0,2,a,A,a,ok,"A

Based on the immediate gut impression from the images provided, Candidate A appears more competent. The individual has a confident, professional demeanor with a formal suit and tie, which often conveys authority and leadership. The smile and direct gaze also suggest approachability and self-assur"
108.0,2,b,B,a,ok,"B

Based on the immediate gut impression from the images provided, Candidate B appears more competent. The individual in Candidate B has a more assertive and professional demeanor, often associated with leadership and competence. The attire and overall presentation convey a sense of authority and ex"
109.0,1,a,A,a,ok,"A

Based on the immediate gut impression from the images provided, Candidate A appears more competent. The color photograph gives a more vibrant and approachable feel, and the subject's direct gaze and smile convey confidence and engagement. In contrast, Candidate B's black-and-white image may appea"
109.0,1,b,A,b,ok,"A

**Note:** This response is based solely on the immediate gut impression as requested and does not account for any actual competence, which cannot be determined from appearance alone. Real-world competence involves a wide range of skills, experiences, and attributes that are not discernible from a"
109.0,0,a,A,a,ok,"A

Based on the immediate gut impression from the images provided, Candidate A appears more competent. The color photograph gives a more vibrant and approachable feel, and the subject's direct gaze and smile convey confidence and engagement. Candidate B's black-and-white image, while professional, l"
109.0,0,b,A,b,ok,"A

**Note:** This response is based solely on the immediate gut impression as requested and does not account for any actual competence, which cannot be determined from appearance alone. Real-world competence involves a wide range of skills, experiences, and attributes that are not discernible from a"
109.0,2,a,A,a,ok,"A

Based on the immediate gut impression from the images provided, Candidate A appears more competent. The color photograph gives a more vibrant and approachable feel, and the subject's direct gaze and smile convey confidence and engagement. In contrast, Candidate B's black-and-white image may appea"
109.0,2,b,A,b,ok,"A

**Note:** This response is based solely on the immediate gut impression as requested and does not account for any actual competence, which cannot be determined from appearance alone. Real-world competence depends on a wide range of factors beyond visual cues."
110.0,0,a,B,b,ok,"B

Based on the immediate gut impression from the images provided, Candidate B appears more competent. The individual in Candidate B has a more assertive and confident demeanor, with a direct gaze and a composed smile, which often conveys authority and leadership. Candidate A, while also presenting "
110.0,0,b,A,b,ok,"A

Based on the immediate gut impression from the images provided, Candidate A appears more competent. The individual in Candidate A has a more polished and professional look, with a well-groomed hairstyle and a direct, confident gaze. These visual cues often contribute to perceptions of competence "
110.0,1,a,B,b,ok,"B

Based on the immediate gut impression from the images provided, Candidate B appears more competent. The individual in Candidate B has a more assertive and confident demeanor, with a direct gaze and a composed smile, which often conveys authority and leadership. Candidate A, while also presenting "
110.0,1,b,A,b,ok,"A

Based on the immediate gut impression from the images provided, Candidate A appears more competent. The individual in Candidate A has a more assertive and confident facial expression, with a direct gaze and a slight smile that conveys assurance. These features often contribute to perceptions of c"
110.0,2,a,B,b,ok,"B

Based on the immediate gut impression from the images provided, Candidate B appears more competent. The individual in Candidate B has a more assertive and confident demeanor, with a direct gaze and a composed smile, which often conveys authority and leadership. Candidate A, while also presenting "
110.0,2,b,A,b,ok,"A

Based on the immediate gut impression from the images provided, Candidate A appears more competent. The individual in Candidate A has a more polished and professional look, with a well-groomed hairstyle and a direct, confident gaze. These visual cues often contribute to perceptions of competence "
111.0,1,a,A,a,ok,"A

Based on the immediate gut impression from the images provided, Candidate A appears more competent. The individual in Candidate A has a more composed and professional demeanor, with a straight posture and a neutral, confident expression. These visual cues often lead to an immediate perception of "
111.0,1,b,A,b,ok,"A

Based on the immediate gut impression from the images provided, Candidate A appears more competent. The individual in Candidate A has a more open and confident smile, direct eye contact, and a posture that seems more approachable and assertive. These visual cues often contribute to an immediate p"
111.0,0,a,A,a,ok,"A

Based on the immediate gut impression from the images provided, Candidate A appears more competent. The individual in Candidate A has a more composed and professional demeanor, with a straight posture and a neutral, confident expression. These visual cues often lead to an immediate perception of "
111.0,0,b,A,b,ok,"A

Based on the immediate gut impression from the images provided, Candidate A appears more competent. The individual in Candidate A has a confident, open smile and a direct gaze, which often conveys confidence and approachability—qualities commonly associated with competence in first impressions. C"
111.0,2,a,A,a,ok,"A

**Explanation (for your understanding, not part of the required response):**  
Based on common psychological research into first impressions from facial appearance—particularly studies on perceived competence—people often associate certain facial features with competence. These include:

- **Stro"
111.0,2,b,A,b,ok,"A

Based on the immediate gut impression from the images provided, Candidate A appears more competent. The individual in Candidate A has a more open and confident smile, direct eye contact, and a posture that seems more approachable and assertive. These visual cues often contribute to an immediate p"
112.0,0,a,A,a,ok,"A

Based on the immediate gut impression from the images provided, Candidate A appears more competent. The individual in Candidate A has a more approachable and confident demeanor, with a warm smile and a professional yet friendly expression. These visual cues often contribute to perceptions of comp"
112.0,0,b,B,a,ok,"B

Based on the immediate gut impression from the images provided, Candidate B appears more competent. The individual in Candidate B has a more approachable and confident demeanor, with a direct gaze and a warm smile, which often conveys trustworthiness and leadership qualities. Candidate A, while p"
112.0,1,a,A,a,ok,"A

Based on the immediate gut impression from the images provided, Candidate A appears more competent. The individual in Candidate A has a more approachable and confident demeanor, with a warm smile and a professional yet friendly expression. These visual cues often contribute to perceptions of comp"
112.0,1,b,B,a,ok,"B

Based on the immediate gut impression from the images provided, Candidate B appears more competent. The individual in Candidate B has a more approachable and confident demeanor, with a direct gaze and a warm smile, which often conveys trustworthiness and leadership qualities. Candidate A, while p"
112.0,2,a,A,a,ok,"A

Based on the immediate gut impression from the images provided, Candidate A appears more competent. The individual in Candidate A has a more approachable and confident demeanor, with a warm smile and a professional yet friendly expression. These visual cues often contribute to perceptions of comp"
112.0,2,b,B,a,ok,"B

Based on the immediate gut impression from the images provided, Candidate B appears more competent. The individual in Candidate B has a more approachable and confident demeanor, with a direct gaze and a warm smile, which often conveys trustworthiness and leadership qualities. Candidate A, while p"
113.0,0,a,A,a,ok,"A

Based on the immediate gut impression from the images provided, Candidate A appears more competent. The individual in Candidate A has a more mature and seasoned look, often associated with experience and authority. The posture and facial expression convey confidence and a sense of leadership, whi"
113.0,0,b,A,b,ok,"A

**Note:** It's important to recognize that judgments about competence based solely on appearance can be biased and inaccurate. Competence is best assessed through actions, experience, and performance, not physical appearance. This response is based purely on the prompt's request for an immediate "
113.0,1,a,A,a,ok,"A

Based on the immediate gut impression from the images provided, Candidate A appears more competent. The individual in Candidate A has a more mature and seasoned look, often associated with experience and authority. The posture and facial expression convey confidence and a sense of leadership, whi"
113.0,1,b,A,b,ok,"A

Based on the immediate gut impression from the images provided, Candidate A appears more competent. The individual in Candidate A has a more polished and professional appearance, with a well-groomed hairstyle and a confident smile, which often conveys competence and approachability. Candidate B, "
113.0,2,a,A,a,ok,"A

Based on the immediate gut impression from the images provided, Candidate A appears more competent. The individual in Candidate A has a more mature and seasoned look, often associated with experience and authority. The posture and facial expression convey confidence and a sense of leadership, whi"
113.0,2,b,A,b,ok,"A

Based on the immediate gut impression from the images provided, Candidate A appears more competent. The individual in Candidate A has a more polished and professional look, with a well-groomed appearance and a confident smile, which often contributes to perceptions of competence. Candidate B, whi"
114.0,0,a,A,a,ok,"A

Based on the immediate gut impression from the images provided, Candidate A appears more competent. The individual in Candidate A has a warm, open smile and a relaxed posture, which often conveys approachability and confidence—qualities that are commonly associated with perceived competence in pr"
114.0,0,b,A,b,ok,"A

Based on the immediate gut impression from the images provided, Candidate A appears more competent. The individual in Candidate A has a more serious and focused expression, which often conveys confidence and authority. Additionally, the posture and overall presentation seem more formal and profes"
114.0,1,a,A,a,ok,"A

Based on the immediate gut impression from the images provided, Candidate A appears more competent. The individual in Candidate A has a warm, open smile and a direct gaze, which often conveys approachability and confidence—qualities that are commonly associated with perceived competence in profes"
114.0,1,b,A,b,ok,"A

Based on the immediate gut impression from the images provided, Candidate A appears more competent. The individual in Candidate A has a more serious and focused expression, which often conveys confidence and authority. Additionally, the posture and overall presentation seem more formal and profes"
114.0,2,a,A,a,ok,"A

Based on the immediate gut impression from the images provided, Candidate A appears more competent. The individual in Candidate A has a warm, open smile and a relaxed posture, which can convey approachability and confidence. These visual cues often lead to an immediate perception of competence an"
114.0,2,b,A,b,ok,"A

Based on the immediate gut impression from the images provided, Candidate A appears more competent. The posture, facial expression, and overall presentation convey confidence and authority, which are often associated with perceptions of competence. Candidate B, while also presenting a professiona"
115.0,0,a,A,a,ok,"A

Based on the immediate gut impression from the images provided, Candidate A appears more competent. The individual in Candidate A has a more polished and professional look, with a well-groomed appearance and a confident smile, which often conveys competence and authority in first impressions. Can"
115.0,0,b,B,a,ok,"B

Based on the immediate gut impression from the images provided, Candidate B appears more competent. This assessment is based on common stereotypes and first-impression biases often associated with facial features and presentation in such contexts. However, it's important to note that competence c"
115.0,1,a,A,a,ok,"A

Based on the immediate gut impression from the images provided, Candidate A appears more competent. The individual in Candidate A has a more polished and professional look, with a well-groomed appearance and a confident smile, which often conveys competence and leadership in first impressions. Ca"
115.0,1,b,B,a,ok,"B

Based on the immediate gut impression from the images provided, Candidate B appears more competent. This assessment is based on common stereotypes and first-impression biases often associated with facial features and presentation in such contexts. However, it's important to note that competence c"
115.0,2,a,A,a,ok,"A

Based on the immediate gut impression from the images provided, Candidate A appears more competent. The individual in Candidate A has a more polished and professional look, with a well-groomed appearance and a confident smile, which often conveys competence and leadership in first impressions. Ca"
115.0,2,b,B,a,ok,"B

Based on the immediate gut impression from the images provided, Candidate B appears more competent. This assessment is based on common stereotypes and first-impression biases often associated with facial features and presentation in such contexts. However, it's important to note that competence c"
116.0,0,a,B,b,ok,"B

**Note:** This response is based solely on the immediate gut impression as requested and does not reflect any actual assessment of competence, which cannot be accurately determined from appearance alone. Competence is a multifaceted trait that cannot be judged from visual cues."
116.0,0,b,A,b,ok,"A

**Note:** This response is based solely on the immediate gut impression as requested and does not reflect any actual assessment of competence, which cannot be determined from appearance alone. Competence is a multifaceted trait that cannot be accurately judged from visual cues."
116.0,1,a,B,b,ok,"B

**Note:** This response is based solely on the immediate gut impression as requested and does not reflect any actual assessment of competence, which cannot be accurately determined from appearance alone. Competence is a multifaceted trait that encompasses skills, experience, judgment, and other f"
116.0,1,b,A,b,ok,"A

**Note:** This response is based solely on the immediate gut impression as requested and does not reflect any actual assessment of competence, which cannot be determined from appearance alone. Competence is a multifaceted trait that cannot be accurately judged from visual cues."
116.0,2,a,B,b,ok,"B

**Note:** This response is based solely on the immediate gut impression as requested and does not reflect any actual assessment of competence, which cannot be accurately determined from appearance alone. Competence is a multifaceted trait that cannot be judged from visual cues."
116.0,2,b,A,b,ok,"A

**Note:** This response is based solely on the immediate gut impression as requested and does not reflect any actual assessment of competence, which cannot be determined from appearance alone. Competence is a multifaceted trait that cannot be accurately judged from visual cues."
117.0,0,a,A,a,ok,"A

**Note:** This response is based solely on the immediate gut impression as requested, and it reflects common biases in first-impression judgments from facial appearance. In real-world scenarios, competence should be assessed based on actual qualifications, experience, and performance, not just ap"
117.0,0,b,A,b,ok,"A

Based on the immediate gut impression from the images provided, Candidate A appears more competent. The individual in Candidate A has a confident, open smile and a direct gaze, which often conveys approachability and confidence—qualities that are commonly associated with competence in first impre"
117.0,1,a,A,a,ok,"A

**Explanation (for context, not part of the final response):**  
Based on common psychological research on first impressions from facial appearance—particularly studies on perceived competence—older, male faces with certain features (like glasses, a formal posture, and a slight smile) are often j"
117.0,1,b,A,b,ok,"A

Based on the immediate gut impression from the images provided, Candidate A appears more competent. The individual in Candidate A has a confident, open smile and a direct gaze, which often conveys approachability and confidence—qualities that are commonly associated with competence in first impre"
117.0,2,a,A,a,ok,"A

**Explanation (for context, not part of the final response):**  
Based on common psychological research on first impressions from facial appearance—particularly studies on perceived competence—people often associate certain traits like age, facial structure, and expression with competence. Candid"
117.0,2,b,A,b,ok,"A

Based on the immediate gut impression from the images provided, Candidate A appears more competent. The individual in Candidate A has a confident, open smile and a direct gaze, which often conveys approachability and confidence—qualities that are commonly associated with competence in first impre"
118.0,0,a,B,b,ok,"B

Based on the immediate gut impression from the images provided, Candidate B appears more competent. This assessment is based on common stereotypes associated with leadership and competence, such as a more formal attire (a suit and tie) and a composed, serious expression, which are often subconsci"
118.0,0,b,A,b,ok,"A

Based on the immediate gut impression from the images provided, Candidate A appears more competent. The individual in Candidate A has a formal appearance with a suit and tie, which often conveys professionalism and authority. The posture and facial expression also seem more assertive and confiden"
118.0,1,a,B,b,ok,"B

Based on the immediate gut impression from the images provided, Candidate B appears more competent. This assessment is based on common stereotypes associated with leadership and competence, such as a more formal attire (suit and tie) and a composed, serious expression, which are often subconsciou"
118.0,1,b,A,b,ok,"A

Based on the immediate gut impression from the images provided, Candidate A appears more competent. The individual in Candidate A has a formal appearance with a suit and tie, which often conveys professionalism and authority. The posture and facial expression also seem more assertive and confiden"
118.0,2,a,B,b,ok,"B

Based on the immediate gut impression from the images provided, Candidate B appears more competent. The individual in Candidate B has a more formal and professional appearance, with a suit and tie, which often conveys a sense of authority and professionalism. Additionally, the posture and facial "
118.0,2,b,A,b,ok,"A

Based on the immediate gut impression from the images provided, Candidate A appears more competent. The individual in Candidate A has a formal appearance with a suit and tie, which often conveys professionalism and authority. The posture and facial expression also seem more assertive and confiden"
119.0,1,a,A,a,ok,"A

Based on the immediate gut impression from the images provided, Candidate A appears more competent. The individual in Candidate A has a more composed and professional demeanor, with a neutral yet confident expression and a well-groomed appearance, which often conveys competence and authority in f"
119.0,1,b,A,b,ok,"A

Based on the immediate gut impression from the images provided, Candidate A appears more competent. The facial expression and overall demeanor in Candidate A's photo convey confidence and approachability, which are often associated with perceptions of competence. Candidate B, while also presentin"
119.0,0,a,A,a,ok,"A

Based on the immediate gut impression from the images provided, Candidate A appears more competent. The individual in Candidate A has a more composed and professional demeanor, with a neutral yet confident expression and a well-groomed appearance, which often conveys competence and authority in f"
119.0,0,b,A,b,ok,"A

Based on the immediate gut impression from the images provided, Candidate A appears more competent. The facial expression and overall demeanor in Candidate A's photo convey confidence and approachability, which are often associated with perceptions of competence. Candidate B, while also presentin"
119.0,2,a,A,a,ok,"A

Based on the immediate gut impression from the images provided, Candidate A appears more competent. The individual in Candidate A has a more composed and professional demeanor, with a neutral yet confident expression and a well-groomed appearance. These visual cues often lead to an immediate perc"
119.0,2,b,A,b,ok,"A

Based on the immediate gut impression from the images provided, Candidate A appears more competent. The facial expression and overall demeanor in Candidate A's photo convey confidence and approachability, which are often associated with perceptions of competence. Candidate B, while also presentin"
120.0,0,a,A,a,ok,"A

Based on the immediate gut impression from the images provided, Candidate A appears more competent. The individual in Candidate A has a formal and professional demeanor, with a suit and tie, which often conveys authority and seriousness. The posture and facial expression also suggest confidence a"
120.0,0,b,B,a,ok,"B

Based on the immediate gut impression from the images provided, Candidate B appears more competent. The individual in Candidate B has a formal appearance with professional attire (a suit and tie) and glasses, which often conveys a sense of seriousness, authority, and professionalism. In contrast,"
120.0,1,a,A,a,ok,"A

Based on the immediate gut impression from the images provided, Candidate A appears more competent. The individual in Candidate A has a formal and professional demeanor, with a suit and tie, which often conveys authority and seriousness. The posture and facial expression also suggest confidence a"
120.0,1,b,B,a,ok,"B

Based on the immediate gut impression from the images provided, Candidate B appears more competent. The individual in Candidate B has a formal appearance with professional attire (a suit and tie) and glasses, which often conveys a sense of seriousness, authority, and professionalism. In contrast,"
120.0,2,a,A,a,ok,"A

Based on the immediate gut impression from the images provided, Candidate A appears more competent. The individual in Candidate A has a formal and professional demeanor, with a suit and tie, which often conveys authority and seriousness. The posture and facial expression also suggest confidence a"
120.0,2,b,B,a,ok,"B

Based on the immediate gut impression from the images provided, Candidate B appears more competent. The individual in Candidate B has a formal appearance with professional attire (a suit and tie) and glasses, which often conveys a sense of seriousness, authority, and professionalism. In contrast,"
121.0,0,a,B,b,ok,"B

Based on the immediate gut impression from the images provided, Candidate B appears more competent. The individual in Candidate B has a more polished and professional appearance, with a well-groomed hairstyle and a suit that conveys a sense of authority and experience. The posture and facial expr"
121.0,0,b,A,b,ok,"A

Based on the immediate gut impression from the images provided, Candidate A appears more competent. The individual in Candidate A has a more polished and professional appearance, with a well-groomed hairstyle, a neatly trimmed beard, and a confident smile. These visual cues often contribute to pe"
121.0,2,a,B,b,ok,"B

Based on the immediate gut impression from the images provided, Candidate B appears more competent. The individual in Candidate B has a more polished and professional appearance, with a well-groomed hairstyle and a suit that conveys a sense of authority and experience. The posture and facial expr"
121.0,2,b,A,b,ok,"A

Based on the immediate gut impression from the images provided, Candidate A appears more competent. This assessment is based on common first-impression cues often associated with perceived competence, such as facial expression, grooming, and overall presentation. Candidate A has a more polished a"
122.0,0,a,A,a,ok,"A

**Note:** It's important to recognize that judgments about competence based solely on appearance can be biased and inaccurate. Competence is best assessed through actions, experience, and qualifications rather than physical appearance. This response reflects a common, though potentially flawed, g"
122.0,0,b,B,a,ok,"B

Based on the immediate gut impression from the images provided, Candidate B appears more competent. The individual in Candidate B has a more neutral and confident expression, often associated with perceived competence and authority. Additionally, the attire (a suit and tie) typically conveys prof"
121.0,1,a,B,b,ok,"B

Based on the immediate gut impression from the images provided, Candidate B appears more competent. The individual in Candidate B has a more polished and professional appearance, with a well-groomed hairstyle and a suit that conveys a sense of authority and experience. The posture and facial expr"
121.0,1,b,A,b,ok,"A

Based on the immediate gut impression from the images provided, Candidate A appears more competent. The individual in Candidate A has a more polished and professional appearance, with a well-groomed hairstyle, a neatly trimmed beard, and a confident smile. These visual cues often contribute to pe"
122.0,1,a,A,a,ok,"A

**Note:** It's important to recognize that judgments about competence based solely on appearance can be biased and inaccurate. Competence is best assessed through actions, experience, and qualifications rather than physical appearance. This response reflects a common, but potentially flawed, gut "
122.0,1,b,B,a,ok,"B

Based on the immediate gut impression from the images provided, Candidate B appears more competent. The individual in Candidate B has a more neutral and confident expression, often associated with perceived competence and authority. In contrast, Candidate A's expression and overall demeanor may n"
122.0,2,a,A,a,ok,"A

**Note:** This response is based solely on the immediate gut impression as requested and does not account for any actual competence, which cannot be determined from appearance alone. Real-world competence depends on a wide range of factors beyond visual cues."
122.0,2,b,B,a,ok,"B

Based on the immediate gut impression from the images provided, Candidate B appears more competent. The individual in Candidate B has a more neutral and confident expression, often associated with perceived competence and authority. In contrast, Candidate A's expression and overall demeanor may n"
123.0,1,a,A,a,ok,"A

Based on the immediate gut impression from the images provided, Candidate A appears more competent. The individual in Candidate A has a warm, approachable smile and a confident posture, which often conveys competence and leadership in first impressions. In contrast, Candidate B has a more serious"
123.0,1,b,B,a,ok,"B

Based on the immediate gut impression from the images provided, Candidate B appears more competent. The individual in Candidate B has a warm, approachable smile and a professional demeanor that often conveys confidence and friendliness, traits commonly associated with competence in social and pro"
123.0,0,a,A,a,ok,"A

Based on the immediate gut impression from the images provided, Candidate A appears more competent. The individual in Candidate A has a warm, approachable smile and a confident posture, which often conveys competence and leadership in first impressions. In contrast, Candidate B has a more serious"
123.0,0,b,B,a,ok,"B

Based on the immediate gut impression from the images provided, Candidate B appears more competent. The individual in Candidate B has a warm, approachable smile and a professional demeanor that often conveys confidence and friendliness, traits commonly associated with competence in social and pro"
123.0,2,a,A,a,ok,"A

Based on the immediate gut impression from the images provided, Candidate A appears more competent. The individual in Candidate A has a warm, approachable smile and a confident posture, which often conveys competence and leadership in first impressions. Candidate B, while presenting a serious and"
123.0,2,b,B,a,ok,"B

Based on the immediate gut impression from the images provided, Candidate B appears more competent. The individual in Candidate B has a warm, approachable smile and a professional demeanor that often conveys confidence and friendliness, traits commonly associated with competence in social and pro"
124.0,0,a,A,a,ok,"A

Based on the immediate gut impression from the images provided, Candidate A appears more competent. The individual in Candidate A has a more formal and professional demeanor, with a straight posture, direct gaze, and a classic suit and tie, which often conveys authority and competence in professi"
124.0,0,b,A,b,ok,"A

Based on the immediate gut impression from the images provided, Candidate A appears more competent. The individual in Candidate A has a warm, approachable smile and a confident posture, which often contributes to perceptions of competence and leadership. In contrast, Candidate B, while also profe"
124.0,1,a,A,a,ok,"A

Based on the immediate gut impression from the images provided, Candidate A appears more competent. The individual in Candidate A has a more formal and serious expression, which often conveys authority and professionalism. The posture and overall presentation also suggest confidence and experienc"
124.0,1,b,A,b,ok,"A

Based on the immediate gut impression from the images provided, Candidate A appears more competent. The individual in Candidate A has a warm, open smile and a confident posture, which often conveys approachability and confidence—qualities that are commonly associated with perceived competence. In"
124.0,2,a,A,a,ok,"A

Based on the immediate gut impression from the images provided, Candidate A appears more competent. The individual in Candidate A has a more formal and professional demeanor, with a straight posture, direct gaze, and a classic suit and tie, which often conveys authority and competence in professi"
124.0,2,b,A,b,ok,"A

Based on the immediate gut impression from the images provided, Candidate A appears more competent. The individual in Candidate A has a more approachable and confident demeanor, with a warm smile and a professional yet friendly expression. These visual cues often lead to an immediate perception o"
125.0,0,a,B,b,ok,"B

Based on the immediate gut impression from the images provided, Candidate B appears more competent. The individual in Candidate B has a more approachable and confident demeanor, with a smile that conveys openness and friendliness. These qualities are often associated with perceived competence and"
125.0,0,b,A,b,ok,"A

Based on the immediate gut impression from the images provided, Candidate A appears more competent. The individual in Candidate A has a more confident and approachable expression, with a slight smile that conveys confidence and friendliness. The posture and overall presentation also seem more ass"
125.0,1,a,B,b,ok,"B

Based on the immediate gut impression from the images provided, Candidate B appears more competent. The individual in Candidate B has a more approachable and confident demeanor, with a smile that conveys openness and friendliness. These visual cues often lead to a perception of higher competence "
125.0,1,b,A,b,ok,"A

Based on the immediate gut impression from the images provided, Candidate A appears more competent. The individual in Candidate A has a more confident and approachable expression, with a slight smile that conveys confidence and friendliness. The posture and overall presentation also seem more ass"
125.0,2,a,B,b,ok,"B

Based on the immediate gut impression from the images provided, Candidate B appears more competent. The individual in Candidate B has a more approachable and confident demeanor, with a smile that conveys openness and friendliness. These qualities are often associated with perceived competence and"
125.0,2,b,A,b,ok,"A

Based on the immediate gut impression from the images provided, Candidate A appears more competent. The individual in Candidate A has a more confident and approachable expression, with a slight smile that conveys confidence and friendliness. The posture and overall presentation also seem more ass"
126.0,0,a,A,a,ok,"A

Based on the immediate gut impression from the images provided, Candidate A appears more competent. The individual in Candidate A has a more polished and professional appearance, with a well-groomed hairstyle, glasses, and a suit that conveys a sense of formality and authority. These visual cues "
126.0,0,b,A,b,ok,"A

**Note:** This response is based solely on the immediate gut impression as requested and does not reflect any actual assessment of competence, which cannot be determined from appearance alone. Competence is a multifaceted trait that cannot be accurately judged from visual cues."
126.0,1,a,A,a,ok,"A

Based on the immediate gut impression from the images provided, Candidate A appears more competent. The individual in Candidate A has a polished and professional look, with a well-groomed hairstyle, glasses, and formal attire that conveys confidence and authority. These visual cues often lead to "
126.0,1,b,A,b,ok,"A

**Note:** This response is based solely on the immediate gut impression as requested and does not reflect any actual assessment of competence, which cannot be determined from appearance alone. Competence is a multifaceted trait that cannot be accurately judged from visual cues."
126.0,2,a,A,a,ok,"A

Based on the immediate gut impression from the images provided, Candidate A appears more competent. The individual in Candidate A has a polished and professional look, with a well-groomed hairstyle and formal attire that conveys confidence and authority. In contrast, Candidate B has a more relaxe"
126.0,2,b,A,b,ok,"A

**Note:** This response is based solely on the immediate gut impression as requested and does not reflect any actual assessment of competence, which cannot be determined from appearance alone. Competence is a multifaceted trait that cannot be accurately judged from visual cues."
127.0,0,a,A,a,ok,"A

Based on the immediate gut impression from the provided images, Candidate A appears more competent. The individual in Candidate A has a more assertive and confident posture, with a direct gaze and a slight smile that conveys assurance. These visual cues often lead to an immediate perception of co"
127.0,0,b,A,b,ok,"A

Based on the immediate gut impression from the images provided, Candidate A appears more competent. The individual in Candidate A has a more polished and professional demeanor, with a well-groomed appearance and a confident smile, which often conveys competence and leadership. Candidate B, while "
127.0,1,a,A,a,ok,"A

Based on the immediate gut impression from the provided images, Candidate A appears more competent. The individual in Candidate A has a more assertive and confident posture, with a direct gaze and a slight smile that conveys assurance. These visual cues often lead to an immediate perception of co"
127.0,1,b,A,b,ok,"A

Based on the immediate gut impression from the images provided, Candidate A appears more competent. The individual in Candidate A has a more polished and professional demeanor, with a well-groomed appearance and a confident smile, which often conveys competence and leadership. Candidate B, while "
127.0,2,a,A,a,ok,"A

Based on the immediate gut impression from the provided images, Candidate A appears more competent. The individual in Candidate A has a more assertive and confident posture, with a direct gaze and a slight smile that conveys assurance. These visual cues often lead to an immediate perception of co"
127.0,2,b,A,b,ok,"A

Based on the immediate gut impression from the images provided, Candidate A appears more competent. The individual in Candidate A has a more polished and professional demeanor, with a well-groomed appearance and a confident smile, which often conveys a sense of competence and leadership. Candidat"
130.0,0,a,A,a,ok,"A

**Note:** It's important to recognize that making judgments about competence based solely on appearance can be biased and inaccurate. Competence is best assessed through actions, experience, and qualifications rather than physical appearance. This response is based purely on the prompt's request "
130.0,0,b,B,a,ok,"B

Based on the immediate gut impression from the images provided, Candidate B appears more competent. The facial expression and overall demeanor convey confidence and approachability, which often are associated with perceptions of competence. Candidate A's expression and posture, while pleasant, do"
130.0,1,a,A,a,ok,"A

**Note:** It's important to recognize that making judgments about competence based solely on appearance can be biased and inaccurate. Competence is best assessed through actions, experience, and qualifications rather than physical appearance. This response is based purely on the prompt's request "
130.0,1,b,B,a,ok,"B

Based on the immediate gut impression from the images provided, Candidate B appears more competent. The facial expression and overall demeanor convey confidence and approachability, which often are associated with perceptions of competence. Candidate A's expression and posture, while pleasant, do"
130.0,2,a,A,a,ok,"A

Based on the immediate gut impression from the images provided, Candidate A appears to convey a more competent demeanor. The facial expression and overall presentation suggest confidence and approachability, which are often associated with perceptions of competence. Candidate B's expression and p"
130.0,2,b,B,a,ok,"B

Based on the immediate gut impression from the images provided, Candidate B appears more competent. The facial expression and overall demeanor convey confidence and approachability, which often contribute to perceptions of competence. Candidate A's expression and posture, while pleasant, may not "
131.0,0,a,A,a,ok,"A

**Note:** It's important to recognize that judgments about competence based solely on appearance can be biased and inaccurate. Competence is best assessed through actions, experience, and performance, not physical appearance. This response reflects a common, though potentially flawed, gut reactio"
131.0,0,b,A,b,ok,"A

**Note:** This response is based solely on the immediate gut impression as requested. It's important to recognize that competence cannot be accurately judged based solely on appearance, and such assumptions can perpetuate stereotypes and biases. Real-world competence is determined by a wide range"
131.0,1,a,A,a,ok,"A

**Note:** It's important to recognize that judgments about competence based solely on appearance can be biased and inaccurate. Competence is best assessed through actions, experience, and performance, not physical appearance. This response reflects a common, though potentially flawed, gut reactio"
131.0,1,b,A,b,ok,"A

**Note:** This response is based solely on the immediate gut impression as requested. It's important to remember that competence cannot be accurately judged based solely on appearance, and such assumptions can be biased and unfair. Real-world competence should be evaluated based on actions, quali"
131.0,2,a,A,a,ok,"A

**Note:** It's important to recognize that judgments about competence based solely on appearance can be biased and inaccurate. Competence is best assessed through actions, experience, and performance, not physical appearance. This response reflects a common, though potentially flawed, gut reactio"
131.0,2,b,A,b,ok,"A

**Note:** It's important to recognize that making judgments about competence based solely on appearance can be biased and inaccurate. Competence is best assessed through actions, experience, and performance, not physical appearance. This response is based on the prompt's request for an immediate "
132.0,1,a,A,a,ok,"A

Based on the immediate gut impression from the images provided, Candidate A appears more competent. The individual in Candidate A has a more serious and composed expression, which often correlates with perceptions of competence and authority in professional settings. Additionally, the posture and"
132.0,1,b,B,a,ok,"B

Based on the immediate gut impression from the images provided, Candidate B appears more competent. This assessment is based on common perceptions often associated with leadership and authority in facial features, such as a more serious expression, direct gaze, and a composed demeanor. However, i"
132.0,0,a,A,a,ok,"A

Based on the immediate gut impression from the images provided, Candidate A appears more competent. The individual in Candidate A has a more serious and composed expression, which often correlates with perceptions of competence and authority in professional settings. Additionally, the posture and"
132.0,0,b,B,a,ok,"B

Based on the immediate gut impression from the images provided, Candidate B appears more competent. The individual in Candidate B has a more serious and focused expression, which often correlates with perceptions of competence and authority. Additionally, the posture and grooming in Candidate B c"
133.0,0,a,B,b,ok,"B

Based on the immediate gut impression from the images provided, Candidate B appears more competent. The individual in Candidate B has a warm, approachable smile and a confident posture, which often conveys competence and leadership in first impressions. Candidate A's expression is more neutral, w"
133.0,0,b,A,b,ok,"A

**Note:** It's important to recognize that judgments about competence based solely on appearance can be influenced by unconscious biases and are not reliable indicators of actual competence. Competence should be assessed based on skills, experience, and performance, not physical appearance. This "
132.0,2,a,A,a,ok,"A

Based on the immediate gut impression from the images provided, Candidate A appears more competent. The individual in Candidate A has a more serious and composed expression, which often conveys confidence and authority—qualities commonly associated with competence in professional settings. Additi"
132.0,2,b,A,b,ok,"A

**Explanation (for your understanding, not part of the required response):** 

Based on common psychological research into first impressions from facial appearance—particularly studies on perceived competence—certain features often influence judgments. These include:

1. **Facial Symmetry**: More"
133.0,1,a,B,b,ok,"B

Based on the immediate gut impression from the images provided, Candidate B appears more competent. This assessment is based on common stereotypes and first-impression biases often associated with facial features and presentation. Candidate B has a more approachable and confident demeanor, with a"
133.0,1,b,A,b,ok,"A

**Note:** It's important to recognize that judgments about competence based solely on appearance can be influenced by unconscious biases and are not reliable indicators of actual competence. Competence should be assessed based on skills, experience, and performance, not physical appearance. This "
133.0,2,a,B,b,ok,"B

Based on the immediate gut impression from the images provided, Candidate B appears more competent. The individual in Candidate B has a warm, approachable smile and a confident posture, which often conveys competence and leadership in first impressions. Candidate A's expression is more neutral, w"
133.0,2,b,A,b,ok,"A

**Note:** It's important to recognize that making judgments about competence based solely on appearance can perpetuate stereotypes and biases. Competence should be assessed based on actual skills, experience, and performance, not on physical characteristics. This response is based on the specific"
134.0,0,a,A,a,ok,"A

Based on the immediate gut impression from the images provided, Candidate A appears more competent. The individual in Candidate A has a more formal and professional demeanor, indicated by the suit and tie, as well as a composed and serious expression. These visual cues often lead to an immediate "
134.0,0,b,B,a,ok,"B

Based on the immediate gut impression from the images provided, Candidate B appears more competent. The individual in Candidate B has a more formal and professional appearance, with a suit and tie, which often conveys a sense of authority and professionalism. Additionally, the posture and facial "
134.0,1,a,A,a,ok,"A

Based on the immediate gut impression from the images provided, Candidate A appears more competent. The individual in Candidate A has a more formal and professional demeanor, with a suit and tie, which often conveys authority and competence. Additionally, the facial expression and overall present"
134.0,1,b,B,a,ok,"B

Based on the immediate gut impression from the images provided, Candidate B appears more competent. The individual in Candidate B has a more formal and professional appearance, with a suit and tie, which often conveys a sense of authority and professionalism. Additionally, the posture and facial "
134.0,2,a,A,a,ok,"A

Based on the immediate gut impression from the images provided, Candidate A appears more competent. The individual in Candidate A has a more formal and professional demeanor, with a suit and tie, which often conveys authority and competence. Additionally, the posture and facial expression appear "
134.0,2,b,B,a,ok,"B

Based on the immediate gut impression from the images provided, Candidate B appears more competent. The individual in Candidate B has a more formal and professional appearance, with a suit and tie, which often conveys a sense of authority and professionalism. Additionally, the posture and facial "
135.0,0,a,A,a,ok,"A

**Note:** This response is based solely on the immediate gut impression as requested and does not reflect any actual assessment of competence, which cannot be determined from appearance alone. Competence is a multifaceted trait that cannot be accurately judged from visual cues."
135.0,0,b,A,b,ok,"A

**Explanation (for your understanding, not part of the required response):**  
Based on common psychological studies of first impressions and facial cues associated with perceived competence:

- **Candidate A** presents a more serious, composed expression with a neutral mouth and direct gaze. The"
135.0,1,a,A,a,ok,"A

**Note:** This response is based solely on the immediate gut impression as requested and does not reflect any actual assessment of competence, which cannot be determined from appearance alone. Competence is a multifaceted trait that cannot be accurately judged from visual cues."
135.0,1,b,A,b,ok,"A

**Explanation (for your understanding, not part of the required response):**  
Based on common psychological studies of first impressions and facial cues associated with perceived competence:

- **Candidate A** presents a more serious, composed expression with a neutral mouth and direct gaze. The"
135.0,2,a,A,a,ok,"A

**Explanation (for understanding, not part of the response):**  
Based on common psychological studies of first impressions and facial cues, people often associate certain features—like a broader chin, a more assertive jawline, direct eye contact, and a neutral or slightly serious expression—with"
135.0,2,b,A,b,ok,"A

**Explanation (for your understanding, not part of the required response):**  
Based on common psychological studies of first impressions and facial cues associated with perceived competence:

- **Candidate A** presents a more serious, composed expression with a neutral mouth and direct gaze. The"
136.0,0,a,A,a,ok,"A

Based on the immediate gut impression from the images provided, Candidate A appears more competent. The confident smile, direct gaze, and overall posture convey a sense of confidence and leadership, which are often associated with perceptions of competence. Candidate B, while also presenting a pr"
136.0,0,b,A,b,ok,"A

Based on the immediate gut impression from the images provided, Candidate A appears more competent. The individual in Candidate A has a more composed and professional demeanor, with a neutral expression and a formal attire that conveys confidence and authority. In contrast, Candidate B has a more"
136.0,1,a,A,a,ok,"A

Based on the immediate gut impression from the images provided, Candidate A appears more competent. The confident smile, direct gaze, and overall posture convey a sense of confidence and leadership, which are often associated with perceptions of competence. Candidate B, while also presenting a pr"
136.0,1,b,A,b,ok,"A

Based on the immediate gut impression from the images provided, Candidate A appears more competent. The individual in Candidate A has a more formal and composed appearance, with a neat hairstyle, glasses, and a well-fitted suit, which often conveys professionalism and authority. Candidate B, whil"
136.0,2,a,A,a,ok,"A

Based on the immediate gut impression from the images provided, Candidate A appears more competent. The confident smile, direct gaze, and overall posture convey a sense of assurance and leadership, which often contributes to perceptions of competence in first impressions. Candidate B, while also "
136.0,2,b,A,b,ok,"A

Based on the immediate gut impression from the images provided, Candidate A appears more competent. The individual in Candidate A has a composed and professional demeanor, with a neat appearance and a serious expression that often conveys trustworthiness and authority. In contrast, Candidate B ha"
137.0,0,a,B,b,ok,"B

Based on the immediate gut impression from the images provided, Candidate B appears more competent. The individual in Candidate B has a more polished and professional appearance, with a well-groomed hairstyle and a formal suit and tie, which often conveys a sense of professionalism and competence"
137.0,0,b,A,b,ok,"A

Based on the immediate gut impression from the images provided, Candidate A appears more competent. The individual in Candidate A has a more serious and composed expression, which often conveys confidence and authority. Additionally, the posture and overall presentation seem more formal and profe"
137.0,1,a,B,b,ok,"B

Based on the immediate gut impression from the images provided, Candidate B appears more competent. The individual in Candidate B has a more polished and professional appearance, with a well-groomed hairstyle and a formal suit and tie, which often conveys a sense of professionalism and competence"
137.0,1,b,A,b,ok,"A

Based on the immediate gut impression from the images provided, Candidate A appears more competent. The individual in Candidate A has a more polished and professional demeanor, with a well-groomed appearance and a direct, confident gaze. These visual cues often contribute to perceptions of compet"
137.0,2,a,B,b,ok,"B

Based on the immediate gut impression from the images provided, Candidate B appears more competent. The individual in Candidate B has a more polished and professional appearance, with a well-groomed hairstyle, a suit, and a tie, which often conveys a sense of professionalism and competence. The p"
137.0,2,b,A,b,ok,"A

Based on the immediate gut impression from the images provided, Candidate A appears more competent. The individual in Candidate A has a more polished and professional demeanor, with a well-groomed appearance and a direct, confident gaze that often conveys authority and competence. Candidate B, wh"
138.0,2,a,A,a,ok,"A

**Note:** This response is based solely on the immediate gut impression as requested. It's important to remember that competence cannot be accurately judged based on appearance alone. Real-world competence is determined by skills, experience, and performance, not by physical characteristics."
138.0,2,b,A,b,ok,"A

**Explanation (for your understanding, not part of the required response):**  
Based on common psychological research into first impressions from facial appearance—particularly studies on perceived competence—certain features tend to bias judgments. Candidate A’s hairstyle, facial structure, and "
138.0,1,a,A,a,ok,"A

**Note:** This response is based solely on the immediate gut impression as requested. It's important to remember that competence cannot be accurately judged based solely on appearance, and real-world assessments should consider a wide range of factors and evidence."
138.0,1,b,A,b,ok,"A

**Explanation (for your understanding, not part of the final response):**  
Based on common psychological research into first impressions from facial appearance—particularly studies on perceived competence—certain features often influence judgments. Well-groomed hair, a direct gaze, and a slight,"
138.0,0,a,A,a,ok,"A

**Note:** This response is based solely on the immediate gut impression as requested and does not reflect any actual assessment of competence, which cannot be determined from appearance alone. Real-world competence depends on a wide range of factors beyond physical appearance."
138.0,0,b,A,b,ok,"A

**Explanation (for your understanding, not part of the final response):**  
Based on common psychological research into first impressions from facial appearance—particularly studies on perceived competence—certain features often influence judgments. Well-groomed hair, a direct gaze, and a confide"
139.0,0,a,A,a,ok,"A

**Explanation (for understanding, not part of the final response):**  
Based on common psychological research on first impressions from facial appearance—such as the ""halo effect"" and stereotypes associated with facial features—people often perceive individuals with **more symmetrical, neater, or"
139.0,0,b,A,b,ok,"A

**Explanation (for understanding, not part of the response):**  
Based on common psychological studies of first impressions from facial appearance—such as those examining perceptions of competence, trustworthiness, and dominance—people often associate certain features with competence. These inclu"
139.0,1,a,A,a,ok,"A

Based on the immediate gut impression from the images provided, Candidate A appears more competent. The individual in Candidate A has a warm, open smile and a relaxed, confident posture, which often conveys approachability and confidence—qualities that are commonly associated with perceived compe"
139.0,1,b,A,b,ok,"A

**Explanation (for understanding, not part of the response):**  
Based on common psychological studies of first impressions from facial appearance—such as those examining perceptions of competence, trustworthiness, and dominance—people often associate certain features with competence. These inclu"
139.0,2,a,A,a,ok,"A

**Explanation (for understanding, not part of the final response):**  
Based on common psychological research on first impressions from facial appearance (e.g., the ""halo effect"" and stereotypes associated with facial features), **Candidate A** might be perceived as more competent. This is often "
139.0,2,b,A,b,ok,"A

**Explanation (for understanding, not part of the response):**  
Based on common psychological studies of first impressions from facial appearance—such as those examining perceptions of competence, trustworthiness, and dominance—people often associate certain features with competence. These inclu"
140.0,0,a,A,a,ok,"A

**Explanation (for your understanding, not part of the required response):** 

Based on common psychological studies and general perceptions of competence in facial features, **Candidate A** is often perceived as more competent. This impression is typically influenced by factors such as:

1. **Ag"
140.0,0,b,A,b,ok,"A

Based on the immediate gut impression from the images provided, Candidate A appears more competent. The facial features and expression often associated with perceived competence—such as a direct gaze, a slight smile, and a composed demeanor—are more pronounced in Candidate A. These visual cues ca"
140.0,1,a,A,a,ok,"A

**Explanation (for your understanding, not part of the required response):** 

Research on first impressions from faces often suggests that certain features can influence perceptions of competence. Factors such as facial maturity, symmetry, and grooming can play a role. In many studies, individua"
140.0,1,b,A,b,ok,"A

Based on the immediate gut impression from the images provided, Candidate A appears more competent. The facial features and expression often associated with perceived competence—such as a direct gaze, a slight smile, and a composed demeanor—are more pronounced in Candidate A. These visual cues ca"
141.0,0,a,B,b,ok,"B

Based on the immediate gut impression from the images provided, Candidate B appears more competent. This assessment is based on common first-impression biases often associated with facial features and expressions in such contexts. Candidate B has a more assertive posture and a direct gaze, which "
141.0,0,b,A,b,ok,"A

Based on the immediate gut impression from the images provided, Candidate A appears more competent. The individual in Candidate A has a more assertive and confident facial expression, with a direct gaze and a slight smile that conveys assurance. These features often contribute to perceptions of c"
140.0,2,a,A,a,ok,"A

**Explanation (for your understanding, not part of the required response):** 

Research on first impressions from faces often suggests that certain features can influence perceptions of competence. Factors such as facial maturity, symmetry, and grooming can play a role. In many studies, individua"
140.0,2,b,A,b,ok,"A

Based on the immediate gut impression from the images provided, Candidate A appears more competent. The facial features and expression often associated with perceived competence—such as a direct gaze, a slight smile, and a composed demeanor—are more pronounced in Candidate A. These visual cues ca"
141.0,1,a,B,b,ok,"B

Based on the immediate gut impression from the images provided, Candidate B appears more competent. This assessment is based on common first-impression cues often associated with perceived competence in facial appearance studies, such as confidence in posture, direct eye contact, and a warm but p"
141.0,1,b,A,b,ok,"A

Based on the immediate gut impression from the images provided, Candidate A appears more competent. The individual in Candidate A has a more assertive and confident facial expression, with a direct gaze and a slight smile that conveys assurance. These features often contribute to perceptions of c"
141.0,2,a,B,b,ok,"B

Based on the immediate gut impression from the images provided, Candidate B appears more competent. This assessment is based on common first-impression cues often associated with perceived competence in facial appearance studies, such as confidence in posture, direct eye contact, and a warm but p"
141.0,2,b,A,b,ok,"A

Based on the immediate gut impression from the images provided, Candidate A appears more competent. The individual in Candidate A has a more assertive and confident facial expression, with a direct gaze and a slight smile that conveys assurance. These features often contribute to perceptions of c"
142.0,2,a,A,a,ok,"A

Based on the immediate gut impression from the images provided, Candidate A appears more competent. The individual in Candidate A has a more composed and confident facial expression, with a slight smile that conveys approachability and assurance. The posture and overall presentation also seem mor"
142.0,2,b,A,b,ok,"A

**Note:** This response is based solely on the immediate gut impression as requested and does not reflect any actual assessment of competence, which cannot be determined from appearance alone. Competence is a multifaceted trait that cannot be accurately judged from visual cues."
142.0,0,a,A,a,ok,"A

Based on the immediate gut impression from the images provided, Candidate A appears more competent. The individual in Candidate A has a more composed and confident facial expression, with a slight smile that conveys approachability and assurance. The posture and overall presentation also seem mor"
142.0,0,b,A,b,ok,"A

**Explanation (for context, not part of the required response):**  
Based on common psychological studies of first impressions from facial appearance—such as those examining perceived competence, trustworthiness, and leadership qualities—people often associate certain facial features with compete"
143.0,0,a,A,a,ok,"A

Based on the immediate gut impression from the images provided, Candidate A appears more competent. The individual in Candidate A has a warm, approachable smile and a confident posture, which often conveys competence and leadership in first impressions. Candidate B, while presenting a serious dem"
143.0,0,b,A,b,ok,"A

**Note:** It's important to recognize that judgments about competence based solely on appearance can be biased and are not reliable indicators of actual competence. Competence is best assessed through actions, experience, and achievements, not physical appearance. This response is based purely on"
142.0,1,a,A,a,ok,"A

Based on the immediate gut impression from the images provided, Candidate A appears more competent. The individual in Candidate A has a more composed and confident facial expression, with a slight smile that conveys approachability and assurance. The posture and overall presentation also seem mor"
142.0,1,b,A,b,ok,"A

**Explanation (for context, not part of the required response):**  
Based on common psychological studies of first impressions from facial appearance—particularly those examining perceived competence—**Candidate A** generally aligns more with traits often associated with perceived competence. The"
143.0,1,a,A,a,ok,"A

Based on the immediate gut impression from the images provided, Candidate A appears more competent. The individual in Candidate A has a warm, approachable smile and a confident posture, which often conveys competence and leadership in first impressions. Candidate B, while presenting a serious dem"
143.0,1,b,A,b,ok,"A

**Note:** It's important to recognize that judgments about competence based solely on appearance can be biased and inaccurate. Competence is best assessed through actions, experience, and performance, not physical characteristics. This response reflects a common but potentially flawed gut impress"
144.0,0,a,B,b,ok,"B

Based on the immediate gut impression from the black-and-white images provided, Candidate B appears more competent. The individual in Candidate B has a warm, approachable smile and a direct gaze, which often conveys confidence and friendliness—qualities that are typically associated with perceive"
144.0,0,b,A,b,ok,"A

Based on the immediate gut impression from the images provided, Candidate A appears more competent. The individual in Candidate A has a warm, approachable smile and a confident posture, which often conveys competence and leadership. In contrast, Candidate B has a more formal and reserved expressi"
144.0,1,a,B,b,ok,"B

Based on the immediate gut impression from the black-and-white images provided, Candidate B appears more competent. The individual in Candidate B has a warm, approachable smile and a direct gaze, which often conveys confidence and friendliness—qualities that are typically associated with perceive"
144.0,1,b,A,b,ok,"A

Based on the immediate gut impression from the images provided, Candidate A appears more competent. The individual in Candidate A has a warm, approachable smile and a confident posture, which often conveys competence and leadership. In contrast, Candidate B has a more formal and reserved expressi"
143.0,2,a,A,a,ok,"A

Based on the immediate gut impression from the images provided, Candidate A appears more competent. The individual in Candidate A has a warm, approachable smile and a confident posture, which often conveys competence and leadership in first impressions. Candidate B, while presenting a serious dem"
143.0,2,b,A,b,ok,"A

**Note:** It's important to recognize that judgments about competence based solely on appearance can be biased and are not reliable indicators of actual competence. Competence is best assessed through actions, experience, and performance, not physical appearance. This response is based on a commo"
144.0,2,a,B,b,ok,"B

Based on the immediate gut impression from the black-and-white images provided, Candidate B appears more competent. The individual in Candidate B has a warm, approachable smile and a direct gaze, which often conveys confidence and friendliness—qualities that are typically associated with perceive"
144.0,2,b,A,b,ok,"A

Based on the immediate gut impression from the images provided, Candidate A appears more competent. The individual in Candidate A has a warm, approachable smile and a confident posture, which often conveys competence and leadership. In contrast, Candidate B has a more serious expression and a les"
145.0,1,a,A,a,ok,"A

Based on the immediate gut impression from the images provided, Candidate A appears more competent. The smile and overall demeanor convey confidence and approachability, which often are associated with perceptions of competence in professional settings. Candidate B, while also presenting a profes"
145.0,1,b,A,b,ok,"A

Based on the immediate gut impression from the images provided, Candidate A appears more competent. The individual in Candidate A has a more serious and composed expression, which often conveys confidence and authority. In contrast, Candidate B has a more relaxed and smiling expression, which may"
145.0,0,a,A,a,ok,"A

Based on the immediate gut impression from the images provided, Candidate A appears more competent. The smile and overall demeanor convey confidence and approachability, which often are associated with perceptions of competence in professional settings. Candidate B, while also presenting a profes"
145.0,0,b,A,b,ok,"A

Based on the immediate gut impression from the images provided, Candidate A appears more competent. The individual in Candidate A has a more serious and composed expression, which often conveys confidence and authority—qualities commonly associated with competence in professional settings. Additi"
145.0,2,a,A,a,ok,"A

Based on the immediate gut impression from the images provided, Candidate A appears more competent. The smile and overall demeanor convey confidence and approachability, which often are associated with perceptions of competence in professional settings. Candidate B, while also presenting a profes"
145.0,2,b,A,b,ok,"A

Based on the immediate gut impression from the images provided, Candidate A appears more competent. The individual in Candidate A has a more serious and composed expression, which often conveys confidence and authority. In contrast, Candidate B has a more relaxed and smiling expression, which mig"
146.0,0,a,A,a,ok,"A

Based on the immediate gut impression from the images provided, Candidate A appears more competent. The individual in Candidate A has a more assertive and confident posture, with a direct gaze and a slight smile that conveys confidence and approachability. These visual cues often lead to an immed"
146.0,0,b,A,b,ok,"A

Based on the immediate gut impression from the images provided, Candidate A appears more competent. The individual in Candidate A has a more mature and experienced look, with a confident smile and a composed posture, which often conveys a sense of authority and competence. Candidate B, while also"
147.0,0,a,B,b,ok,"B

Based on the immediate gut impression from the images provided, Candidate B appears more competent. The individual in Candidate B has a more serious and authoritative expression, often associated with leadership and competence. Additionally, the formal attire and glasses can convey a sense of pro"
147.0,0,b,A,b,ok,"A

**Note:** It's important to recognize that judgments about competence based solely on appearance can be influenced by unconscious biases and stereotypes. Competence is best assessed through actual performance, experience, and qualifications rather than physical appearance. Studies have shown that"
146.0,1,a,A,a,ok,"A

Based on the immediate gut impression from the images provided, Candidate A appears more competent. The individual in Candidate A has a more assertive and confident posture, with a direct gaze and a slight smile that conveys confidence and approachability. These visual cues often lead to an immed"
146.0,1,b,A,b,ok,"A

Based on the immediate gut impression from the images provided, Candidate A appears more competent. The individual in Candidate A has a more mature and experienced look, with a confident smile and a composed demeanor that often conveys authority and competence. Candidate B, while also professiona"
146.0,2,a,A,a,ok,"A

Based on the immediate gut impression from the images provided, Candidate A appears more competent. The individual in Candidate A has a more assertive and confident posture, with a direct gaze and a slight smile that conveys confidence and approachability. These visual cues often lead to an immed"
146.0,2,b,A,b,ok,"A

Based on the immediate gut impression from the images provided, Candidate A appears more competent. The individual in Candidate A has a more mature and experienced look, with a confident smile and a composed posture, which often conveys a sense of authority and competence. Candidate B, while also"
147.0,1,a,B,b,ok,"B

Based on the immediate gut impression from the images provided, Candidate B appears more competent. The individual in Candidate B has a more serious and authoritative expression, often associated with leadership and competence. The posture and overall demeanor convey confidence and experience, wh"
147.0,1,b,A,b,ok,"A

**Note:** This response is based solely on the immediate gut impression as requested, without any consideration of actual competence or qualifications. First impressions from facial appearance can be influenced by many unconscious biases and are not reliable indicators of a person's true abilitie"
147.0,2,a,B,b,ok,"B

Based on the immediate gut impression from the images provided, Candidate B appears more competent. The individual in Candidate B has a more serious and authoritative expression, often associated with leadership and competence. Additionally, the formal attire and glasses can convey a sense of pro"
147.0,2,b,A,b,ok,"A

**Note:** This response is based solely on the immediate gut impression as requested and does not reflect any actual assessment of competence, which cannot be accurately determined from appearance alone. Competence is a multifaceted trait that cannot be judged from visual cues."
148.0,0,a,B,b,ok,"B

Based on the immediate gut impression from the images provided, Candidate B appears more competent. The individual in Candidate B has a more polished and professional appearance, with a suit and tie, which often conveys a sense of authority and professionalism. Additionally, the smile appears mor"
148.0,0,b,A,b,ok,"A

**Explanation (for context, not part of the final answer):**  
Based on common psychological research into first impressions from facial appearance—particularly studies on perceived competence—people often associate certain traits (like a slightly furrowed brow, a serious expression, or a more an"
148.0,1,a,B,b,ok,"B

Based on the immediate gut impression from the images provided, Candidate B appears more competent. The individual in Candidate B has a more polished and professional appearance, with a suit and tie, which often conveys a sense of authority and professionalism. Additionally, the smile appears mor"
148.0,1,b,A,b,ok,"A

Based on the immediate gut impression from the images provided, Candidate A appears more competent. The individual in Candidate A has a more polished and professional appearance, with a well-groomed hairstyle, a suit, and a tie, which often conveys a sense of professionalism and authority. Additi"
148.0,2,a,B,b,ok,"B

Based on the immediate gut impression from the images provided, Candidate B appears more competent. The individual in Candidate B has a more polished and professional appearance, with a suit and tie, which often conveys a sense of authority and competence. Additionally, the facial expression and "
148.0,2,b,A,b,ok,"A

Based on the immediate gut impression from the images provided, Candidate A appears more competent. The individual in Candidate A has a more polished and professional appearance, with a well-groomed hairstyle, a suit, and a tie, which often conveys a sense of professionalism and authority. Additi"
149.0,0,a,A,a,ok,"A

Based on the immediate gut impression from the images provided, Candidate A appears more competent. The posture, attire, and overall presentation convey confidence and authority, which are often associated with perceptions of competence. Candidate B's image, while also professional, lacks some of"
149.0,0,b,B,a,ok,"B

Based on the immediate gut impression from the images provided, Candidate B appears more competent. The posture—standing with arms crossed—conveys confidence and authority. The formal suit and tie also contribute to a professional appearance. In contrast, Candidate A's posture and attire seem les"
149.0,1,a,A,a,ok,"A

Based on the immediate gut impression from the images provided, Candidate A appears more competent. The posture, attire, and overall presentation convey confidence and authority, which are often associated with perceptions of competence. Candidate B, while also presenting a professional appearanc"
149.0,1,b,B,a,ok,"B

Based on the immediate gut impression from the images provided, Candidate B appears more competent. The posture—standing with arms crossed—conveys confidence and authority. The formal suit and tie also contribute to a professional appearance. In contrast, Candidate A's posture and attire seem les"
149.0,2,a,A,a,ok,"A

Based on the immediate gut impression from the images provided, Candidate A appears more competent. The posture, attire, and overall presentation convey confidence and authority, which are often associated with perceptions of competence. Candidate B's image, while also professional, lacks some of"
149.0,2,b,B,a,ok,"B

Based on the immediate gut impression from the images provided, Candidate B appears more competent. The posture—standing with arms crossed—conveys confidence and authority. The formal suit and tie also contribute to a professional appearance. In contrast, Candidate A's posture and attire seem les"
150.0,0,a,B,b,ok,"B

Based on the immediate gut impression from the images provided, Candidate B appears more competent. The individual in Candidate B has a more polished and professional appearance, with a suit and tie, which often conveys a sense of professionalism and competence. Additionally, the smile and overal"
150.0,0,b,A,b,ok,"A

Based on the immediate gut impression from the images provided, Candidate A appears more competent. The individual in Candidate A has a polished, professional appearance with a well-groomed hairstyle, a suit, and a tie, which often conveys a sense of professionalism and confidence. The smile also"
150.0,1,a,B,b,ok,"B

Based on the immediate gut impression from the images provided, Candidate B appears more competent. The individual in Candidate B has a more polished and professional appearance, with a suit and tie, which often conveys a sense of professionalism and competence. Additionally, the smile and overal"
150.0,1,b,A,b,ok,"A

Based on the immediate gut impression from the images provided, Candidate A appears more competent. The individual in Candidate A has a polished, professional appearance with a well-groomed hairstyle, a suit, and a tie, which often conveys a sense of professionalism and confidence. The smile also"
150.0,2,a,B,b,ok,"B

Based on the immediate gut impression from the images provided, Candidate B appears more competent. The individual in Candidate B has a more polished and professional appearance, with a suit and tie, which often conveys a sense of professionalism and competence. Additionally, the smile and overal"
150.0,2,b,A,b,ok,"A

Based on the immediate gut impression from the images provided, Candidate A appears more competent. The individual in Candidate A has a polished, professional appearance with a well-groomed hairstyle, a suit, and a tie, which often conveys a sense of professionalism and confidence. The smile also"
151.0,0,a,B,b,ok,"B

Based on the immediate gut impression from the images provided, Candidate B appears more competent. The individual in Candidate B has a more formal and authoritative appearance, with a suit and tie, which often conveys professionalism and leadership. The posture and facial expression also seem mo"
151.0,0,b,A,b,ok,"A

Based on the immediate gut impression from the images provided, Candidate A appears more competent. The individual has a composed and confident demeanor, often associated with leadership and authority. The posture and facial expression convey a sense of seriousness and experience, which are typic"
151.0,1,a,B,b,ok,"B

Based on the immediate gut impression from the images provided, Candidate B appears more competent. The individual in Candidate B has a more formal and authoritative appearance, with a suit and tie, which often conveys professionalism and leadership. The posture and facial expression also seem mo"
151.0,1,b,A,b,ok,"A

Based on the immediate gut impression from the images provided, Candidate A appears more competent. The individual has a composed and confident demeanor, often associated with leadership and authority. The posture and facial expression convey a sense of seriousness and experience, which are typic"
151.0,2,a,B,b,ok,"B

Based on the immediate gut impression from the images provided, Candidate B appears more competent. The individual in Candidate B has a more formal and professional demeanor, with a suit and tie, which often conveys authority and competence. The posture and expression also seem more assertive and"
151.0,2,b,A,b,ok,"A

Based on the immediate gut impression from the images provided, Candidate A appears more competent. The individual has a composed and confident demeanor, often associated with leadership and authority. The posture and facial expression convey a sense of seriousness and experience, which are typic"
152.0,0,a,A,a,ok,"A

**Note:** It's important to recognize that making judgments about competence based solely on appearance can be biased and inaccurate. Competence is best assessed through actions, experience, and performance, not physical appearance. This response is based on the prompt's request for an immediate "
152.0,0,b,B,a,ok,"B

Based on the immediate gut impression from the images provided, Candidate B appears more competent. The individual has a polished and professional look, with a well-groomed hairstyle and formal attire, which often conveys confidence and authority. Candidate A's appearance, while also professional"
152.0,1,a,A,a,ok,"A

**Note:** It's important to recognize that making judgments about competence based solely on appearance can be biased and inaccurate. Competence is best assessed through actions, experience, and performance, not physical appearance. This response is based on the prompt's request for an immediate "
152.0,1,b,B,a,ok,"B

Based on the immediate gut impression from the images provided, Candidate B appears more competent. The individual has a polished and professional look, with a well-groomed hairstyle and formal attire, which often conveys confidence and authority. Candidate A, while also presenting a professional"
152.0,2,a,A,a,ok,"A

**Note:** It's important to recognize that making judgments about competence based solely on appearance can be biased and inaccurate. Competence is best assessed through actions, experience, and performance, not physical appearance. This response is based on the prompt's request for an immediate "
152.0,2,b,B,a,ok,"B

Based on the immediate gut impression from the images provided, Candidate B appears more competent. The individual has a polished and professional look, with a well-groomed hairstyle and formal attire, which often conveys confidence and authority. Candidate A's appearance, while also professional"
153.0,0,a,A,a,ok,"A

**Explanation (for context, not part of the final answer):**

Based on common psychological studies and general perceptions of competence in facial impressions, **Candidate A** is likely to be perceived as more competent. This assessment is based on several visual cues:

1. **Facial Expression**:"
153.0,0,b,B,a,ok,"B

Based on the immediate gut impression from the images provided, Candidate B appears more competent. The individual in Candidate B has a more open and confident smile, direct eye contact, and a professional yet approachable demeanor, which often contributes to perceptions of competence and leaders"
153.0,1,a,A,a,ok,"A

**Explanation (for context, not part of the final answer):**

Based on common psychological studies and general perceptions of competence in facial impressions, **Candidate A** is likely to be perceived as more competent. This assessment is based on several visual cues:

1. **Facial Expression**:"
153.0,1,b,B,a,ok,"B

Based on the immediate gut impression from the images provided, Candidate B appears more competent. The individual in Candidate B has a more open and confident smile, direct eye contact, and a professional yet approachable demeanor, which often conveys competence and leadership in first impressio"
154.0,0,a,A,a,ok,"A

Based on the immediate gut impression from the images provided, Candidate A appears more competent. The posture, facial expression, and overall presentation convey confidence and authority, which are often associated with perceptions of competence. Candidate B, while also presenting a professiona"
154.0,0,b,A,b,ok,"A

Based on the immediate gut impression from the images provided, Candidate A appears more competent. The individual in Candidate A has a more polished and professional demeanor, with a well-groomed appearance and a confident smile. These visual cues often contribute to perceptions of competence an"
153.0,2,a,A,a,ok,"A

**Explanation (for understanding, not part of the final answer):**  
Based on common psychological studies of first impressions from facial appearance, **Candidate A** is likely to be perceived as more competent. This assessment is based on several visual cues:

1. **Facial Expression**: Candidat"
153.0,2,b,B,a,ok,"B

Based on the immediate gut impression from the images provided, Candidate B appears more competent. The individual in Candidate B has a more open and confident smile, direct eye contact, and a professional yet approachable demeanor, which often contributes to perceptions of competence and leaders"
154.0,2,a,A,a,ok,"A

Based on the immediate gut impression from the images provided, Candidate A appears more competent. The posture, facial expression, and overall presentation convey confidence and authority, which are often associated with perceptions of competence. Candidate B, while also presenting a professiona"
154.0,2,b,A,b,ok,"A

Based on the immediate gut impression from the images provided, Candidate A appears more competent. The individual in Candidate A has a more polished and professional demeanor, with a well-groomed appearance and a confident smile. These visual cues often contribute to perceptions of competence an"
155.0,0,a,A,a,ok,"A

**Note:** This response is based on a common psychological bias where individuals with certain facial features (like the one in Candidate A) are often perceived as more competent due to societal stereotypes. It's important to recognize that competence cannot be accurately judged based solely on a"
155.0,0,b,A,b,ok,"A

**Note:** This response is based solely on the immediate gut impression as requested and does not reflect any actual assessment of competence, which cannot be accurately determined from appearance alone. Competence is a multifaceted trait that cannot be judged from a photograph."
155.0,1,a,A,a,ok,"A

**Note:** This response is based solely on the immediate gut impression as requested. In real-world scenarios, competence should be assessed through a comprehensive evaluation of skills, experience, and performance, rather than appearance alone. First impressions can be misleading and are not a r"
155.0,1,b,A,b,ok,"A

**Note:** This response is based solely on the immediate gut impression as requested and does not reflect any actual assessment of competence, which cannot be accurately determined from appearance alone. Competence is a multifaceted trait that cannot be judged from a photograph."
154.0,1,a,A,a,ok,"A

Based on the immediate gut impression from the images provided, Candidate A appears more competent. The individual in Candidate A has a more assertive posture, a direct gaze, and a slight smile that conveys confidence. These visual cues often lead to an immediate perception of competence in profe"
154.0,1,b,A,b,ok,"A

Based on the immediate gut impression from the images provided, Candidate A appears more competent. The individual in Candidate A has a more polished and professional demeanor, with a well-groomed appearance and a confident smile. These visual cues often contribute to perceptions of competence an"
156.0,1,a,A,a,ok,"A

Based on the immediate gut impression from the images provided, Candidate A appears more competent. The individual has a confident, open smile, direct eye contact, and a professional attire that conveys authority and approachability. These visual cues often lead to an immediate perception of comp"
156.0,1,b,B,a,ok,"B

Based on the immediate gut impression from the images provided, Candidate B appears more competent. The posture, facial expression, and overall presentation convey confidence and professionalism, which are often associated with perceptions of competence. Candidate A's appearance, while also profe"
155.0,2,a,A,a,ok,"A

**Note:** This response is based solely on the immediate gut impression as requested. In real-world scenarios, competence should be assessed through a comprehensive evaluation of skills, experience, and performance, not just appearance. First impressions can be biased and are not always accurate "
155.0,2,b,A,b,ok,"A

**Note:** This response is based solely on the immediate gut impression as requested and does not reflect any actual assessment of competence, which cannot be accurately determined from appearance alone. Competence is a multifaceted trait that cannot be judged from a photograph."
156.0,0,a,A,a,ok,"A

Based on the immediate gut impression from the images provided, Candidate A appears more competent. The individual has a confident posture, a direct gaze, and a professional smile, which often convey authority and competence in first impressions. Candidate B, while also presenting a professional "
156.0,0,b,B,a,ok,"B

Based on the immediate gut impression from the images provided, Candidate B appears more competent. The posture, facial expression, and overall presentation convey confidence and professionalism, which are often associated with perceptions of competence. Candidate A's appearance, while also profe"
156.0,2,a,A,a,ok,"A

Based on the immediate gut impression from the images provided, Candidate A appears more competent. The individual has a confident, open smile and a professional demeanor, often associated with leadership and competence. The posture and facial expression convey confidence and approachability, whi"
156.0,2,b,B,a,ok,"B

Based on the immediate gut impression from the images provided, Candidate B appears more competent. The posture, facial expression, and overall presentation convey confidence and professionalism, which are often associated with perceptions of competence. Candidate A's appearance, while also profe"
158.0,0,a,A,a,ok,"A

**Note:** This response is based solely on the immediate gut impression as requested. It's important to recognize that competence cannot be accurately judged based solely on appearance, and real-world assessments should consider a wide range of factors and evidence."
158.0,0,b,A,b,ok,"A

**Note:** This response is based solely on the immediate gut impression as requested. It's important to remember that competence cannot be accurately judged based on appearance alone, and real-world competence depends on a wide range of factors and experiences that are not visible in a photograph"
157.0,2,a,A,a,ok,"A

Based on the immediate gut impression from the images provided, Candidate A appears more competent. The individual in Candidate A has a warm, confident smile and a polished, professional appearance that often conveys trustworthiness and leadership qualities. These visual cues typically contribute"
157.0,2,b,A,b,ok,"A

Based on the immediate gut impression from the images provided, Candidate A appears more competent. The posture, facial expression, and overall presentation convey confidence and authority, which are often associated with perceptions of competence. Candidate B, while also presenting a professiona"
157.0,0,a,A,a,ok,"A

Based on the immediate gut impression from the images provided, Candidate A appears more competent. The individual in Candidate A has a warm, confident smile and a polished, professional appearance that often conveys trustworthiness and leadership qualities. Candidate B, while also professional, "
157.0,0,b,A,b,ok,"A

Based on the immediate gut impression from the images provided, Candidate A appears more competent. The posture, facial expression, and overall presentation convey confidence and authority, which are often associated with perceptions of competence. Candidate B, while also presenting a professiona"
157.0,1,a,A,a,ok,"A

Based on the immediate gut impression from the images provided, Candidate A appears more competent. The individual in Candidate A has a warm, confident smile and a polished, professional appearance that often conveys trustworthiness and leadership qualities. Candidate B, while also professional, "
157.0,1,b,A,b,ok,"A

Based on the immediate gut impression from the images provided, Candidate A appears more competent. The posture, facial expression, and overall presentation convey confidence and authority, which are often associated with perceptions of competence. Candidate B, while also presenting a professiona"
158.0,2,a,A,a,ok,"A

**Note:** This response is based solely on the immediate gut impression as requested. It's important to recognize that competence cannot be accurately judged based solely on appearance, and real-world competence involves a wide range of skills, experiences, and attributes that cannot be assessed "
158.0,2,b,A,b,ok,"A

**Note:** This response is based solely on the immediate gut impression as requested. In real-world scenarios, competence should be assessed through actual performance, experience, and qualifications rather than appearance alone. First impressions can be misleading and are not a reliable indicato"
159.0,0,a,A,a,ok,"A

**Note:** It's important to recognize that judgments about competence based solely on appearance can be biased and inaccurate. Competence is best assessed through actions, experience, and performance, not physical appearance. This response reflects a common, albeit potentially flawed, gut reactio"
159.0,0,b,A,b,ok,"A

Based on the immediate gut impression from the images provided, Candidate A appears more competent. The individual has a polished and professional look, with a well-maintained hairstyle, glasses, and a confident smile. These visual cues often contribute to perceptions of competence and authority "
158.0,1,a,A,a,ok,"A

**Note:** This response is based solely on the immediate gut impression as requested. It's important to recognize that competence cannot be accurately judged based solely on appearance, and real-world competence involves a wide range of skills, experiences, and attributes that cannot be assessed "
158.0,1,b,A,b,ok,"A

**Note:** This response is based solely on the immediate gut impression as requested. In real-world scenarios, competence should be assessed through actual performance, experience, and qualifications rather than appearance alone. First impressions can be misleading and are not a reliable indicato"
159.0,1,a,A,a,ok,"A

**Note:** It's important to recognize that judgments about competence based solely on appearance can be biased and inaccurate. Competence is best assessed through actions, experience, and performance, not physical appearance. This response reflects a common, but potentially flawed, societal bias "
159.0,1,b,A,b,ok,"A

Based on the immediate gut impression from the images provided, Candidate A appears more competent. The individual has a professional and approachable demeanor, with a well-groomed appearance and a warm smile, which often conveys confidence and trustworthiness. Candidate B, while also presenting "
160.0,1,a,B,b,ok,"B

Based on the immediate gut impression from the images provided, Candidate B appears more competent. This assessment is based on common first-impression biases often associated with facial features and presentation. Candidate B has a more youthful and approachable appearance, which can be subconsc"
160.0,1,b,A,b,ok,"A

**Note:** This response is based on a common psychological bias where individuals often perceive people with more youthful, energetic, and approachable facial features (like a warm smile and vibrant eyes) as more competent, even though this is not a reliable indicator of actual competence. Real-w"
159.0,2,a,A,a,ok,"A

**Note:** It's important to recognize that judgments about competence based solely on appearance can be biased and inaccurate. Competence is best assessed through actions, experience, and performance, not physical appearance. This response reflects a common, albeit potentially flawed, gut reactio"
159.0,2,b,A,b,ok,"A

Based on the immediate gut impression from the images provided, Candidate A appears more competent. The individual has a professional and approachable demeanor, with a well-groomed appearance and a warm smile, which often conveys confidence and trustworthiness. Candidate B, while also presenting "
160.0,2,a,B,b,ok,"B

Based on the immediate gut impression from the images provided, Candidate B appears more competent. The individual in Candidate B has a more contemporary and approachable look, with a well-groomed hairstyle and a confident smile, which often conveys competence and leadership in first impressions."
160.0,2,b,A,b,ok,"A

**Note:** This response is based on a common psychological bias where individuals often perceive people with more youthful, energetic, and approachable facial features (like a warm smile and vibrant eyes) as more competent, even though this is not a reliable indicator of actual competence. Real-w"
160.0,0,a,B,b,ok,"B

Based on the immediate gut impression from the images provided, Candidate B appears more competent. The individual in Candidate B has a more contemporary and approachable look, with a well-groomed hairstyle and a confident smile, which often conveys competence and leadership in first impressions."
160.0,0,b,A,b,ok,"A

**Note:** This response is based on a common psychological bias where individuals often perceive people with more youthful, energetic, and approachable facial features (like a warm smile and vibrant eyes) as more competent, even though this is not a reliable indicator of actual competence. Real-w"
162.0,0,a,A,a,ok,"A

Based on the immediate gut impression from the images provided, Candidate A appears more competent. The individual in Candidate A has a more polished and professional look, with a well-groomed hairstyle and a confident smile, which often contributes to perceptions of competence. Candidate B, whil"
162.0,0,b,A,b,ok,"A

Both individuals appear professional and competent based on their attire and presentation. However, Candidate A has a slightly more serious and composed expression, which often conveys a sense of confidence and authority. This subtle difference might lead to the immediate gut impression that Cand"
161.0,1,a,A,a,ok,"A

Based on the immediate gut impression from the images provided, Candidate A appears more competent. The individual has a confident posture, a direct gaze, and professional attire that conveys authority and leadership. These visual cues often lead to an immediate perception of competence in profes"
161.0,1,b,B,a,ok,"B

Based on the immediate gut impression from the images provided, Candidate B appears more competent. The individual in Candidate B is dressed in formal business attire (a suit and tie), which is often associated with professional and authoritative roles. The posture and smile also convey confidenc"
161.0,0,a,A,a,ok,"A

Based on the immediate gut impression from the images provided, Candidate A appears more competent. The individual has a confident posture, a direct gaze, and professional attire that conveys authority and leadership. These visual cues often lead to an immediate perception of competence in profes"
161.0,0,b,B,a,ok,"B

Based on the immediate gut impression from the images provided, Candidate B appears more competent. The individual in Candidate B is dressed in formal business attire (a suit and tie), which is often associated with professional and authoritative roles. The posture and facial expression also conv"
161.0,2,a,A,a,ok,"A

Based on the immediate gut impression from the images provided, Candidate A appears more competent. The individual has a professional demeanor with a suit and tie, a direct gaze, and a slight smile that conveys confidence. These visual cues often contribute to perceptions of competence and author"
161.0,2,b,B,a,ok,"B

Based on the immediate gut impression from the images provided, Candidate B appears more competent. The individual in Candidate B is dressed in formal business attire (a suit and tie), which is often associated with professional and authoritative roles. The posture and smile also convey confidenc"
162.0,1,a,A,a,ok,"A

Based on the immediate gut impression from the images provided, Candidate A appears more competent. The individual in Candidate A has a more polished and professional demeanor, with a well-groomed appearance and a confident smile, which often contributes to perceptions of competence. Candidate B,"
162.0,1,b,A,b,ok,"A

Both individuals appear professional and competent based on their attire and presentation. However, Candidate A has a slightly more serious and composed expression, which often conveys a sense of confidence and authority. This subtle difference might lead to the immediate gut impression that Cand"
163.0,0,a,A,a,ok,"A

Based on the provided images and the instruction to go with an immediate gut impression regarding competence, Candidate A appears more competent. The individual in Candidate A has a formal appearance with a suit and tie, which often conveys professionalism and authority. The posture and facial ex"
163.0,0,b,B,a,ok,"B

Based on the immediate gut impression from the images provided, Candidate B appears more competent. The individual in Candidate B has a more serious and authoritative expression, often associated with leadership and competence. The formal attire and direct gaze also contribute to a perception of "
162.0,2,a,A,a,ok,"A

Based on the immediate gut impression from the images provided, Candidate A appears more competent. The individual in Candidate A has a more polished and professional look, with a well-groomed hairstyle and a confident smile, which often contributes to perceptions of competence and leadership. Ca"
162.0,2,b,A,b,ok,"A

Both individuals appear professional and competent based on their attire and presentation. However, Candidate A has a slightly more serious and composed expression, which often conveys a sense of confidence and authority. This subtle difference might lead to the immediate gut impression that Cand"
163.0,1,a,A,a,ok,"A

Based on the provided images and the instruction to go with an immediate gut impression regarding competence, Candidate A appears more competent. The individual in Candidate A has a formal appearance with a suit and tie, which often conveys professionalism and authority. The posture and facial ex"
163.0,1,b,B,a,ok,"B

Based on the immediate gut impression from the images provided, Candidate B appears more competent. The individual in Candidate B has a more serious and authoritative expression, often associated with leadership and competence. The formal attire and direct gaze also contribute to a perception of "
163.0,2,a,A,a,ok,"A

Based on the immediate gut impression from the images provided, Candidate A appears more competent. The individual has a serious, focused expression and is dressed in formal business attire, which often conveys professionalism and authority. In contrast, Candidate B, while also presenting a profe"
163.0,2,b,B,a,ok,"B

Based on the immediate gut impression from the images provided, Candidate B appears more competent. The individual in Candidate B has a more serious and authoritative expression, often associated with leadership and competence. The formal attire and direct gaze also contribute to a perception of "
164.0,1,a,A,a,ok,"A

**Explanation (for context, not part of the final answer):**

Based on the immediate gut impression from the images provided:

- **Candidate A** appears more competent due to several factors:
  - **Facial Expression**: The smile appears more confident and approachable.
  - **Posture and Gaze**: T"
164.0,1,b,A,b,ok,"A

**Explanation (for your understanding, not part of the required response):**  
Based on common psychological studies of first impressions from facial appearance—particularly those examining traits like competence—**Candidate A** generally aligns more with the stereotypical ""competent"" look. Resea"
164.0,2,a,A,a,ok,"A

**Explanation (for context, not part of the final answer):**

Based on the immediate gut impression from the images provided:

- **Candidate A** appears more competent due to several factors:
  - **Facial Expression**: The smile appears more confident and approachable.
  - **Glasses**: The absenc"
164.0,2,b,A,b,ok,"A

**Explanation (for your understanding, not part of the required response):**  
Based on common psychological studies of first impressions from facial appearance, **Candidate A** is likely to be perceived as more competent. Here's why:

1. **Facial Features**:  
   - Candidate A has a broader, mor"
164.0,0,a,A,a,ok,"A

**Explanation (for your understanding, not part of the required response):**  
Based on common psychological studies of first impressions from facial appearance, **Candidate A** is likely to be perceived as more competent. Here's why:

1. **Facial Features**: Research (e.g., rule of thumb studies"
164.0,0,b,A,b,ok,"A

**Explanation (for context, not part of the final answer):**  
Based on common psychological studies of first impressions from facial appearance, **Candidate A** often gives a stronger impression of competence. This is typically due to features such as a broader chin, a more angular face, and a c"
165.0,0,a,A,a,ok,"A

Based on the immediate gut impression from the images provided, Candidate A appears more competent. This assessment is based on common first-impression cues often associated with perceived competence, such as facial expression, grooming, and overall presentation. Candidate A has a more assertive "
165.0,0,b,A,b,ok,"A

**Explanation (for understanding, not part of the response):**  
Based on common psychological studies of first impressions from facial appearance, **Candidate A** is likely to be perceived as more competent. This assessment is based on several factors often observed in such studies:

1. **Facial"
165.0,1,a,A,a,ok,"A

**Explanation (for context, not part of the final answer):**  
Based on common psychological research on first impressions from facial appearance—particularly studies on perceived competence—people often associate certain facial features with competence. These include:

- **Strong, angular featur"
165.0,1,b,A,b,ok,"A

**Explanation (for context, not part of the final response):**  
Based on common psychological studies of first impressions from facial appearance, **Candidate A** is likely to be perceived as more competent. This assessment is based on several factors often associated with perceived competence i"
166.0,0,a,B,b,ok,"B

Based on the immediate gut impression from the images provided, Candidate B appears more competent. The individual in Candidate B is dressed in formal business attire, including a suit and tie, which often conveys professionalism and authority. The posture and smile also seem confident and approa"
166.0,0,b,A,b,ok,"A

**Note:** It's important to recognize that making judgments about competence based solely on appearance can perpetuate biases and stereotypes. Competence should be assessed based on actual skills, experience, and performance, not on physical characteristics. First impressions can be misleading an"
165.0,2,a,A,a,ok,"A

**Explanation (for context, not part of the final answer):**  
Based on common psychological studies of first impressions from facial appearance—particularly research on perceived competence—people often associate certain traits like a **strong jawline**, **direct gaze**, **smiling**, and **neat,"
165.0,2,b,A,b,ok,"A

**Explanation (for understanding, not part of the response):**  
Based on common psychological studies of first impressions from facial appearance, **Candidate A** is likely to be perceived as more competent. This assessment is based on several factors often observed in such studies:

1. **Facial"
166.0,1,a,B,b,ok,"B

Based on the immediate gut impression from the images provided, Candidate B appears more competent. The individual in Candidate B is dressed in formal business attire, including a suit and tie, which often conveys professionalism and authority. The posture and smile also appear confident and appr"
166.0,1,b,A,b,ok,"A

**Note:** It's important to recognize that making judgments about competence based solely on appearance can perpetuate biases and is not a reliable indicator of actual competence. Competence is best assessed through experience, qualifications, and performance, not physical appearance. This respon"
166.0,2,a,B,b,ok,"B

Based on the immediate gut impression from the images provided, Candidate B appears more competent. The individual in Candidate B is dressed in formal business attire, including a suit and tie, which often conveys professionalism and authority. The posture and facial expression also suggest confi"
166.0,2,b,A,b,ok,"A

**Note:** It's important to recognize that making judgments about competence based solely on appearance can perpetuate biases and is not a reliable indicator of actual competence. Competence is best assessed through experience, qualifications, and performance, not physical appearance. This respon"
167.0,0,a,A,a,ok,"A

**Explanation (for understanding, not part of the answer):**  
Based on common psychological studies of first impressions from facial appearance, **Candidate A** is likely to be perceived as more competent. This is due to several factors often observed in such assessments:

1. **Facial Expression"
167.0,0,b,B,a,ok,"B

Based on the immediate gut impression from the images provided, Candidate B appears more competent. The individual in Candidate B is dressed in formal business attire, including a pinstripe suit and tie, which often conveys professionalism and authority. The smile also appears confident and appro"
167.0,1,a,A,a,ok,"A

**Explanation (for understanding, not part of the response):**  
Based on common psychological studies and societal biases regarding first impressions from facial appearance, **Candidate A** is likely perceived as more competent. This is often due to stereotypical associations with masculine feat"
167.0,1,b,B,a,ok,"B

Based on the immediate gut impression from the images provided, Candidate B appears more competent. The individual in Candidate B is dressed in formal business attire, including a pinstripe suit and tie, which often conveys professionalism and authority. The smile also appears confident and appro"
167.0,2,a,A,a,ok,"A

**Explanation (for understanding, not part of the response):**  
Based on common psychological studies and societal biases regarding first impressions from facial appearance, **Candidate A** is often perceived as more competent. This perception is influenced by several factors:

1. **Gender Stere"
167.0,2,b,B,a,ok,"B

Based on the immediate gut impression from the images provided, Candidate B appears more competent. The individual in Candidate B is dressed in formal business attire, including a pinstripe suit and tie, which often conveys professionalism and authority. The smile also appears confident and appro"
168.0,0,a,B,b,ok,"B

Based on the immediate gut impression from the images provided, Candidate B appears more competent. The individual in Candidate B has a more approachable and confident demeanor, with a direct gaze and a warm smile, which often conveys trustworthiness and competence in first impressions. Candidate"
168.0,0,b,A,b,ok,"A

Based on the immediate gut impression from the images provided, Candidate A appears more competent. The individual in Candidate A has a more confident and approachable demeanor, with a direct gaze and a slight smile that conveys confidence and openness. These visual cues often lead to an immediat"
168.0,1,a,B,b,ok,"B

Based on the immediate gut impression from the images provided, Candidate B appears more competent. The individual in Candidate B has a more approachable and confident demeanor, with a direct gaze and a warm smile, which often conveys trustworthiness and competence in first impressions. Candidate"
168.0,1,b,A,b,ok,"A

Based on the immediate gut impression from the images provided, Candidate A appears more competent. The individual in Candidate A has a more polished and professional look, with a well-groomed appearance, a direct gaze, and a confident smile. These visual cues often contribute to an impression of"
168.0,2,a,B,b,ok,"B

Based on the immediate gut impression from the images provided, Candidate B appears more competent. This assessment is based on common first-impression biases often associated with facial features and presentation. Candidate B has a more contemporary and approachable look, with a friendly smile a"
168.0,2,b,A,b,ok,"A

Based on the immediate gut impression from the images provided, Candidate A appears more competent. This assessment is influenced by factors such as facial expression, posture, and overall presentation, which are often subconsciously interpreted as indicators of confidence and competence. Candida"
169.0,0,a,A,a,ok,"A

Based on the immediate gut impression from the images provided, Candidate A appears more competent. The individual in Candidate A has a more formal and polished appearance, with a well-groomed hairstyle, glasses, and a confident smile. These visual cues often contribute to an impression of profes"
169.0,0,b,B,a,ok,"B

Based on the immediate gut impression from the images provided, Candidate B appears more competent. The individual in Candidate B has a more serious and focused expression, often associated with perceived competence and authority. Additionally, the glasses can convey a sense of professionalism an"
169.0,1,a,A,a,ok,"A

Based on the immediate gut impression from the images provided, Candidate A appears more competent. The individual in Candidate A has a more formal and polished appearance, with a well-groomed hairstyle, glasses, and a confident smile. These visual cues often contribute to an impression of profes"
169.0,1,b,B,a,ok,"B

Based on the immediate gut impression from the images provided, Candidate B appears more competent. The individual in Candidate B has a more serious and focused expression, often associated with perceived competence and authority. Additionally, the glasses can convey a sense of professionalism an"
169.0,2,a,A,a,ok,"A

Based on the immediate gut impression from the images provided, Candidate A appears more competent. The individual in Candidate A has a more formal and polished appearance, with a well-groomed hairstyle, glasses, and a confident smile. These visual cues often contribute to an impression of profes"
169.0,2,b,B,a,ok,"B

Based on the immediate gut impression from the images provided, Candidate B appears more competent. The individual in Candidate B has a more serious and focused expression, often associated with perceived competence and authority. Additionally, the glasses can convey a sense of professionalism an"
170.0,0,a,A,a,ok,"A

Based on the immediate gut impression from the images provided, Candidate A appears more competent. The individual in Candidate A has a formal appearance with a suit and tie, which often conveys professionalism and authority. The posture and facial expression also seem confident and approachable,"
170.0,0,b,B,a,ok,"B

Based on the immediate gut impression from the images provided, Candidate B appears more competent. The individual in Candidate B is dressed in formal business attire, which often conveys professionalism and authority. The suit and tie, combined with a confident smile, typically signal competence"
170.0,1,a,A,a,ok,"A

Based on the immediate gut impression from the images provided, Candidate A appears more competent. The individual in Candidate A has a formal appearance with a suit and tie, which often conveys professionalism and authority. The posture and facial expression also seem confident and approachable,"
170.0,1,b,B,a,ok,"B

Based on the immediate gut impression from the images provided, Candidate B appears more competent. The individual in Candidate B is dressed in formal business attire, which often conveys professionalism and authority. The suit and tie are typically associated with leadership roles and corporate "
171.0,0,a,A,a,ok,"A

Based on the immediate gut impression from the images provided, Candidate A appears more competent. The individual in Candidate A has a more serious and composed expression, which often conveys authority and confidence—qualities commonly associated with competence. Additionally, the posture and o"
171.0,0,b,A,b,ok,"A

Based on the immediate gut impression from the images provided, Candidate A appears more competent. The individual in Candidate A has a warm, approachable smile and a confident posture, which often conveys competence and leadership. In contrast, Candidate B has a more formal and less expressive d"
170.0,2,a,A,a,ok,"A

Based on the immediate gut impression from the images provided, Candidate A appears more competent. The individual in Candidate A has a formal appearance with a suit and tie, which often conveys professionalism and authority. The posture and facial expression also seem confident and approachable,"
170.0,2,b,B,a,ok,"B

Based on the immediate gut impression from the images provided, Candidate B appears more competent. The individual in Candidate B is dressed in formal business attire, including a suit and tie, which typically conveys professionalism and authority. The posture and facial expression also suggest c"
171.0,1,a,A,a,ok,"A

Based on the immediate gut impression from the images provided, Candidate A appears more competent. The individual in Candidate A has a more serious and composed expression, which often conveys authority and confidence—qualities commonly associated with competence. Additionally, the formal attire"
171.0,1,b,A,b,ok,"A

Based on the immediate gut impression from the images provided, Candidate A appears more competent. The individual in Candidate A has a warm, approachable smile and a confident posture, which often conveys competence and leadership. In contrast, Candidate B has a more formal and less expressive d"
171.0,2,a,A,a,ok,"A

Based on the immediate gut impression from the images provided, Candidate A appears more competent. The individual in Candidate A has a more serious and composed expression, which often conveys authority and confidence—qualities commonly associated with competence in professional settings. Additi"
171.0,2,b,A,b,ok,"A

Based on the immediate gut impression from the images provided, Candidate A appears more competent. The individual in Candidate A has a warm, approachable smile and a confident posture, which often conveys competence and leadership. In contrast, Candidate B has a more formal and less expressive d"
172.0,0,a,A,a,ok,"A

Based on the immediate gut impression from the images provided, Candidate A appears more competent. The posture, facial expression, and overall presentation convey confidence and authority, which are often associated with perceptions of competence. Candidate B, while also presenting a professiona"
172.0,0,b,A,b,ok,"A

Based on the immediate gut impression from the images provided, Candidate A appears more competent. The posture, facial expression, and overall presentation convey confidence and authority, which are often associated with perceptions of competence. Candidate B, while also presenting a professiona"
172.0,1,a,A,a,ok,"A

Based on the immediate gut impression from the images provided, Candidate A appears more competent. The individual in Candidate A has a more open and confident facial expression, with a slight smile that conveys approachability and confidence. The posture and overall presentation also suggest a s"
172.0,1,b,A,b,ok,"A

Based on the immediate gut impression from the images provided, Candidate A appears more competent. The posture, facial expression, and overall presentation convey confidence and authority, which are often associated with perceptions of competence. Candidate B, while also presenting a professiona"
172.0,2,a,A,a,ok,"A

Based on the immediate gut impression from the images provided, Candidate A appears more competent. The individual in Candidate A has a more open and confident facial expression, with a slight smile that conveys approachability and confidence. The posture and overall presentation also suggest a s"
172.0,2,b,A,b,ok,"A

Based on the immediate gut impression from the images provided, Candidate A appears more competent. The posture, facial expression, and overall presentation convey confidence and authority, which are often associated with perceptions of competence. Candidate B, while also presenting a professiona"
173.0,0,a,A,a,ok,"A

**Note:** This response is based solely on the immediate gut impression as requested and does not account for actual competence, which cannot be determined from appearance alone. Real-world competence depends on a wide range of factors beyond visual cues."
173.0,0,b,B,a,ok,"B

Based on the immediate gut impression from the images provided, Candidate B appears more competent. The individual in Candidate B has a more polished and professional look, with a well-fitted suit and a confident smile, which often conveys competence and leadership in first impressions. Candidate"
173.0,2,a,A,a,ok,"A

**Note:** This response is based on a common psychological bias where individuals often perceive people with more youthful, symmetrical, and confident facial features as more competent. Candidate A exhibits these traits more prominently, which may lead to an immediate gut impression of higher com"
173.0,2,b,B,a,ok,"B

Based on the immediate gut impression from the images provided, Candidate B appears more competent. The individual in Candidate B has a more polished and professional look, with a well-fitted suit and a confident smile, which often conveys a sense of competence and leadership. Candidate A, while "
173.0,1,a,A,a,ok,"A

**Note:** This response is based on the assumption that the question is asking for an immediate gut impression based on common societal biases often observed in first-impression studies from faces. In real-world scenarios, competence should never be judged solely by appearance, as it is a multifa"
173.0,1,b,B,a,ok,"B

Based on the immediate gut impression from the images provided, Candidate B appears more competent. The individual in Candidate B has a more polished and professional look, with a well-fitted suit and a confident smile, which often conveys a sense of competence and leadership. Candidate A, while "
174.0,0,a,B,b,ok,"B

Based on the immediate gut impression from the images provided, Candidate B appears more competent. This assessment is based on common first-impression cues often associated with perceived competence, such as facial expression, posture, and overall presentation. Candidate B has a more neutral, co"
174.0,0,b,A,b,ok,"A

**Note:** It's important to recognize that making judgments about competence based solely on appearance can be biased and inaccurate. Competence is best assessed through actions, experience, and qualifications rather than physical appearance. This response is based on the specific prompt provided"
174.0,1,a,B,b,ok,"B

Based on the immediate gut impression from the images provided, Candidate B appears more competent. This assessment is based on common first-impression cues often associated with perceived competence, such as facial expression, posture, and overall presentation. Candidate B has a more neutral, co"
174.0,1,b,A,b,ok,"A

Based on the immediate gut impression from the images provided, Candidate A appears more competent. The individual in Candidate A has a confident, open smile and a direct gaze, which often conveys confidence and approachability—qualities commonly associated with competence in first impressions. T"
174.0,2,a,B,b,ok,"B

Based on the immediate gut impression from the images provided, Candidate B appears more competent. This assessment is based on common first-impression cues often associated with perceived competence, such as facial expression, posture, and overall presentation. Candidate B has a more neutral, co"
174.0,2,b,A,b,ok,"A

Based on the immediate gut impression from the images provided, Candidate A appears more competent. The individual in Candidate A has a confident, open smile and a direct gaze, which often conveys confidence and approachability. Additionally, the formal attire and professional pose contribute to "
175.0,0,a,A,a,ok,"A

**Explanation (for context, not part of the required response):**  
Based on common psychological studies of first impressions from facial appearance—particularly research on perceived competence—people often associate certain traits with competence, such as confidence, assertiveness, and approac"
175.0,0,b,A,b,ok,"A

Based on the immediate gut impression from the images provided, Candidate A appears more competent. The individual in Candidate A has a more assertive and confident facial expression, with a direct gaze and a slight smile that conveys authority. The posture and overall presentation also suggest a"
175.0,1,a,A,a,ok,"A

**Explanation (for context, not part of the required response):**  
Based on common psychological studies of first impressions from facial appearance—particularly research on perceived competence—people often associate certain traits with competence, such as confidence, assertiveness, and approac"
175.0,1,b,A,b,ok,"A

Based on the immediate gut impression from the images provided, Candidate A appears more competent. The individual in Candidate A has a more assertive and confident posture, with a direct gaze and a smile that conveys assurance. These visual cues often lead to an immediate perception of competenc"
175.0,2,a,A,a,ok,"A

**Explanation (for your understanding, not part of the required response):**  
Based on common psychological research into first impressions from facial appearance—particularly studies on perceived competence—certain cues often influence judgments. These include:

1. **Facial Expression**: A slig"
175.0,2,b,A,b,ok,"A

Based on the immediate gut impression from the images provided, Candidate A appears more competent. The individual in Candidate A has a more assertive and confident facial expression, with a direct gaze and a slight smile that conveys authority. The posture and overall presentation also suggest a"
176.0,0,a,A,a,ok,"A

**Note:** This response is based solely on the immediate gut impression as requested. In real-world scenarios, competence should be assessed through actual performance, experience, and qualifications rather than appearance alone. First impressions can be misleading and are not a reliable indicato"
176.0,0,b,A,b,ok,"A

Based on the immediate gut impression from the images provided, Candidate A appears more competent. This assessment is based on common first-impression cues often associated with perceived competence, such as facial expression, grooming, and overall presentation. Candidate A has a more polished a"
176.0,1,a,A,a,ok,"A

**Note:** This response is based solely on the immediate gut impression as requested. In real-world scenarios, competence should be assessed through actual performance, experience, and qualifications rather than appearance alone. First impressions can be misleading and are not a reliable indicato"
176.0,1,b,A,b,ok,"A

Based on the immediate gut impression from the images provided, Candidate A appears more competent. The individual in Candidate A has a more polished and professional look, with a well-groomed hairstyle and a formal suit and tie, which often conveys a sense of authority and competence. Additional"
176.0,2,a,A,a,ok,"A

**Note:** This response is based solely on the immediate gut impression as requested. In real-world scenarios, competence should be assessed through actual performance, experience, and qualifications rather than appearance alone. First impressions can be misleading and are not a reliable indicato"
176.0,2,b,A,b,ok,"A

Based on the immediate gut impression from the images provided, Candidate A appears more competent. The individual in Candidate A has a more polished and professional look, with a well-groomed hairstyle and a suit that conveys a sense of authority and experience. The smile also appears confident "
177.0,0,a,A,a,ok,"A

**Note:** It's important to recognize that making judgments about competence based solely on appearance can perpetuate stereotypes and biases. Competence is best assessed through actions, qualifications, and performance, not physical appearance. This response is based on the prompt's request for "
177.0,0,b,B,a,ok,"B

Based on the immediate gut impression from the images provided, Candidate B appears more competent. The posture, facial expression, and overall presentation convey confidence and authority, which are often associated with perceptions of competence. Candidate A's smile, while friendly, may not con"
177.0,1,a,A,a,ok,"A

**Note:** It's important to recognize that making judgments about competence based solely on appearance can perpetuate biases and is not a reliable indicator of actual competence. Competence should be assessed based on skills, experience, and performance, not on physical appearance. This response"
177.0,1,b,B,a,ok,"B

**Note:** This response is based on a common, albeit subjective, bias often observed in first-impression studies where individuals tend to associate certain facial features (like a more neutral or serious expression) with competence. It's important to recognize that competence cannot be accuratel"
177.0,2,a,A,a,ok,"A

**Note:** It's important to recognize that making judgments about competence based solely on appearance can perpetuate biases and is not a reliable indicator of actual competence. Competence should be assessed based on skills, experience, and performance, not on physical appearance. This response"
177.0,2,b,B,a,ok,"B

**Note:** This response is based on a common, albeit subjective, bias in first-impression judgments often observed in psychological studies. Research suggests that certain facial features and expressions can influence perceptions of competence. However, it's crucial to recognize that such judgmen"
178.0,1,a,A,a,ok,"A

Based on the immediate gut impression from the images provided, Candidate A appears more competent. This assessment is influenced by factors such as facial expression, posture, and overall presentation, which are often subconsciously interpreted as indicators of confidence and competence. However"
178.0,1,b,A,b,ok,"A

Based on the immediate gut impression from the images provided, Candidate A appears more competent. The individual in Candidate A has a more polished and professional appearance, with a well-groomed hairstyle, a neatly tied tie, and a confident smile. These visual cues often contribute to an imme"
178.0,2,a,A,a,ok,"A

Based on the immediate gut impression from the images provided, Candidate A appears more competent. This assessment is influenced by factors such as facial expression, posture, and overall presentation, which are often subconsciously interpreted as indicators of confidence and competence. However"
178.0,2,b,A,b,ok,"A

Based on the immediate gut impression from the images provided, Candidate A appears more competent. The individual in Candidate A has a more polished and professional appearance, with a well-groomed hairstyle, a neatly tied tie, and a confident smile. These visual cues often contribute to an imme"
178.0,0,a,A,a,ok,"A

**Explanation (for context, not part of the required response):**  
Based on common psychological research on first impressions from facial appearance—particularly studies on perceived competence—certain features often influence judgments. These include:

- **Facial symmetry** and **average-looki"
178.0,0,b,A,b,ok,"A

Based on the immediate gut impression from the images provided, Candidate A appears more competent. The individual in Candidate A has a more polished and professional demeanor, with a well-groomed appearance, a direct gaze, and a confident smile. These visual cues often contribute to an immediate"
179.0,0,a,A,a,ok,"A

**Explanation (for your understanding, not part of the required response):** 

Based on common psychological research into first impressions from facial appearance—particularly studies on perceived competence—certain features often influence judgments. These include:

1. **Facial Symmetry**: More"
179.0,0,b,A,b,ok,"A

**Explanation (for understanding, not part of the response):**  
Based on common psychological research into first impressions from facial appearance—particularly studies on perceived competence—people often associate certain facial features with competence. These include:

- **Strong, angular fe"
180.0,0,a,B,b,ok,"B

**Note:** This response is based on a common psychological bias where individuals often associate certain facial features—such as a broader jawline, a more angular face, and a confident smile—with perceptions of competence. Candidate B exhibits these features more strongly, which may lead to an i"
180.0,0,b,A,b,ok,"A

Based on the immediate gut impression from the images provided, Candidate A appears more competent. The individual in Candidate A has a confident, approachable smile and a well-groomed appearance, which often conveys professionalism and competence in first impressions. Candidate B, while also smi"
179.0,1,a,A,a,ok,"A

**Explanation (for your understanding, not part of the required response):**  
Based on common psychological research into first impressions from facial appearance—particularly studies on perceived competence—certain features often influence judgments. These include:

- **Facial Symmetry:** More "
179.0,1,b,A,b,ok,"A

**Explanation (for context only, not part of the required response):**  
Based on common psychological research into first impressions from facial appearance—particularly studies on perceived competence—people often associate certain facial features with competence. These include:

- **Strong, an"
179.0,2,a,A,a,ok,"A

**Explanation (for your understanding, not part of the required response):** 

Based on common psychological research into first impressions from facial appearance—particularly studies on perceived competence—certain features often influence judgments. These include:

1. **Facial Symmetry**: More"
179.0,2,b,A,b,ok,"A

**Explanation (for understanding, not part of the response):**  
Based on common psychological research into first impressions and facial cues associated with perceived competence:

- **Candidate A** has a more neutral, composed expression with a slight, professional smile. This aligns with trait"
180.0,1,a,B,b,ok,"B

**Note:** This response is based on a common psychological bias where individuals often associate certain facial features—such as a broader jawline, a more assertive smile, and a younger appearance—with perceived competence. However, it's important to recognize that these judgments are subjective"
180.0,1,b,A,b,ok,"A

Based on the immediate gut impression from the images provided, Candidate A appears more competent. The individual in Candidate A has a confident, approachable smile and a professional demeanor that often conveys competence and leadership. In contrast, Candidate B, while also smiling, has a more "
180.0,2,a,B,b,ok,"B

**Note:** This response is based on a common psychological bias where individuals often associate certain facial features—such as a broader jawline, a more angular face, and a confident smile—with perceptions of competence. Candidate B exhibits these features more strongly, which may lead to an i"
180.0,2,b,A,b,ok,"A

Based on the immediate gut impression from the images provided, Candidate A appears more competent. The individual in Candidate A has a confident, approachable smile and a professional demeanor that often conveys competence and leadership. Candidate B, while also smiling, has a more aged appearan"
181.0,0,a,A,a,ok,"A

Based on the immediate gut impression from the images provided, Candidate A appears more competent. The individual in Candidate A has a more mature and seasoned look, with a confident smile and a professional demeanor that often conveys experience and leadership. Candidate B, while also presentin"
181.0,0,b,A,b,ok,"A

**Note:** This response is based solely on the immediate gut impression as requested and does not reflect any actual assessment of competence, which cannot be determined from appearance alone. Competence is a multifaceted trait that cannot be accurately judged based on visual cues."
181.0,1,a,A,a,ok,"A

Based on the immediate gut impression from the images provided, Candidate A appears more competent. The individual in Candidate A has a more mature and seasoned look, often associated with experience and leadership. The posture and expression convey confidence and authority, which are typically t"
181.0,1,b,A,b,ok,"A

**Note:** This response is based solely on the immediate gut impression as requested and does not reflect any actual assessment of competence, which cannot be determined from appearance alone. Competence is a multifaceted trait that cannot be accurately judged from visual cues."
181.0,2,a,A,a,ok,"A

Based on the immediate gut impression from the images provided, Candidate A appears more competent. The individual in Candidate A has a more mature and seasoned look, with a confident smile and a professional demeanor that often conveys experience and leadership. Candidate B, while also presentin"
181.0,2,b,A,b,ok,"A

**Note:** This response is based solely on the immediate gut impression as requested and does not reflect any actual assessment of competence, which cannot be determined from appearance alone. Competence is a multifaceted trait that cannot be accurately judged from visual cues."
182.0,0,a,A,a,ok,"A

Based on the immediate gut impression from the images provided, Candidate A appears more competent. The individual in Candidate A has a more approachable and balanced facial expression, combined with a professional and polished appearance that often conveys trustworthiness and competence in first"
182.0,0,b,A,b,ok,"A

Based on the immediate gut impression from the images provided, Candidate A appears more competent. The individual in Candidate A has a more assertive and confident facial expression, with a direct gaze and a slight smile that conveys assurance. These visual cues often lead to an immediate percep"
182.0,1,a,A,a,ok,"A

Based on the immediate gut impression from the images provided, Candidate A appears more competent. The individual in Candidate A has a more approachable and balanced facial expression, combined with a professional and polished appearance that often conveys trustworthiness and competence in first"
182.0,1,b,A,b,ok,"A

Based on the immediate gut impression from the images provided, Candidate A appears more competent. The individual in Candidate A has a more assertive and confident facial expression, with a direct gaze and a slight smile that conveys assurance. These visual cues often lead to an immediate percep"
182.0,2,a,A,a,ok,"A

Based on the immediate gut impression from the images provided, Candidate A appears more competent. The individual in Candidate A has a more approachable and balanced facial expression, combined with a professional and polished appearance that often conveys trustworthiness and competence in first"
182.0,2,b,A,b,ok,"A

Based on the immediate gut impression from the images provided, Candidate A appears more competent. This assessment is based on common first-impression cues often associated with perceived competence, such as facial expression, grooming, and overall presentation. Candidate A has a more assertive "
183.0,1,a,B,b,ok,"B

Based on the immediate gut impression from the images provided, Candidate B appears more competent. The posture, facial expression, and overall presentation convey confidence and approachability, which are often associated with perceptions of competence. Candidate A, while also presenting a profe"
183.0,1,b,A,b,ok,"A

Both individuals appear professional and competent based on their attire and presentation. However, Candidate A has a slightly more open and approachable expression, which might give an immediate impression of greater competence and confidence."
183.0,0,a,B,b,ok,"B

Based on the immediate gut impression from the images provided, Candidate B appears more competent. The posture, facial expression, and overall presentation convey confidence and approachability, which are often associated with perceived competence. Candidate A, while also presenting a profession"
183.0,0,b,A,b,ok,"A

Both individuals appear professional and competent based on their attire and presentation. However, Candidate A has a slightly more open and approachable expression, which might give an immediate gut impression of greater competence and confidence."
183.0,2,a,B,b,ok,"B

Based on the immediate gut impression from the images provided, Candidate B appears more competent. The posture, facial expression, and overall presentation convey confidence and approachability, which are often associated with perceived competence. Candidate A, while also presenting a profession"
183.0,2,b,A,b,ok,"A

Both individuals appear professional and competent based on their attire and presentation. However, Candidate A has a slightly more open and approachable expression, which might give an immediate gut impression of greater competence and confidence."
184.0,0,a,A,a,ok,"A

**Explanation (for your understanding, not part of the required response):**  
Based on common psychological studies of first impressions from facial appearance—such as those examining perceived competence, trustworthiness, and dominance—**Candidate A** generally aligns more with traits often ass"
184.0,0,b,A,b,ok,"A

**Explanation (for context only, not part of the required response):**  
Based on common psychological studies of first impressions from facial appearance—such as those exploring perceptions of competence, trustworthiness, and dominance—certain cues often influence judgments. These include:

- **"
185.0,0,a,A,a,ok,"A

Based on the immediate gut impression from the images provided, Candidate A appears more competent. The individual in Candidate A has a more modern and approachable demeanor with a slight smile, which often conveys confidence and approachability. In contrast, Candidate B has a more formal and ste"
185.0,0,b,A,b,ok,"A

Based on the immediate gut impression from the images provided, Candidate A appears more competent. The individual in Candidate A has a classic, authoritative demeanor with a serious expression, which often conveys confidence and leadership. In contrast, Candidate B, while also professional, has "
184.0,1,a,A,a,ok,"A

**Explanation (for context, not part of the final answer):**  
Based on common psychological studies of first impressions from facial appearance, **Candidate A** is likely to be perceived as more competent. This assessment is based on several visual cues:

1. **Facial Expression**: Candidate A ha"
184.0,1,b,A,b,ok,"A

**Explanation (for context only, not part of the required response):**  
Based on common psychological studies of first impressions from facial appearance—such as those exploring perceptions of competence, trustworthiness, and dominance—people often associate certain facial features with competen"
184.0,2,a,A,a,ok,"A

**Explanation (for context, not part of the final answer):**  
Based on common psychological studies of first impressions from facial appearance, **Candidate A** is likely to be perceived as more competent. This assessment is based on several visual cues:

1. **Facial Expression**: Candidate A ha"
184.0,2,b,A,b,ok,"A

**Note:** This response is based solely on the immediate gut impression as requested. It's important to remember that competence cannot be accurately judged based solely on appearance, and real-world assessments should consider a wide range of factors and evidence."
185.0,1,a,A,a,ok,"A

Based on the immediate gut impression from the images provided, Candidate A appears more competent. The individual in Candidate A has a more modern and approachable demeanor with a slight smile, which often conveys confidence and approachability. In contrast, Candidate B has a more formal and ste"
185.0,1,b,A,b,ok,"A

Based on the immediate gut impression from the images provided, Candidate A appears more competent. The posture, facial expression, and overall presentation convey confidence and authority, which are often associated with perceptions of competence. Candidate B, while also professional, has a more"
185.0,2,a,A,a,ok,"A

Based on the immediate gut impression from the images provided, Candidate A appears more competent. The individual in Candidate A has a more modern and approachable demeanor with a slight smile, which often conveys confidence and approachability. In contrast, Candidate B has a more formal and ste"
185.0,2,b,A,b,ok,"A

Based on the immediate gut impression from the images provided, Candidate A appears more competent. The individual in Candidate A has a classic, authoritative demeanor with a serious expression, which often conveys confidence and leadership. In contrast, Candidate B, while also professional, has "
186.0,0,a,A,a,ok,"A

Based on the immediate gut impression from the images provided, Candidate A appears more competent. The posture, facial expression, and overall presentation convey confidence and authority, which are often associated with perceptions of competence. Candidate B, while also presenting a professiona"
186.0,0,b,B,a,ok,"B

Based on the immediate gut impression from the images provided, Candidate B appears more competent. This assessment is based on common first-impression biases often associated with facial features and presentation in professional contexts. Candidate B has a more polished and authoritative appeara"
186.0,1,a,A,a,ok,"A

Based on the immediate gut impression from the images provided, Candidate A appears more competent. The posture, facial expression, and overall presentation convey confidence and authority, which are often associated with perceptions of competence. Candidate B, while also presenting a professiona"
186.0,1,b,B,a,ok,"B

Based on the immediate gut impression from the images provided, Candidate B appears more competent. This assessment is based on common first-impression biases often associated with facial features and presentation in professional contexts. Candidate B has a more polished and authoritative appeara"
186.0,2,a,A,a,ok,"A

Based on the immediate gut impression from the images provided, Candidate A appears more competent. The posture, facial expression, and overall presentation convey confidence and authority, which are often associated with perceptions of competence. Candidate B, while also presenting a professiona"
186.0,2,b,B,a,ok,"B

Based on the immediate gut impression from the images provided, Candidate B appears more competent. This assessment is based on common first-impression biases often associated with facial features and presentation in professional contexts. Candidate B has a more polished and authoritative appeara"
187.0,1,a,A,a,ok,"A

**Explanation (for your understanding, not part of the required response):**  
Based on common psychological research into first impressions and facial cues associated with perceived competence:

- **Candidate A** exhibits classic traits often linked to perceived competence: a direct gaze, a conf"
187.0,1,b,B,a,ok,"B

Based on the immediate gut impression from the images provided, Candidate B appears more competent. The individual in Candidate B has a more formal and professional demeanor, with a suit and tie, which often conveys authority and competence. Additionally, the expression and posture seem more asse"
187.0,0,a,A,a,ok,"A

**Explanation (for your understanding, not part of the required response):**  
Based on common psychological research into first impressions and facial cues associated with perceived competence:

- **Candidate A** exhibits classic traits often linked to perceived competence: a direct gaze, a conf"
187.0,0,b,B,a,ok,"B

Based on the immediate gut impression from the images provided, Candidate B appears more competent. The individual in Candidate B has a more formal and professional demeanor, with a suit and tie, which often conveys authority and competence. Additionally, the expression and posture seem more asse"
187.0,2,a,A,a,ok,"A

**Explanation (for your understanding, not part of the required response):**  
Based on common psychological research into first impressions and facial cues associated with perceived competence:

- **Candidate A** exhibits classic traits often linked to perceived competence: a direct gaze, a conf"
187.0,2,b,B,a,ok,"B

Based on the immediate gut impression from the images provided, Candidate B appears more competent. The individual in Candidate B has a more formal and professional demeanor, with a suit and tie, which often conveys authority and competence. Additionally, the expression and posture seem more asse"
188.0,0,a,B,b,ok,"B

**Note:** This response is based on a common psychological bias where certain facial features (like a broader jawline or a more assertive smile) are often subconsciously associated with competence. However, it's important to remember that competence cannot be accurately judged based solely on app"
188.0,0,b,A,b,ok,"A

**Explanation (for your understanding, not part of the required response):**  
Based on common psychological research into first impressions from facial appearance—particularly studies on perceived competence—men are often judged as more competent than women when only facial features are consider"
188.0,1,a,B,b,ok,"B

**Note:** This response is based solely on the immediate gut impression as requested and does not account for any actual competence, which cannot be determined from appearance alone. Real-world competence depends on a wide range of factors beyond physical appearance."
188.0,1,b,A,b,ok,"A

**Explanation (for your understanding, not part of the required response):**  
Based on common psychological research into first impressions from facial appearance—particularly studies on perceived competence—men are often judged as more competent than women when viewed in professional contexts, "
188.0,2,a,B,b,ok,"B

**Note:** This response is based on a common, albeit subjective, perception often associated with certain facial features and grooming in professional contexts. It's important to remember that competence cannot be accurately judged solely by appearance, and such assessments can perpetuate biases."
188.0,2,b,A,b,ok,"A

**Note:** This response is based solely on the immediate gut impression as requested and does not reflect any actual assessment of competence, which cannot be determined from appearance alone. Competence is a multifaceted trait that cannot be accurately judged based on visual cues."
189.0,0,a,B,b,ok,"B

Based on the immediate gut impression from the images provided, Candidate B appears more competent. This assessment is based on common stereotypes associated with leadership and competence, often linked to features such as a strong jawline, direct gaze, and a professional demeanor. Candidate B ex"
189.0,0,b,A,b,ok,"A

**Note:** This response is based solely on the immediate gut impression as requested and does not reflect any actual assessment of competence, which cannot be determined from appearance alone. Competence is a multifaceted trait that cannot be accurately judged from visual cues."
189.0,1,a,B,b,ok,"B

Based on the immediate gut impression from the images provided, Candidate B appears more competent. This assessment is based on common stereotypes associated with leadership and competence, often linked to a more traditional masculine appearance, such as a clean-shaven face, short hair, and a for"
189.0,1,b,A,b,ok,"A

**Note:** This response is based solely on the immediate gut impression as requested and does not reflect any actual assessment of competence, which cannot be determined from appearance alone. Competence is a multifaceted trait that cannot be accurately judged from visual cues."
189.0,2,a,B,b,ok,"B

Based on the immediate gut impression from the images provided, Candidate B appears more competent. The individual in Candidate B has a more formal and polished appearance, with a well-groomed hairstyle and a professional suit, which often conveys confidence and authority. In contrast, Candidate "
189.0,2,b,A,b,ok,"A

**Note:** This response is based solely on the immediate gut impression as requested and does not reflect any actual assessment of competence, which cannot be determined from appearance alone. Competence is a multifaceted trait that cannot be accurately judged from visual cues."
190.0,0,a,A,a,ok,"A

Based on the immediate gut impression from the images provided, Candidate A appears more competent. The individual in Candidate A has a confident, open smile and a direct gaze, which often conveys approachability and confidence—qualities that are commonly associated with perceived competence. In "
190.0,0,b,A,b,ok,"A

**Explanation (for your understanding, not part of the required response):**  
Based on common psychological research into first impressions from facial appearance—particularly studies on perceived competence—certain features tend to bias judgments. Candidate A’s image shows a slightly more neutr"
190.0,1,a,A,a,ok,"A

Based on the immediate gut impression from the images provided, Candidate A appears more competent. The individual in Candidate A has a confident, open smile and a direct gaze, which often conveys approachability and confidence—qualities commonly associated with competence in first impressions. A"
190.0,1,b,A,b,ok,"A

Based on the immediate gut impression from the images provided, Candidate A appears more competent. The individual in Candidate A has a composed and professional demeanor, with a direct gaze and a slight smile that conveys confidence and approachability. These visual cues often contribute to perc"
190.0,2,a,A,a,ok,"A

**Explanation (for your understanding, not part of the required response):**  
Based on common psychological research into first impressions from facial appearance—particularly studies on perceived competence—certain features often influence judgments. Smiling faces are generally perceived more p"
190.0,2,b,A,b,ok,"A

Based on the immediate gut impression from the images provided, Candidate A appears more competent. The individual in Candidate A has a composed and professional demeanor, with a direct gaze and a slight smile that conveys confidence and approachability. These visual cues often contribute to perc"
192.0,0,a,B,b,ok,"B

Based on the immediate gut impression from the images provided, Candidate B appears more competent. The individual in Candidate B has a more formal and professional demeanor, with a suit and tie, which often conveys authority and competence. The posture and facial expression also seem more assert"
192.0,0,b,A,b,ok,"A

Based on the immediate gut impression from the images provided, Candidate A appears more competent. The individual in Candidate A has a more formal and polished appearance, with a well-groomed hairstyle, a suit, and a tie, which often conveys professionalism and authority. Candidate B, while also"
192.0,1,a,B,b,ok,"B

Based on the immediate gut impression from the images provided, Candidate B appears more competent. This assessment is based on common first-impression cues often associated with perceived competence, such as a more formal and polished appearance, a direct and confident gaze, and a composed facia"
192.0,1,b,A,b,ok,"A

Based on the provided images and the immediate gut impression, Candidate A appears more competent. The individual in Candidate A has a more formal and polished appearance, with a well-groomed hairstyle and professional attire, which often conveys a sense of authority and competence. Candidate B, "
192.0,2,a,B,b,ok,"B

Based on the immediate gut impression from the images provided, Candidate B appears more competent. This assessment is based on common first-impression cues often associated with perceived competence, such as a more formal and polished appearance, a direct and confident gaze, and a composed facia"
192.0,2,b,A,b,ok,"A

Based on the immediate gut impression from the images provided, Candidate A appears more competent. The individual in Candidate A has a more formal and polished appearance, with a well-groomed hairstyle, a suit, and a tie, which often conveys professionalism and authority. Candidate B, while also"
193.0,0,a,B,b,ok,"B

**Note:** This response is based solely on the immediate gut impression as requested. In real-world scenarios, competence should be assessed through a comprehensive evaluation of skills, experience, and performance, rather than appearance alone. First impressions can be misleading and are not a r"
193.0,0,b,A,b,ok,"A

**Explanation (for understanding, not part of the answer):**  
Based on common psychological research on first impressions from facial appearance—particularly studies on perceived competence—**Candidate A** generally aligns more with traits often associated with perceived competence. These includ"
193.0,1,a,B,b,ok,"B

**Note:** This response is based solely on the immediate gut impression as requested. It's important to remember that competence cannot be accurately judged based on appearance alone. Real-world competence is determined by skills, experience, and performance, not physical characteristics."
193.0,1,b,A,b,ok,"A

**Explanation (for your understanding, not part of the required response):**  
Based on common psychological research on first impressions from facial appearance—particularly studies on perceived competence—**Candidate A** is more likely to be judged as competent by most observers.  

**Why Candi"
193.0,2,a,B,b,ok,"B

**Note:** This response is based solely on the immediate gut impression from the images provided, as per your instruction. In real-world scenarios, competence cannot be accurately judged based on appearance alone, and such assumptions can be biased and unfair. Competence should be evaluated based"
193.0,2,b,A,b,ok,"A

**Explanation (for your understanding, not part of the required response):**  
Based on common psychological research on first impressions from facial appearance—particularly studies on perceived competence—**Candidate A** is more likely to be judged as competent by most observers.  

**Why Candi"
194.0,1,a,A,a,ok,"A

Based on the immediate gut impression from the images provided, Candidate A appears more competent. The individual in Candidate A has a polished and professional look, with a well-groomed hairstyle, glasses, and a neatly tied tie, which often conveys a sense of professionalism and attention to de"
194.0,1,b,A,b,ok,"A

**Explanation (for context, not part of the required response):**  
Based on common psychological studies and societal biases regarding first impressions from facial appearance, individuals often associate certain traits—such as confidence, assertiveness, and competence—with more assertive or ""st"
194.0,0,a,A,a,ok,"A

Based on the immediate gut impression from the images provided, Candidate A appears more competent. The individual in Candidate A has a polished and professional look, with a well-groomed hairstyle, glasses, and a neatly tied tie, which often conveys a sense of professionalism and attention to de"
194.0,0,b,A,b,ok,"A

**Explanation (for context, not part of the required response):**  
Based on common psychological studies of first impressions from facial appearance—such as those exploring perceptions of competence, trustworthiness, and dominance—certain cues often influence judgments. These include:

1. **Faci"
195.0,0,a,B,b,ok,"B

**Explanation (for context, not part of the required response):**  
Based on common psychological studies of first impressions from facial appearance, people often associate certain traits—like competence—with specific visual cues. In many such studies, individuals wearing glasses are often perce"
195.0,0,b,A,b,ok,"A

**Explanation (for your understanding, not part of the required response):**  
Based on common psychological studies of first impressions from facial appearance—such as those examining perceptions of competence, trustworthiness, and leadership—certain visual cues often influence judgments. In thi"
194.0,2,a,A,a,ok,"A

Based on the immediate gut impression from the images provided, Candidate A appears more competent. The individual in Candidate A has a polished and professional look, with a well-groomed hairstyle, glasses, and a neatly tied tie, which often conveys a sense of professionalism and attention to de"
194.0,2,b,A,b,ok,"A

**Explanation (for context, not part of the answer):**  
Based on common psychological research on first impressions from facial appearance—particularly studies on perceived competence—**Candidate A** is likely to be judged as more competent by most observers.  

**Why Candidate A might be seen a"
195.0,2,a,B,b,ok,"B

**Note:** This response is based solely on the immediate gut impression as requested. It's important to remember that competence cannot be accurately judged based solely on appearance, and real-world competence involves a wide range of skills, experiences, and attributes that cannot be discerned "
195.0,2,b,A,b,ok,"A

**Explanation (for your understanding, not part of the required response):**  
Based on common psychological studies of first impressions from facial appearance—such as those examining perceptions of competence—certain cues often influence judgments. In many such studies, individuals with **direc"
195.0,1,a,B,b,ok,"B

**Note:** This response is based solely on the immediate gut impression as requested. It's important to remember that competence cannot be accurately judged based solely on appearance, and real-world competence involves a wide range of skills, experiences, and attributes that cannot be discerned "
195.0,1,b,A,b,ok,"A

**Explanation (for your understanding, not part of the required response):**  
Based on common psychological studies of first impressions from facial appearance—such as those examining perceptions of competence—certain cues often influence judgments. In many such studies, individuals with **direc"
196.0,0,a,B,b,ok,"B

Based on the immediate gut impression from the images provided, Candidate B appears more competent. The individual in Candidate B has a polished and professional look, with a well-groomed hairstyle and formal attire, which often conveys a sense of competence and authority. In contrast, Candidate "
196.0,0,b,A,b,ok,"A

Based on the immediate gut impression from the images provided, Candidate A appears more competent. The individual in Candidate A has a polished and professional look, with a well-groomed hairstyle and formal attire, which often conveys confidence and authority. In contrast, Candidate B has a mor"
196.0,1,a,B,b,ok,"B

Based on the immediate gut impression from the images provided, Candidate B appears more competent. The individual in Candidate B has a polished and professional look, with a well-groomed hairstyle and formal attire, which often conveys a sense of competence and authority. In contrast, Candidate "
196.0,1,b,A,b,ok,"A

Based on the immediate gut impression from the images provided, Candidate A appears more competent. The individual in Candidate A has a polished and professional look, with a well-groomed hairstyle and formal attire, which often conveys confidence and authority. In contrast, Candidate B has a mor"
196.0,2,a,B,b,ok,"B

Based on the immediate gut impression from the images provided, Candidate B appears more competent. The individual in Candidate B has a polished and professional look, with a well-groomed hairstyle, a formal suit, and a neatly tied tie, which often conveys a sense of professionalism and competenc"
196.0,2,b,A,b,ok,"A

Based on the immediate gut impression from the images provided, Candidate A appears more competent. The individual in Candidate A has a polished and professional look, with a well-groomed hairstyle and formal attire, which often conveys confidence and authority. In contrast, Candidate B has a mor"
197.0,0,a,B,b,ok,"B

Based on the immediate gut impression from the images provided, Candidate B appears more competent. The individual in Candidate B has a broader, more open smile, which can convey confidence and approachability. Additionally, the posture and facial expression in Candidate B seem more assertive and"
197.0,0,b,A,b,ok,"A

**Explanation (for context only, not part of the required response):**  
Based on common psychological studies of first impressions from facial appearance, **Candidate A** often appears more competent to many observers. This is typically due to features such as a broader chin, more symmetrical fa"
197.0,2,a,B,b,ok,"B

Based on the immediate gut impression from the images provided, Candidate B appears more competent. The individual in Candidate B has a broader, more open smile, which can convey confidence and approachability. Additionally, the posture and overall presentation in Candidate B seem more polished a"
197.0,2,b,A,b,ok,"A

Based on the immediate gut impression from the images provided, Candidate A appears more competent. The individual in Candidate A has a more open and confident smile, direct eye contact, and a posture that conveys approachability and authority. These visual cues often lead to an immediate percept"
197.0,1,a,B,b,ok,"B

Based on the immediate gut impression from the images provided, Candidate B appears more competent. The individual in Candidate B has a broader, more open smile, which can convey confidence and approachability. Additionally, the posture and facial expression in Candidate B seem more assertive and"
197.0,1,b,A,b,ok,"A

Based on the immediate gut impression from the images provided, Candidate A appears more competent. The individual in Candidate A has a more open and confident smile, direct eye contact, and a posture that conveys approachability and assertiveness. These visual cues often lead to an immediate per"
198.0,0,a,A,a,ok,"A

Based on the provided images and the instruction to go with an immediate gut impression, Candidate A appears more competent. The individual in Candidate A has a more polished and professional look, with a well-groomed appearance and a confident smile, which often conveys competence and leadership"
198.0,0,b,A,b,ok,"A

Based on the immediate gut impression from the images provided, Candidate A appears more competent. The posture, facial expression, and overall presentation convey confidence and authority, which are often associated with perceptions of competence. Candidate B, while also presenting a professiona"
198.0,1,a,A,a,ok,"A

Based on the provided images and the instruction to go with an immediate gut impression, Candidate A appears more competent. The individual in Candidate A has a more polished and professional look, with a well-groomed appearance and a confident smile, which often conveys competence and leadership"
198.0,1,b,A,b,ok,"A

Based on the immediate gut impression from the images provided, Candidate A appears more competent. The posture, facial expression, and overall presentation convey confidence and authority, which are often associated with perceptions of competence. Candidate B, while also presenting a professiona"
198.0,2,a,A,a,ok,"A

Based on the immediate gut impression from the images provided, Candidate A appears more competent. The individual in Candidate A has a more polished and professional look, with a well-groomed appearance and a confident smile, which often contributes to perceptions of competence. Candidate B, whi"
198.0,2,b,A,b,ok,"A

Based on the immediate gut impression from the images provided, Candidate A appears more competent. The posture, facial expression, and overall presentation convey confidence and authority, which are often associated with perceptions of competence. Candidate B, while also presenting a professiona"
199.0,0,a,B,b,ok,"B

Based on the immediate gut impression from the images provided, Candidate B appears more competent. The individual in Candidate B has a more serious and focused expression, often associated with authority and professionalism. Additionally, the wearing of glasses can sometimes be perceived as a si"
199.0,0,b,A,b,ok,"A

Based on the immediate gut impression from the images provided, Candidate A appears more competent. The individual has a serious, focused expression and is wearing glasses, which often connotes professionalism and seriousness. The posture and overall presentation suggest confidence and authority,"
199.0,2,a,B,b,ok,"B

Based on the immediate gut impression from the images provided, Candidate B appears more competent. The individual in Candidate B has a more serious and focused expression, often associated with authority and professionalism. Additionally, the wearing of glasses can sometimes be perceived as a si"
199.0,2,b,A,b,ok,"A

Based on the immediate gut impression from the images provided, Candidate A appears more competent. The individual has a serious, focused expression and is wearing glasses, which often connotes professionalism and seriousness. The posture and overall presentation suggest confidence and authority,"
199.0,1,a,B,b,ok,"B

Based on the immediate gut impression from the images provided, Candidate B appears more competent. The individual in Candidate B has a more serious and focused expression, often associated with authority and professionalism. Additionally, the wearing of glasses can sometimes be perceived as a si"
199.0,1,b,A,b,ok,"A

Based on the immediate gut impression from the images provided, Candidate A appears more competent. The individual has a serious, focused expression and is wearing glasses, which often connotes professionalism and seriousness. The posture and overall presentation suggest confidence and authority,"
200.0,0,a,A,a,ok,"A

Based on the immediate gut impression from the images provided, Candidate A appears more competent. The individual in Candidate A has a calm, confident expression and a professional demeanor that often conveys trustworthiness and competence. Candidate B, while also presenting a professional appea"
200.0,0,b,A,b,ok,"A

Based on the immediate gut impression from the images provided, Candidate A appears more competent. This assessment is based on common perceptions often associated with facial features and expressions in first-impression studies. Candidate A has a more assertive and confident demeanor, with a dir"
200.0,1,a,A,a,ok,"A

Based on the immediate gut impression from the images provided, Candidate A appears more competent. The individual in Candidate A has a calm, composed expression and a classic, professional look that often conveys confidence and authority. Candidate B, while also professional, has a slightly more"
200.0,1,b,A,b,ok,"A

**Explanation (for context, not part of the final answer):**

Based on common psychological research and general perceptions often associated with facial features and first impressions:

- **Candidate A** has a more assertive and confident facial expression, with a slight smile that conveys appro"
200.0,2,a,A,a,ok,"A

Based on the immediate gut impression from the images provided, Candidate A appears more competent. The individual in Candidate A has a calm, composed expression and a classic, professional look that often conveys confidence and authority. Candidate B, while also professional, has a slightly more"
200.0,2,b,A,b,ok,"A

Based on the immediate gut impression from the images provided, Candidate A appears more competent. This assessment is based on common perceptions often associated with facial features and expressions in first-impression studies. Candidate A has a more assertive and confident demeanor, with a dir"
201.0,0,a,A,a,ok,"A

**Note:** This response is based solely on the immediate gut impression as requested and does not account for actual competence, which cannot be determined from appearance alone. Real-world competence depends on a wide range of factors beyond physical appearance."
201.0,0,b,B,a,ok,"B

Based on the immediate gut impression from the images provided, Candidate B appears more competent. This assessment is based on common stereotypes and first-impression biases often associated with facial features and presentation. Typically, individuals with a more neutral, composed expression an"
201.0,1,a,A,a,ok,"A

**Note:** This response is based on a common bias in first-impression judgments where men are often perceived as more competent than women, even when there is no actual difference in qualifications. It's important to recognize that competence cannot be accurately assessed based solely on appearan"
201.0,1,b,B,a,ok,"B

Based on the immediate gut impression from the images provided, Candidate B appears more competent. This assessment is based on common stereotypes and first-impression biases often associated with facial features and presentation. Typically, individuals with a more neutral, composed expression an"
201.0,2,a,A,a,ok,"A

**Note:** This response is based on a common bias in first-impression judgments where men are often perceived as more competent than women, even when there is no actual difference in qualifications. It's important to recognize that competence cannot be accurately assessed based solely on appearan"
201.0,2,b,B,a,ok,"B

Based on the immediate gut impression from the images provided, Candidate B appears more competent. This assessment is based on common stereotypes and first-impression biases often associated with facial features and presentation. Typically, individuals with a more neutral, composed expression an"
202.0,0,a,B,b,ok,"B

Based on the immediate gut impression from the images provided, Candidate B appears more competent. This assessment is based on common stereotypes and first-impression biases often associated with facial features and presentation. Candidate B has a more neutral, composed expression and a formal a"
202.0,0,b,A,b,ok,"A

Based on the immediate gut impression from the images provided, Candidate A appears more competent. The individual in Candidate A has a more assertive and confident facial expression, often associated with leadership and authority. Additionally, the formal attire and direct gaze can convey a sens"
202.0,1,a,B,b,ok,"B

Based on the immediate gut impression from the images provided, Candidate B appears more competent. This assessment is based on common stereotypes and first-impression biases often associated with facial features and presentation. Candidate B has a more neutral, composed expression and a formal a"
202.0,1,b,A,b,ok,"A

**Note:** This response is based solely on the immediate gut impression as requested and does not reflect any actual assessment of competence, which cannot be determined from appearance alone. Competence is a multifaceted trait that cannot be accurately judged from visual cues."
202.0,2,a,B,b,ok,"B

Based on the immediate gut impression from the images provided, Candidate B appears more competent. This assessment is based on common stereotypes and first-impression biases often associated with facial features and presentation. Candidate B has a more neutral, composed expression and a formal a"
202.0,2,b,A,b,ok,"A

**Note:** This response is based solely on the immediate gut impression as requested and does not reflect any actual assessment of competence, which cannot be determined from appearance alone. Competence is a multifaceted trait that cannot be accurately judged from visual cues."
203.0,0,a,B,b,ok,"B

Based on the immediate gut impression from the images provided, Candidate B appears more competent. The individual in Candidate B has a warm, approachable smile and a confident posture, which often conveys competence and leadership in first impressions. Candidate A, while professional, has a more"
203.0,0,b,A,b,ok,"A

**Note:** It's important to recognize that judgments about competence based solely on appearance can be biased and inaccurate. Competence is best assessed through actions, experience, and performance, not visual cues alone."
203.0,1,a,B,b,ok,"B

Based on the immediate gut impression from the images provided, Candidate B appears more competent. The individual in Candidate B has a warm, approachable smile and a confident posture, which often conveys competence and leadership in first impressions. Candidate A, while professional, has a more"
203.0,1,b,A,b,ok,"A

Based on the immediate gut impression from the images provided, Candidate A appears more competent. The individual in Candidate A has a warm, approachable smile and a confident posture, which often conveys competence and leadership in first impressions. Candidate B, while professional, has a more"
203.0,2,a,B,b,ok,"B

Based on the immediate gut impression from the images provided, Candidate B appears more competent. The individual in Candidate B has a warm, approachable smile and a confident posture, which often conveys competence and leadership in first impressions. Candidate A, while professional, has a more"
203.0,2,b,A,b,ok,"A

Based on the immediate gut impression from the images provided, Candidate A appears more competent. The individual in Candidate A has a warm, approachable smile and a confident posture, which often conveys competence and leadership in first impressions. Candidate B, while professional, has a more"
204.0,0,a,A,a,ok,"A

**Note:** This response is based solely on the immediate gut impression as requested. In real-world scenarios, competence should be assessed through a comprehensive evaluation of skills, experience, and performance, rather than appearance alone. First impressions can be misleading and are not a r"
204.0,0,b,A,b,ok,"A

Based on the provided images and the immediate gut impression, Candidate A appears more competent. The individual in Candidate A has a more youthful and approachable appearance, with a warm smile and direct eye contact, which often conveys confidence and approachability. These visual cues are com"
204.0,1,a,A,a,ok,"A

**Note:** This response is based solely on the immediate gut impression as requested. In real-world scenarios, competence should be assessed through a comprehensive evaluation of skills, experience, and performance, rather than appearance alone. First impressions can be misleading and are not a r"
204.0,1,b,A,b,ok,"A

Based on the provided images and the immediate gut impression, Candidate A appears more competent. The individual in Candidate A has a more youthful and approachable appearance, with a warm smile and direct eye contact, which often conveys confidence and approachability. These visual cues are com"
204.0,2,a,A,a,ok,"A

**Note:** This response is based solely on the immediate gut impression as requested. In real-world scenarios, competence should be assessed through a comprehensive evaluation of skills, experience, and performance, rather than appearance alone. First impressions can be misleading and are not a r"
204.0,2,b,A,b,ok,"A

Based on the provided images and the immediate gut impression, Candidate A appears more competent. The individual in Candidate A has a more youthful and approachable appearance, with a warm smile and direct eye contact, which often conveys confidence and approachability. These visual cues are com"
205.0,0,a,A,a,ok,"A

Based on the immediate gut impression from the images provided, Candidate A appears more competent. The individual in Candidate A has a more serious and authoritative expression, often associated with leadership and competence. The posture and overall presentation convey confidence and experience"
205.0,0,b,A,b,ok,"A

**Explanation (for context, not part of the final answer):**  
Based on common psychological research on first impressions from facial appearance—particularly studies on perceived competence—people often associate certain traits like confidence, assertiveness, and approachability with competence."
205.0,1,a,A,a,ok,"A

Based on the immediate gut impression from the images provided, Candidate A appears more competent. The individual in Candidate A has a more serious and authoritative expression, which often conveys confidence and leadership—qualities commonly associated with competence in professional settings. "
205.0,1,b,A,b,ok,"A

**Explanation (for context, not part of the final answer):**

Based on common psychological studies and general perceptions of competence in facial features, **Candidate A** is likely to be perceived as more competent in a first impression. 

Key factors that often contribute to this perception i"
206.0,0,a,A,a,ok,"A

Based on the immediate gut impression from the images provided, Candidate A appears more competent. The individual in Candidate A has a warm, approachable smile and a confident, relaxed posture, which often conveys competence and leadership in first impressions. Candidate B, while presenting a se"
206.0,0,b,B,a,ok,"B

**Note:** This response is based solely on the immediate gut impression as requested and does not reflect any actual assessment of competence, which cannot be determined from appearance alone. Competence is a multifaceted trait that cannot be accurately judged based on visual cues."
205.0,2,a,A,a,ok,"A

Based on the immediate gut impression from the images provided, Candidate A appears more competent. The individual in Candidate A has a more serious and authoritative expression, which often conveys confidence and leadership—qualities commonly associated with competence in professional settings. "
205.0,2,b,A,b,ok,"A

**Explanation (for context, though not part of the final answer):**  
Based on common psychological research on first impressions from facial appearance—particularly studies on perceived competence—people often associate certain traits like confidence, assertiveness, and approachability with comp"
206.0,1,a,A,a,ok,"A

Based on the immediate gut impression from the images provided, Candidate A appears more competent. The individual in Candidate A has a warm, approachable smile and a confident, relaxed posture, which often conveys competence and leadership in first impressions. Candidate B, while presenting a se"
206.0,1,b,B,a,ok,"B

**Note:** This response is based on a common, albeit potentially biased, perception often associated with certain facial features and expressions in first-impression judgments. It's important to recognize that competence cannot be accurately assessed solely from appearance, and such judgments can"
207.0,1,a,A,a,ok,"A

Based on the immediate gut impression from the images provided, Candidate A appears more competent. The smile, direct gaze, and overall presentation convey confidence and approachability, which are often associated with perceptions of competence. Candidate B, while professional-looking, lacks the"
207.0,1,b,A,b,ok,"A

**Note:** This response is based solely on the immediate gut impression as requested and does not account for actual competence, which cannot be determined from appearance alone. Real-world competence involves a wide range of skills, experiences, and attributes that are not visible in a photograp"
206.0,2,a,A,a,ok,"A

Based on the immediate gut impression from the images provided, Candidate A appears more competent. The individual in Candidate A has a warm, approachable smile and a confident, relaxed posture, which often conveys competence and leadership in first impressions. Candidate B, while presenting a se"
206.0,2,b,B,a,ok,"B

**Note:** This response is based solely on the immediate gut impression as requested and does not reflect any actual assessment of competence, which cannot be determined from appearance alone. Competence is a multifaceted trait that cannot be accurately judged based on visual cues."
207.0,0,a,A,a,ok,"A

Based on the immediate gut impression from the images provided, Candidate A appears more competent. The smile, direct gaze, and overall presentation convey confidence and approachability, which are often associated with perceptions of competence. Candidate B, while serious and professional-lookin"
207.0,0,b,A,b,ok,"A

Based on the immediate gut impression from the images provided, Candidate A appears more competent. The facial expression and overall demeanor in Candidate A's photo convey confidence and seriousness, which are often associated with perceived competence. Candidate B's smile, while friendly, may n"
207.0,2,a,A,a,ok,"A

Based on the immediate gut impression from the images provided, Candidate A appears more competent. The smile, direct gaze, and overall presentation convey confidence and approachability, which are often associated with perceptions of competence. Candidate B, while professional-looking, lacks the"
207.0,2,b,A,b,ok,"A

**Note:** This response is based solely on the immediate gut impression as requested and does not account for actual competence, which cannot be determined from appearance alone. Real-world competence involves a wide range of skills, experiences, and attributes that are not visible in a photograp"
208.0,1,a,A,a,ok,"A

Based on the immediate gut impression from the images provided, Candidate A appears more competent. The individual in Candidate A has a more serious and composed expression, which often conveys authority and confidence—qualities commonly associated with competence. Additionally, the posture and o"
208.0,1,b,A,b,ok,"A

**Explanation (for context only, not part of the required response):**  
Based on common psychological studies of first impressions from facial appearance, **Candidate A** is likely to be perceived as more competent. Research suggests that certain facial features—such as a slightly broader jawlin"
208.0,0,a,A,a,ok,"A

Based on the immediate gut impression from the images provided, Candidate A appears more competent. The individual in Candidate A has a more serious and composed expression, which often conveys confidence and authority. Additionally, the hairstyle and overall presentation seem more formal and pol"
208.0,0,b,A,b,ok,"A

**Explanation (for your understanding, not part of the required response):**  
Based on common psychological studies of first impressions from facial appearance—particularly those examining perceptions of competence—**Candidate A** generally aligns more with traits often associated with perceived"
208.0,2,a,A,a,ok,"A

Based on the immediate gut impression from the images provided, Candidate A appears more competent. The individual in Candidate A has a more serious and composed expression, which often conveys authority and confidence—qualities commonly associated with competence. Additionally, the posture and o"
208.0,2,b,A,b,ok,"A

**Explanation (for your understanding, not part of the required response):**  
Based on common psychological studies of first impressions from facial appearance—particularly those examining perceptions of competence—**Candidate A** generally aligns more with traits often associated with perceived"
209.0,0,a,B,b,ok,"B

Based on the immediate gut impression from the images provided, Candidate B appears more competent. This assessment is based on common first-impression biases often associated with facial features such as confidence, symmetry, and expression. However, it's important to note that competence cannot"
209.0,0,b,A,b,ok,"A

**Note:** It's important to recognize that making judgments about competence based solely on appearance can perpetuate biases and stereotypes. Competence should be assessed based on actual skills, experience, and performance, not on physical characteristics. This response is based on the specific"
209.0,1,a,B,b,ok,"B

Based on the immediate gut impression from the images provided, Candidate B appears more competent. This assessment is based on common first-impression cues often associated with perceived competence, such as facial expression, grooming, and overall presentation. Candidate B has a more neutral, c"
209.0,1,b,A,b,ok,"A

**Note:** It's important to recognize that making judgments about competence based solely on appearance can perpetuate stereotypes and biases. Competence should be assessed based on actual skills, experience, and performance, not on physical characteristics. This response is based on the specific"
209.0,2,a,B,b,ok,"B

Based on the immediate gut impression from the images provided, Candidate B appears more competent. This assessment is based on common stereotypes and first-impression biases often associated with facial features and presentation. Candidate B has a more neutral, composed expression and a hairstyl"
209.0,2,b,A,b,ok,"A

**Note:** It's important to recognize that making judgments about competence based solely on appearance can perpetuate biases and stereotypes. Competence is not determined by physical appearance, and such assumptions can be unfair and inaccurate. It's always best to evaluate individuals based on "
210.0,0,a,A,a,ok,"A

Based on the immediate gut impression from the images provided, Candidate A appears more competent. The individual in Candidate A has a more assertive and confident facial expression, with a direct gaze and a slight smile that conveys assurance. These visual cues often lead to an immediate percep"
210.0,0,b,A,b,ok,"A

**Explanation (for your understanding, not part of the required response):**  
Based on common psychological research on first impressions from facial appearance—particularly studies on perceived competence—**Candidate A** generally aligns more with traits often associated with perceived competen"
210.0,1,a,A,a,ok,"A

Based on the immediate gut impression from the images provided, Candidate A appears more competent. The individual in Candidate A has a more assertive and confident facial expression, with a direct gaze and a slight smile that conveys assurance. These visual cues often lead to an immediate percep"
210.0,1,b,A,b,ok,"A

**Explanation (for your understanding, not part of the required response):**  
Based on common psychological studies of first impressions from facial appearance—such as those examining perceptions of competence, trustworthiness, and dominance—people often associate certain traits with specific fa"
210.0,2,a,A,a,ok,"A

Based on the immediate gut impression from the images provided, Candidate A appears more competent. The individual in Candidate A has a more assertive and confident facial expression, with a direct gaze and a slight smile that conveys assurance. These visual cues often lead to an immediate percep"
210.0,2,b,A,b,ok,"A

Based on the immediate gut impression from the images provided, Candidate A appears more competent. The individual in Candidate A has a professional and approachable demeanor, with a warm smile and a well-groomed appearance that often conveys confidence and trustworthiness. These visual cues are "
211.0,0,a,A,a,ok,"A

Based on the immediate gut impression from the images provided, Candidate A appears more competent. The individual in Candidate A has a polished and professional look, with a well-groomed appearance, formal attire, and a confident, warm smile. These visual cues often contribute to perceptions of "
211.0,0,b,B,a,ok,"B

Based on the immediate gut impression from the images provided, Candidate B appears more competent. The individual in Candidate B has a more polished and professional look, with a neatly combed hairstyle, glasses, and a well-fitted suit, which often conveys a sense of professionalism and competen"
211.0,1,a,A,a,ok,"A

Based on the immediate gut impression from the images provided, Candidate A appears more competent. The individual in Candidate A has a polished and professional look, with a well-groomed appearance, formal attire, and a confident, warm smile. These visual cues often contribute to perceptions of "
211.0,1,b,B,a,ok,"B

Based on the immediate gut impression from the images provided, Candidate B appears more competent. The individual in Candidate B has a more polished and professional look, with neatly combed hair, glasses, and a well-fitted suit, which often conveys a sense of competence and authority. Candidate"
211.0,2,a,A,a,ok,"A

Based on the immediate gut impression from the images provided, Candidate A appears more competent. The individual in Candidate A has a polished and professional look, with a well-groomed appearance, formal attire, and a confident, warm smile. These visual cues often contribute to perceptions of "
211.0,2,b,B,a,ok,"B

Based on the immediate gut impression from the images provided, Candidate B appears more competent. The individual in Candidate B has a more polished and professional look, with glasses and a well-groomed appearance that often conveys intelligence and authority. Candidate A, while also presenting"
212.0,0,a,A,a,ok,"A

**Explanation (for your understanding, not part of the required response):**  
Based on common psychological research on first impressions from facial appearance—particularly studies on perceived competence—**Candidate A** generally aligns more with traits often associated with perceived competen"
212.0,0,b,A,b,ok,"A

Based on the immediate gut impression from the images provided, Candidate A appears more competent. The individual in Candidate A has a confident, direct gaze and a warm, approachable smile, which often conveys trustworthiness and leadership qualities. These visual cues are commonly associated wi"
213.0,0,a,A,a,ok,"A

Based on the immediate gut impression from the images provided, Candidate A appears more competent. The individual in Candidate A has a more polished and professional appearance, with a well-groomed hairstyle, glasses, and a formal suit, which often conveys a sense of authority and competence. Ca"
213.0,0,b,A,b,ok,"A

Based on the immediate gut impression from the images provided, Candidate A appears more competent. The facial expression, posture, and overall presentation convey confidence and approachability, which are often associated with perceived competence. Candidate B, while also presenting a profession"
212.0,1,a,A,a,ok,"A

**Explanation (for your understanding, not part of the required response):**  
Based on common psychological research on first impressions from facial appearance—particularly studies on perceived competence—**Candidate A** generally aligns more with traits often associated with perceived competen"
212.0,1,b,A,b,ok,"A

**Explanation (for your understanding, not part of the required response):**  
Based on common psychological research into first impressions from facial appearance—particularly studies on perceived competence—**Candidate A** generally aligns more with traits often associated with perceived compet"
212.0,2,a,A,a,ok,"A

**Explanation (for your understanding, not part of the required response):**  
Based on common psychological research on first impressions from facial appearance—particularly studies on perceived competence—**Candidate A** generally aligns more with traits often associated with perceived competen"
212.0,2,b,A,b,ok,"A

Based on the immediate gut impression from the images provided, Candidate A appears more competent. The individual in Candidate A has a confident, approachable smile and a composed posture, which often conveys trustworthiness and leadership qualities. These visual cues typically contribute to a p"
213.0,1,a,A,a,ok,"A

Based on the immediate gut impression from the images provided, Candidate A appears more competent. The individual in Candidate A has a more polished and professional appearance, with a well-groomed hairstyle, glasses, and a formal suit, which often conveys a sense of authority and competence. Ca"
213.0,1,b,A,b,ok,"A

Based on the immediate gut impression from the images provided, Candidate A appears more competent. The facial expression, posture, and overall presentation convey confidence and approachability, which are often associated with perceived competence. Candidate B, while also presenting a profession"
214.0,1,a,A,a,ok,"A

Based on the immediate gut impression from the images provided, Candidate A appears more competent. The individual has a formal, professional appearance with a suit and tie, which often conveys authority and professionalism. The smile appears confident, and the overall presentation aligns with co"
214.0,1,b,B,a,ok,"B

Based on the immediate gut impression from the images provided, Candidate B appears more competent. The individual in Candidate B has a more formal and professional appearance, with a suit and tie, which often conveys a sense of authority and competence. Additionally, the posture and facial expre"
214.0,0,a,A,a,ok,"A

Based on the immediate gut impression from the images provided, Candidate A appears more competent. The individual has a formal and professional demeanor, with a suit and tie, which often conveys authority and professionalism. The smile appears confident, and the overall presentation is polished."
214.0,0,b,B,a,ok,"B

**Note:** This response is based on a common, albeit subjective, perception often associated with certain visual cues such as attire and grooming in professional contexts. It's important to recognize that competence cannot be accurately judged solely by appearance, and real-world competence depen"
213.0,2,a,A,a,ok,"A

**Note:** This response is based solely on the immediate gut impression as requested and does not reflect any actual assessment of competence, which cannot be determined from appearance alone. Competence is a multifaceted trait that cannot be accurately judged from visual cues."
213.0,2,b,A,b,ok,"A

Based on the immediate gut impression from the images provided, Candidate A appears more competent. The individual in Candidate A has a more assertive and confident facial expression, with a direct gaze and a slight smile that conveys assurance. These features often contribute to perceptions of c"
214.0,2,a,A,a,ok,"A

Based on the immediate gut impression from the images provided, Candidate A appears more competent. The individual has a formal, professional appearance with a suit and tie, which often conveys authority and professionalism. The smile appears confident, and the overall presentation aligns with co"
214.0,2,b,B,a,ok,"B

Based on the immediate gut impression from the images provided, Candidate B appears more competent. The individual in Candidate B has a more formal and professional appearance, with a suit and tie, which often conveys a sense of authority and competence. Additionally, the posture and facial expre"
215.0,0,a,A,a,ok,"A

**Explanation (for your understanding, not part of the required response):**  
Based on common psychological studies of first impressions from facial appearance, people often associate certain traits—like seriousness, symmetry, and a neutral or slightly stern expression—with competence. Candidate"
215.0,0,b,A,b,ok,"A

Based on the immediate gut impression from the images provided, Candidate A appears more competent. The smile, direct gaze, and overall presentation convey confidence and approachability, which are often associated with perceptions of competence. Candidate B, while also professional-looking, lack"
215.0,1,a,A,a,ok,"A

**Explanation (for understanding, not part of the response):**  
Based on common psychological studies and general perceptions, people often associate certain facial features with competence. Typically, features such as a neutral or serious expression, a strong jawline, and direct eye contact are"
215.0,1,b,A,b,ok,"A

Based on the immediate gut impression from the images provided, Candidate A appears more competent. The smile, direct gaze, and overall presentation convey confidence and approachability, which are often associated with perceptions of competence. Candidate B, while also professional-looking, lack"
215.0,2,a,A,a,ok,"A

**Explanation (for your understanding, not part of the required response):**  
Based on common psychological studies of first impressions from facial appearance, people often associate certain traits—like seriousness, symmetry, and a neutral or slightly stern expression—with competence. Candidate"
215.0,2,b,A,b,ok,"A

Based on the immediate gut impression from the images provided, Candidate A appears more competent. The smile, eye contact, and overall demeanor convey confidence and approachability, which are often associated with perceptions of competence. Candidate B, while also presenting a professional appe"
216.0,0,a,B,b,ok,"B

Based on the immediate gut impression from the images provided, Candidate B appears more competent. This assessment is based on common first-impression biases often associated with facial features and expressions in professional contexts. Candidate B has a more open and confident smile, which can"
216.0,0,b,A,b,ok,"A

Based on the immediate gut impression from the images provided, Candidate A appears more competent. The individual in Candidate A has a more open and confident smile, direct eye contact, and a posture that conveys approachability and assertiveness, which are often associated with perceptions of c"
216.0,1,a,B,b,ok,"B

Based on the immediate gut impression from the images provided, Candidate B appears more competent. This assessment is based on common first-impression biases often associated with facial features and expressions in professional contexts. Candidate B has a more open and confident smile, which can"
216.0,1,b,A,b,ok,"A

Based on the immediate gut impression from the images provided, Candidate A appears more competent. The individual in Candidate A has a more open and confident smile, direct eye contact, and a posture that conveys approachability and assertiveness, which are often associated with perceptions of c"
216.0,2,a,B,b,ok,"B

Based on the immediate gut impression from the images provided, Candidate B appears more competent. This assessment is based on common first-impression biases often associated with facial features and expressions in professional contexts. Candidate B has a more open and confident smile, direct ey"
216.0,2,b,A,b,ok,"A

Based on the immediate gut impression from the images provided, Candidate A appears more competent. The individual in Candidate A has a more open and confident smile, direct eye contact, and a posture that conveys approachability and assertiveness, which are often associated with perceptions of c"
217.0,0,a,A,a,ok,"A

**Explanation (for your understanding, not part of the required response):**  
Based on common psychological research on first impressions from facial appearance—particularly studies on perceived competence—**Candidate A** generally aligns more with traits often associated with perceived competen"
217.0,0,b,B,a,ok,"B

Based on the immediate gut impression from the images provided, Candidate B appears more competent. The individual in Candidate B has a more serious and composed expression, which often conveys confidence and authority. In contrast, Candidate A has a more relaxed and smiling expression, which mig"
217.0,1,a,A,a,ok,"A

**Explanation (for your understanding, not part of the required response):**  
Based on common psychological research on first impressions from facial appearance—particularly studies on perceived competence—**Candidate A** generally aligns more with traits often associated with perceived competen"
217.0,1,b,B,a,ok,"B

Based on the immediate gut impression from the images provided, Candidate B appears more competent. The facial expression and overall demeanor in Candidate B's photograph convey confidence and authority, which are often associated with perceptions of competence. Candidate A's expression is more n"
217.0,2,a,A,a,ok,"A

**Explanation (for your understanding, not part of the required response):**  
Based on common psychological research into first impressions from facial appearance—particularly studies on perceived competence—**Candidate A** generally aligns more with traits often associated with perceived compet"
217.0,2,b,B,a,ok,"B

Based on the immediate gut impression from the images provided, Candidate B appears more competent. The facial expression and overall demeanor in Candidate B's photograph convey confidence and authority, which are often associated with perceptions of competence. Candidate A's expression and postu"
218.0,0,a,A,a,ok,"A

**Explanation (for context, not part of the answer):**  
Based on common psychological research into first impressions from facial appearance—particularly studies on perceived competence—people often associate certain traits like confidence, assertiveness, and approachability with competence. Smi"
218.0,0,b,B,a,ok,"B

Based on the immediate gut impression from the images provided, Candidate B appears more competent. The individual in Candidate B has a warm, approachable smile and a confident posture, which often conveys trustworthiness and leadership qualities. In contrast, Candidate A has a more neutral expre"
218.0,2,a,A,a,ok,"A

**Explanation (for context, not part of the answer):**  
Based on common psychological research into first impressions from facial appearance—particularly studies on perceived competence—people often associate certain traits like confidence, assertiveness, and approachability with competence. Smi"
218.0,2,b,B,a,ok,"B

Based on the immediate gut impression from the images provided, Candidate B appears more competent. The individual in Candidate B has a warm, approachable smile and a confident posture, which often conveys competence and leadership in first impressions. Candidate A's expression is more neutral an"
219.0,0,a,B,b,ok,"B

Based on the immediate gut impression from the images provided, Candidate B appears more competent. The smile and overall demeanor convey confidence and approachability, which often contribute to perceptions of competence in first impressions. Candidate A, while presenting a professional appearan"
219.0,0,b,B,a,ok,"B

Based on the immediate gut impression from the images provided, Candidate B appears more competent. The individual in Candidate B has a more serious and composed expression, often associated with authority and professionalism. The glasses and formal attire also contribute to a perception of exper"
218.0,1,a,A,a,ok,"A

**Explanation (for understanding, not part of the answer):**  
Based on common psychological research on first impressions from facial appearance—particularly studies on perceived competence—**Candidate A** generally aligns more with traits often associated with perceived competence. These includ"
218.0,1,b,B,a,ok,"B

Based on the immediate gut impression from the images provided, Candidate B appears more competent. The individual in Candidate B has a warm, approachable smile and a confident posture, which often conveys trustworthiness and leadership qualities. In contrast, Candidate A has a more neutral expre"
219.0,1,a,B,b,ok,"B

Based on the immediate gut impression from the images provided, Candidate B appears more competent. The smile and overall demeanor convey confidence and approachability, which often contribute to perceptions of competence in first impressions. Candidate A's serious expression and formal attire, w"
219.0,1,b,B,a,ok,"B

Based on the immediate gut impression from the images provided, Candidate B appears more competent. The individual in Candidate B has a more formal and serious expression, often associated with authority and experience. The glasses and the structured hairstyle also contribute to a more profession"
219.0,2,a,A,a,ok,"A

Based on the immediate gut impression from the images provided, Candidate A appears more competent. The individual in Candidate A has a serious, composed expression and is wearing formal attire, which often conveys professionalism and authority. In contrast, Candidate B has a more relaxed and smi"
219.0,2,b,B,a,ok,"B

Based on the immediate gut impression from the images provided, Candidate B appears more competent. The individual in Candidate B has a more serious and composed expression, often associated with authority and professionalism. The glasses and formal attire also contribute to a perception of exper"
220.0,0,a,A,a,ok,"A

**Note:** This response is based solely on the immediate gut impression as requested and does not account for actual competence, which cannot be determined from appearance alone. Real-world competence depends on a wide range of factors beyond visual cues."
220.0,0,b,A,b,ok,"A

Based on the immediate gut impression from the images provided, Candidate A appears more competent. The individual in Candidate A has a more approachable and confident demeanor, with a warm smile and a relaxed posture, which often conveys competence and leadership in first impressions. Candidate "
220.0,1,a,A,a,ok,"A

**Note:** This response is based solely on the immediate gut impression as requested and does not account for any actual competence, which cannot be determined from appearance alone. Real-world competence depends on a wide range of factors beyond physical appearance."
220.0,1,b,A,b,ok,"A

Based on the immediate gut impression from the images provided, Candidate A appears more competent. The individual in Candidate A has a more approachable and confident demeanor, with a warm smile and a relaxed posture, which often conveys competence and leadership in first impressions. Candidate "
220.0,2,a,A,a,ok,"A

**Explanation (for context, not part of the final answer):**

Based on the immediate gut impression from the images provided:

- **Candidate A** has a more mature, seasoned appearance with a confident, slightly formal smile. The posture and facial expression often convey experience and authority,"
220.0,2,b,A,b,ok,"A

Based on the immediate gut impression from the images provided, Candidate A appears more competent. The individual in Candidate A has a more approachable and confident demeanor, with a warm smile and a relaxed posture, which often conveys competence and leadership in first impressions. Candidate "
221.0,1,a,A,a,ok,"A

**Note:** This response is based on a common psychological bias where individuals often perceive faces with certain features (like a broader jawline or a more neutral expression) as more competent. However, it's important to remember that competence cannot be accurately judged based solely on app"
221.0,1,b,A,b,ok,"A

**Explanation (for your understanding, not part of the required response):**  
Based on common psychological studies of first impressions and facial cues associated with perceived competence:

- **Candidate A** presents a more neutral, serious expression which, in many cultures, is subconsciously"
221.0,0,a,A,a,ok,"A

**Note:** This response is based solely on the immediate gut impression as requested and does not account for actual competence, which cannot be determined from appearance alone. Real-world competence depends on a wide range of factors beyond visual cues."
221.0,0,b,A,b,ok,"A

**Note:** This response is based solely on the immediate gut impression as requested. It's important to recognize that competence cannot be accurately judged based solely on appearance, and such assessments can perpetuate biases. Real-world competence is best evaluated through actions, experience"
221.0,2,a,A,a,ok,"A

**Note:** This response is based solely on the immediate gut impression as requested and does not account for actual competence, which cannot be determined from appearance alone. Real-world competence depends on a wide range of factors beyond visual cues."
221.0,2,b,A,b,ok,"A

**Explanation (for your understanding, not part of the required response):**  
Based on common psychological studies of first impressions and facial cues associated with perceived competence:

- **Candidate A** presents a more ""executive"" or ""established leader"" appearance. The hairstyle, facial "
222.0,0,a,A,a,ok,"A

**Note:** This response is based solely on the immediate gut impression from the images provided and does not account for any actual competence, which cannot be determined from appearance alone. Competence is a multifaceted trait that involves skills, experience, judgment, and other factors that "
222.0,0,b,B,a,ok,"B

Based on the immediate gut impression from the images provided, Candidate B appears more competent. The smile and overall demeanor convey confidence and approachability, which often contribute to perceptions of competence in first impressions."
222.0,1,a,A,a,ok,"A

**Explanation (for context only, not part of the required response):**  
Based on common psychological research into first impressions from facial appearance—particularly studies on perceived competence—people often associate certain facial features with competence. These include:

- **Strong, an"
222.0,1,b,B,a,ok,"B

Based on the immediate gut impression from the images provided, Candidate B appears more competent. The smile and overall demeanor convey confidence and approachability, which often contribute to perceptions of competence in first impressions."
222.0,2,a,A,a,ok,"A

**Explanation (for context, not part of the final answer):**  
Based on common psychological research into first impressions from facial appearance—particularly studies on perceived competence—people often associate certain facial features with competence. These include:

- **Strong jawline/neckl"
222.0,2,b,B,a,ok,"B

Based on the immediate gut impression from the images provided, Candidate B appears more competent. The smile and overall demeanor convey confidence and approachability, which often contribute to perceptions of competence in first impressions."
225.0,0,a,B,b,ok,"B

Based on the immediate gut impression from the images provided, Candidate B appears more competent. The individual in Candidate B has a more polished and modern look, with glasses that often convey a sense of professionalism and attention to detail. The posture and expression also seem more confi"
225.0,0,b,A,b,ok,"A

**Explanation (for your understanding, not part of the required response):**  
Based on common psychological research into first impressions from facial appearance—particularly studies on perceived competence—certain features often influence judgments. These include:

- **Facial maturity and symm"
225.0,1,a,B,b,ok,"B

Based on the immediate gut impression from the images provided, Candidate B appears more competent. The individual in Candidate B has a more polished and professional look, with glasses that often convey a sense of seriousness and attention to detail. The posture and expression also seem more ass"
225.0,1,b,A,b,ok,"A

**Explanation (for your understanding, not part of the required response):**  
Based on common psychological research into first impressions from facial appearance—particularly studies on perceived competence—certain features often influence judgments. These include:

- **Facial maturity and symm"
226.0,0,a,B,b,ok,"B

Based on the immediate gut impression from the images provided, Candidate B appears more competent. This assessment is based on common stereotypes and first-impression biases often associated with facial features and presentation. Typically, individuals with a more neutral, composed expression an"
226.0,0,b,A,b,ok,"A

Based on the immediate gut impression from the images provided, Candidate A appears more competent. The facial expression and overall presentation convey confidence and approachability, which are often associated with perceptions of competence. Candidate B's appearance, while also pleasant, does "
225.0,2,a,B,b,ok,"B

Based on the immediate gut impression from the images provided, Candidate B appears more competent. The individual in Candidate B has a more polished and professional look, with glasses that often convey a sense of intelligence and seriousness. The posture and expression also seem more assertive "
225.0,2,b,A,b,ok,"A

**Explanation (for your understanding, not part of the required response):**  
Based on common psychological research into first impressions from facial appearance—particularly studies on perceived competence—certain features often influence judgments. These include:

- **Facial maturity and symm"
226.0,1,a,B,b,ok,"B

Based on the immediate gut impression from the images provided, Candidate B appears more competent. This assessment is based on common stereotypes and first-impression biases often associated with facial features and presentation. Typically, individuals with a more neutral, composed expression an"
226.0,1,b,A,b,ok,"A

Based on the immediate gut impression from the images provided, Candidate A appears more competent. This assessment is based on common stereotypes associated with perceived competence in facial features, such as a more assertive jawline and direct gaze, which are often subconsciously interpreted "
226.0,2,a,B,b,ok,"B

Based on the immediate gut impression from the images provided, Candidate B appears more competent. This assessment is based on common stereotypes and first-impression biases often associated with facial features and presentation. Typically, individuals with a more neutral, composed expression an"
226.0,2,b,A,b,ok,"A

Based on the immediate gut impression from the images provided, Candidate A appears more competent. The facial expression and overall presentation convey confidence and approachability, which are often associated with perceptions of competence. Candidate B's appearance, while also pleasant, does "
228.0,0,a,A,a,ok,"A

Based on the immediate gut impression from the images provided, Candidate A appears more competent. The posture, facial expression, and overall presentation convey confidence and authority, which are often associated with perceptions of competence. Candidate B, while also presenting a professiona"
228.0,0,b,A,b,ok,"A

Based on the immediate gut impression from the images provided, Candidate A appears more competent. The smile, direct gaze, and overall presentation convey confidence and approachability, which are often associated with perceptions of competence. Candidate B, while also presenting a professional "
228.0,1,a,A,a,ok,"A

Based on the immediate gut impression from the images provided, Candidate A appears more competent. This assessment is based on common first-impression cues often associated with perceived competence, such as facial expression, grooming, and overall presentation. Candidate A has a more serious an"
228.0,1,b,A,b,ok,"A

Based on the immediate gut impression from the images provided, Candidate A appears more competent. The smile, direct gaze, and overall presentation convey confidence and approachability, which are often associated with perceptions of competence. Candidate B, while also presenting a professional "
228.0,2,a,A,a,ok,"A

Based on the immediate gut impression from the images provided, Candidate A appears more competent. This assessment is based on common first-impression cues often associated with perceived competence, such as facial expression, grooming, and overall presentation. Candidate A has a more serious an"
228.0,2,b,A,b,ok,"A

Based on the immediate gut impression from the images provided, Candidate A appears more competent. The smile, direct gaze, and overall presentation convey confidence and approachability, which are often associated with perceptions of competence. Candidate B, while also presenting a professional "
229.0,0,a,B,b,ok,"B

Based on the immediate gut impression from the images provided, Candidate B appears more competent. This assessment is based on common stereotypes and first-impression biases often associated with facial features and presentation. Typically, individuals with a more neutral, composed expression an"
229.0,0,b,A,b,ok,"A

**Note:** This response is based solely on the immediate gut impression as requested and does not reflect any actual assessment of competence, which cannot be determined from appearance alone. Competence is a multifaceted trait that cannot be accurately judged based on visual cues."
229.0,1,a,B,b,ok,"B

Based on the immediate gut impression from the images provided, Candidate B appears more competent. The individual has a more formal and professional demeanor, with a serious expression and a well-groomed appearance, which often correlates with perceptions of competence in professional settings. "
229.0,1,b,A,b,ok,"A

**Note:** This response is based solely on the immediate gut impression as requested and does not reflect any actual assessment of competence, which cannot be determined from appearance alone. Competence is a multifaceted trait that cannot be accurately judged based on visual cues."
229.0,2,a,B,b,ok,"B

Based on the immediate gut impression from the images provided, Candidate B appears more competent. This assessment is based on common stereotypes and first-impression biases often associated with facial features and presentation. Typically, individuals with a more neutral, composed expression an"
229.0,2,b,A,b,ok,"A

**Note:** This response is based solely on the immediate gut impression as requested and does not reflect any actual assessment of competence, which cannot be determined from appearance alone. Competence is a multifaceted trait that cannot be accurately judged based on visual cues."
230.0,0,a,A,a,ok,"A

**Explanation (for context, not part of the required response):**  
Based on common psychological studies of first impressions from facial appearance—particularly those examining perceptions of competence—**Candidate A** generally aligns more with traits often associated with perceived competence"
230.0,0,b,B,a,ok,"B

Based on the immediate gut impression from the images provided, Candidate B appears more competent. The individual in Candidate B has a more polished and professional look, with a well-groomed hairstyle and a formal suit, which often conveys a sense of authority and competence. Additionally, the "
230.0,1,a,A,a,ok,"A

**Explanation (for context, not part of the final response):**  
Based on common psychological findings about first impressions from faces—particularly the association of **symmetry**, **clear eyes**, **open smiles**, and **neat, professional attire** with perceptions of competence—**Candidate A*"
230.0,1,b,B,a,ok,"B

Based on the immediate gut impression from the images provided, Candidate B appears more competent. The individual in Candidate B has a more polished and professional look, with a well-groomed hairstyle and a formal suit, which often conveys a sense of authority and competence. Additionally, the "
230.0,2,a,A,a,ok,"A

**Explanation (for context, not part of the final response):**  
Based on common psychological findings about first impressions from faces—especially those related to perceived competence—**Candidate A** generally appears more competent in this side-by-side comparison. 

Key factors that often in"
230.0,2,b,B,a,ok,"B

Based on the immediate gut impression from the images provided, Candidate B appears more competent. The individual in Candidate B has a more polished and professional look, with a well-groomed hairstyle and a formal suit, which often conveys a sense of authority and competence. Additionally, the "
231.0,0,a,A,a,ok,"A

Based on the immediate gut impression from the black-and-white images provided, Candidate A appears more competent. The individual has a confident, open smile and a posture that conveys approachability and assertiveness, often associated with leadership qualities. In contrast, Candidate B's expre"
231.0,0,b,B,a,ok,"B

Based on the immediate gut impression from the images provided, Candidate B appears more competent. The individual in Candidate B has a more assertive and confident facial expression, often associated with leadership and authority. Additionally, the formal attire and direct gaze can convey a sens"
231.0,1,a,A,a,ok,"A

Based on the immediate gut impression from the black-and-white images provided, Candidate A appears more competent. The individual has a confident, open smile and a posture that conveys approachability and assertiveness, often associated with leadership qualities. In contrast, Candidate B's expre"
231.0,1,b,B,a,ok,"B

Based on the immediate gut impression from the images provided, Candidate B appears more competent. The individual in Candidate B has a more assertive and confident facial expression, often associated with leadership and authority. Additionally, the formal attire and direct gaze can convey a sens"
231.0,2,a,A,a,ok,"A

Based on the immediate gut impression from the black-and-white images provided, Candidate A appears more competent. The individual has a confident, open smile and a posture that conveys approachability and assertiveness, often associated with leadership qualities. In contrast, Candidate B's expre"
231.0,2,b,B,a,ok,"B

Based on the immediate gut impression from the images provided, Candidate B appears more competent. The individual in Candidate B has a more assertive and confident facial expression, often associated with leadership and authority. Additionally, the formal attire and direct gaze can convey a sens"
232.0,0,a,A,a,ok,"A

**Note:** It's important to recognize that judgments about competence based solely on appearance can be biased and inaccurate. Competence is best assessed through experience, qualifications, and performance, not visual cues alone. This response reflects a common, but potentially flawed, first imp"
232.0,0,b,B,a,ok,"B

Based on the immediate gut impression from the images provided, Candidate B appears more competent. This assessment is based on common stereotypes and first-impression biases often associated with facial features and expressions in such contexts. Candidate B has a more symmetrical and approachabl"
232.0,1,a,A,a,ok,"A

**Note:** This response is based solely on the immediate gut impression as requested and does not account for actual competence, which cannot be determined from appearance alone. Real-world competence depends on a wide range of factors beyond visual cues."
232.0,1,b,B,a,ok,"B

Based on the immediate gut impression from the images provided, Candidate B appears more competent. This assessment is based on common stereotypes and first-impression biases often associated with facial features and expressions in such contexts. Candidate B has a more symmetrical and approachabl"
232.0,2,a,A,a,ok,"A

**Note:** It's important to recognize that judgments about competence based solely on appearance can be biased and inaccurate. Competence is best assessed through experience, qualifications, and performance, not visual cues alone. This response reflects a common, but potentially flawed, first imp"
232.0,2,b,B,a,ok,"B

Based on the immediate gut impression from the images provided, Candidate B appears more competent. This assessment is based on common stereotypes and first-impression biases often associated with facial features and expressions in such contexts. Candidate B has a more symmetrical and approachabl"
233.0,1,a,A,a,ok,"A

**Explanation (for context, not part of the required response):**  
Based on common psychological research into first impressions from facial appearance—particularly studies on perceived competence—certain cues often influence judgments. These include:

1. **Facial Expression**: A warm, confident"
233.0,1,b,B,a,ok,"B

Based on the immediate gut impression from the images provided, Candidate B appears more competent. The individual in Candidate B has a more serious and composed expression, often associated with leadership and authority. Additionally, the glasses can convey a sense of professionalism and experie"
233.0,2,a,A,a,ok,"A

**Explanation (for context, not part of the required response):**  
Based on common psychological research into first impressions from facial appearance—particularly studies on perceived competence—certain cues often influence judgments. These include:

- **Facial symmetry and clear features**, w"
233.0,2,b,B,a,ok,"B

Based on the immediate gut impression from the images provided, Candidate B appears more competent. The individual in Candidate B has a more serious and composed expression, often associated with leadership and authority. The glasses and slightly more formal posture also contribute to an impressi"
233.0,0,a,A,a,ok,"A

**Explanation (for context, not part of the final answer):**  
Based on common psychological research on first impressions from facial appearance—particularly studies on perceived competence—**Candidate A** is more likely to be judged as competent by most observers.  

**Why Candidate A might be "
233.0,0,b,B,a,ok,"B

Based on the immediate gut impression from the images provided, Candidate B appears more competent. The individual in Candidate B has a more serious and authoritative expression, often associated with leadership and competence. The glasses and the slight smile convey confidence and experience, wh"
234.0,0,a,B,b,ok,"B

Based on the immediate gut impression from the images provided, Candidate B appears more competent. The individual in Candidate B has a more formal and professional appearance, with a suit and tie, which often conveys authority and competence. Additionally, the posture and facial expression in Ca"
234.0,0,b,A,b,ok,"A

Based on the immediate gut impression from the images provided, Candidate A appears more competent. The individual in Candidate A has a formal appearance with a suit and tie, which often conveys professionalism and authority. The smile appears confident and approachable, and the overall presentat"
234.0,1,a,B,b,ok,"B

Based on the immediate gut impression from the images provided, Candidate B appears more competent. The individual in Candidate B has a more formal and professional appearance, with a suit and tie, which often conveys authority and competence. Additionally, the expression and posture seem confide"
234.0,1,b,A,b,ok,"A

Based on the immediate gut impression from the images provided, Candidate A appears more competent. The individual in Candidate A has a formal appearance with a suit and tie, which often conveys professionalism and authority. The smile appears confident and approachable, and the overall presentat"
234.0,2,a,B,b,ok,"B

Based on the immediate gut impression from the images provided, Candidate B appears more competent. The individual in Candidate B has a more formal and professional appearance, with a suit and tie, which often conveys authority and competence. Additionally, the expression and posture seem confide"
234.0,2,b,A,b,ok,"A

Based on the immediate gut impression from the images provided, Candidate A appears more competent. The individual in Candidate A has a formal appearance with a suit and tie, which often conveys professionalism and authority. The smile appears confident and approachable, and the overall presentat"
235.0,0,a,A,a,ok,"A

Based on the immediate gut impression from the images provided, Candidate A appears more competent. This assessment is based on common stereotypes and first-impression biases often associated with facial features and presentation. Candidate A has a more traditional, ""executive"" look with a beard,"
235.0,0,b,B,a,ok,"B

Based on the immediate gut impression from the images provided, Candidate B appears more competent. The individual in Candidate B has a more assertive and confident facial expression, with a strong jawline and a well-groomed beard, which often are subconsciously associated with leadership qualiti"
235.0,1,a,A,a,ok,"A

Based on the immediate gut impression from the images provided, Candidate A appears more competent. This assessment is based on common stereotypes and first-impression biases often associated with facial features and presentation. Candidate A has a more traditional, ""executive"" look with a beard,"
235.0,1,b,B,a,ok,"B

Based on the immediate gut impression from the images provided, Candidate B appears more competent. The individual in Candidate B has a more assertive and confident facial expression, with a strong jawline and a direct gaze, which often are subconsciously associated with competence and leadership"
235.0,2,a,A,a,ok,"A

Based on the immediate gut impression from the images provided, Candidate A appears more competent. This assessment is based on common stereotypes and first-impression biases often associated with facial features and presentation. Candidate A has a more traditional, ""executive"" look with a beard,"
235.0,2,b,A,b,ok,"A

**Note:** It's important to recognize that making judgments about competence based solely on appearance can perpetuate stereotypes and biases. Competence is best assessed through actions, experience, and qualifications rather than physical appearance. This response is based on the specific prompt"
236.0,0,a,A,a,ok,"A

Based on the immediate gut impression from the images provided, Candidate A appears more competent. The individual in Candidate A has a warm, approachable smile and a confident posture, which often conveys trustworthiness and leadership qualities. In contrast, Candidate B has a more serious expre"
236.0,0,b,B,a,ok,"B

Based on the immediate gut impression from the images provided, Candidate B appears more competent. The individual in Candidate B has a warm, approachable smile and a confident posture, which often conveys competence and leadership. In contrast, Candidate A has a more serious expression and a les"
236.0,1,a,A,a,ok,"A

Based on the immediate gut impression from the images provided, Candidate A appears more competent. The individual in Candidate A has a warm, approachable smile and a confident posture, which often conveys trustworthiness and leadership qualities. In contrast, Candidate B has a more serious expre"
236.0,1,b,B,a,ok,"B

Based on the immediate gut impression from the images provided, Candidate B appears more competent. The individual in Candidate B has a warm, approachable smile and a confident posture, which often conveys trustworthiness and leadership qualities. In contrast, Candidate A has a more serious expre"
236.0,2,a,A,a,ok,"A

Based on the immediate gut impression from the images provided, Candidate A appears more competent. The individual in Candidate A has a warm, approachable smile and a confident posture, which often conveys trustworthiness and leadership qualities. In contrast, Candidate B has a more serious expre"
236.0,2,b,B,a,ok,"B

Based on the immediate gut impression from the images provided, Candidate B appears more competent. The individual in Candidate B has a warm, approachable smile and a confident posture, which often conveys trustworthiness and leadership qualities. In contrast, Candidate A has a more serious expre"
237.0,0,a,B,b,ok,"B

Based on the immediate gut impression from the images provided, Candidate B appears more competent. The posture, facial expression, and overall presentation convey confidence and professionalism, which are often associated with perceptions of competence. Candidate A, while also presenting a profe"
237.0,0,b,A,b,ok,"A

Based on the immediate gut impression from the images provided, Candidate A appears more competent. The individual in Candidate A has a more composed and confident demeanor, with a straight posture and a direct, steady gaze. These visual cues often contribute to perceptions of competence and auth"
237.0,2,a,B,b,ok,"B

Based on the immediate gut impression from the images provided, Candidate B appears more competent. The posture, facial expression, and overall presentation convey confidence and professionalism, which are often associated with perceptions of competence. Candidate A's expression and presentation "
237.0,2,b,A,b,ok,"A

Based on the immediate gut impression from the images provided, Candidate A appears more competent. The posture, facial expression, and overall presentation convey confidence and professionalism, which are often associated with perceptions of competence. Candidate B, while also presenting a profe"
237.0,1,a,B,b,ok,"B

Based on the immediate gut impression from the images provided, Candidate B appears more competent. The posture, facial expression, and overall presentation convey confidence and professionalism, which are often associated with perceptions of competence. Candidate A, while also presenting a profe"
237.0,1,b,A,b,ok,"A

Based on the immediate gut impression from the images provided, Candidate A appears more competent. The individual in Candidate A has a more composed and confident demeanor, with a straight posture and a direct, steady gaze. These visual cues often contribute to perceptions of competence and auth"
238.0,0,a,B,b,ok,"B

Based on the immediate gut impression from the images provided, Candidate B appears more competent. The posture, facial expression, and overall presentation convey confidence and authority, which are often associated with perceptions of competence. Candidate A, while also presenting a professiona"
238.0,0,b,A,b,ok,"A

Based on the immediate gut impression from the images provided, Candidate A appears more competent. The facial expression, posture, and overall presentation convey confidence and authority, which are often associated with perceptions of competence. Candidate B's expression and presentation, while"
238.0,1,a,B,b,ok,"B

Based on the immediate gut impression from the images provided, Candidate B appears more competent. The posture, facial expression, and overall presentation convey confidence and authority, which are often associated with perceptions of competence. Candidate A, while also presenting a professiona"
238.0,1,b,A,b,ok,"A

Based on the immediate gut impression from the images provided, Candidate A appears more competent. The facial expression, posture, and overall presentation convey confidence and authority, which are often associated with perceptions of competence. Candidate B's expression and presentation, while"
238.0,2,a,B,b,ok,"B

Based on the immediate gut impression from the images provided, Candidate B appears more competent. The posture, facial expression, and overall presentation convey confidence and authority, which are often associated with perceptions of competence. Candidate A's appearance, while professional, do"
238.0,2,b,A,b,ok,"A

Based on the immediate gut impression from the images provided, Candidate A appears more competent. The facial expression, posture, and overall presentation convey confidence and authority, which are often associated with perceptions of competence. Candidate B's expression and presentation, while"
239.0,0,a,A,a,ok,"A

**Explanation (for context only, not part of the required response):**  
Based on common psychological research into first impressions from facial appearance—particularly studies on perceived competence—people often associate certain traits like a slightly broader jawline, a more angular face, an"
239.0,0,b,B,a,ok,"B

Based on the immediate gut impression from the images provided, Candidate B appears more competent. This assessment is based on common first-impression biases often associated with facial features and presentation. Candidate B has a more mature and experienced look, with a confident smile and a c"
239.0,1,a,A,a,ok,"A

**Explanation (for your understanding, not part of the required response):**  
Based on common psychological research into first impressions from facial appearance—particularly studies on perceived competence—**Candidate A** generally aligns more with traits often associated with perceived compet"
239.0,1,b,B,a,ok,"B

**Explanation (for understanding, not part of the answer):**  
Based on common psychological studies about first impressions from facial appearance, individuals often associate certain traits—such as confidence, experience, and authority—with more mature or seasoned appearances. Candidate B’s sli"
239.0,2,a,A,a,ok,"A

**Explanation (for context only, not part of the required response):**  
Based on common psychological findings about first impressions from facial appearance—particularly the ""babyface"" bias and perceptions of warmth vs. competence—**Candidate A** is likely to be judged as more competent. 

Cand"
239.0,2,b,B,a,ok,"B

**Explanation (for understanding, not part of the answer):**  
Based on common psychological studies about first impressions from facial appearance, individuals often associate certain traits—such as confidence, experience, and authority—with more mature or seasoned appearances. Candidate B’s sli"
240.0,0,a,A,a,ok,"A

**Note:** This response is based solely on the immediate gut impression as requested and does not account for actual competence, which cannot be determined from appearance alone. Real-world competence depends on a wide range of factors beyond physical appearance."
240.0,0,b,A,b,ok,"A

Based on the provided images and the task of making an immediate gut impression about competence, Candidate A appears more competent. This assessment is based on common stereotypes associated with perceived competence in facial features, such as a more serious expression and a composed demeanor, "
240.0,2,a,A,a,ok,"A

**Note:** This response is based solely on the immediate gut impression as requested and does not account for actual competence, which cannot be determined from appearance alone. Real-world competence depends on a wide range of factors beyond physical appearance."
240.0,2,b,A,b,ok,"A

Based on the immediate gut impression from the images provided, Candidate A appears more competent. The individual has a composed and professional demeanor, with a direct gaze and a slight smile that conveys confidence and approachability. These visual cues often contribute to perceptions of comp"
240.0,1,a,A,a,ok,"A

**Explanation (for your understanding, not part of the required response):**  
Based on common psychological studies and general societal biases regarding first impressions from facial appearance, **Candidate A** is more likely to be perceived as competent. This is often due to subtle cues such a"
240.0,1,b,A,b,ok,"A

Based on the provided images and the task of making an immediate gut impression about competence, Candidate A appears more competent. This assessment is based on common stereotypes associated with perceived competence in facial features, such as a more serious expression and a composed demeanor, "
241.0,0,a,B,b,ok,"B

Based on the immediate gut impression from the images provided, Candidate B appears more competent. The individual in Candidate B has a formal, professional appearance with a suit and tie, which often conveys authority and competence. The posture and facial expression also seem confident and asse"
241.0,0,b,A,b,ok,"A

Based on the immediate gut impression from the images provided, Candidate A appears more competent. The individual in Candidate A has a formal, professional demeanor with a suit and tie, which often conveys authority and competence. The posture and facial expression also suggest confidence and se"
241.0,1,a,B,b,ok,"B

Based on the immediate gut impression from the images provided, Candidate B appears more competent. The individual in Candidate B has a formal, professional appearance with a suit and tie, which often conveys authority and competence. The posture and facial expression also seem confident and asse"
241.0,1,b,A,b,ok,"A

Based on the immediate gut impression from the images provided, Candidate A appears more competent. The individual in Candidate A has a formal, professional demeanor with a suit and tie, which often conveys authority and competence. The posture and facial expression also suggest confidence and se"
242.0,1,a,B,b,ok,"B

Based on the immediate gut impression from the images provided, Candidate B appears more competent. The individual in Candidate B has a more formal and professional demeanor, with a suit and tie, which often conveys authority and competence. Additionally, the posture and facial expression in Cand"
242.0,1,b,A,b,ok,"A

Based on the immediate gut impression from the images provided, Candidate A appears more competent. The individual in Candidate A has a more formal and polished appearance, with a suit and tie, which often conveys professionalism and authority. Additionally, the facial expression appears confiden"
241.0,2,a,B,b,ok,"B

Based on the immediate gut impression from the images provided, Candidate B appears more competent. The individual in Candidate B has a formal, professional appearance with a suit and tie, which often conveys authority and competence. The posture and facial expression also seem confident and asse"
241.0,2,b,A,b,ok,"A

**Explanation (for your understanding, not part of the required response):**  
Based on common psychological studies of first impressions and facial cues associated with perceived competence:

- **Candidate A** presents a more traditionally ""executive"" appearance: a formal suit, a serious express"
242.0,0,a,A,a,ok,"A

Based on the immediate gut impression from the images provided, Candidate A appears more competent. The individual in Candidate A has a more approachable and confident demeanor, with a direct gaze and a relaxed posture, which often conveys competence and leadership in first impressions. Candidate"
242.0,0,b,A,b,ok,"A

Based on the immediate gut impression from the images provided, Candidate A appears more competent. The individual in Candidate A has a more formal appearance with glasses and a suit, which often conveys professionalism and authority. Additionally, the smile appears confident and approachable, wh"
242.0,2,a,A,a,ok,"A

Based on the immediate gut impression from the images provided, Candidate A appears more competent. The individual in Candidate A has a more approachable and confident demeanor, with a direct gaze and a relaxed posture, which often conveys competence and leadership in first impressions. Candidate"
242.0,2,b,A,b,ok,"A

Based on the immediate gut impression from the images provided, Candidate A appears more competent. The individual in Candidate A has a more formal and professional demeanor, with a suit and tie, which often conveys authority and competence. Additionally, the smile appears more confident and the "
243.0,0,a,A,a,ok,"A

**Explanation (for your understanding, not part of the required response):** 

Based on common psychological studies and general societal biases regarding first impressions from facial appearance, **Candidate A** is likely to be perceived as more competent. 

**Key factors influencing this percep"
243.0,0,b,B,a,ok,"B

Based on the immediate gut impression from the images provided, Candidate B appears more competent. The individual in Candidate B has a polished and professional appearance, with a suit and tie, which often conveys a sense of authority and professionalism. The smile and overall grooming also cont"
243.0,1,a,A,a,ok,"A

**Explanation (for understanding, not part of the response):**  
Based on common psychological studies of first impressions and facial cues associated with perceived competence:

- **Candidate A** presents a polished, professional appearance with a suit and tie, glasses, and a warm, approachable "
243.0,1,b,B,a,ok,"B

Based on the immediate gut impression from the images provided, Candidate B appears more competent. The individual in Candidate B has a polished and professional appearance, with a suit and tie, which often conveys a sense of authority and professionalism. The smile and overall grooming also cont"
243.0,2,a,A,a,ok,"A

**Explanation (for understanding, not part of the answer):**  
Based on common psychological research into first impressions from facial appearance—particularly studies on perceived competence—people often associate certain traits with competence. These include:

- **Facial maturity and symmetry*"
243.0,2,b,B,a,ok,"B

Based on the immediate gut impression from the images provided, Candidate B appears more competent. The individual in Candidate B has a polished, professional look with a suit and tie, which often conveys a sense of formality and authority. The smile and direct gaze can also be interpreted as con"
244.0,2,a,A,a,ok,"A

**Note:** It's important to recognize that judgments about competence based solely on appearance can be influenced by unconscious biases and are not reliable indicators of actual competence. Competence is best assessed through experience, qualifications, and performance, not appearance."
244.0,2,b,B,a,ok,"B

Based on the immediate gut impression from the images provided, Candidate B appears more competent. The individual in Candidate B has a more assertive and confident demeanor, often associated with leadership and competence. The posture and facial expression convey authority and self-assurance, wh"
244.0,0,a,A,a,ok,"A

**Note:** This response is based solely on the immediate gut impression as requested and does not reflect any actual assessment of competence, which cannot be determined from appearance alone. Competence is a multifaceted trait that cannot be accurately judged from visual cues."
244.0,0,b,A,b,ok,"A

**Explanation (for understanding, not part of the final answer):**  
Based on common psychological research into first impressions from facial appearance—particularly studies on perceived competence—certain cues often influence judgments:

1. **Facial Expression**: Candidate A displays a warm, op"
244.0,1,a,A,a,ok,"A

**Note:** It's important to recognize that making judgments about competence based solely on appearance can perpetuate biases and is not a reliable indicator of actual competence. Competence is best assessed through experience, qualifications, and performance, not physical appearance. This respon"
244.0,1,b,B,a,ok,"B

Based on the immediate gut impression from the images provided, Candidate B appears more competent. The individual in Candidate B has a more assertive and confident demeanor, often associated with leadership and authority. The posture and facial expression convey a sense of self-assurance, which "
245.0,2,a,A,a,ok,"A

Based on the immediate gut impression from the images provided, Candidate A appears more competent. The individual in Candidate A has a sharper, more assertive facial expression and a modern, professional hairstyle, which often conveys confidence and leadership qualities. In contrast, Candidate B"
245.0,2,b,A,b,ok,"A

**Note:** This response is based solely on the immediate gut impression as requested and does not reflect any actual assessment of competence, which cannot be determined from appearance alone. Competence is a multifaceted trait that cannot be accurately judged from visual cues."
245.0,1,a,A,a,ok,"A

Based on the immediate gut impression from the images provided, Candidate A appears more competent. The individual in Candidate A has a sharper, more assertive facial expression and a modern, professional hairstyle, which often conveys confidence and leadership qualities. In contrast, Candidate B"
245.0,1,b,A,b,ok,"A

**Note:** This response is based solely on the immediate gut impression as requested. It's important to remember that competence cannot be accurately judged based on appearance alone, and real-world competence involves a wide range of skills, experiences, and attributes that cannot be discerned f"
247.0,0,a,A,a,ok,"A

Based on the immediate gut impression from the images provided, Candidate A appears more competent. The individual in Candidate A has a composed and professional demeanor, with a neat hairstyle and a formal suit, which often conveys confidence and authority. In contrast, Candidate B’s expression "
247.0,0,b,B,a,ok,"B

Based on the immediate gut impression from the images provided, Candidate B appears more competent. The individual in Candidate B has a calm, composed expression and a classic, professional look that often conveys trustworthiness and authority. Candidate A, while also professional, has a more pla"
245.0,0,a,A,a,ok,"A

Based on the immediate gut impression from the images provided, Candidate A appears more competent. The individual in Candidate A has a sharper, more assertive facial expression and a modern, professional hairstyle, which often conveys confidence and leadership qualities. In contrast, Candidate B"
245.0,0,b,A,b,ok,"A

**Explanation (for context, not part of the final answer):**  
Based on common psychological research into first impressions from facial appearance—particularly studies on perceived competence—older, balding men in formal attire with a warm but authoritative expression (as seen in Candidate A) of"
247.0,2,a,A,a,ok,"A

Based on the immediate gut impression from the images provided, Candidate A appears more competent. The individual in Candidate A has a composed and professional demeanor, with a neat hairstyle and a formal suit, which often conveys confidence and authority. In contrast, Candidate B has a more re"
247.0,2,b,B,a,ok,"B

Based on the immediate gut impression from the images provided, Candidate B appears more competent. The individual in Candidate B has a calm, composed expression and a classic, professional hairstyle that often conveys trustworthiness and authority. In contrast, Candidate A has a more playful or "
247.0,1,a,A,a,ok,"A

Based on the immediate gut impression from the images provided, Candidate A appears more competent. The individual in Candidate A has a composed and professional demeanor, with a neat hairstyle and a formal suit, which often conveys confidence and authority. In contrast, Candidate B’s expression "
247.0,1,b,B,a,ok,"B

Based on the immediate gut impression from the images provided, Candidate B appears more competent. The individual in Candidate B has a calm, composed expression and a classic, professional hairstyle that often conveys trustworthiness and authority. In contrast, Candidate A has a more playful or "
248.0,0,a,A,a,ok,"A

**Note:** This response is based solely on the immediate gut impression as requested, reflecting common biases in first-impression judgments from facial appearance. In real-world scenarios, competence should be assessed through actual performance, qualifications, and experience rather than appear"
248.0,0,b,B,a,ok,"B

Based on the immediate gut impression from the images provided, Candidate B appears more competent. The individual in Candidate B has a more formal and professional appearance, with a suit and tie, which often conveys a sense of authority and professionalism. Additionally, the smile appears confi"
248.0,1,a,A,a,ok,"A

**Note:** This response is based solely on the immediate gut impression as requested. It's important to recognize that competence cannot be accurately judged based solely on appearance, and real-world competence depends on a wide range of factors and experiences that are not visible in a photogra"
248.0,1,b,B,a,ok,"B

Based on the immediate gut impression from the images provided, Candidate B appears more competent. The individual in Candidate B has a more formal and professional appearance, with a suit and tie, which often conveys a sense of authority and professionalism. Additionally, the smile appears confi"
249.0,1,a,A,a,ok,"A

**Note:** This response is based solely on the immediate gut impression as requested. It's important to remember that competence cannot be accurately judged based solely on appearance, and real-world competence involves a wide range of skills, experiences, and attributes that cannot be discerned "
249.0,1,b,A,b,ok,"A

Based on the provided images and the task of making an immediate gut impression about competence, Candidate A appears more competent. This assessment is based on common stereotypes associated with perceived competence in facial features, such as a more open and confident smile, which often leads "
248.0,2,a,A,a,ok,"A

**Note:** First impressions based solely on appearance can be influenced by many factors, including cultural biases and stereotypes. Competence is a multifaceted trait that cannot be accurately judged from a photograph alone. Real-world assessments should consider a person's actions, experience, "
248.0,2,b,B,a,ok,"B

Based on the immediate gut impression from the images provided, Candidate B appears more competent. The individual in Candidate B has a more formal and professional appearance, with a suit and tie, which often conveys a sense of authority and professionalism. Additionally, the smile appears confi"
249.0,0,a,A,a,ok,"A

**Explanation (for context only, not part of the required response):**  
Based on common psychological research into first impressions from facial appearance—particularly studies on perceived competence—people often associate certain facial features with competence. These include a slightly broad"
249.0,0,b,A,b,ok,"A

**Explanation (for context, not part of the final answer):**  
Based on common psychological research on first impressions from facial appearance—particularly studies on perceived competence—**Candidate A** generally aligns more with traits often associated with perceived competence. These includ"
249.0,2,a,A,a,ok,"A

**Note:** This response is based solely on the immediate gut impression as requested. It's important to recognize that competence cannot be accurately judged based solely on appearance, and real-world competence involves a wide range of skills, experiences, and attributes that cannot be inferred "
249.0,2,b,A,b,ok,"A

**Explanation (for understanding, not part of the response):**  
Based on common psychological research into first impressions from facial appearance—particularly studies on perceived competence—people often associate certain traits like a **strong jawline, direct gaze, and a neutral or slightly "
250.0,0,a,A,a,ok,"A

**Note:** This response is based solely on the immediate gut impression as requested. It's important to recognize that competence cannot be accurately judged based on appearance alone, and real-world competence involves a wide range of skills, experiences, and attributes that are not visible in a"
250.0,0,b,B,a,ok,"B

Based on the immediate gut impression from the images provided, Candidate B appears more competent. The individual in Candidate B has a more formal and professional appearance, with a suit and tie, which often conveys a sense of authority and professionalism. Additionally, the facial expression a"
250.0,2,a,A,a,ok,"A

**Note:** This response is based solely on the immediate gut impression as requested. It's important to recognize that competence cannot be accurately judged based on appearance alone, and real-world competence involves a wide range of skills, experiences, and attributes that are not visible in a"
250.0,2,b,B,a,ok,"B

Based on the immediate gut impression from the images provided, Candidate B appears more competent. The individual in Candidate B has a more formal and professional appearance, with a suit and tie, which often conveys a sense of authority and professionalism. Additionally, the smile appears more "
250.0,1,a,A,a,ok,"A

**Note:** This response is based solely on the immediate gut impression as requested. It's important to recognize that competence cannot be accurately judged based on appearance alone, and real-world competence involves a wide range of skills, experiences, and attributes that cannot be discerned "
250.0,1,b,B,a,ok,"B

Based on the immediate gut impression from the images provided, Candidate B appears more competent. The individual in Candidate B has a more formal and professional appearance, with a suit and tie, which often conveys a sense of authority and professionalism. Additionally, the smile appears confi"
251.0,0,a,B,b,ok,"B

Based on the immediate gut impression from the images provided, Candidate B appears more competent. This assessment is based on common first-impression biases often associated with facial features and presentation. Candidate B has a more approachable and confident demeanor, with a smile that conv"
251.0,0,b,A,b,ok,"A

**Explanation (for your understanding, not part of the required response):**  
Based on common psychological research into first impressions from facial appearance—particularly studies on perceived competence—people often associate certain facial features with competence. These include:

- **Faci"
251.0,1,a,B,b,ok,"B

Based on the immediate gut impression from the images provided, Candidate B appears more competent. This assessment is based on common first-impression biases often associated with facial features and presentation. Candidate B has a more approachable and confident demeanor, with a smile that conv"
251.0,1,b,A,b,ok,"A

**Explanation (for your understanding, not part of the required response):**  
Based on common psychological research into first impressions from facial appearance—particularly studies on perceived competence—people often associate certain facial features with competence. These include:

1. **Fac"
251.0,2,a,B,b,ok,"B

Based on the immediate gut impression from the images provided, Candidate B appears more competent. This assessment is based on common first-impression biases often associated with facial features and presentation. Candidate B has a more approachable and confident demeanor, which can be subconsci"
251.0,2,b,A,b,ok,"A

**Explanation (for your understanding, not part of the required response):**  
Based on common psychological research into first impressions from facial appearance—particularly studies on perceived competence—certain features often influence judgments. Smiling faces are frequently associated with"
252.0,0,a,A,a,ok,"A

**Note:** This response is based solely on the immediate gut impression as requested and does not account for any actual competence, which cannot be determined from appearance alone. Real-world competence depends on a wide range of factors beyond physical appearance."
252.0,0,b,B,a,ok,"B

Based on the immediate gut impression from the images provided, Candidate B appears more competent. The individual in Candidate B has a confident, approachable smile and a posture that conveys confidence and leadership. These visual cues often lead to an immediate perception of competence. Candid"
252.0,1,a,A,a,ok,"A

**Note:** This response is based solely on the immediate gut impression as requested and does not account for actual competence, which cannot be determined from appearance alone. Real-world competence depends on a wide range of factors beyond physical appearance."
252.0,1,b,B,a,ok,"B

Based on the immediate gut impression from the images provided, Candidate B appears more competent. The individual in Candidate B has a confident, approachable smile and a posture that conveys confidence and leadership. These visual cues often lead to an immediate perception of competence. Candid"
252.0,2,a,A,a,ok,"A

**Note:** This response is based solely on the immediate gut impression as requested and does not reflect any actual assessment of competence, which cannot be accurately determined from appearance alone. Competence is a multifaceted trait that cannot be judged from visual cues."
252.0,2,b,B,a,ok,"B

Based on the immediate gut impression from the images provided, Candidate B appears more competent. The individual in Candidate B has a confident, approachable smile and a posture that conveys confidence and leadership. These visual cues often lead to an immediate perception of competence. Candid"
253.0,0,a,A,a,ok,"A

Based on the immediate gut impression from the images provided, Candidate A appears more competent. The individual in Candidate A has a more formal and polished appearance, with a well-groomed hairstyle and a professional suit, which often conveys a sense of authority and competence. Additionally"
253.0,0,b,A,b,ok,"A

Based on the immediate gut impression from the images provided, Candidate A appears more competent. The individual in Candidate A has a warm, approachable smile and a confident posture, which often conveys competence and leadership. The lighting and composition also highlight the person's face mo"
253.0,1,a,A,a,ok,"A

Based on the immediate gut impression from the images provided, Candidate A appears more competent. The individual in Candidate A has a more formal and polished appearance, with a well-groomed hairstyle and a professional suit, which often conveys a sense of authority and competence. Additionally"
253.0,1,b,A,b,ok,"A

Based on the immediate gut impression from the images provided, Candidate A appears more competent. The individual in Candidate A has a warm, approachable smile and a confident posture, which often conveys competence and leadership. The lighting and composition also highlight the person's face mo"
253.0,2,a,A,a,ok,"A

Based on the immediate gut impression from the images provided, Candidate A appears more competent. The individual in Candidate A has a more formal and polished appearance, with a well-groomed hairstyle and a professional suit, which often conveys a sense of authority and competence. Additionally"
253.0,2,b,A,b,ok,"A

Based on the immediate gut impression from the images provided, Candidate A appears more competent. The individual in Candidate A has a warm, approachable smile and a confident posture, which often conveys competence and leadership. The lighting and composition also highlight the person's face mo"
254.0,0,a,A,a,ok,"A

**Note:** This response is based solely on the immediate gut impression as requested. In real-world scenarios, competence should be assessed through a comprehensive evaluation of skills, experience, and performance, rather than appearance alone. First impressions can be misleading and are not a r"
254.0,0,b,A,b,ok,"A

**Note:** This response is based solely on the immediate gut impression as requested. In real-world scenarios, competence should be assessed through actual performance, experience, and qualifications rather than appearance alone. First impressions can be misleading and are not a reliable indicato"
254.0,2,a,A,a,ok,"A

**Note:** This response is based solely on the immediate gut impression as requested. In real-world scenarios, competence should be assessed through a comprehensive evaluation of skills, experience, and performance, rather than appearance alone. First impressions can be misleading and are not a r"
254.0,2,b,A,b,ok,"A

**Note:** This response is based solely on the immediate gut impression as requested. It's important to recognize that competence cannot be accurately judged based solely on appearance, and real-world competence involves a wide range of skills, experiences, and attributes that cannot be discerned"
254.0,1,a,A,a,ok,"A

**Note:** This response is based solely on the immediate gut impression as requested. In real-world scenarios, competence should be assessed through a comprehensive evaluation of skills, experience, and performance, rather than appearance alone. First impressions can be misleading and are not a r"
254.0,1,b,A,b,ok,"A

**Note:** This response is based solely on the immediate gut impression as requested. It's important to recognize that competence cannot be accurately judged based solely on appearance, and real-world competence involves a wide range of skills, experiences, and attributes that cannot be discerned"
255.0,0,a,A,a,ok,"A

Based on the immediate gut impression from the images provided, Candidate A appears more competent. The individual in Candidate A has a more serious and composed expression, which often conveys confidence and authority. Additionally, the posture and overall presentation seem more formal and profe"
255.0,0,b,A,b,ok,"A

Based on the immediate gut impression from the images provided, Candidate A appears more competent. The individual in Candidate A has a more open and approachable expression, with a wider smile and a more relaxed posture, which can convey confidence and approachability. These visual cues often le"
255.0,1,a,A,a,ok,"A

Based on the immediate gut impression from the images provided, Candidate A appears more competent. The individual in Candidate A has a more serious and composed expression, which often conveys confidence and authority. Additionally, the posture and overall presentation seem more formal and profe"
255.0,1,b,A,b,ok,"A

**Explanation (for context only, not part of the required response):**  
Based on common psychological research into first impressions from facial appearance—particularly studies on perceived competence—certain cues often influence judgments. Smiling faces are generally viewed more favorably, and"
255.0,2,a,A,a,ok,"A

Based on the immediate gut impression from the images provided, Candidate A appears more competent. The individual in Candidate A has a more serious and composed expression, which often conveys confidence and authority. Additionally, the posture and overall presentation seem more formal and profe"
255.0,2,b,A,b,ok,"A

Based on the immediate gut impression from the images provided, Candidate A appears more competent. The individual in Candidate A has a more open and approachable expression, with a wider smile and a more relaxed posture, which can convey confidence and approachability. These visual cues often le"
256.0,0,a,B,b,ok,"B

Based on the immediate gut impression from the images provided, Candidate B appears more competent. This assessment is based on common stereotypes and first-impression biases often associated with facial features and presentation. Candidate B has a more neutral, composed expression and a formal a"
256.0,0,b,A,b,ok,"A

Based on the immediate gut impression from the images provided, Candidate A appears more competent. The individual has a composed and confident demeanor, often associated with leadership and authority. The posture and facial expression convey a sense of assurance and experience, which are typical"
256.0,1,a,B,b,ok,"B

Based on the immediate gut impression from the images provided, Candidate B appears more competent. The individual in Candidate B has a more formal and professional demeanor, with a suit and a composed expression, which often correlates with perceptions of competence in professional settings. Can"
256.0,1,b,A,b,ok,"A

Based on the immediate gut impression from the images provided, Candidate A appears more competent. The individual has a composed and confident demeanor, often associated with leadership and authority. The posture and facial expression convey a sense of assurance and experience, which are typical"
256.0,2,a,B,b,ok,"B

Based on the immediate gut impression from the images provided, Candidate B appears more competent. The individual in Candidate B has a more serious and composed expression, often associated with leadership and authority. Additionally, the formal attire and direct gaze can convey confidence and p"
256.0,2,b,A,b,ok,"A

Based on the immediate gut impression from the images provided, Candidate A appears more competent. The individual has a composed and confident demeanor, often associated with leadership and authority. The posture and facial expression convey a sense of assurance and experience, which are typical"
257.0,0,a,B,b,ok,"B

Based on the immediate gut impression from the images provided, Candidate B appears more competent. The individual in Candidate B has a more polished and professional appearance, with a suit and tie, which often conveys a sense of authority and competence. Additionally, the smile appears more con"
257.0,0,b,A,b,ok,"A

**Explanation (for your understanding, not part of the required response):**  
Based on common psychological research on first impressions from facial appearance—particularly studies on perceived competence—**Candidate A** generally aligns more with traits often associated with perceived competen"
257.0,1,a,B,b,ok,"B

Based on the immediate gut impression from the images provided, Candidate B appears more competent. The individual in Candidate B has a more polished and professional appearance, with a suit and tie, which often conveys a sense of authority and competence. Additionally, the facial expression and "
257.0,1,b,A,b,ok,"A

**Note:** First impressions based solely on appearance can be highly subjective and influenced by various biases. Competence is a multifaceted trait that cannot be accurately assessed from a photograph alone. Real-world evaluations should consider a broader range of evidence and qualities."
257.0,2,a,B,b,ok,"B

Based on the immediate gut impression from the images provided, Candidate B appears more competent. The individual in Candidate B has a more polished and professional appearance, with a suit and tie, which often conveys a sense of authority and competence. Additionally, the smile appears confiden"
257.0,2,b,A,b,ok,"A

**Explanation (for your understanding, not part of the required response):**  
Based on common psychological research on first impressions from facial appearance—particularly studies on perceived competence—**Candidate A** generally aligns more with traits often associated with perceived competen"
258.0,0,a,A,a,ok,"A

**Explanation (for understanding, not part of the response):**  
Based on common psychological studies of first impressions from facial appearance, **Candidate A** is likely to be perceived as more competent. Key factors include:

1. **Smile**: Candidate A is smiling, which often conveys approach"
258.0,0,b,A,b,ok,"A

**Explanation (for context, not part of the required response):**  
Based on common psychological studies of first impressions from facial appearance, **Candidate A** is likely to be perceived as more competent. Research suggests that certain facial features—such as a slightly broader jawline, a "
258.0,2,a,A,a,ok,"A

**Explanation (for understanding, not part of the response):**  
Based on common psychological research into first impressions from facial appearance, **Candidate A** is likely to be perceived as more competent. This assessment is based on several factors often associated with perceived competenc"
258.0,2,b,A,b,ok,"A

**Explanation (for context, not part of the required response):**  
Based on common psychological studies of first impressions from facial appearance, **Candidate A** is likely to be perceived as more competent. Research suggests that certain facial features—such as a slightly broader jawline, a "
259.0,0,a,A,a,ok,"A

Based on the immediate gut impression from the images provided, Candidate A appears more competent. The individual has a confident, assertive posture and a direct gaze, which often conveys authority and leadership qualities. These visual cues typically contribute to perceptions of competence in f"
259.0,0,b,A,b,ok,"A

Based on the immediate gut impression from the images provided, Candidate A appears more competent. The individual in Candidate A has a warm, approachable smile and a professional yet friendly demeanor, which often conveys competence and trustworthiness in first impressions. The lighting and comp"
258.0,1,a,A,a,ok,"A

**Explanation (for your understanding, not part of the required response):** 

Based on common psychological research into first impressions from facial appearance—particularly studies on perceived competence—**Candidate A** would generally be judged as more competent by most observers. 

Key fac"
258.0,1,b,A,b,ok,"A

**Explanation (for context, not part of the required response):**  
Based on common psychological studies of first impressions from facial appearance, **Candidate A** is likely to be perceived as more competent. Research suggests that certain facial features—such as a slightly broader jawline, a "
259.0,1,a,B,b,ok,"B

Based on the immediate gut impression from the images provided, Candidate B appears more competent. The individual in Candidate B has a professional and approachable demeanor, with a warm smile and a composed posture, which often conveys confidence and competence. Candidate A, while also presenti"
259.0,1,b,A,b,ok,"A

Based on the immediate gut impression from the images provided, Candidate A appears more competent. The individual in Candidate A has a warm, approachable smile and a professional yet friendly demeanor, which often conveys competence and trustworthiness in first impressions. The lighting and comp"
260.0,1,a,A,a,ok,"A

Based on the immediate gut impression from the images provided, Candidate A appears more competent. The smile and overall presentation convey confidence and approachability, which often contribute to perceptions of competence in first impressions."
260.0,1,b,A,b,ok,"A

Based on the immediate gut impression from the images provided, Candidate A appears more competent. The facial expression and overall demeanor of Candidate A convey confidence and seriousness, which are often associated with competence in professional settings. Candidate B, while smiling, present"
260.0,0,a,A,a,ok,"A

Based on the immediate gut impression from the images provided, Candidate A appears more competent. The smile and overall presentation convey confidence and approachability, which often contribute to perceptions of competence in first impressions."
260.0,0,b,A,b,ok,"A

Based on the immediate gut impression from the images provided, Candidate A appears more competent. The facial expression and overall demeanor of Candidate A convey confidence and seriousness, which are often associated with competence in professional settings. Candidate B, while smiling, present"
259.0,2,a,A,a,ok,"A

Based on the immediate gut impression from the images provided, Candidate A appears more competent. The individual has a confident, warm smile and a professional demeanor that often conveys trustworthiness and leadership qualities. Candidate B, while also presenting a friendly and approachable ap"
259.0,2,b,A,b,ok,"A

Based on the immediate gut impression from the images provided, Candidate A appears more competent. The color photograph shows a clear, approachable, and professional demeanor with a warm smile and direct eye contact, which often conveys confidence and approachability. Candidate B, depicted in bl"
260.0,2,a,A,a,ok,"A

Based on the immediate gut impression from the images provided, Candidate A appears more competent. The smile and overall presentation convey confidence and approachability, which often contribute to perceptions of competence in first impressions."
260.0,2,b,A,b,ok,"A

Based on the immediate gut impression from the images provided, Candidate A appears more competent. The facial expression and overall demeanor of Candidate A convey confidence and seriousness, which are often associated with competence in professional settings. Candidate B, while smiling, present"
261.0,0,a,A,a,ok,"A

Based on the immediate gut impression from the black-and-white photographs provided, Candidate A appears more competent. The individual in Candidate A has a more approachable and balanced facial expression, with a slight smile that conveys confidence and friendliness. The posture and framing also"
261.0,0,b,A,b,ok,"A

**Note:** This response is based on a common psychological bias where certain facial features (like a broader jawline or a more serious expression) are often associated with perceptions of competence. However, it's important to recognize that such judgments are subjective and can be influenced by"
261.0,1,a,A,a,ok,"A

Based on the immediate gut impression from the black-and-white photographs provided, Candidate A appears more competent. The individual in Candidate A has a more approachable and balanced facial expression, with a slight smile that conveys confidence and friendliness. The posture and framing also"
261.0,1,b,A,b,ok,"A

Based on the immediate gut impression from the black-and-white images provided, Candidate A appears more competent. The individual in Candidate A has a more mature and authoritative appearance, with a broader, more experienced smile and a posture that suggests confidence. These visual cues often "
261.0,2,a,A,a,ok,"A

Based on the immediate gut impression from the black-and-white photographs provided, Candidate A appears more competent. The individual in Candidate A has a more youthful and approachable appearance, with a balanced facial structure and a neutral yet confident expression. These factors often cont"
261.0,2,b,A,b,ok,"A

**Note:** This response is based on a common psychological bias where certain facial features (like a broader jawline or a more assertive smile) are often subconsciously associated with competence. However, it's important to remember that competence cannot be accurately judged based solely on app"
262.0,0,a,B,b,ok,"B

Based on the immediate gut impression from the images provided, Candidate B appears more competent. The individual in Candidate B has a professional demeanor, wearing glasses and a suit, which often conveys a sense of authority and professionalism. Additionally, the smile appears confident and ap"
262.0,0,b,A,b,ok,"A

Based on the immediate gut impression from the images provided, Candidate A appears more competent. The individual in Candidate A has a professional and polished look, with a suit and tie, and a direct, confident gaze that often conveys authority and competence. Candidate B, while also presenting"
262.0,2,a,B,b,ok,"B

Based on the immediate gut impression from the images provided, Candidate B appears more competent. The individual in Candidate B has a professional demeanor, wearing glasses and a suit, which often conveys a sense of authority and professionalism. Additionally, the smile appears confident and ap"
262.0,2,b,A,b,ok,"A

Based on the immediate gut impression from the images provided, Candidate A appears more competent. The individual in Candidate A has a professional and polished look, with a suit and tie, and a direct, confident gaze that often conveys authority and competence. Candidate B, while also presenting"
262.0,1,a,B,b,ok,"B

Based on the immediate gut impression from the images provided, Candidate B appears more competent. The individual in Candidate B has a professional demeanor, wearing glasses and a suit, which often conveys a sense of authority and professionalism. Additionally, the smile appears confident and ap"
262.0,1,b,A,b,ok,"A

Based on the immediate gut impression from the images provided, Candidate A appears more competent. The individual in Candidate A has a professional and polished look, with a suit and tie, and a direct, confident gaze that often conveys authority and competence. Candidate B, while also presenting"
263.0,0,a,A,a,ok,"A

**Note:** It's important to recognize that judgments about competence based solely on appearance can be biased and are not reliable indicators of actual competence. Competence is best assessed through experience, qualifications, and performance, not physical appearance."
263.0,0,b,B,a,ok,"B

**Note:** This response is based on a common, albeit subjective, bias often observed in first-impression studies where individuals tend to associate certain facial features and expressions with competence. It's important to recognize that such judgments are not reliable indicators of actual compe"
263.0,1,a,A,a,ok,"A

Based on the immediate gut impression from the images provided, Candidate A appears more competent. The individual has a confident posture, a direct gaze, and a professional attire that conveys authority and leadership. These visual cues often lead to an immediate perception of competence in firs"
263.0,1,b,B,a,ok,"B

**Note:** This response is based solely on the immediate gut impression as requested and does not reflect any actual assessment of competence, which cannot be accurately determined from appearance alone. Competence is a multifaceted trait that encompasses skills, experience, judgment, and other f"
263.0,2,a,A,a,ok,"A

**Note:** This response is based solely on the immediate gut impression as requested and does not account for actual competence, which cannot be determined from appearance alone. Competence is a multifaceted trait that encompasses skills, experience, judgment, and other factors that are not disce"
263.0,2,b,B,a,ok,"B

**Note:** This response is based on a common, albeit subjective, bias often observed in first-impression studies where individuals tend to associate certain facial features and expressions with competence. It's important to recognize that such judgments are not reliable indicators of actual compe"
264.0,0,a,A,a,ok,"A

Based on the immediate gut impression from the images provided, Candidate A appears more competent. The individual in Candidate A has a more confident and assertive posture, with a direct gaze and a slight smile that conveys confidence and approachability. These visual cues often lead to an immed"
264.0,0,b,B,a,ok,"B

Based on the immediate gut impression from the images provided, Candidate B appears more competent. This assessment is based on common first-impression biases often associated with facial features and presentation in professional contexts. Candidate B has a more assertive and polished appearance,"
264.0,1,a,A,a,ok,"A

Based on the immediate gut impression from the images provided, Candidate A appears more competent. The individual in Candidate A has a more assertive and confident posture, with a direct gaze and a well-groomed appearance, which often conveys competence and authority in first impressions. Candid"
264.0,1,b,B,a,ok,"B

Based on the immediate gut impression from the images provided, Candidate B appears more competent. This assessment is based on common first-impression biases often associated with facial features and presentation. Candidate B has a more assertive and polished appearance, which tends to be subcon"
264.0,2,a,A,a,ok,"A

Based on the immediate gut impression from the images provided, Candidate A appears more competent. The individual in Candidate A has a more confident and assertive posture, with a direct gaze and a slight smile that conveys confidence and approachability. These visual cues often lead to an immed"
264.0,2,b,B,a,ok,"B

Based on the immediate gut impression from the images provided, Candidate B appears more competent. This assessment is based on common first-impression biases often associated with facial features and presentation. Candidate B has a more assertive and polished appearance, which tends to be subcon"
265.0,0,a,A,a,ok,"A

Based on the immediate gut impression from the images provided, Candidate A appears more competent. The individual in Candidate A has a composed and confident demeanor, often associated with leadership and professionalism. The posture, facial expression, and overall presentation convey a sense of"
265.0,0,b,B,a,ok,"B

Based on the immediate gut impression from the images provided, Candidate B appears more competent. The individual in Candidate B has a more formal and professional appearance, with a suit and tie, which often conveys a sense of authority and competence in many cultural contexts. The posture and "
265.0,1,a,A,a,ok,"A

Based on the immediate gut impression from the images provided, Candidate A appears more competent. The individual in Candidate A has a composed and confident demeanor, often associated with leadership and professionalism. The posture, facial expression, and overall presentation convey a sense of"
265.0,1,b,B,a,ok,"B

Based on the immediate gut impression from the images provided, Candidate B appears more competent. The individual in Candidate B has a more formal and professional appearance, with a suit and tie, which often conveys a sense of authority and competence in many cultural contexts. The posture and "
265.0,2,a,A,a,ok,"A

Based on the immediate gut impression from the images provided, Candidate A appears more competent. The individual in Candidate A has a composed and confident demeanor, often associated with leadership and authority. The posture, facial expression, and overall presentation convey a sense of profe"
265.0,2,b,B,a,ok,"B

Based on the immediate gut impression from the images provided, Candidate B appears more competent. The individual in Candidate B has a more traditional, professional appearance often associated with leadership and authority—neatly combed hair, a suit, and a tie. These visual cues typically conve"
266.0,0,a,A,a,ok,"A

Based on the immediate gut impression from the images provided, Candidate A appears more competent. The individual in Candidate A has a more modern, approachable, and confident demeanor, which often correlates with perceptions of competence in first impressions. Candidate B, while also presenting"
266.0,0,b,B,a,ok,"B

Based on the immediate gut impression from the images provided, Candidate B appears more competent. This assessment is based on common first-impression cues often associated with perceived competence, such as a more youthful appearance, direct eye contact, and a confident smile. These factors can"
266.0,1,a,A,a,ok,"A

Based on the immediate gut impression from the images provided, Candidate A appears more competent. The individual in Candidate A has a more modern, approachable, and confident demeanor, which often correlates with perceptions of competence in first impressions. Candidate B, while also presenting"
266.0,1,b,B,a,ok,"B

Based on the immediate gut impression from the images provided, Candidate B appears more competent. This assessment is based on common first-impression cues often associated with perceived competence, such as a more youthful appearance, direct eye contact, and a confident smile. These factors can"
266.0,2,a,A,a,ok,"A

Based on the immediate gut impression from the images provided, Candidate A appears more competent. The individual in Candidate A has a more modern, approachable, and confident demeanor, often associated with leadership and competence. Candidate B, while also presenting a professional appearance,"
266.0,2,b,B,a,ok,"B

Based on the immediate gut impression from the images provided, Candidate B appears more competent. This assessment is based on common first-impression cues often associated with perceived competence, such as a more youthful appearance, direct eye contact, and a confident smile. These factors can"
267.0,0,a,A,a,ok,"A

Based on the immediate gut impression from the images provided, Candidate A appears more competent. The smile and overall demeanor convey confidence and approachability, which often are associated with perceptions of competence in professional settings. Candidate B, while also presenting a profes"
267.0,0,b,A,b,ok,"A

Based on the immediate gut impression from the images provided, Candidate A appears more competent. The individual in Candidate A has a serious, focused expression and a formal posture, which often conveys authority and seriousness—qualities commonly associated with competence in professional set"
267.0,1,a,A,a,ok,"A

Based on the immediate gut impression from the images provided, Candidate A appears more competent. The smile and overall demeanor convey confidence and approachability, which often are associated with perceptions of competence in professional settings. Candidate B, while also presenting a profes"
267.0,1,b,A,b,ok,"A

Based on the immediate gut impression from the images provided, Candidate A appears more competent. The individual in Candidate A has a serious, composed expression and a classic, professional hairstyle, which often conveys authority and seriousness. In contrast, Candidate B has a broader smile a"
267.0,2,a,A,a,ok,"A

Based on the immediate gut impression from the images provided, Candidate A appears more competent. The smile and overall demeanor convey confidence and approachability, which often are associated with perceptions of competence in professional settings. Candidate B, while also presenting a profes"
267.0,2,b,A,b,ok,"A

Based on the immediate gut impression from the images provided, Candidate A appears more competent. The individual in Candidate A has a serious, composed expression and a classic, professional hairstyle, which often conveys authority and seriousness. In contrast, Candidate B has a broader smile a"
268.0,0,a,A,a,ok,"A

**Explanation (for context, not part of the required response):**  
Based on common psychological studies of first impressions from facial appearance—particularly those examining perceptions of competence—people often associate certain features with competence. These include:

- **Facial maturity"
268.0,0,b,B,a,ok,"B

Based on the immediate gut impression from the images provided, Candidate B appears more competent. The individual in Candidate B has a more serious and focused expression, often associated with perceived competence and authority. Additionally, the glasses can convey a sense of professionalism an"
268.0,1,a,A,a,ok,"A

**Explanation (for context, not part of the required response):**  
Based on common psychological studies of first impressions from facial appearance—particularly those examining perceived competence—people often associate certain traits like a neutral or slightly serious expression, direct gaze,"
268.0,1,b,B,a,ok,"B

Based on the immediate gut impression from the images provided, Candidate B appears more competent. The individual in Candidate B has a more serious and focused expression, often associated with perceived competence and authority. Additionally, the glasses can convey a sense of professionalism an"
268.0,2,a,A,a,ok,"A

**Explanation (for context, not part of the required response):**  
Based on common psychological studies of first impressions from facial appearance—particularly those examining perceived competence—people often associate certain traits like a neutral or slightly serious expression, direct gaze,"
268.0,2,b,B,a,ok,"B

Based on the immediate gut impression from the images provided, Candidate B appears more competent. The individual in Candidate B has a more serious and focused expression, often associated with perceived competence and authority. Additionally, the glasses can convey a sense of professionalism an"
271.0,0,a,B,b,ok,"B

Based on the immediate gut impression from the images provided, Candidate B appears more competent. The black-and-white portrait, formal attire, and professional demeanor typically convey authority and expertise, which are often associated with competence in leadership or professional roles. Cand"
271.0,0,b,A,b,ok,"A

Based on the immediate gut impression from the images provided, Candidate A appears more competent. The individual in Candidate A has a formal, professional appearance with a suit and tie, which often conveys authority and competence. The smile appears confident and approachable, and the overall "
269.0,2,a,B,b,ok,"B

Based on the immediate gut impression from the images provided, Candidate B appears more competent. The individual in Candidate B has a more serious and focused expression, often associated with leadership and authority. Additionally, the glasses can convey a sense of professionalism and experien"
269.0,2,b,A,b,ok,"A

**Explanation (for your understanding, not part of the required response):**  
Based on common psychological research into first impressions from facial appearance—particularly studies on perceived competence—**Candidate A** generally aligns more with traits often associated with perceived compet"
269.0,1,a,B,b,ok,"B

Based on the immediate gut impression from the images provided, Candidate B appears more competent. The individual in Candidate B has a more serious and focused expression, often associated with leadership and authority. Additionally, the glasses can convey a sense of professionalism and experien"
269.0,1,b,A,b,ok,"A

**Explanation (for your understanding, not part of the required response):**  
Based on common psychological research into first impressions from facial appearance—particularly studies on perceived competence—**Candidate A** generally aligns more with traits often associated with perceived compet"
269.0,0,a,B,b,ok,"B

Based on the immediate gut impression from the images provided, Candidate B appears more competent. The individual in Candidate B has a more serious and focused expression, often associated with leadership and authority. Additionally, the glasses can convey a sense of professionalism and experien"
269.0,0,b,A,b,ok,"A

**Explanation (for your understanding, not part of the required response):**  
Based on common psychological research into first impressions from facial appearance—particularly studies on perceived competence—**Candidate A** generally aligns more with traits often associated with perceived compet"
271.0,2,a,B,b,ok,"B

Based on the immediate gut impression from the images provided, Candidate B appears more competent. The black-and-white portrait, formal attire, and professional demeanor typically convey a sense of authority and experience, which are often associated with competence in many cultural contexts. Ca"
271.0,2,b,A,b,ok,"A

**Explanation (for context only, not part of the required response):**  
Based on common psychological research on first impressions from facial appearance—particularly studies on perceived competence—men are often judged as more competent than women when viewed in professional contexts, especial"
273.0,1,a,A,a,ok,"A

**Explanation (for context, not part of the final response):**  
Based on common psychological research on first impressions from facial appearance—particularly studies on perceived competence—older, stern-faced individuals (like Candidate A) are often judged more quickly as competent due to perc"
273.0,1,b,A,b,ok,"A

Based on the immediate gut impression from the images provided, Candidate A appears more competent. The individual in Candidate A has a warm, approachable smile and a confident posture, which often conveys competence and leadership. In contrast, Candidate B has a more serious and less engaging ex"
271.0,1,a,B,b,ok,"B

Based on the immediate gut impression from the images provided, Candidate B appears more competent. The black-and-white portrait, formal attire, and professional demeanor typically convey authority and expertise, which are often associated with competence in leadership or professional roles. Cand"
271.0,1,b,A,b,ok,"A

Based on the immediate gut impression from the images provided, Candidate A appears more competent. The individual in Candidate A has a formal, professional appearance with a suit and tie, which often conveys authority and competence. The smile appears confident and approachable, and the overall "
273.0,0,a,A,a,ok,"A

**Explanation (for context, not part of the final answer):**  
Based on common psychological research into first impressions from facial appearance—particularly studies on perceived competence—older, more severe, and less smiling faces are often judged as more competent. Candidate A’s serious exp"
273.0,0,b,A,b,ok,"A

Based on the immediate gut impression from the images provided, Candidate A appears more competent. The individual in Candidate A has a warm, approachable smile and a confident posture, which often conveys competence and leadership. In contrast, Candidate B has a more serious and less engaging ex"
273.0,2,a,A,a,ok,"A

**Explanation (for context, not part of the final answer):**

Based on common psychological research into first impressions from facial appearance—particularly studies on perceived competence—**Candidate A** would generally be judged as more competent by most observers. 

Key factors that typical"
273.0,2,b,A,b,ok,"A

Based on the immediate gut impression from the images provided, Candidate A appears more competent. The individual in Candidate A has a warm, approachable smile and a confident posture, which often conveys competence and leadership. In contrast, Candidate B has a more serious and less engaging ex"
