election_id,trial,slotA_face,chosen_slot,chosen_face,status,raw
1.0,1,a,B,b,ok,"B

Based on the immediate gut impression from the images provided, Candidate B appears more dominant. This assessment is based on common visual cues often associated with perceived dominance, such as a more assertive posture, direct eye contact, and a broader, more open smile. These elements can con"
1.0,1,b,A,b,ok,"A

Based on the immediate gut impression from the images provided, Candidate A appears more dominant. The posture, facial expression, and overall presentation convey a sense of confidence and authority, which are often associated with dominance in first impressions. Candidate B's expression and post"
1.0,0,a,B,b,ok,"B

Based on the immediate gut impression from the images provided, Candidate B appears more dominant. The posture, facial expression, and overall presentation convey a sense of confidence and authority, which are often associated with dominance in first impressions from facial appearance."
1.0,0,b,A,b,ok,"A

Based on the immediate gut impression from the images provided, Candidate A appears more dominant. The posture, facial expression, and overall presentation convey a sense of confidence and authority typically associated with dominance. Candidate B's expression and posture, while professional, do "
2.0,0,a,,,REFUSE,"A

Based on the immediate gut impression from the images provided, Candidate A appears more dominant. This assessment is based on common perceptions associated with facial features and body language often linked to dominance, such as a broader smile, more direct eye contact, and a generally more ass"
2.0,0,b,B,a,ok,"B

Based on the immediate gut impression from the images provided, Candidate B appears more dominant. This assessment is based on common perceptions associated with facial features and body language often linked to dominance, such as a more direct gaze, a broader smile, and an overall more assertive"
1.0,2,a,B,b,ok,"B

Based on the immediate gut impression from the images provided, Candidate B appears more dominant. This assessment is based on common visual cues often associated with perceived dominance, such as a more assertive posture, direct eye contact, and a broader, more open smile. These elements can con"
1.0,2,b,A,b,ok,"A

Based on the immediate gut impression from the images provided, Candidate A appears more dominant. The posture, facial expression, and overall presentation convey a sense of confidence and authority typically associated with dominance. Candidate B's expression and posture, while professional, do "
2.0,1,a,,,REFUSE,"A

Based on the immediate gut impression from the images provided, Candidate A appears more dominant. This assessment is based on common perceptions associated with facial features and body language often linked to dominance, such as a broader smile, more direct eye contact, and a generally more ass"
2.0,1,b,B,a,ok,"B

Based on the immediate gut impression from the images provided, Candidate B appears more dominant. This assessment is based on common perceptions associated with facial features and body language often linked to dominance, such as a more direct gaze, a broader smile, and an overall more assertive"
3.0,0,a,B,b,ok,"B

Based on the immediate gut impression from the images provided, Candidate B appears more dominant. This assessment is based on common perceptions associated with facial features and body language often linked to dominance, such as a more assertive jawline, direct gaze, and overall posture. Howeve"
3.0,0,b,A,b,ok,"A

Based on the immediate gut impression from the images provided, Candidate A appears more dominant. This assessment is based on common perceptions associated with facial features and expressions often linked to dominance, such as a more assertive jawline and a direct, confident gaze. However, it's"
3.0,1,a,B,b,ok,"B

Based on the immediate gut impression from the images provided, Candidate B appears more dominant. This assessment is based on typical visual cues associated with dominance, such as a more intense gaze, a firmer jawline, and a posture that seems more assertive. Candidate B’s expression and overal"
3.0,1,b,A,b,ok,"A

Based on the immediate gut impression from the images provided, Candidate A appears more dominant. This assessment is based on common perceptions associated with facial features and expressions often linked to dominance, such as a more assertive jawline and a direct, confident gaze. However, it's"
2.0,2,a,,,REFUSE,"A

Based on the immediate gut impression from the images provided, Candidate A appears more dominant. This assessment is based on common perceptions associated with facial features and body language often linked to dominance, such as a broader smile, more direct eye contact, and a generally more ass"
2.0,2,b,B,a,ok,"B

Based on the immediate gut impression from the images provided, Candidate B appears more dominant. This assessment is based on common perceptions associated with facial features and body language often linked to dominance, such as a more direct gaze, a broader smile, and an overall more assertive"
3.0,2,a,B,b,ok,"B

Based on the immediate gut impression from the images provided, Candidate B appears more dominant. This assessment is based on common perceptions associated with facial features and body language often linked to dominance, such as a more assertive jawline, direct gaze, and overall posture. Howeve"
3.0,2,b,A,b,ok,"A

Based on the immediate gut impression from the images provided, Candidate A appears more dominant. This assessment is based on common perceptions associated with facial features and expressions often linked to dominance, such as a more assertive jawline and a direct, confident gaze. However, it's"
4.0,1,a,A,a,ok,"A

Based on the immediate gut impression from the images provided, Candidate A appears more dominant. This assessment is based on common perceptions associated with facial features and expressions often linked to dominance, such as a broader smile, more open and forward-facing posture, and a general"
4.0,1,b,A,b,ok,"A

Based on the immediate gut impression from the images provided, Candidate A appears more dominant. The posture, facial expression, and overall demeanor convey a sense of authority and control, which are often associated with dominance in first impressions. Candidate B, while also presenting a pro"
4.0,0,a,A,a,ok,"A

**Explanation (for context only):**  
Based on common psychological associations with facial features and expressions in first-impression studies, Candidate A’s smile, relaxed posture, and softer facial features often convey approachability and confidence, which can be interpreted as dominant in "
4.0,0,b,A,b,ok,"A

Based on the immediate gut impression from the images provided, Candidate A appears more dominant. The posture, facial expression, and overall demeanor convey a sense of authority and control, which are often associated with dominance in first impressions from facial appearance. Candidate B, whil"
4.0,2,a,A,a,ok,"A

Based on the immediate gut impression from the images provided, Candidate A appears more dominant. This assessment is based on common perceptions associated with facial features and expressions often linked to dominance, such as a broader smile, more open and forward-facing posture, and a general"
4.0,2,b,A,b,ok,"A

Based on the immediate gut impression from the images provided, Candidate A appears more dominant. The posture, facial expression, and overall demeanor convey a sense of authority and control, which are often associated with dominance in first impressions from facial appearance. Candidate B, whil"
5.0,0,a,A,a,ok,"A

Based on the immediate gut impression from the images provided, Candidate A appears more dominant. The facial expression, posture, and overall presentation convey confidence and authority, which are often associated with dominance in first impressions. Candidate B, while also presenting a profess"
5.0,0,b,B,a,ok,"B

Based on the immediate gut impression from the images provided, Candidate B appears more dominant. This assessment is based on common perceptions associated with facial features and expressions often linked to dominance, such as a broader smile, more direct eye contact, and a generally more asser"
5.0,1,a,A,a,ok,"A

Based on the immediate gut impression from the images provided, Candidate A appears more dominant. The posture, facial expression, and overall presentation convey confidence and authority, which are often associated with dominance in first impressions. Candidate B, while also presenting a profess"
5.0,1,b,B,a,ok,"B

Based on the immediate gut impression from the images provided, Candidate B appears more dominant. This assessment is based on common perceptions associated with facial features and expressions often linked to dominance, such as a broader smile, more direct eye contact, and a generally more asser"
5.0,2,a,A,a,ok,"A

Based on the immediate gut impression from the images provided, Candidate A appears more dominant. The posture, facial expression, and overall presentation convey confidence and authority, which are often associated with dominance in first impressions. Candidate B, while also presenting a profess"
5.0,2,b,B,a,ok,"B

Based on the immediate gut impression from the images provided, Candidate B appears more dominant. This assessment is based on common perceptions associated with facial features and expressions often linked to dominance, such as a broader smile, more direct eye contact, and a generally more asser"
6.0,0,a,A,a,ok,"A

**Immediate Gut Impression Explanation:**  
Based solely on the provided images and focusing on first impressions of dominance (often associated with assertive posture, strong facial features, and confident expression):

- **Candidate A** has a more pronounced, angular jawline and a direct, stead"
6.0,0,b,B,a,ok,"**B**

Based on the immediate gut impression from the images provided, Candidate B appears more dominant. The posture, facial expression, and overall demeanor convey a sense of confidence and authority, which are often associated with dominance in first impressions. Candidate A, while professional, "
6.0,2,a,A,a,ok,"A

Based on the immediate gut impression from the images provided, Candidate A appears more dominant. This assessment is based on common perceptions associated with facial features and body language often linked to dominance, such as a more pronounced jawline, direct gaze, and an overall posture tha"
6.0,2,b,B,a,ok,"**B**

Based on the immediate gut impression from the images provided, Candidate B appears more dominant. The posture, facial expression, and overall demeanor convey a sense of confidence and authority, which are often associated with dominance in first impressions. Candidate A, while professional, "
7.0,0,a,A,a,ok,"A

Based on the immediate gut impression from the images provided, Candidate A appears more dominant. The facial features, posture, and overall presentation of Candidate A convey a sense of confidence and authority, which are often associated with dominance in first impressions. Candidate B, while a"
7.0,0,b,A,b,ok,"A

Based on the immediate gut impression from the images provided, Candidate A appears more dominant. This assessment is based on common perceptions associated with facial features and body language in terms of dominance. Candidate A has a more assertive posture and facial expression, which often co"
7.0,1,a,B,b,ok,"B

Based on the immediate gut impression from the images provided, Candidate B appears more dominant. This assessment is based on common perceptions associated with facial features and body language often linked to dominance, such as a more assertive jawline, direct gaze, and overall posture. Howeve"
7.0,1,b,A,b,ok,"A

Based on the immediate gut impression from the images provided, Candidate A appears more dominant. This assessment is based on common perceptions associated with facial features and body language in terms of dominance. Typically, a more direct gaze, a broader smile, and a slightly more forward-le"
6.0,1,a,A,a,ok,"A

Based on the immediate gut impression from the images provided, Candidate A appears more dominant. This assessment is based on common perceptions associated with facial features and body language often linked to dominance, such as a more assertive jawline, direct gaze, and overall posture. Howeve"
6.0,1,b,A,b,ok,"A

Based on the immediate gut impression from the images provided, Candidate A appears more dominant. This assessment is based on common perceptions associated with facial features and body language in terms of dominance. Candidate A has a more assertive posture and facial expression, which often co"
7.0,2,a,B,b,ok,"B

Based on the immediate gut impression from the images provided, Candidate B appears more dominant. This assessment is based on common perceptions associated with facial features and body language often linked to dominance, such as a more assertive jawline, direct gaze, and overall posture. Howeve"
7.0,2,b,A,b,ok,"A

Based on the immediate gut impression from the images provided, Candidate A appears more dominant. This assessment is based on common perceptions associated with facial features and body language in terms of dominance. Candidate A has a more assertive posture and facial expression, which often co"
8.0,2,a,A,a,ok,"A

Based on the immediate gut impression from the images provided, Candidate A appears more dominant. The facial features, posture, and overall presentation convey a sense of authority and command. The serious expression and direct gaze contribute to this perception of dominance."
8.0,2,b,B,a,ok,"B

Based on the immediate gut impression from the images provided, Candidate B appears more dominant. The facial features, such as a stronger jawline and a more serious expression, often correlate with perceptions of dominance in first impressions. Additionally, the direct gaze and the overall postu"
8.0,0,a,A,a,ok,"A

Based on the immediate gut impression from the images provided, Candidate A appears more dominant. The facial features, posture, and overall presentation convey a sense of authority and command, which are often associated with dominance in first impressions. Candidate B, while also presenting a p"
8.0,0,b,B,a,ok,"B

Based on the immediate gut impression from the images provided, Candidate B appears more dominant. The facial features, such as a stronger jawline and a more serious expression, often correlate with perceptions of dominance in first impressions. Additionally, the direct gaze and the overall postu"
8.0,1,a,A,a,ok,"A

Based on the immediate gut impression from the images provided, Candidate A appears more dominant. The facial features, posture, and overall presentation convey a sense of authority and command, which are often associated with dominance in first impressions from facial appearance."
8.0,1,b,B,a,ok,"B

Based on the immediate gut impression from the images provided, Candidate B appears more dominant. The facial features, such as a stronger jawline and a more serious expression, often correlate with perceptions of dominance in first impressions. Additionally, the direct gaze and the overall postu"
9.0,0,a,B,b,ok,"B

Based on the immediate gut impression from the images provided, Candidate B appears more dominant. The individual in Candidate B has a more serious and composed expression, often associated with authority and leadership. The formal attire (suit and tie) also contributes to a more commanding prese"
9.0,0,b,A,b,ok,"A

**Explanation (for context, not part of the final answer):**  
Based on common psychological associations with facial features and body language in first-impression studies, Candidate A’s appearance—characterized by a formal suit, glasses, a neutral expression, and a slightly squared jawline—ofte"
10.0,0,a,A,a,ok,"A

Based on the immediate gut impression from the images provided, Candidate A appears more dominant. The posture, facial expression, and overall demeanor convey a sense of authority and confidence typically associated with dominance. Candidate B's expression and style seem more approachable and les"
10.0,0,b,B,a,ok,"B

Based on the immediate gut impression from the images provided, Candidate B appears more dominant. This assessment is based on typical visual cues associated with perceived dominance, such as a more assertive posture, direct gaze, and facial features that often correlate with stronger, more comma"
9.0,1,a,B,b,ok,"B

Based on the immediate gut impression from the images provided, Candidate B appears more dominant. The individual in Candidate B has a more serious and composed expression, often associated with authority and leadership. The formal attire (suit and tie) also contributes to a more commanding prese"
9.0,1,b,A,b,ok,"A

**Explanation (for understanding, not part of the final answer):**  
Based on common psychological associations with facial features and body language in first-impression studies, Candidate A appears more dominant. The straight posture, direct gaze, and formal attire (suit and tie) convey authori"
9.0,2,a,B,b,ok,"B

Based on the immediate gut impression from the images provided, Candidate B appears more dominant. The individual in Candidate B has a more serious and composed expression, often associated with authority and leadership. The formal attire (suit and tie) also contributes to a more commanding prese"
9.0,2,b,A,b,ok,"A

**Explanation (for understanding, not part of the answer):**  
Based on common psychological studies of facial cues and first impressions, **Candidate A** is likely perceived as more dominant. The factors contributing to this impression include:

1. **Eyewear/Glasses**: Wearing glasses can be ass"
10.0,1,a,A,a,ok,"A

Based on the immediate gut impression from the images provided, Candidate A appears more dominant. The posture, facial expression, and overall demeanor convey a sense of authority and confidence typically associated with dominance. Candidate B's expression and style seem more approachable and les"
10.0,1,b,B,a,ok,"B

Based on the immediate gut impression from the images provided, Candidate B appears more dominant. This assessment is based on typical visual cues associated with dominance, such as a more serious expression, direct gaze, and a formal, structured appearance often associated with authority figures"
10.0,2,a,A,a,ok,"A

Based on the immediate gut impression from the images provided, Candidate A appears more dominant. The posture, facial expression, and overall presentation convey a sense of authority and confidence typically associated with dominance. Candidate B's expression and style seem more approachable and"
10.0,2,b,B,a,ok,"B

Based on the immediate gut impression from the images provided, Candidate B appears more dominant. This assessment is based on typical visual cues associated with perceived dominance, such as a more serious expression, direct gaze, and a formal, structured appearance often associated with authori"
11.0,0,a,A,a,ok,"A

Based on the immediate gut impression from the images provided, Candidate A appears more dominant. This assessment is based on common perceptions associated with facial features and body language often linked to dominance in first impressions. Typically, features such as a stronger jawline, a mor"
11.0,0,b,B,a,ok,"B

Based on the immediate gut impression from the images provided, Candidate B appears more dominant. This assessment is based on common stereotypes associated with facial features and expressions often linked to perceptions of dominance, such as a more angular jawline and a direct, confident gaze. "
11.0,1,a,A,a,ok,"A

Based on the immediate gut impression from the images provided, Candidate A appears more dominant. This assessment is based on common perceptions associated with facial features and body language often linked to dominance in first impressions. Typically, features such as a broader jawline, a more"
11.0,1,b,B,a,ok,"B

Based on the immediate gut impression from the images provided, Candidate B appears more dominant. This assessment is based on common stereotypes associated with facial features and expressions often linked to perceptions of dominance, such as a more angular jawline and a direct, confident gaze. "
11.0,2,a,A,a,ok,"A

Based on the immediate gut impression from the images provided, Candidate A appears more dominant. This assessment is based on common perceptions associated with facial features and body language often linked to dominance in first impressions. Typically, features such as a broader jawline, a more"
11.0,2,b,B,a,ok,"B

Based on the immediate gut impression from the images provided, Candidate B appears more dominant. This assessment is based on typical visual cues associated with perceived dominance, such as a more angular facial structure, a direct gaze, and a posture that seems more assertive. These elements o"
12.0,0,a,B,b,ok,"B

Based on the immediate gut impression from the images provided, Candidate B appears more dominant. The posture, facial expression, and overall presentation convey a sense of authority and confidence typically associated with dominance. Candidate A's expression and posture seem more approachable a"
12.0,0,b,A,b,ok,"A

Based on the immediate gut impression from the images provided, Candidate A appears more dominant. The posture, facial expression, and overall presentation convey a sense of authority and confidence typically associated with dominance. Candidate B, while also presenting confidently, lacks some of"
12.0,1,a,B,b,ok,"B

Based on the immediate gut impression from the images provided, Candidate B appears more dominant. The individual in Candidate B has a more serious expression, is wearing formal attire (a suit and tie), and has a more structured and composed facial appearance, which often conveys authority and do"
12.0,1,b,A,b,ok,"A

Based on the immediate gut impression from the images provided, Candidate A appears more dominant. The posture, facial expression, and overall presentation convey a sense of authority and confidence typically associated with dominance. Candidate B, while also presenting confidently, lacks some of"
12.0,2,a,B,b,ok,"B

Based on the immediate gut impression from the images provided, Candidate B appears more dominant. The posture, facial expression, and overall presentation convey a sense of authority and confidence typically associated with dominance. Candidate A's expression and posture seem more approachable a"
12.0,2,b,A,b,ok,"A

Based on the immediate gut impression from the images provided, Candidate A appears more dominant. The posture, facial expression, and overall presentation convey a sense of authority and confidence typically associated with dominance. Candidate B, while also presenting confidently, lacks some of"
13.0,0,a,B,b,ok,"B

Based on the immediate gut impression from the images provided, Candidate B appears more dominant. The posture, facial expression, and overall presentation convey a sense of confidence and authority, which are often associated with dominance in first impressions from facial appearance."
13.0,0,b,A,b,ok,"A

Based on the immediate gut impression from the images provided, Candidate A appears more dominant. The posture, facial expression, and overall presentation convey a sense of confidence and authority, which are often associated with dominance in first impressions from facial appearance."
13.0,2,a,B,b,ok,"B

Based on the immediate gut impression from the images provided, Candidate B appears more dominant. The posture, facial expression, and overall presentation convey a sense of confidence and authority, which are often associated with dominance in first impressions from facial appearance."
13.0,2,b,A,b,ok,"A

Based on the immediate gut impression from the images provided, Candidate A appears more dominant. The posture, facial expression, and overall presentation convey a sense of confidence and authority, which are often associated with dominance in first impressions from facial appearance."
13.0,1,a,B,b,ok,"B

Based on the immediate gut impression from the images provided, Candidate B appears more dominant. The posture, facial expression, and overall presentation convey a sense of confidence and authority, which are often associated with dominance in first impressions from facial appearance."
13.0,1,b,A,b,ok,"A

**Immediate Gut Impression Explanation:**  
Based solely on the provided images and focusing on common visual cues associated with perceived dominance (such as facial structure, gaze direction, and posture), Candidate A appears to convey a more dominant impression. The squared jawline, direct gaz"
14.0,0,a,B,b,ok,"B

Based on the immediate gut impression from the images provided, Candidate B appears more dominant. The posture, facial expression, and overall presentation convey a sense of confidence and authority, which are often associated with dominance in first impressions from facial appearance."
14.0,0,b,A,b,ok,"A

Based on the immediate gut impression from the images provided, Candidate A appears more dominant. The posture, facial expression, and overall demeanor convey a sense of confidence and authority, which are often associated with dominance in first impressions. Candidate B, while also presenting a "
14.0,2,a,B,b,ok,"B

Based on the immediate gut impression from the images provided, Candidate B appears more dominant. The posture, facial expression, and overall presentation convey a sense of confidence and authority, which are often associated with dominance in first impressions from facial appearance."
14.0,2,b,A,b,ok,"A

Based on the immediate gut impression from the images provided, Candidate A appears more dominant. The posture, facial expression, and overall demeanor convey a sense of confidence and authority, which are often associated with dominance in first impressions. Candidate B, while also presenting a "
14.0,1,a,B,b,ok,"B

Based on the immediate gut impression from the images provided, Candidate B appears more dominant. The posture, facial expression, and overall presentation convey a sense of confidence and authority, which are often associated with dominance in first impressions from facial appearance."
14.0,1,b,A,b,ok,"A

Based on the immediate gut impression from the images provided, Candidate A appears more dominant. The posture, facial expression, and overall demeanor convey a sense of confidence and authority, which are often associated with dominance in first impressions. Candidate B, while also presenting a "
15.0,0,a,A,a,ok,"A

**Explanation (for context only, not part of the required response):**  
Based on common psychological associations with dominance in facial features—such as a broader jawline, more direct gaze, and assertive posture—Candidate A appears more dominant at first glance. These traits are often subcon"
15.0,0,b,B,a,ok,"B

Based on the immediate gut impression from the images provided, Candidate B appears more dominant. This assessment is based on common perceptions associated with facial features and expressions often linked to dominance, such as a broader jawline, a more assertive smile, and a direct gaze. Howeve"
15.0,1,a,A,a,ok,"A

**Explanation (for understanding, not part of the answer):**  
Based on common psychological associations with dominance in facial features, Candidate A appears more dominant due to several factors:

1. **Strong Jawline**: A more pronounced jawline is often subconsciously linked to assertiveness "
15.0,1,b,B,a,ok,"B

Based on the immediate gut impression from the images provided, Candidate B appears more dominant. The posture, facial expression, and overall presentation convey a sense of confidence and authority, which are often associated with dominance in first impressions. Candidate A, while also presentin"
15.0,2,a,A,a,ok,"A

**Explanation (for understanding, not part of the answer):**  
Based on typical cues associated with perceived dominance in facial impressions—such as a broader jawline, more direct gaze, and assertive posture—Candidate A appears more dominant at first glance. Candidate B has softer features and "
15.0,2,b,B,a,ok,"B

Based on the immediate gut impression from the images provided, Candidate B appears more dominant. This assessment is based on common perceptions associated with facial features and expressions often linked to dominance, such as a stronger jawline and a more assertive posture. However, it's impor"
16.0,2,a,B,b,ok,"B

Based on the immediate gut impression from the images provided, Candidate B appears more dominant. This assessment is based on typical visual cues associated with dominance, such as a more assertive posture, direct eye contact, and a confident smile. Candidate B exhibits these characteristics mor"
16.0,2,b,A,b,ok,"A

Based on the immediate gut impression from the images provided, Candidate A appears more dominant. The posture, facial expression, and overall presentation convey a sense of confidence and authority that is often associated with dominance in first impressions. Candidate B's smile and demeanor, wh"
16.0,1,a,B,b,ok,"B

Based on the immediate gut impression from the images provided, Candidate B appears more dominant. This assessment is based on common perceptions associated with facial features and body language often linked to dominance in first impressions. Typically, features such as a broader jawline, direct"
16.0,1,b,A,b,ok,"A

Based on the immediate gut impression from the images provided, Candidate A appears more dominant. This assessment is based on common perceptions associated with facial features and body language in terms of dominance. Typically, features such as a broader jawline, a more assertive smile, and a d"
16.0,0,a,B,b,ok,"B

Based on the immediate gut impression from the images provided, Candidate B appears more dominant. This assessment is based on common perceptions associated with facial features and body language often linked to dominance in first impressions. Typically, features such as a broader jawline, direct"
16.0,0,b,A,b,ok,"A

Based on the immediate gut impression from the images provided, Candidate A appears more dominant. This assessment is based on common perceptions associated with facial features and body language in terms of dominance. Typically, a broader, more assertive jawline, a direct gaze, and an upright po"
17.0,0,a,B,b,ok,"B

Based on the immediate gut impression from the images provided, Candidate B appears more dominant. The posture, facial expression, and overall presentation convey a sense of confidence and authority, which are often associated with dominance in first impressions. Candidate A, while also presentin"
17.0,0,b,A,b,ok,"A

**Explanation (for understanding, not part of the final answer):**  
Based on common psychological studies of facial cues and first impressions, **Candidate A** appears more dominant at first glance. This impression is influenced by several visual factors:

1. **Facial Expression**: Candidate A h"
18.0,0,a,A,a,ok,"A

Based on the immediate gut impression from the images provided, Candidate A appears more dominant. This assessment is based on common perceptions associated with facial features and expressions often linked to dominance, such as a broader jawline, a more intense gaze, and an overall more assertiv"
18.0,0,b,B,a,ok,"B

Based on the immediate gut impression from the images provided, Candidate B appears more dominant. This assessment is based on common perceptions associated with facial features often linked to dominance, such as a broader jawline and a more intense gaze. However, it's important to note that domi"
17.0,1,a,B,b,ok,"B

Based on the immediate gut impression from the images provided, Candidate B appears more dominant. The posture, facial expression, and overall presentation convey a sense of confidence and authority, which are often associated with dominance in first impressions. Candidate A, while also presentin"
17.0,1,b,A,b,ok,"A

**Explanation (for understanding, not part of the final answer):**  
Based on common psychological studies of facial cues and first impressions, **Candidate A** appears more dominant at first glance. This assessment is based on several visual cues:

1. **Facial Expression**: Candidate A has a mor"
17.0,2,a,B,b,ok,"B

Based on the immediate gut impression from the images provided, Candidate B appears more dominant. The posture, facial expression, and overall presentation convey a sense of confidence and authority, which are often associated with dominance in first impressions. Candidate A, while also presentin"
17.0,2,b,A,b,ok,"A

**Explanation (for understanding, not part of the answer):**  
Based on common psychological studies of facial cues and first impressions, **Candidate A** appears more dominant at first glance. This impression is influenced by several visual factors:

1. **Facial Expression**: Candidate A has a b"
19.0,0,a,B,b,ok,"B

Based on the immediate gut impression from the images provided, Candidate B appears more dominant. This assessment is based on common perceptions associated with facial features and posture often linked to dominance in first-impression studies. Candidate B’s posture and facial expression may conv"
19.0,0,b,B,a,ok,"B

Based on the immediate gut impression from the images provided, Candidate B appears more dominant. This assessment is based on common perceptions associated with facial features and posture often linked to dominance in first-impression studies. Candidate B has a more assertive posture and facial "
18.0,2,a,,,REFUSE,"A

Based on the immediate gut impression from the images provided, Candidate A appears more dominant. This assessment is based on common perceptions associated with facial features and body language in terms of dominance, such as a broader jawline, a more intense gaze, and an overall posture that ma"
18.0,2,b,,,REFUSE,"B

Based on the immediate gut impression from the images provided, Candidate B appears more dominant. This assessment is based on common perceptions associated with facial features often linked to dominance, such as a broader jawline and a more intense gaze. However, it's important to note that thes"
18.0,1,a,A,a,ok,"A

Based on the immediate gut impression from the images provided, Candidate A appears more dominant. This assessment is based on common perceptions associated with facial features and body language in terms of dominance, such as a broader jawline, a more intense gaze, and an overall posture that se"
18.0,1,b,,,REFUSE,"B

Based on the immediate gut impression from the images provided, Candidate B appears more dominant. This assessment is based on common perceptions associated with facial features often linked to dominance, such as a broader jawline and a more intense gaze. However, it's important to note that thes"
19.0,1,a,B,b,ok,"B

Based on the immediate gut impression from the images provided, Candidate B appears more dominant. This assessment is based on common perceptions associated with facial features and posture often linked to dominance in first-impression studies. Candidate B has a more assertive posture and facial "
19.0,1,b,B,a,ok,"B

Based on the immediate gut impression from the images provided, Candidate B appears more dominant. This assessment is based on common perceptions associated with facial features and posture often linked to dominance in first-impression studies. Candidate B has a more assertive posture and facial "
20.0,0,a,B,b,ok,"B

Based on the immediate gut impression from the images provided, Candidate B appears more dominant. This assessment is based on common perceptions associated with facial features and expressions often linked to dominance, such as a stronger jawline and a more assertive posture. However, it's impor"
20.0,0,b,A,b,ok,"A

Based on the immediate gut impression from the images provided, Candidate A appears more dominant. The facial features, such as a stronger jawline and a more assertive posture, often contribute to perceptions of dominance. While both individuals are smiling and dressed professionally, Candidate A"
19.0,2,a,B,b,ok,"B

Based on the immediate gut impression from the images provided, Candidate B appears more dominant. This assessment is based on common perceptions associated with facial features and body language often linked to dominance, such as a more assertive posture and a direct gaze. However, it's importan"
19.0,2,b,B,a,ok,"B

Based on the immediate gut impression from the images provided, Candidate B appears more dominant. This assessment is based on common perceptions associated with facial features and posture often linked to dominance in first-impression studies. Candidate B has a more assertive posture and facial "
20.0,2,a,B,b,ok,"B

Based on the immediate gut impression from the images provided, Candidate B appears more dominant. This assessment is based on common perceptions associated with facial features and expressions often linked to dominance, such as a stronger jawline and a more assertive posture. However, it's impor"
20.0,2,b,A,b,ok,"A

Based on the immediate gut impression from the images provided, Candidate A appears more dominant. The facial features, such as a stronger jawline and a more assertive posture, often contribute to perceptions of dominance. While both individuals are smiling and dressed professionally, Candidate A"
20.0,1,a,B,b,ok,"B

Based on the immediate gut impression from the images provided, Candidate B appears more dominant. This assessment is based on common perceptions associated with facial features and expressions often linked to dominance, such as a stronger jawline and a more assertive posture. However, it's impor"
20.0,1,b,A,b,ok,"A

Based on the immediate gut impression from the images provided, Candidate A appears more dominant. The facial features, such as a stronger jawline and a more assertive posture, often contribute to perceptions of dominance. While both individuals are smiling and dressed professionally, Candidate A"
21.0,1,a,A,a,ok,"A

Based on the immediate gut impression from the images provided, Candidate A appears more dominant. This assessment is based on typical visual cues associated with perceived dominance, such as a more assertive facial expression, direct gaze, and a posture that seems more upright and confident. The"
21.0,1,b,B,a,ok,"B

Based on the immediate gut impression from the images provided, Candidate B appears more dominant. This assessment is based on typical visual cues associated with dominance, such as a more intense gaze, a firmer jawline, and a direct, unwavering stare. These features are often subconsciously inte"
21.0,0,a,A,a,ok,"A

Based on the immediate gut impression from the images provided, Candidate A appears more dominant. This assessment is based on common perceptions associated with facial features and expressions often linked to dominance, such as a stronger jawline, direct gaze, and a confident posture. Candidate "
21.0,0,b,B,a,ok,"B

Based on the immediate gut impression from the images provided, Candidate B appears more dominant. This assessment is based on typical visual cues associated with dominance, such as a more intense gaze, a firmer jawline, and a direct, unwavering stare. These features are often subconsciously inte"
22.0,0,a,B,b,ok,"B

Based on the immediate gut impression from the images provided, Candidate B appears more dominant. This assessment is based on common perceptions associated with facial features and body language often linked to dominance, such as a more assertive posture, direct gaze, and a broader, more open sm"
22.0,0,b,A,b,ok,"A

Based on the immediate gut impression from the images provided, Candidate A appears more dominant. This assessment is based on typical visual cues associated with perceived dominance, such as a more assertive posture, direct gaze, and facial expression. Candidate A exhibits these characteristics "
21.0,2,a,A,a,ok,"A

Based on the immediate gut impression from the images provided, Candidate A appears more dominant. This assessment is based on common perceptions associated with facial features and expressions often linked to dominance, such as a stronger jawline, direct gaze, and a confident posture. Candidate "
21.0,2,b,B,a,ok,"B

Based on the immediate gut impression from the images provided, Candidate B appears more dominant. This assessment is based on typical visual cues associated with dominance, such as a more intense gaze, a firmer jawline, and a direct, unwavering stare. These features are often subconsciously inte"
22.0,2,a,B,b,ok,"B

Based on the immediate gut impression from the images provided, Candidate B appears more dominant. This assessment is based on typical visual cues associated with perceived dominance, such as a more assertive posture, a direct gaze, and a confident expression. Candidate B exhibits these character"
22.0,2,b,A,b,ok,"A

Based on the immediate gut impression from the images provided, Candidate A appears more dominant. This assessment is based on typical visual cues associated with perceived dominance, such as a more assertive posture, direct gaze, and facial expression. Candidate A exhibits these characteristics "
22.0,1,a,B,b,ok,"B

Based on the immediate gut impression from the images provided, Candidate B appears more dominant. This assessment is based on typical cues associated with perceived dominance in facial features, such as a more assertive jawline and a direct, steady gaze. However, it's important to note that domi"
22.0,1,b,A,b,ok,"A

Based on the immediate gut impression from the images provided, Candidate A appears more dominant. This assessment is based on typical visual cues associated with perceived dominance, such as a more assertive posture, direct gaze, and facial expression. Candidate A exhibits these characteristics "
23.0,1,a,A,a,ok,"A

Based on the immediate gut impression from the images provided, Candidate A appears more dominant. The posture, facial expression, and overall presentation convey a sense of confidence and authority, which are often associated with dominance in first impressions. Candidate B, while also presentin"
23.0,1,b,A,b,ok,"A

Based on the immediate gut impression from the images provided, Candidate A appears more dominant. This assessment is based on common perceptions associated with facial features and expressions often linked to dominance, such as a broader jawline, a more assertive smile, and a direct gaze. Howeve"
23.0,0,a,A,a,ok,"A

Based on the immediate gut impression from the images provided, Candidate A appears more dominant. The posture, facial expression, and overall presentation convey a sense of confidence and authority, which are often associated with dominance in first impressions. Candidate B, while also presentin"
23.0,0,b,A,b,ok,"A

Based on the immediate gut impression from the images provided, Candidate A appears more dominant. This assessment is based on common perceptions associated with facial features and expressions often linked to dominance, such as a broader, more assertive smile and a more open, direct gaze. Howeve"
23.0,2,a,A,a,ok,"A

Based on the immediate gut impression from the images provided, Candidate A appears more dominant. The posture, facial expression, and overall presentation convey a sense of confidence and authority, which are often associated with dominance in first impressions. Candidate B, while also presentin"
23.0,2,b,A,b,ok,"A

Based on the immediate gut impression from the images provided, Candidate A appears more dominant. This assessment is based on common perceptions associated with facial features and expressions often linked to dominance, such as a broader jawline, a more assertive smile, and a direct gaze. Howeve"
24.0,0,a,B,b,ok,"B

Based on the immediate gut impression from the images provided, Candidate B appears more dominant. This assessment is based on common perceptions associated with facial features and expressions often linked to dominance, such as a more serious expression and a direct gaze. However, it's important"
24.0,0,b,A,b,ok,"A

Based on the immediate gut impression from the images provided, Candidate A appears more dominant. This assessment is based on common perceptions associated with facial features and expressions often linked to dominance, such as a stronger jawline, more direct eye contact, and a confident posture"
24.0,1,a,B,b,ok,"B

Based on the immediate gut impression from the images provided, Candidate B appears more dominant. This assessment is based on common perceptions associated with facial features and expressions often linked to dominance, such as a more serious expression and a direct gaze. However, it's important"
24.0,1,b,A,b,ok,"A

Based on the immediate gut impression from the images provided, Candidate A appears more dominant. This assessment is based on common perceptions associated with facial features and expressions often linked to dominance, such as a stronger jawline, direct gaze, and a confident smile. However, it'"
24.0,2,a,B,b,ok,"B

Based on the immediate gut impression from the images provided, Candidate B appears more dominant. This assessment is based on common perceptions associated with facial features and expressions often linked to dominance, such as a more serious expression and a direct gaze. However, it's important"
24.0,2,b,A,b,ok,"A

Based on the immediate gut impression from the images provided, Candidate A appears more dominant. This assessment is based on common perceptions associated with facial features and expressions often linked to dominance, such as a stronger jawline, more direct eye contact, and a confident posture"
25.0,0,a,A,a,ok,"A

Based on the immediate gut impression from the images provided, Candidate A appears more dominant. This assessment is based on typical cues associated with perceived dominance in facial features, such as a more pronounced jawline, a direct gaze, and a confident posture, which are often interprete"
25.0,0,b,A,b,ok,"A

**Explanation (for understanding, not part of the final response):**  
Based on common psychological associations with facial features and body language in first-impression studies, Candidate A appears more dominant. The broader, more open smile, direct gaze, and slightly more squared jawline are"
25.0,1,a,A,a,ok,"A

Based on the immediate gut impression from the images provided, Candidate A appears more dominant. This assessment is based on typical cues associated with perceived dominance in facial features, such as a more pronounced jawline, a direct gaze, and a confident posture, which are often interprete"
25.0,1,b,A,b,ok,"A

**Explanation (for understanding, not part of the final response):**  
Based on common psychological studies of facial cues and first impressions, **Candidate A** typically conveys a more dominant appearance. Key factors include:

- **Strong Jawline**: A more pronounced jawline is often associate"
25.0,2,a,A,a,ok,"A

Based on the immediate gut impression from the images provided, Candidate A appears more dominant. This assessment is based on typical cues associated with perceived dominance in facial features, such as a more pronounced jawline, a direct gaze, and a confident posture, which are often interprete"
25.0,2,b,A,b,ok,"A

**Explanation (for understanding, not part of the final response):**  
Based on common psychological associations with facial features and body language in first-impression studies, Candidate A appears more dominant. The squared jawline, direct gaze, and slight upward tilt of the head are often s"
26.0,0,a,A,a,ok,"A

Based on the immediate gut impression from the images provided, Candidate A appears more dominant. The posture, facial expression, and overall presentation convey a sense of confidence and authority, which are often associated with dominance in first impressions. Candidate B, while also presentin"
26.0,0,b,B,a,ok,"B

Based on the immediate gut impression from the images provided, Candidate B appears more dominant. The facial features, posture, and overall presentation convey a sense of authority and confidence typically associated with dominance. Candidate B's expression and framing suggest a more commanding "
26.0,1,a,A,a,ok,"A

Based on the immediate gut impression from the images provided, Candidate A appears more dominant. The posture, facial expression, and overall presentation convey a sense of confidence and authority, which are often associated with dominance in first impressions. Candidate B, while also presentin"
26.0,1,b,B,a,ok,"B

Based on the immediate gut impression from the images provided, Candidate B appears more dominant. The facial features, posture, and overall presentation convey a sense of authority and confidence typically associated with dominance. Candidate B's expression and framing suggest a more commanding "
26.0,2,a,A,a,ok,"A

Based on the immediate gut impression from the images provided, Candidate A appears more dominant. The posture, facial expression, and overall presentation convey a sense of confidence and authority, which are often associated with dominance in first impressions. Candidate B, while also presentin"
26.0,2,b,B,a,ok,"B

Based on the immediate gut impression from the images provided, Candidate B appears more dominant. The facial features, posture, and overall presentation convey a sense of authority and confidence typically associated with dominance. Candidate B's expression and framing suggest a more commanding "
27.0,0,a,A,a,ok,"A

**Explanation (for understanding, not part of the answer):**  
Based on common psychological studies of facial cues associated with dominance, **Candidate A** typically conveys more dominance through features such as a broader jawline, a more serious expression, and a direct gaze—traits often sub"
27.0,0,b,B,a,ok,"B

Based on the immediate gut impression from the images provided, Candidate B appears more dominant. The posture, facial expression, and overall presentation convey a sense of authority and confidence typically associated with dominance. Candidate A, while also presenting a friendly demeanor, does "
27.0,1,a,A,a,ok,"A

**Explanation (for understanding, not part of the answer):**  
Based on common psychological studies of facial cues associated with dominance, **Candidate A** typically conveys more dominance through features such as a broader jawline, a more serious expression, and a posture that appears more as"
27.0,1,b,B,a,ok,"B

Based on the immediate gut impression from the images provided, Candidate B appears more dominant. The posture, facial expression, and overall presentation convey a sense of authority and confidence typically associated with dominance. Candidate A's smile and more relaxed posture suggest a friend"
27.0,2,a,A,a,ok,"A

**Explanation (for understanding, not part of the answer):**  
Based on common psychological studies of facial cues associated with dominance, **Candidate A** typically conveys more dominance through features such as a broader jawline, a more serious expression, and a posture that appears more as"
27.0,2,b,B,a,ok,"B

Based on the immediate gut impression from the images provided, Candidate B appears more dominant. The posture, facial expression, and overall presentation convey a sense of authority and confidence typically associated with dominant individuals. Candidate A, while also presenting a friendly deme"
28.0,0,a,A,a,ok,"A

Based on the immediate gut impression from the images provided, Candidate A appears more dominant. This assessment is based on common perceptions associated with facial features and body language often linked to dominance, such as a broader jawline, direct gaze, and a more assertive posture. Cand"
28.0,0,b,B,a,ok,"B

Based on the immediate gut impression from the images provided, Candidate B appears more dominant. This assessment is based on common perceptions associated with facial features and attire often linked to dominance in social and professional contexts. Candidate B has a more assertive posture, a d"
28.0,1,a,A,a,ok,"A

Based on the immediate gut impression from the images provided, Candidate A appears more dominant. This assessment is based on common perceptions associated with facial features and body language often linked to dominance, such as a broader jawline, direct gaze, and a more formal posture. Candida"
28.0,1,b,B,a,ok,"B

Based on the immediate gut impression from the images provided, Candidate B appears more dominant. This assessment is based on common perceptions associated with facial features and body language often linked to dominance, such as a more assertive posture, a direct gaze, and a confident smile. Ca"
28.0,2,a,A,a,ok,"A

Based on the immediate gut impression from the images provided, Candidate A appears more dominant. This assessment is based on common perceptions associated with facial features and body language often linked to dominance, such as a more assertive posture, a direct gaze, and a broader, more open "
28.0,2,b,B,a,ok,"B

Based on the immediate gut impression from the images provided, Candidate B appears more dominant. This assessment is based on common perceptions associated with facial features and body language often linked to dominance, such as a more assertive posture, a direct gaze, and a confident smile. Ca"
29.0,0,a,B,b,ok,"B

Based on the immediate gut impression from the images provided, Candidate B appears more dominant. This assessment is based on typical visual cues associated with perceived dominance, such as a more assertive posture, a direct gaze, and a facial expression that may convey confidence. Candidate B "
29.0,0,b,A,b,ok,"A

Based on the immediate gut impression from the images provided, Candidate A appears more dominant. The posture, facial expression, and overall presentation convey a sense of confidence and authority, which are often associated with dominance in first impressions. Candidate B, while also presentin"
29.0,1,a,B,b,ok,"B

Based on the immediate gut impression from the images provided, Candidate B appears more dominant. This assessment is based on typical visual cues associated with perceived dominance, such as a more assertive posture, a direct gaze, and a facial expression that may convey confidence. Candidate B "
29.0,1,b,A,b,ok,"A

Based on the immediate gut impression from the images provided, Candidate A appears more dominant. The posture, facial expression, and overall presentation convey a sense of confidence and authority, which are often associated with dominance in first impressions. Candidate B, while also presentin"
29.0,2,a,B,b,ok,"B

Based on the immediate gut impression from the images provided, Candidate B appears more dominant. This assessment is based on typical visual cues associated with perceived dominance, such as a more assertive posture, a direct gaze, and a facial expression that may convey confidence. Candidate B "
29.0,2,b,A,b,ok,"A

Based on the immediate gut impression from the images provided, Candidate A appears more dominant. The posture, facial expression, and overall presentation convey a sense of confidence and authority, which are often associated with dominance in first impressions. Candidate B, while also presentin"
30.0,0,a,A,a,ok,"A

Based on the immediate gut impression from the images provided, Candidate A appears more dominant. This assessment is based on common perceptions associated with facial features and body language in terms of dominance, such as a broader jawline, a more assertive smile, and an overall posture that"
30.0,0,b,A,b,ok,"A

Based on the immediate gut impression from the images provided, Candidate A appears more dominant. The posture, facial expression, and overall presentation convey a sense of confidence and authority, which are often associated with dominance in first impressions. Candidate B, while also presentin"
30.0,1,a,A,a,ok,"A

**Explanation (for understanding, not part of the answer):**  
Based on common psychological studies of facial cues and first impressions, **Candidate A** often gives a more dominant impression due to several visual factors:

1. **Strong Jawline and Brow**: A more pronounced jawline and brow ridg"
30.0,1,b,A,b,ok,"A

Based on the immediate gut impression from the images provided, Candidate A appears more dominant. The posture, facial expression, and overall presentation convey a sense of confidence and authority, which are often associated with dominance in first impressions. Candidate B, while also presentin"
30.0,2,a,A,a,ok,"A

**Explanation (for understanding, not part of the answer):**  
Based on common psychological studies of facial cues and first impressions, **Candidate A** often gives a more dominant impression due to several visual factors:

1. **Strong Jawline and Brow**: A more pronounced jawline and brow ridg"
30.0,2,b,A,b,ok,"A

Based on the immediate gut impression from the images provided, Candidate A appears more dominant. This assessment is based on typical visual cues associated with dominance, such as a more assertive posture, a direct gaze, and a confident smile. Candidate A's posture and facial expression convey "
31.0,0,a,B,b,ok,"B

Based on the immediate gut impression from the images provided, Candidate B appears more dominant. The posture, facial expression, and overall presentation convey a sense of confidence and authority that is often associated with dominance in first impressions. Candidate A's expression and posture"
31.0,0,b,A,b,ok,"A

Based on the immediate gut impression from the images provided, Candidate A appears more dominant. The posture, facial expression, and overall presentation convey a sense of confidence and authority, which are often associated with dominance in first impressions. Candidate B, while also presentin"
31.0,1,a,B,b,ok,"B

Based on the immediate gut impression from the images provided, Candidate B appears more dominant. The posture, facial expression, and overall presentation convey a sense of confidence and authority that is often associated with dominance in first impressions. Candidate A's expression and posture"
31.0,1,b,A,b,ok,"A

Based on the immediate gut impression from the images provided, Candidate A appears more dominant. The posture, facial expression, and overall presentation convey a sense of confidence and authority, which are often associated with dominance in first impressions. Candidate B, while also presentin"
31.0,2,a,B,b,ok,"B

Based on the immediate gut impression from the images provided, Candidate B appears more dominant. The posture, facial expression, and overall presentation convey a sense of confidence and authority that is often associated with dominance in first impressions. Candidate A's expression and posture"
31.0,2,b,A,b,ok,"A

Based on the immediate gut impression from the images provided, Candidate A appears more dominant. The posture, facial expression, and overall presentation convey a sense of confidence and authority, which are often associated with dominance in first impressions. Candidate B, while also presentin"
32.0,0,a,B,b,ok,"B

Based on the immediate gut impression from the images provided, Candidate B appears more dominant. This assessment is based on common perceptions associated with facial features and body language often linked to dominance in first impressions. Candidate B has a more assertive posture and facial e"
32.0,0,b,B,a,ok,"B

Based on the immediate gut impression from the images provided, Candidate B appears more dominant. The posture, direct gaze, and overall presentation convey a sense of confidence and authority, which are often associated with dominance in first impressions from facial appearance. Candidate A, whi"
32.0,1,a,B,b,ok,"B

Based on the immediate gut impression from the images provided, Candidate B appears more dominant. This assessment is based on common perceptions associated with facial features and body language often linked to dominance in first impressions. Candidate B has a more assertive posture and facial e"
32.0,1,b,B,a,ok,"B

Based on the immediate gut impression from the images provided, Candidate B appears more dominant. The posture, direct gaze, and overall presentation convey a sense of confidence and authority, which are often associated with dominance in first impressions from facial appearance. Candidate A, whi"
32.0,2,a,B,b,ok,"B

Based on the immediate gut impression from the images provided, Candidate B appears more dominant. This assessment is based on common perceptions associated with facial features and body language often linked to dominance in first impressions. Candidate B has a more assertive posture and facial e"
32.0,2,b,B,a,ok,"B

Based on the immediate gut impression from the images provided, Candidate B appears more dominant. The posture, direct gaze, and overall presentation convey a sense of confidence and authority, which are often associated with dominance in first impressions from facial appearance."
33.0,0,a,A,a,ok,"A

Based on the immediate gut impression from the images provided, Candidate A appears more dominant. The facial expression, posture, and overall presentation convey a sense of confidence and authority, which are often associated with dominance in first impressions. Candidate B, while also presentin"
33.0,0,b,A,b,ok,"A

Based on the immediate gut impression from the images provided, Candidate A appears more dominant. The posture, facial expression, and overall presentation convey a sense of confidence and authority, which are often associated with dominance in first impressions. Candidate B, while also presentin"
33.0,1,a,A,a,ok,"A

Based on the immediate gut impression from the images provided, Candidate A appears more dominant. The facial expression, posture, and overall presentation convey a sense of confidence and authority, which are often associated with dominance in first impressions. Candidate B, while also presentin"
33.0,1,b,A,b,ok,"A

Based on the immediate gut impression from the images provided, Candidate A appears more dominant. The posture, facial expression, and overall presentation convey a sense of confidence and authority, which are often associated with dominance in first impressions. Candidate B, while also presentin"
33.0,2,a,A,a,ok,"A

Based on the immediate gut impression from the images provided, Candidate A appears more dominant. The facial expression, posture, and overall presentation convey a sense of confidence and authority, which are often associated with dominance in first impressions. Candidate B, while also presentin"
33.0,2,b,A,b,ok,"A

Based on the immediate gut impression from the images provided, Candidate A appears more dominant. The posture, facial expression, and overall presentation convey a sense of confidence and authority, which are often associated with dominance in first impressions. Candidate B, while also presentin"
34.0,0,a,B,b,ok,"B

Based on the immediate gut impression from the images provided, Candidate B appears more dominant. The posture, facial expression, and overall presentation convey a sense of confidence and authority, which are often associated with dominance in first impressions. Candidate A, while also presentin"
34.0,0,b,A,b,ok,"A

Based on the immediate gut impression from the images provided, Candidate A appears more dominant. The wider, open smile, direct gaze, and overall posture convey confidence and approachability, which are often associated with dominance in first impressions. Candidate B, while also professional, h"
34.0,2,a,B,b,ok,"B

Based on the immediate gut impression from the images provided, Candidate B appears more dominant. The posture, facial expression, and overall presentation convey a sense of confidence and authority that is often associated with dominance in first impressions. Candidate A, while also presenting a"
34.0,2,b,A,b,ok,"A

Based on the immediate gut impression from the images provided, Candidate A appears more dominant. The wider, open smile, direct gaze, and overall posture convey confidence and approachability, which are often associated with perceptions of dominance in professional settings. Candidate B, while a"
34.0,1,a,B,b,ok,"B

Based on the immediate gut impression from the images provided, Candidate B appears more dominant. The posture, facial expression, and overall presentation convey a sense of confidence and authority, which are often associated with dominance in first impressions. Candidate A, while also presentin"
34.0,1,b,A,b,ok,"A

**Explanation (for context, not part of the final answer):**  
Based on common psychological associations with facial features and body language in first-impression studies, Candidate A’s broader smile, more open posture, and perceived age (often linked to authority) might be interpreted as signa"
35.0,0,a,B,b,ok,"B

Based on the immediate gut impression from the images provided, Candidate B appears more dominant. This assessment is based on common perceptions associated with facial features and body language often linked to dominance in first impressions. Typically, features such as a broader jawline, direct"
35.0,0,b,A,b,ok,"A

Based on the immediate gut impression from the images provided, Candidate A appears more dominant. This assessment is based on common perceptions associated with facial features and body language often linked to dominance in first impressions. Candidate A has a broader, more assertive smile and a"
35.0,1,a,B,b,ok,"B

Based on the immediate gut impression from the images provided, Candidate B appears more dominant. This assessment is based on common perceptions associated with facial features and body language often linked to dominance in first impressions. Candidate B has a more assertive posture and facial e"
35.0,1,b,A,b,ok,"A

Based on the immediate gut impression from the images provided, Candidate A appears more dominant. This assessment is based on common perceptions associated with facial features and body language often linked to dominance in first impressions. Candidate A has a broader, more assertive smile and a"
36.0,0,a,A,a,ok,"A

Based on the immediate gut impression from the images provided, Candidate A appears more dominant. The posture, facial expression, and overall presentation convey a sense of confidence and authority, which are often associated with dominance in first impressions from facial appearance."
36.0,0,b,B,a,ok,"B

Based on the immediate gut impression from the images provided, Candidate B appears more dominant. This assessment is based on typical visual cues associated with dominance, such as a more assertive posture, direct eye contact, and a confident smile. Candidate B exhibits these characteristics mor"
35.0,2,a,B,b,ok,"B

Based on the immediate gut impression from the images provided, Candidate B appears more dominant. This assessment is based on common perceptions associated with facial features and body language often linked to dominance in first-impression studies. Candidate B has a more assertive posture and f"
35.0,2,b,A,b,ok,"A

Based on the immediate gut impression from the images provided, Candidate A appears more dominant. This assessment is based on common perceptions associated with facial features and body language often linked to dominance in first-impression studies. Candidate A has a broader, more assertive smil"
36.0,2,a,A,a,ok,"A

Based on the immediate gut impression from the images provided, Candidate A appears more dominant. The posture, facial expression, and overall presentation convey a sense of confidence and authority, which are often associated with dominance in first impressions from facial appearance. Candidate "
36.0,2,b,B,a,ok,"B

Based on the immediate gut impression from the images provided, Candidate B appears more dominant. This assessment is based on typical visual cues associated with dominance, such as a more assertive posture, a direct gaze, and a confident smile. Candidate B exhibits these characteristics more str"
36.0,1,a,A,a,ok,"A

Based on the immediate gut impression from the images provided, Candidate A appears more dominant. The posture, facial expression, and overall presentation convey a sense of confidence and authority, which are often associated with dominance in first impressions from facial appearance. Candidate "
36.0,1,b,B,a,ok,"B

Based on the immediate gut impression from the images provided, Candidate B appears more dominant. The posture, facial expression, and overall presentation convey a sense of confidence and authority typically associated with dominance. Candidate A's expression and presentation, while professional"
37.0,1,a,B,b,ok,"B

Based on the immediate gut impression from the images provided, Candidate B appears more dominant. This assessment is based on common perceptions associated with facial features and body language often linked to dominance in first-impression studies. Candidate B has a more assertive posture and f"
37.0,1,b,A,b,ok,"A

**Note:** This response is based on a common, albeit subjective, interpretation of visual cues often associated with perceived dominance in professional settings—such as facial expression, posture, and attire. However, it's important to recognize that dominance is a complex, multifaceted trait th"
37.0,0,a,B,b,ok,"B

Based on the immediate gut impression from the images provided, Candidate B appears more dominant. This assessment is based on common perceptions associated with facial features and body language often linked to dominance in first-impression studies. Candidate B has a more assertive posture and f"
37.0,0,b,A,b,ok,"A

**Explanation (for understanding, not part of the response):**  
Based on common psychological studies of facial cues and first impressions, **Candidate A** often gives a more dominant impression due to several visual factors:

1. **Facial Structure**: A broader, more angular jawline is often sub"
37.0,2,a,B,b,ok,"B

Based on the immediate gut impression from the images provided, Candidate B appears more dominant. This assessment is based on common perceptions associated with facial features and body language often linked to dominance in first impressions. Candidate B has a more assertive posture and facial e"
37.0,2,b,A,b,ok,"A

**Explanation (for your understanding, not part of the required response):**  
Based on common psychological studies of facial cues and first impressions, **Candidate A** is more likely to be perceived as dominant. Key factors include:

1. **Facial Expression**: A broad, open smile can signal con"
38.0,0,a,B,b,ok,"B

Based on the immediate gut impression from the images provided, Candidate B appears more dominant. The posture, facial expression, and overall presentation convey a sense of authority and confidence typically associated with dominant individuals. Candidate A's smile and more open expression may c"
38.0,0,b,A,b,ok,"A

Based on the immediate gut impression from the images provided, Candidate A appears more dominant. The posture, facial expression, and overall presentation convey a sense of authority and confidence typically associated with dominant individuals. Candidate B's smile and more open expression may c"
38.0,1,a,B,b,ok,"B

Based on the immediate gut impression from the images provided, Candidate B appears more dominant. The posture, facial expression, and overall presentation convey a sense of authority and confidence typically associated with dominant individuals. Candidate A's smile and more open expression may c"
38.0,1,b,A,b,ok,"A

Based on the immediate gut impression from the images provided, Candidate A appears more dominant. The posture, facial expression, and overall presentation convey a sense of authority and confidence typically associated with dominant individuals. Candidate B's smile and more open expression may c"
38.0,2,a,B,b,ok,"B

Based on the immediate gut impression from the images provided, Candidate B appears more dominant. The posture, facial expression, and overall presentation convey a sense of authority and confidence typically associated with dominant individuals. Candidate A's smile and more open expression may c"
38.0,2,b,A,b,ok,"A

Based on the immediate gut impression from the images provided, Candidate A appears more dominant. The posture, facial expression, and overall presentation convey a sense of authority and confidence typically associated with dominance in professional or leadership contexts. Candidate A's direct g"
39.0,0,a,B,b,ok,"B

Based on the immediate gut impression from the images provided, Candidate B appears more dominant. The posture, facial expression, and overall presentation convey a sense of confidence and assertiveness typically associated with dominance. Candidate A, while professional and serious, does not pro"
39.0,0,b,A,b,ok,"A

Based on the immediate gut impression from the images provided, Candidate A appears more dominant. The posture, facial expression, and overall presentation convey a sense of confidence and assertiveness typically associated with dominance. Candidate B, while also presenting a professional demeano"
39.0,1,a,B,b,ok,"B

Based on the immediate gut impression from the images provided, Candidate B appears more dominant. The posture, facial expression, and overall presentation convey a sense of confidence and assertiveness that typically aligns with perceptions of dominance. Candidate A, while professional and compo"
39.0,1,b,A,b,ok,"A

Based on the immediate gut impression from the images provided, Candidate A appears more dominant. The posture, facial expression, and overall presentation convey a sense of confidence and assertiveness typically associated with dominance. Candidate B, while also presenting a professional demeano"
40.0,0,a,B,b,ok,"B

Based on the immediate gut impression from the images provided, Candidate B appears more dominant. This assessment is based on common perceptions associated with facial features and body language often linked to dominance in first-impression studies. Candidate B has a more assertive posture and f"
40.0,0,b,A,b,ok,"A

Based on the immediate gut impression from the images provided, Candidate A appears more dominant. This assessment is based on common perceptions associated with facial features and body language often linked to dominance in first-impression studies. Candidate A has a more assertive posture, a di"
39.0,2,a,B,b,ok,"B

Based on the immediate gut impression from the images provided, Candidate B appears more dominant. The posture, facial expression, and overall presentation convey a sense of confidence and assertiveness typically associated with dominance. Candidate A, while professional and composed, presents a "
39.0,2,b,A,b,ok,"A

Based on the immediate gut impression from the images provided, Candidate A appears more dominant. The posture, facial expression, and overall presentation convey a sense of confidence and assertiveness typically associated with dominance. Candidate B, while also presenting a professional demeano"
40.0,1,a,B,b,ok,"B

Based on the immediate gut impression from the images provided, Candidate B appears more dominant. This assessment is based on common perceptions associated with facial features and body language often linked to dominance in first-impression studies. Candidate B has a more assertive posture and f"
40.0,1,b,A,b,ok,"A

Based on the immediate gut impression from the images provided, Candidate A appears more dominant. This assessment is based on common perceptions associated with facial features and body language often linked to dominance in first-impression studies. Candidate A has a more assertive posture, a di"
40.0,2,a,B,b,ok,"B

Based on the immediate gut impression from the images provided, Candidate B appears more dominant. This assessment is based on common perceptions associated with facial features and body language often linked to dominance, such as a more assertive posture, direct gaze, and a broader, more open sm"
40.0,2,b,A,b,ok,"A

Based on the immediate gut impression from the images provided, Candidate A appears more dominant. This assessment is based on common perceptions associated with facial features and body language often linked to dominance in first-impression studies. Candidate A has a more assertive posture, a di"
41.0,0,a,B,b,ok,"B

Based on the immediate gut impression from the images provided, Candidate B appears more dominant. The posture, facial expression, and overall presentation convey a sense of confidence and authority that is often associated with dominance in first impressions. Candidate A, while professional and "
41.0,0,b,A,b,ok,"A

Based on the immediate gut impression from the images provided, Candidate A appears more dominant. The posture, facial expression, and overall presentation convey a sense of confidence and assertiveness typically associated with dominance. Candidate B, while also presenting a professional and app"
41.0,1,a,B,b,ok,"B

Based on the immediate gut impression from the images provided, Candidate B appears more dominant. This assessment is based on common perceptions associated with facial features and body language often linked to dominance, such as a more assertive posture, direct gaze, and a confident smile. Cand"
41.0,1,b,A,b,ok,"A

Based on the immediate gut impression from the images provided, Candidate A appears more dominant. This assessment is based on common perceptions associated with facial features and body language often linked to dominance, such as a more assertive jawline, direct gaze, and confident posture. Cand"
41.0,2,a,B,b,ok,"B

Based on the immediate gut impression from the images provided, Candidate B appears more dominant. The posture, facial expression, and overall presentation convey a sense of confidence and authority that is often associated with dominance in first impressions. Candidate A, while professional and "
41.0,2,b,A,b,ok,"A

Based on the immediate gut impression from the images provided, Candidate A appears more dominant. This assessment is based on common perceptions associated with facial features and body language often linked to dominance, such as a more assertive jawline, direct gaze, and confident posture. Cand"
42.0,0,a,A,a,ok,"A

Based on the immediate gut impression from the images provided, Candidate A appears more dominant. This assessment is based on typical visual cues associated with dominance, such as a more intense gaze, a firmer jawline, and a posture that seems more assertive. These factors contribute to the per"
42.0,0,b,A,b,ok,"A

Based on the immediate gut impression from the images provided, Candidate A appears more dominant. The posture, facial expression, and overall presentation convey confidence and authority, which are often associated with dominance in first impressions. Candidate B, while also presenting a profess"
42.0,1,a,A,a,ok,"A

Based on the immediate gut impression from the images provided, Candidate A appears more dominant. This assessment is based on common perceptions associated with facial features and body language in terms of dominance. Typically, a broader, more squared jawline and a direct, open gaze are often a"
42.0,1,b,A,b,ok,"A

Based on the immediate gut impression from the images provided, Candidate A appears more dominant. The posture, facial expression, and overall presentation convey confidence and authority, which are often associated with dominance in first impressions. Candidate B's expression and posture seem mo"
42.0,2,a,A,a,ok,"A

**Immediate Gut Impression Explanation:**  
Based solely on the provided images and focusing on first impressions of dominance (often associated with assertive posture, strong facial features, and confident expressions):

- **Candidate A** has a broader, more pronounced jawline and a direct, stea"
42.0,2,b,A,b,ok,"A

Based on the immediate gut impression from the images provided, Candidate A appears more dominant. The posture, facial expression, and overall presentation convey confidence and authority, which are often associated with dominance in first impressions. Candidate B, while also professional, has a "
43.0,0,a,A,a,ok,"A

Based on the immediate gut impression from the images provided, Candidate A appears more dominant. The posture, facial expression, and overall presentation convey a sense of authority and confidence typically associated with dominance. Candidate B's expression and posture seem more approachable a"
43.0,0,b,B,a,ok,"B

Based on the immediate gut impression from the images provided, Candidate B appears more dominant. The posture, facial expression, and overall presentation convey a sense of confidence and authority, which are often associated with dominance in first impressions. Candidate A's smile and slightly "
43.0,1,a,A,a,ok,"A

Based on the immediate gut impression from the images provided, Candidate A appears more dominant. The posture, facial expression, and overall presentation convey a sense of authority and confidence commonly associated with dominance. Candidate B's expression and posture seem more approachable an"
43.0,1,b,B,a,ok,"B

Based on the immediate gut impression from the images provided, Candidate B appears more dominant. The posture, facial expression, and overall presentation convey a sense of confidence and authority, which are often associated with dominance in first impressions. Candidate A, while professional, "
43.0,2,a,A,a,ok,"A

Based on the immediate gut impression from the images provided, Candidate A appears more dominant. The posture, facial expression, and overall presentation convey a sense of authority and confidence commonly associated with dominance. Candidate B's expression and posture seem more approachable an"
43.0,2,b,B,a,ok,"B

Based on the immediate gut impression from the images provided, Candidate B appears more dominant. The posture, facial expression, and overall presentation convey a sense of confidence and authority, which are often associated with dominance in first impressions. Candidate A's smile and slightly "
44.0,0,a,A,a,ok,"A

**Explanation (for your understanding, not part of the required response):** 

Based on common psychological and sociological research into first impressions from facial appearance, **Candidate A** is likely to be perceived as more dominant. This assessment is based on several visual cues:

1. **"
44.0,0,b,B,a,ok,"B

Based on the immediate gut impression from the images provided, Candidate B appears more dominant. The posture, facial expression, and overall presentation convey a sense of authority and confidence, which are often associated with dominance in first impressions. Candidate A's smile and more rela"
44.0,2,a,A,a,ok,"A

**Explanation (for your understanding, not part of the required response):**  
Based on common psychological and perceptual cues associated with dominance in facial appearance:

- **Candidate A** exhibits features often linked to perceived dominance: a broader jawline, direct gaze, and a formal p"
44.0,2,b,B,a,ok,"B

Based on the immediate gut impression from the images provided, Candidate B appears more dominant. The posture, facial expression, and overall presentation convey a sense of authority and confidence, which are often associated with dominance in first impressions. Candidate A's smile and more rela"
44.0,1,a,A,a,ok,"A

Based on the immediate gut impression from the images provided, Candidate A appears more dominant. The individual in Candidate A has a more formal and structured appearance, with a suit and tie, which often conveys authority and professionalism. The posture and facial expression also seem more as"
44.0,1,b,B,a,ok,"B

Based on the immediate gut impression from the images provided, Candidate B appears more dominant. The posture, facial expression, and overall presentation convey a sense of authority and confidence, which are often associated with dominance in first impressions. Candidate A's smile and more rela"
45.0,0,a,B,b,ok,"B

Based on the immediate gut impression from the images provided, Candidate B appears more dominant. The posture, facial expression, and overall presentation convey a sense of authority and confidence typically associated with dominant individuals. Candidate B's direct gaze and slight smile, combin"
45.0,0,b,A,b,ok,"A

Based on the immediate gut impression from the images provided, Candidate A appears more dominant. This assessment is based on typical visual cues associated with perceived dominance, such as a more serious expression, direct gaze, and a composed posture. Candidate A's facial expression and overa"
45.0,1,a,B,b,ok,"B

Based on the immediate gut impression from the images provided, Candidate B appears more dominant. The posture, facial expression, and overall presentation convey a sense of authority and confidence typically associated with dominant individuals. Candidate B's direct gaze and composed demeanor co"
45.0,1,b,A,b,ok,"A

Based on the immediate gut impression from the images provided, Candidate A appears more dominant. This assessment is based on typical visual cues associated with perceived dominance, such as a more serious expression, direct gaze, and a composed posture. Candidate A's facial expression and overa"
45.0,2,a,A,a,ok,"A

Based on the immediate gut impression from the images provided, Candidate A appears more dominant. This assessment is based on common perceptions associated with facial features and expressions often linked to dominance, such as a broader smile, more open and direct gaze, and a generally more ass"
45.0,2,b,A,b,ok,"A

Based on the immediate gut impression from the images provided, Candidate A appears more dominant. This assessment is based on typical visual cues associated with perceived dominance, such as a more serious expression, direct gaze, and a composed posture. Candidate A's facial expression and overa"
46.0,0,a,A,a,ok,"A

**Explanation (for your understanding, not part of the required response):**  
Based on common psychological research into first impressions from facial appearance—particularly studies on dominance cues such as brow prominence, jawline strength, and overall facial structure—**Candidate A** appear"
46.0,0,b,A,b,ok,"A

Based on the immediate gut impression from the images provided, Candidate A appears more dominant. This assessment is based on common perceptions associated with facial features and body language in first impressions, such as a more assertive jawline, direct gaze, and overall posture. However, it"
46.0,1,a,A,a,ok,"A

**Explanation (for your understanding, not part of the required response):**  
Based on common psychological research into first impressions from facial appearance—particularly studies on dominance cues such as brow prominence, jawline strength, and overall facial structure—**Candidate A** appear"
46.0,1,b,A,b,ok,"A

Based on the immediate gut impression from the images provided, Candidate A appears more dominant. This assessment is based on common perceptions of facial features and body language often associated with dominance, such as a more assertive jawline, direct gaze, and confident posture. However, it"
46.0,2,a,A,a,ok,"A

**Explanation (for your understanding, not part of the required response):**  
Based on common psychological research into first impressions from facial appearance—particularly studies on dominance, such as those examining brow prominence, jawline strength, and overall facial structure—**Candidat"
46.0,2,b,A,b,ok,"A

Based on the immediate gut impression from the images provided, Candidate A appears more dominant. This assessment is based on common perceptions associated with facial features and body language in first impressions, such as a more assertive jawline, direct gaze, and overall posture. However, it"
47.0,0,a,A,a,ok,"A

Based on the immediate gut impression from the images provided, Candidate A appears more dominant. The posture, facial expression, and overall presentation convey a sense of confidence and authority, which are often associated with dominance in first impressions. Candidate B, while also presentin"
47.0,0,b,A,b,ok,"A

Based on the immediate gut impression from the images provided, Candidate A appears more dominant. This assessment is based on common perceptions associated with facial features and body language often linked to dominance, such as a more assertive jawline, direct gaze, and overall posture. Howeve"
47.0,1,a,A,a,ok,"A

Based on the immediate gut impression from the images provided, Candidate A appears more dominant. The posture, facial expression, and overall presentation convey a sense of confidence and authority, which are often associated with dominance in first impressions. Candidate B, while also presentin"
47.0,1,b,A,b,ok,"A

Based on the immediate gut impression from the images provided, Candidate A appears more dominant. This assessment is based on common perceptions associated with facial features and body language often linked to dominance, such as a more assertive jawline, direct gaze, and overall posture. Howeve"
47.0,2,a,A,a,ok,"A

Based on the immediate gut impression from the images provided, Candidate A appears more dominant. The posture, facial expression, and overall presentation convey a sense of confidence and authority, which are often associated with dominance in first impressions. Candidate B, while also presentin"
47.0,2,b,A,b,ok,"A

Based on the immediate gut impression from the images provided, Candidate A appears more dominant. This assessment is based on common perceptions associated with facial features and body language often linked to dominance, such as a more assertive jawline, direct gaze, and overall posture. Howeve"
48.0,0,a,A,a,ok,"A

Based on the immediate gut impression from the images provided, Candidate A appears more dominant. This assessment is based on typical cues associated with perceived dominance in facial features, such as a more serious expression, a stronger jawline, and a direct gaze, which are often interpreted"
48.0,0,b,B,a,ok,"B

Based on the immediate gut impression from the images provided, Candidate B appears more dominant. This assessment is based on common perceptions associated with facial features and body language often linked to dominance, such as a more serious expression, a stronger jawline, and a direct gaze. "
48.0,1,a,A,a,ok,"A

**Explanation (for context, not part of the answer):**  
Based on common psychological associations in first-impression studies, **Candidate A** typically conveys dominance through features like a broader jawline, a more serious expression, and a posture that appears more assertive in the photogr"
48.0,1,b,B,a,ok,"B

Based on the immediate gut impression from the images provided, Candidate B appears more dominant. This assessment is based on common perceptions associated with facial features and body language often linked to dominance in first impressions. Candidate B has a more assertive posture and facial e"
48.0,2,a,A,a,ok,"A

Based on the immediate gut impression from the images provided, Candidate A appears more dominant. The posture, facial expression, and overall demeanor convey a sense of authority and confidence typically associated with dominance. Candidate B, while professional and confident, does not project t"
48.0,2,b,B,a,ok,"B

Based on the immediate gut impression from the images provided, Candidate B appears more dominant. This assessment is based on common perceptions associated with facial features and body language often linked to dominance in first impressions. Candidate B has a more assertive posture and facial e"
49.0,0,a,B,b,ok,"B

Based on the immediate gut impression from the images provided, Candidate B appears more dominant. The posture, facial expression, and overall presentation convey a sense of confidence and authority, which are often associated with dominance in first impressions. Candidate A's smile and more rela"
49.0,0,b,A,b,ok,"A

Based on the immediate gut impression from the images provided, Candidate A appears more dominant. This assessment is based on common perceptions associated with facial features and body language in terms of dominance. Candidate A has a more serious expression and a direct gaze, which often conve"
49.0,1,a,B,b,ok,"B

Based on the immediate gut impression from the images provided, Candidate B appears more dominant. The posture, facial expression, and overall presentation convey a sense of confidence and authority, which are often associated with dominance in first impressions. Candidate A's smile and more rela"
49.0,1,b,A,b,ok,"A

Based on the immediate gut impression from the images provided, Candidate A appears more dominant. This assessment is based on common perceptions associated with facial features and body language in terms of dominance. Candidate A has a more serious expression and a direct gaze, which often conve"
49.0,2,a,B,b,ok,"B

Based on the immediate gut impression from the images provided, Candidate B appears more dominant. The posture, facial expression, and overall presentation convey a sense of confidence and authority, which are often associated with dominance in first impressions. Candidate A's smile and more rela"
49.0,2,b,A,b,ok,"A

Based on the immediate gut impression from the images provided, Candidate A appears more dominant. This assessment is based on common perceptions associated with facial features and body language in terms of dominance. Candidate A has a more serious expression and a direct gaze, which often conve"
50.0,0,a,B,b,ok,"B

Based on the immediate gut impression from the images provided, Candidate B appears more dominant. The posture, facial expression, and overall presentation convey a sense of authority and confidence typically associated with dominance. Candidate A, while professional and approachable, does not pr"
50.0,0,b,A,b,ok,"A

**Explanation (for understanding, not part of the response):**  
Based on common psychological studies of facial cues and first impressions, **Candidate A** typically conveys dominance through features such as a stronger jawline, a more serious expression, and a composed, less approachable demean"
50.0,1,a,B,b,ok,"B

Based on the immediate gut impression from the images provided, Candidate B appears more dominant. The posture, facial expression, and overall presentation convey a sense of authority and confidence typically associated with dominance. Candidate A, while professional and approachable, does not pr"
50.0,1,b,A,b,ok,"A

**Explanation (for context, not part of the final answer):**  
Based on common psychological associations with dominance in facial features—often linked to a more serious expression, stronger jawline, and a less approachable demeanor—Candidate A appears more dominant at first glance. Candidate B’"
50.0,2,a,B,b,ok,"B

Based on the immediate gut impression from the images provided, Candidate B appears more dominant. The posture, facial expression, and overall presentation convey a sense of authority and confidence typically associated with dominance. Candidate A, while professional and approachable, does not pr"
50.0,2,b,A,b,ok,"A

**Explanation (for context, not part of the final answer):**  
Based on common psychological associations with dominance in facial features—often linked to a more serious expression, stronger jawline, and a less approachable demeanor—Candidate A appears more dominant at first glance. Candidate B’"
51.0,0,a,B,b,ok,"B

Based on the immediate gut impression from the images provided, Candidate B appears more dominant. The posture, facial expression, and overall presentation convey a sense of confidence and assertiveness, which are often associated with dominance in first impressions. Candidate A, while profession"
51.0,0,b,A,b,ok,"A

Based on the immediate gut impression from the images provided, Candidate A appears more dominant. The posture, facial expression, and overall presentation convey a sense of confidence and assertiveness typically associated with dominance. Candidate B, while professional, presents a more reserved"
51.0,1,a,B,b,ok,"B

Based on the immediate gut impression from the images provided, Candidate B appears more dominant. The posture, facial expression, and overall presentation convey a sense of confidence and assertiveness, which are often associated with dominance in first impressions. Candidate A, while profession"
51.0,1,b,A,b,ok,"A

Based on the immediate gut impression from the images provided, Candidate A appears more dominant. The posture, facial expression, and overall presentation convey a sense of confidence and assertiveness commonly associated with dominance. Candidate B, while also presenting a professional appearan"
51.0,2,a,B,b,ok,"B

Based on the immediate gut impression from the images provided, Candidate B appears more dominant. The posture, facial expression, and overall presentation convey a sense of confidence and assertiveness, which are often associated with dominance in first impressions. Candidate A, while profession"
51.0,2,b,A,b,ok,"A

Based on the immediate gut impression from the images provided, Candidate A appears more dominant. The posture, facial expression, and overall presentation convey a sense of confidence and assertiveness typically associated with dominance. Candidate B, while professional, presents a more reserved"
52.0,1,a,A,a,ok,"A

**Explanation (for context, not part of the final answer):**  
Based on common psychological cues associated with perceived dominance in facial appearance—such as a broader jawline, a more open and expansive smile, and a posture that conveys confidence—Candidate A typically gives a stronger immed"
52.0,1,b,B,a,ok,"B

Based on the immediate gut impression from the images provided, Candidate B appears more dominant. The posture, facial expression, and overall presentation convey confidence and authority, which are often associated with dominance in first impressions from facial appearance. Candidate A, while pr"
52.0,0,a,A,a,ok,"A

**Immediate Gut Impression Explanation:**  
Based solely on the provided images and focusing on first impressions of dominance (often associated with confident, assertive, or authoritative appearances), **Candidate A** appears more dominant. 

**Key Observations:**
1. **Smile and Expression**: Ca"
52.0,0,b,B,a,ok,"B

Based on the immediate gut impression from the images provided, Candidate B appears more dominant. The posture, facial expression, and overall presentation convey confidence and authority, which are often associated with dominance in first impressions from facial appearance. Candidate A, while pr"
53.0,0,a,B,b,ok,"B

Based on the immediate gut impression from the images provided, Candidate B appears more dominant. The black-and-white photograph, serious expression, and formal attire contribute to a perception of authority and command. In contrast, Candidate A's color photograph, smiling expression, and more r"
53.0,0,b,A,b,ok,"A

Based on the immediate gut impression from the images provided, Candidate A appears more dominant. The facial expression, posture, and overall demeanor convey a sense of authority and confidence, which are often associated with dominance in first impressions. Candidate B, while professional and a"
52.0,2,a,A,a,ok,"A

**Explanation (for context, not part of the final answer):**  
Based on common psychological cues associated with perceived dominance in facial appearance—such as a broader jawline, direct gaze, and a more open, confident smile—**Candidate A** typically gives a stronger immediate impression of do"
52.0,2,b,B,a,ok,"B

Based on the immediate gut impression from the images provided, Candidate B appears more dominant. The posture, facial expression, and overall presentation convey confidence and authority, which are often associated with dominance in first impressions from facial appearance. Candidate A, while pr"
53.0,1,a,B,b,ok,"B

Based on the immediate gut impression from the images provided, Candidate B appears more dominant. The black-and-white photograph, serious expression, and formal attire contribute to a perception of authority and command. In contrast, Candidate A's color photograph, smiling expression, and more r"
53.0,1,b,A,b,ok,"A

Based on the immediate gut impression from the images provided, Candidate A appears more dominant. The facial expression, posture, and overall demeanor convey a sense of authority and confidence typically associated with dominance. Candidate B's expression and posture, while professional, do not "
53.0,2,a,B,b,ok,"B

Based on the immediate gut impression from the images provided, Candidate B appears more dominant. The black-and-white photograph, serious expression, and formal attire contribute to a perception of authority and command. In contrast, Candidate A's color photograph, smiling expression, and more r"
53.0,2,b,A,b,ok,"A

Based on the immediate gut impression from the images provided, Candidate A appears more dominant. The facial expression, posture, and overall demeanor convey a sense of authority and confidence typically associated with dominance. Candidate B's expression and posture, while professional, do not "
54.0,0,a,A,a,ok,"A

Based on the immediate gut impression from the black-and-white images provided, Candidate A appears more dominant. The posture, facial expression, and overall composition convey a sense of authority and seriousness, which typically aligns with perceptions of dominance in facial assessments. Candi"
54.0,0,b,A,b,ok,"A

Based on the immediate gut impression from the images provided, Candidate A appears more dominant. The facial expression, posture, and overall presentation convey a sense of confidence and authority, which are often associated with dominance in first impressions. Candidate B, while also presentin"
54.0,1,a,A,a,ok,"A

Based on the immediate gut impression from the black-and-white images provided, Candidate A appears more dominant. The posture, facial expression, and overall composition convey a sense of authority and seriousness, which typically aligns with perceptions of dominance in facial assessments. Candi"
54.0,1,b,A,b,ok,"A

Based on the immediate gut impression from the images provided, Candidate A appears more dominant. The facial expression, posture, and overall presentation convey a sense of confidence and authority, which are often associated with dominance in first impressions. Candidate B, while also presentin"
54.0,2,a,A,a,ok,"A

Based on the immediate gut impression from the images provided, Candidate A appears more dominant. The posture, facial expression, and overall demeanor convey a sense of authority and command. Candidate B's smile and slightly softer expression may convey approachability but do not project the sam"
54.0,2,b,A,b,ok,"A

Based on the immediate gut impression from the images provided, Candidate A appears more dominant. The facial expression, posture, and overall presentation convey a sense of confidence and authority, which are often associated with dominance in first impressions. Candidate B, while also presentin"
55.0,0,a,B,b,ok,"B

Based on the immediate gut impression from the images provided, Candidate B appears more dominant. This assessment is based on common perceptions associated with facial features and body language often linked to dominance, such as a more assertive jawline, direct gaze, and overall posture. Howeve"
55.0,0,b,A,b,ok,"A

Based on the immediate gut impression from the images provided, Candidate A appears more dominant. This assessment is based on common perceptions associated with facial features and body language often linked to dominance, such as a broader jawline, a more assertive posture, and a direct gaze. Th"
55.0,1,a,B,b,ok,"B

Based on the immediate gut impression from the images provided, Candidate B appears more dominant. This assessment is based on typical cues associated with perceived dominance in facial features, such as a more assertive jawline, direct gaze, and overall posture, which are often interpreted as si"
55.0,1,b,A,b,ok,"A

Based on the immediate gut impression from the images provided, Candidate A appears more dominant. This assessment is based on common perceptions associated with facial features and body language often linked to dominance, such as a broader jawline, a more assertive posture, and a direct gaze. Th"
55.0,2,a,B,b,ok,"B

Based on the immediate gut impression from the images provided, Candidate B appears more dominant. This assessment is based on typical cues associated with perceived dominance in facial features, such as a more assertive jawline, direct gaze, and overall posture, which are often interpreted as si"
55.0,2,b,A,b,ok,"A

Based on the immediate gut impression from the images provided, Candidate A appears more dominant. This assessment is based on common perceptions associated with facial features and body language often linked to dominance, such as a broader jawline, a more assertive posture, and a direct gaze. Ho"
56.0,0,a,A,a,ok,"A

**Immediate Gut Impression Explanation:**  
Based solely on the provided images and the common stereotypes associated with facial features and dominance, **Candidate A** appears more dominant at first glance. This impression is influenced by several visual cues:

1. **Facial Structure**: Candidat"
56.0,0,b,A,b,ok,"A

Based on the immediate gut impression from the images provided, Candidate A appears more dominant. This assessment is based on common perceptions associated with facial features and body language often linked to dominance, such as a stronger jawline, direct gaze, and a more serious expression. Ca"
57.0,0,a,A,a,ok,"A

Based on the immediate gut impression from the images provided, Candidate A appears more dominant. This assessment is based on common perceptions associated with facial features and body language often linked to dominance in first impressions. Candidate A has a more assertive posture and facial e"
57.0,0,b,B,a,ok,"B

Based on the immediate gut impression from the images provided, Candidate B appears more dominant. This assessment is based on common perceptions associated with facial features and body language often linked to dominance in first impressions. Candidate B has a more assertive posture and facial e"
56.0,1,a,A,a,ok,"A

**Immediate Gut Impression Explanation:**  
Based solely on the visual cues provided in the images, Candidate A appears more dominant at first glance. This assessment is derived from common perceptual biases often associated with facial features and expressions in dominance perception studies:

1"
56.0,1,b,A,b,ok,"A

Based on the immediate gut impression from the images provided, Candidate A appears more dominant. This assessment is based on common perceptions associated with facial features and body language often linked to dominance, such as a stronger jawline, direct gaze, and a more serious expression. Ca"
56.0,2,a,A,a,ok,"A

**Immediate Gut Impression Explanation:**  
Based solely on the visual cues presented in the images, Candidate A appears more dominant at first glance. This assessment is derived from common perceptual biases often associated with facial features and expressions in dominance perception studies:

"
56.0,2,b,A,b,ok,"A

Based on the immediate gut impression from the images provided, Candidate A appears more dominant. This assessment is based on common perceptions associated with facial features and body language often linked to dominance, such as a stronger jawline, direct gaze, and a more serious expression. Ca"
57.0,1,a,A,a,ok,"A

Based on the immediate gut impression from the images provided, Candidate A appears more dominant. This assessment is based on common perceptions associated with facial features and body language often linked to dominance in first impressions. Candidate A has a more assertive posture and facial e"
57.0,1,b,B,a,ok,"B

Based on the immediate gut impression from the images provided, Candidate B appears more dominant. This assessment is based on common perceptions associated with facial features and body language often linked to dominance, such as a more assertive posture, direct gaze, and a broader, more open sm"
57.0,2,a,A,a,ok,"A

Based on the immediate gut impression from the images provided, Candidate A appears more dominant. This assessment is based on common perceptions associated with facial features and body language often linked to dominance in first impressions. Candidate A has a more assertive posture and facial e"
57.0,2,b,B,a,ok,"B

Based on the immediate gut impression from the images provided, Candidate B appears more dominant. This assessment is based on typical visual cues associated with perceived dominance, such as a more assertive posture, direct gaze, and facial expression. Candidate B exhibits these characteristics "
58.0,0,a,A,a,ok,"A

Based on the immediate gut impression from the images provided, Candidate A appears more dominant. This assessment is based on common perceptions associated with facial features and body language in first impressions, where a more assertive posture and facial expression can convey dominance. Cand"
58.0,0,b,B,a,ok,"B

Based on the immediate gut impression from the images provided, Candidate B appears more dominant. This assessment is based on typical visual cues associated with perceived dominance, such as a more assertive posture, a direct gaze, and a facial expression that may convey confidence. Candidate B'"
58.0,1,a,A,a,ok,"A

Based on the immediate gut impression from the images provided, Candidate A appears more dominant. This assessment is based on common perceptions associated with facial features and body language in first impressions, where a more assertive posture, direct gaze, and a broader, more open smile can"
58.0,1,b,B,a,ok,"B

Based on the immediate gut impression from the images provided, Candidate B appears more dominant. This assessment is based on typical visual cues associated with perceived dominance, such as a more assertive posture, a direct gaze, and a facial expression that may convey confidence. Candidate B’"
58.0,2,a,A,a,ok,"A

Based on the immediate gut impression from the images provided, Candidate A appears more dominant. The posture, facial expression, and overall presentation convey a sense of confidence and authority typically associated with dominant individuals. Candidate B's expression and posture, while profes"
58.0,2,b,B,a,ok,"B

Based on the immediate gut impression from the images provided, Candidate B appears more dominant. This assessment is based on typical visual cues associated with dominance, such as a more assertive posture, a direct gaze, and a facial expression that conveys confidence. Candidate B’s appearance "
59.0,0,a,B,b,ok,"B

Based on the immediate gut impression from the images provided, Candidate B appears more dominant. This assessment is based on common stereotypes associated with facial features and body language often linked to perceptions of dominance. Typically, a more angular jawline, a direct gaze, and a con"
59.0,0,b,A,b,ok,"A

Based on the immediate gut impression from the images provided, Candidate A appears more dominant. This assessment is based on typical visual cues associated with dominance, such as a more assertive posture, facial expression, and overall presentation. Candidate A’s smile and direct gaze, combine"
59.0,2,a,B,b,ok,"B

Based on the immediate gut impression from the images provided, Candidate B appears more dominant. This assessment is based on typical visual cues associated with perceived dominance, such as a more assertive posture, direct gaze, and facial features that often correlate with stronger, more comma"
59.0,2,b,A,b,ok,"A

Based on the immediate gut impression from the images provided, Candidate A appears more dominant. This assessment is based on common perceptions associated with facial features and body language often linked to dominance, such as a more assertive posture and facial expression. However, it's impo"
59.0,1,a,B,b,ok,"B

Based on the immediate gut impression from the images provided, Candidate B appears more dominant. This assessment is based on common stereotypes associated with dominance in facial features, such as a more angular jawline, a broader forehead, and a more assertive posture, which are often perceiv"
59.0,1,b,A,b,ok,"A

Based on the immediate gut impression from the images provided, Candidate A appears more dominant. This assessment is based on common stereotypes associated with facial features and body language often linked to perceptions of dominance, such as a broader jawline, direct gaze, and a more assertiv"
60.0,0,a,A,a,ok,"A

Based on the immediate gut impression from the images provided, Candidate A appears more dominant. The facial expression, posture, and overall presentation convey a sense of confidence and assertiveness, which are often associated with dominance in first impressions. Candidate B, while also prese"
60.0,0,b,B,a,ok,"B

Based on the immediate gut impression from the images provided, Candidate B appears more dominant. This assessment is based on typical visual cues associated with perceived dominance, such as a more assertive posture, a broader smile, and a generally more robust and confident facial expression. C"
60.0,1,a,A,a,ok,"A

Based on the immediate gut impression from the images provided, Candidate A appears more dominant. The facial expression, posture, and overall presentation convey a sense of confidence and assertiveness, which are often associated with dominance in first impressions. Candidate B, while also prese"
60.0,1,b,B,a,ok,"B

Based on the immediate gut impression from the images provided, Candidate B appears more dominant. This assessment is based on common visual cues associated with perceived dominance, such as a more assertive posture, a broader smile, and a generally more open and confident facial expression. Cand"
60.0,2,a,A,a,ok,"A

Based on the immediate gut impression from the images provided, Candidate A appears more dominant. The facial expression, posture, and overall presentation convey a sense of confidence and assertiveness, which are often associated with dominance in first impressions. Candidate B, while also prese"
60.0,2,b,B,a,ok,"B

Based on the immediate gut impression from the images provided, Candidate B appears more dominant. This assessment is based on typical visual cues associated with perceived dominance, such as a more assertive posture, a broader smile, and a generally more open and confident facial expression. Can"
61.0,0,a,A,a,ok,"A

Based on the immediate gut impression from the images provided, Candidate A appears more dominant. The posture, facial expression, and overall demeanor in the photograph convey a sense of authority and seriousness, which are often associated with dominance in first impressions. Candidate B, while"
61.0,0,b,A,b,ok,"A

Based on the immediate gut impression from the images provided, Candidate A appears more dominant. The facial expression, posture, and overall presentation convey confidence and assertiveness, which are often associated with dominance in first impressions. Candidate B, while also presenting a pro"
61.0,1,a,A,a,ok,"A

Based on the immediate gut impression from the images provided, Candidate A appears more dominant. The posture, facial expression, and overall demeanor in the photograph convey a sense of authority and seriousness, which are often associated with dominance in first impressions. Candidate B, while"
61.0,1,b,A,b,ok,"A

Based on the immediate gut impression from the images provided, Candidate A appears more dominant. The facial expression, posture, and overall presentation convey confidence and assertiveness, which are often associated with dominance in first impressions. Candidate B, while also presenting a pro"
61.0,2,a,A,a,ok,"A

Based on the immediate gut impression from the images provided, Candidate A appears more dominant. The posture, facial expression, and overall demeanor in the photograph convey a sense of authority and seriousness, which are often associated with dominance in first impressions. Candidate B, while"
61.0,2,b,A,b,ok,"A

Based on the immediate gut impression from the images provided, Candidate A appears more dominant. The facial expression, posture, and overall presentation convey confidence and assertiveness, which are often associated with dominance in first impressions. Candidate B, while also presenting a pro"
62.0,0,a,B,b,ok,"B

Based on the immediate gut impression from the black-and-white images provided, Candidate B appears more dominant. This assessment is based on typical visual cues associated with perceived dominance, such as a more assertive posture, a direct gaze, and facial features that may convey strength or "
62.0,0,b,A,b,ok,"A

Based on the immediate gut impression from the images provided, Candidate A appears more dominant. This assessment is based on typical visual cues associated with perceived dominance, such as facial structure, posture, and expression. Candidate A has a more pronounced jawline and a direct, confid"
62.0,1,a,B,b,ok,"B

Based on the immediate gut impression from the images provided, Candidate B appears more dominant. This assessment is based on typical visual cues associated with perceived dominance, such as a more assertive posture, a direct gaze, and a facial expression that may convey confidence. Candidate B "
62.0,1,b,A,b,ok,"A

Based on the immediate gut impression from the images provided, Candidate A appears more dominant. This assessment is based on typical visual cues associated with perceived dominance, such as facial structure, posture, and expression. Candidate A has a more assertive and strong facial appearance,"
62.0,2,a,B,b,ok,"B

Based on the immediate gut impression from the images provided, Candidate B appears more dominant. This assessment is based on typical visual cues associated with perceived dominance, such as a more assertive posture, a direct gaze, and a facial expression that may convey confidence. Candidate B’"
62.0,2,b,A,b,ok,"A

Based on the immediate gut impression from the black-and-white images provided, Candidate A appears more dominant. This assessment is based on typical visual cues associated with perceived dominance, such as a more assertive posture, facial expression, and overall presentation. Candidate A’s post"
64.0,0,a,B,b,ok,"B

Based on the immediate gut impression from the images provided, Candidate B appears more dominant. The posture, facial expression, and overall presentation convey a sense of authority and confidence, which are often associated with dominance in first impressions from facial appearance. Candidate "
64.0,0,b,B,a,ok,"B

Based on the immediate gut impression from the images provided, Candidate B appears more dominant. The facial expression, posture, and overall presentation convey a sense of confidence and assertiveness, which are often associated with dominance in first impressions. Candidate A's expression and "
64.0,1,a,B,b,ok,"B

Based on the immediate gut impression from the images provided, Candidate B appears more dominant. This assessment is based on common perceptions associated with facial features and expressions often linked to dominance, such as a more serious expression, direct gaze, and a structured posture. Ca"
64.0,1,b,B,a,ok,"B

Based on the immediate gut impression from the images provided, Candidate B appears more dominant. The facial expression, posture, and overall presentation convey a sense of confidence and assertiveness, which are often associated with dominance in first impressions. Candidate A's expression and "
64.0,2,a,B,b,ok,"B

Based on the immediate gut impression from the images provided, Candidate B appears more dominant. This assessment is based on common perceptions associated with facial features and expressions often linked to dominance, such as a more serious expression, direct gaze, and a structured posture. Ca"
64.0,2,b,B,a,ok,"B

Based on the immediate gut impression from the images provided, Candidate B appears more dominant. The facial expression, posture, and overall presentation convey a sense of confidence and assertiveness, which are often associated with dominance in first impressions. Candidate A's expression and "
65.0,0,a,B,b,ok,"B

Based on the immediate gut impression from the images provided, Candidate B appears to convey a more dominant presence. The posture, facial expression, and overall demeanor in the photograph suggest confidence and authority, which are often associated with perceptions of dominance. Candidate A's "
65.0,0,b,B,a,ok,"B

Based on the immediate gut impression from the images provided, Candidate B appears more dominant. This assessment is based on common perceptions associated with facial features and expressions often linked to dominance, such as a broader, more assertive smile and a generally more robust and conf"
66.0,0,a,,,REFUSE,"A

**Note:** This response is based solely on the immediate gut impression as requested, without any deeper analysis or consideration of biases. In real-world scenarios, it's important to recognize that dominance perceptions can be influenced by numerous factors, including cultural, social, and indi"
66.0,0,b,A,b,ok,"A

Based on the immediate gut impression from the images provided, Candidate A appears more dominant. The posture, facial expression, and overall presentation convey a sense of confidence and authority, which are often associated with dominance in first impressions from facial appearance."
65.0,2,a,B,b,ok,"B

Based on the immediate gut impression from the images provided, Candidate B appears to convey a more dominant presence. The posture, facial expression, and overall demeanor in the photograph suggest confidence and authority, which are often associated with perceptions of dominance. Candidate A's "
65.0,2,b,B,a,ok,"B

Based on the immediate gut impression from the images provided, Candidate B appears more dominant. This assessment is based on common perceptions associated with facial features and expressions often linked to dominance, such as a broader, more assertive smile and a generally more robust and conf"
65.0,1,a,B,b,ok,"B

Based on the immediate gut impression from the images provided, Candidate B appears to convey a more dominant presence. The posture, facial expression, and overall demeanor in the photograph suggest confidence and authority, which are often associated with perceptions of dominance. Candidate A's "
65.0,1,b,B,a,ok,"B

Based on the immediate gut impression from the images provided, Candidate B appears more dominant. This assessment is based on common perceptions associated with facial features and expressions often linked to dominance, such as a broader, more assertive smile and a generally more robust and conf"
66.0,1,a,A,a,ok,"A

**Note:** This response is based solely on the immediate gut impression as requested and does not imply any actual assessment of dominance or any other characteristic of the individuals depicted. Real-world judgments about dominance or any other trait should consider a wide range of factors beyon"
66.0,1,b,B,a,ok,"B

Based on the immediate gut impression from the images provided, Candidate B appears more dominant. This assessment is based on common perceptions associated with facial features and expressions often linked to dominance, such as a more assertive jawline and a direct, confident gaze. However, it's"
66.0,2,a,A,a,ok,"A

**Note:** This response is based solely on the immediate gut impression as requested. It's important to recognize that dominance is a complex trait that cannot be accurately assessed from appearance alone, and such judgments can perpetuate stereotypes. Real-world dominance involves a wide range o"
66.0,2,b,A,b,ok,"A

Based on the immediate gut impression from the images provided, Candidate A appears more dominant. The posture, facial expression, and overall presentation convey a sense of confidence and authority, which are often associated with dominance in first impressions from facial appearance."
67.0,1,a,A,a,ok,"A

Based on the immediate gut impression from the images provided, Candidate A appears more dominant. This assessment is based on common perceptions associated with facial features and expressions often linked to dominance, such as a broader smile, more direct eye contact (even though the images are"
67.0,1,b,B,a,ok,"B

Based on the immediate gut impression from the images provided, Candidate B appears more dominant. The smile and direct gaze often convey confidence and approachability, which can be interpreted as dominant traits in a first impression. Candidate A's more neutral expression and direct gaze may co"
67.0,0,a,A,a,ok,"A

Based on the immediate gut impression from the images provided, Candidate A appears more dominant. This assessment is based on common perceptions associated with facial features and expressions often linked to dominance, such as a broader smile, more direct gaze, and a generally more assertive po"
67.0,0,b,B,a,ok,"B

Based on the immediate gut impression from the images provided, Candidate B appears more dominant. The smile and direct gaze often convey confidence and approachability, which can be interpreted as dominant traits in a first impression. Candidate A's more serious expression and direct stare might"
67.0,2,a,A,a,ok,"A

Based on the immediate gut impression from the images provided, Candidate A appears more dominant. This assessment is based on common perceptions associated with facial features and expressions often linked to dominance, such as a broader smile, more direct eye contact (even though the images are"
67.0,2,b,B,a,ok,"B

Based on the immediate gut impression from the images provided, Candidate B appears more dominant. The smile and direct gaze often convey confidence and approachability, which can be interpreted as dominant traits in a first impression. Candidate A's more serious expression and direct stare might"
70.0,1,a,A,a,ok,"A

Based on the immediate gut impression from the images provided, Candidate A appears more dominant. The facial features, posture, and overall presentation of Candidate A convey a sense of authority and confidence, which are often associated with dominance in first impressions. Candidate B, while a"
70.0,1,b,B,a,ok,"B

Based on the immediate gut impression from the images provided, Candidate B appears more dominant. The facial features, posture, and overall presentation of Candidate B convey a sense of authority and confidence, which are often associated with dominance in first impressions. Candidate A, while p"
70.0,0,a,A,a,ok,"A

Based on the immediate gut impression from the images provided, Candidate A appears more dominant. This assessment is based on typical visual cues associated with perceived dominance, such as a more serious expression, a stronger jawline, and a direct gaze, which are often interpreted as indicato"
70.0,0,b,B,a,ok,"B

Based on the immediate gut impression from the images provided, Candidate B appears more dominant. This assessment is based on typical visual cues associated with dominance, such as a more serious expression, a stronger jawline, and a more formal and assertive posture. These elements often contri"
70.0,2,a,A,a,ok,"A

Based on the immediate gut impression from the images provided, Candidate A appears more dominant. This assessment is based on typical visual cues associated with perceived dominance, such as a more serious expression, a stronger jawline, and a direct gaze, which are often interpreted as signs of"
70.0,2,b,B,a,ok,"B

Based on the immediate gut impression from the images provided, Candidate B appears more dominant. This assessment is based on typical visual cues associated with perceived dominance, such as a more serious expression, a direct gaze, and a posture that seems more assertive. These elements often c"
71.0,0,a,B,b,ok,"B

Based on the immediate gut impression from the images provided, Candidate B appears more dominant. This assessment is based on typical visual cues associated with perceived dominance, such as a more assertive facial expression, a direct gaze, and a posture that seems more confident. Candidate A, "
71.0,0,b,A,b,ok,"A

Based on the immediate gut impression from the images provided, Candidate A appears more dominant. This assessment is based on common perceptions associated with facial features and expressions often linked to dominance, such as a broader, more assertive smile and a generally more robust and conf"
71.0,1,a,B,b,ok,"B

Based on the immediate gut impression from the images provided, Candidate B appears more dominant. This assessment is based on common perceptions associated with facial features and body language often linked to dominance, such as a broader, more assertive smile and a generally more robust and co"
71.0,1,b,A,b,ok,"A

Based on the immediate gut impression from the images provided, Candidate A appears more dominant. This assessment is based on common perceptions associated with facial features and expressions often linked to dominance, such as a broader, more assertive smile and a generally more robust and conf"
72.0,0,a,A,a,ok,"A

Based on the immediate gut impression from the images provided, Candidate A appears more dominant. This assessment is based on typical visual cues associated with perceived dominance, such as facial expression, posture, and overall presentation. Candidate A has a more assertive and confident deme"
72.0,0,b,B,a,ok,"B

Based on the immediate gut impression from the images provided, Candidate B appears more dominant. This assessment is based on common perceptions associated with facial features and body language often linked to dominance, such as a more assertive jawline, direct gaze, and a confident posture. Ho"
71.0,2,a,B,b,ok,"B

Based on the immediate gut impression from the images provided, Candidate B appears more dominant. This assessment is based on typical visual cues associated with perceived dominance, such as a more assertive posture, facial expression, and overall presentation. Candidate B has a broader, more op"
71.0,2,b,A,b,ok,"A

Based on the immediate gut impression from the images provided, Candidate A appears more dominant. This assessment is based on common perceptions associated with facial features and expressions often linked to dominance, such as a broader, more assertive smile and a generally more robust and conf"
72.0,1,a,A,a,ok,"A

Based on the immediate gut impression from the images provided, Candidate A appears more dominant. This assessment is based on common perceptions associated with facial features and body language in terms of dominance. Typically, features such as a broader jawline, a more intense gaze, and an upr"
72.0,1,b,B,a,ok,"B

Based on the immediate gut impression from the images provided, Candidate B appears more dominant. This assessment is based on typical visual cues associated with perceived dominance, such as a more assertive posture, a direct gaze, and a facial expression that may convey confidence. These elemen"
72.0,2,a,A,a,ok,"A

Based on the immediate gut impression from the images provided, Candidate A appears more dominant. This assessment is based on common perceptions associated with facial features and body language often linked to dominance, such as a broader jawline, a more assertive smile, and a posture that seem"
72.0,2,b,B,a,ok,"B

Based on the immediate gut impression from the images provided, Candidate B appears more dominant. This assessment is based on typical visual cues associated with perceived dominance, such as a more assertive posture, a direct gaze, and a facial expression that may convey confidence. These elemen"
73.0,0,a,B,b,ok,"B

Based on the immediate gut impression from the images provided, Candidate B appears more dominant. This assessment is based on typical visual cues associated with dominance, such as a more serious expression, direct gaze, and formal attire, which are often perceived as indicators of authority and"
73.0,0,b,A,b,ok,"A

Based on the immediate gut impression from the images provided, Candidate A appears more dominant. This assessment is based on typical cues associated with perceived dominance in facial features, such as a more assertive jawline and a direct, steady gaze. These elements often contribute to an ini"
73.0,1,a,B,b,ok,"B

Based on the immediate gut impression from the images provided, Candidate B appears more dominant. This assessment is based on typical cues associated with perceived dominance in facial features, such as a more serious expression, direct gaze, and a posture that seems more assertive. Candidate A,"
73.0,1,b,A,b,ok,"A

Based on the immediate gut impression from the images provided, Candidate A appears more dominant. This assessment is based on common perceptions associated with facial features and expressions often linked to dominance, such as a stronger jawline and a more serious expression. However, it's impo"
73.0,2,a,B,b,ok,"B

Based on the immediate gut impression from the images provided, Candidate B appears more dominant. This assessment is based on typical visual cues associated with perceived dominance, such as a more serious expression, direct gaze, and formal attire, which are often subconsciously interpreted as "
73.0,2,b,A,b,ok,"A

Based on the immediate gut impression from the images provided, Candidate A appears more dominant. This assessment is based on common perceptions associated with facial features and body language often linked to dominance, such as a more serious expression, direct gaze, and a formal posture. Cand"
74.0,1,a,A,a,ok,"A

Based on the immediate gut impression from the images provided, Candidate A appears more dominant. The facial features, such as a broader jawline and a more serious expression, often correlate with perceptions of dominance in first impressions. Additionally, the formal attire and direct gaze can "
74.0,1,b,B,a,ok,"B

Based on the immediate gut impression from the images provided, Candidate B appears more dominant. The facial features, posture, and overall presentation convey a sense of authority and confidence, which are often associated with dominance in first impressions. Candidate A's expression and featur"
74.0,0,a,A,a,ok,"A

Based on the immediate gut impression from the images, Candidate A appears more dominant. The facial features—such as a broader jawline, a more serious expression, and a direct gaze—often convey an impression of dominance in first impressions from faces. Candidate B, while also presenting a profe"
74.0,0,b,B,a,ok,"B

Based on the immediate gut impression from the images provided, Candidate B appears more dominant. The facial features, posture, and overall presentation convey a sense of authority and confidence, which are often associated with dominance in first impressions. Candidate A's expression and featur"
74.0,2,a,A,a,ok,"A

Based on the immediate gut impression from the images provided, Candidate A appears more dominant. The facial features, such as a broader jawline and a more serious expression, often correlate with perceptions of dominance in first impressions. Additionally, the formal attire and direct gaze can "
74.0,2,b,A,b,ok,"A

Based on the immediate gut impression from the images provided, Candidate A appears more dominant. This assessment is based on common perceptions associated with facial features and expressions often linked to dominance, such as a broader smile, more open and direct eye contact, and a generally m"
75.0,0,a,B,b,ok,"B

Based on the immediate gut impression from the images provided, Candidate B appears more dominant. This assessment is based on typical visual cues associated with perceived dominance, such as a more assertive posture, a direct gaze, and a stronger facial expression. Candidate B exhibits these cha"
75.0,0,b,A,b,ok,"A

Based on the immediate gut impression from the images provided, Candidate A appears more dominant. This assessment is based on common perceptions associated with facial features and expressions often linked to dominance, such as a stronger jawline, a more assertive posture, and a direct gaze. Can"
75.0,2,a,B,b,ok,"B

Based on the immediate gut impression from the images provided, Candidate B appears more dominant. This assessment is based on typical visual cues associated with perceived dominance, such as a more assertive posture, direct gaze, and facial expression. Candidate B exhibits these characteristics "
75.0,2,b,A,b,ok,"A

Based on the immediate gut impression from the images provided, Candidate A appears more dominant. This assessment is based on typical visual cues associated with perceived dominance, such as a more assertive posture, direct gaze, and facial expression. Candidate A exhibits these characteristics "
75.0,1,a,B,b,ok,"B

Based on the immediate gut impression from the images provided, Candidate B appears to convey a more dominant presence. This assessment is based on typical visual cues associated with perceived dominance, such as a more assertive posture, a direct gaze, and a stronger facial expression. Candidate"
75.0,1,b,A,b,ok,"A

Based on the immediate gut impression from the images provided, Candidate A appears more dominant. This assessment is based on typical visual cues associated with perceived dominance, such as a more assertive posture, direct gaze, and facial expression. Candidate A exhibits these characteristics "
76.0,0,a,A,a,ok,"A

Based on the immediate gut impression from the images provided, Candidate A appears more dominant. The posture, facial expression, and overall presentation convey confidence and authority, which are often associated with dominance in first impressions. Candidate B, while pleasant and warm in expr"
76.0,0,b,B,a,ok,"B

Based on the immediate gut impression from the images provided, Candidate B appears more dominant. The posture, facial expression, and overall presentation convey a sense of confidence and authority, which are often associated with dominance in first impressions from facial appearance. Candidate "
76.0,1,a,A,a,ok,"A

Based on the immediate gut impression from the images provided, Candidate A appears more dominant. The posture, facial expression, and overall presentation convey confidence and authority, which are often associated with dominance in first impressions. Candidate B, while pleasant and warm in expr"
76.0,1,b,B,a,ok,"B

Based on the immediate gut impression from the images provided, Candidate B appears more dominant. The posture, facial expression, and overall presentation convey a sense of confidence and authority typically associated with dominance. Candidate A's appearance, while pleasant, does not project th"
76.0,2,a,A,a,ok,"A

Based on the immediate gut impression from the images provided, Candidate A appears more dominant. The posture, facial expression, and overall presentation convey confidence and authority, which are often associated with dominance in first impressions. Candidate B, while pleasant and warm in expr"
76.0,2,b,B,a,ok,"B

Based on the immediate gut impression from the images provided, Candidate B appears more dominant. The posture, facial expression, and overall presentation convey a sense of confidence and authority typically associated with dominance. Candidate A's appearance, while pleasant, does not project th"
77.0,0,a,A,a,ok,"A

Based on the immediate gut impression from the images provided, Candidate A appears more dominant. This assessment is based on typical cues associated with perceived dominance in facial features, such as a more serious expression, direct gaze, and a posture that seems more assertive. These elemen"
77.0,0,b,B,a,ok,"B

Based on the immediate gut impression from the images provided, Candidate B appears more dominant. This assessment is based on typical visual cues associated with dominance, such as a more serious expression, direct gaze, and a posture that seems more assertive. Candidate A, while professional an"
77.0,1,a,A,a,ok,"A

Based on the immediate gut impression from the images provided, Candidate A appears more dominant. This assessment is based on typical cues associated with perceived dominance in facial features, such as a more serious expression, a direct gaze, and a composed posture, which are often interpreted"
77.0,1,b,B,a,ok,"B

Based on the immediate gut impression from the images provided, Candidate B appears more dominant. This assessment is based on typical visual cues associated with perceived dominance, such as a more serious expression, direct gaze, and a posture that seems more assertive. Candidate A's smile and "
77.0,2,a,A,a,ok,"A

Based on the immediate gut impression from the images provided, Candidate A appears more dominant. This assessment is based on typical cues associated with perceived dominance in facial features, such as a more serious expression, a direct gaze, and a composed posture, which are often interpreted"
77.0,2,b,B,a,ok,"B

Based on the immediate gut impression from the images provided, Candidate B appears more dominant. This assessment is based on typical visual cues associated with dominance, such as a more serious expression, direct gaze, and a posture that seems more assertive. Candidate A, with a smiling expres"
78.0,0,a,A,a,ok,"A

Based on the immediate gut impression from the images provided, Candidate A appears more dominant. The facial expression, posture, and overall presentation convey confidence and authority, which are often associated with dominance in first impressions. Candidate B, while also presenting a profess"
78.0,0,b,B,a,ok,"B

Based on the immediate gut impression from the images provided, Candidate B appears more dominant. The posture, facial expression, and overall presentation convey a sense of confidence and authority, which are often associated with dominance in first impressions from facial appearance."
78.0,1,a,A,a,ok,"A

Based on the immediate gut impression from the images provided, Candidate A appears more dominant. The facial expression, posture, and overall presentation convey confidence and authority, which are often associated with dominance in first impressions. Candidate B, while also presenting a profess"
78.0,1,b,B,a,ok,"B

Based on the immediate gut impression from the images provided, Candidate B appears more dominant. The posture, facial expression, and overall presentation convey a sense of confidence and authority, which are often associated with dominance in first impressions from facial appearance. Candidate "
78.0,2,a,A,a,ok,"A

Based on the immediate gut impression from the images provided, Candidate A appears more dominant. The facial expression, posture, and overall presentation convey confidence and authority, which are often associated with dominance in first impressions. Candidate B, while also presenting a profess"
78.0,2,b,B,a,ok,"B

Based on the immediate gut impression from the images provided, Candidate B appears more dominant. The posture, facial expression, and overall presentation convey a sense of confidence and authority, which are often associated with dominance in first impressions from facial appearance. Candidate "
79.0,0,a,B,b,ok,"B

Based on the immediate gut impression from the photographs, Candidate B appears more dominant. The posture, facial expression, and overall presentation convey a sense of confidence and authority, which are often associated with dominance in first impressions from facial appearance. Candidate A, w"
79.0,0,b,A,b,ok,"A

Based on the immediate gut impression from the images provided, Candidate A appears more dominant. The posture, facial expression, and overall presentation convey a sense of confidence and authority, which are often associated with dominance in first impressions. Candidate B, while also professio"
79.0,1,a,B,b,ok,"B

Based on the immediate gut impression from the photographs, Candidate B appears more dominant. The posture, facial expression, and overall presentation convey a sense of confidence and authority, which are often associated with dominance in first impressions from facial appearance. Candidate A, w"
79.0,1,b,A,b,ok,"A

Based on the immediate gut impression from the images provided, Candidate A appears more dominant. The posture, facial expression, and overall presentation convey a sense of confidence and authority, which are often associated with dominance in first impressions. Candidate B, while also professio"
79.0,2,a,B,b,ok,"B

Based on the immediate gut impression from the photographs, Candidate B appears more dominant. The facial expression, posture, and overall presentation convey a sense of confidence and authority, which are often associated with dominance in first impressions from facial appearance. Candidate A, w"
79.0,2,b,A,b,ok,"A

Based on the immediate gut impression from the images provided, Candidate A appears more dominant. The posture, facial expression, and overall presentation convey a sense of confidence and authority, which are often associated with dominance in first impressions. Candidate B, while also professio"
80.0,0,a,A,a,ok,"A

Based on the immediate gut impression from the images provided, Candidate A appears more dominant. The facial features—such as the strong jawline, prominent eyebrows, and direct gaze—convey a sense of assertiveness and authority. These characteristics are often associated with perceptions of domi"
80.0,0,b,B,a,ok,"B

Based on the immediate gut impression from the images provided, Candidate B appears more dominant. The facial features—such as the prominent mustache, strong jawline, and direct gaze—often convey a sense of authority and assertiveness, which are commonly associated with dominance in first impress"
80.0,1,a,A,a,ok,"A

Based on the immediate gut impression from the images provided, Candidate A appears more dominant. The facial features—such as the strong jawline, prominent eyebrows, and direct gaze—convey a sense of assertiveness and authority, which are often associated with dominance in first impressions. Can"
80.0,1,b,B,a,ok,"B

Based on the immediate gut impression from the images provided, Candidate B appears more dominant. The facial features—such as the prominent mustache, stern expression, and direct gaze—convey a sense of authority and control, which are often associated with dominance in first impressions from fac"
80.0,2,a,A,a,ok,"A

Based on the immediate gut impression from the images provided, Candidate A appears more dominant. The facial features—such as the strong jawline, prominent eyebrows, and direct gaze—convey a sense of assertiveness and authority, which are often associated with dominance in first impressions. Can"
80.0,2,b,B,a,ok,"B

Based on the immediate gut impression from the images provided, Candidate B appears more dominant. The facial features—such as the prominent mustache, stern expression, and direct gaze—convey a sense of authority and control, which are often associated with dominance in first impressions from fac"
81.0,0,a,B,b,ok,"B

Based on the immediate gut impression from the images provided, Candidate B appears more dominant. This assessment is based on common perceptions associated with facial features and expressions often linked to dominance, such as a more assertive jawline and a direct, confident gaze. However, it's"
81.0,0,b,A,b,ok,"A

Based on the immediate gut impression from the images provided, Candidate A appears more dominant. This assessment is based on common perceptions associated with facial features and expressions often linked to dominance, such as a broader jawline, a more assertive smile, and a direct gaze. These "
81.0,1,a,B,b,ok,"B

Based on the immediate gut impression from the images provided, Candidate B appears more dominant. This assessment is based on common perceptions associated with facial features and expressions often linked to dominance, such as a more assertive jawline, direct gaze, and overall posture in the ph"
81.0,1,b,A,b,ok,"A

Based on the immediate gut impression from the images provided, Candidate A appears more dominant. This assessment is based on common perceptions associated with facial features and expressions often linked to dominance, such as a broader jawline, a more assertive smile, and a direct gaze. These "
81.0,2,a,B,b,ok,"B

Based on the immediate gut impression from the images provided, Candidate B appears more dominant. This assessment is based on common perceptions associated with facial features and expressions often linked to dominance, such as a more assertive jawline, direct gaze, and overall posture in the ph"
81.0,2,b,A,b,ok,"A

Based on the immediate gut impression from the images provided, Candidate A appears more dominant. This assessment is based on common perceptions associated with facial features and expressions often linked to dominance, such as a broader jawline, a more assertive smile, and a direct gaze. These "
82.0,0,a,A,a,ok,"A

Based on the immediate gut impression from the images provided, Candidate A appears more dominant. The posture, facial expression, and overall presentation convey a sense of confidence and assertiveness typically associated with dominance. Candidate B's expression and posture, while professional,"
82.0,0,b,B,a,ok,"B

Based on the immediate gut impression from the images provided, Candidate B appears more dominant. This assessment is based on typical visual cues associated with perceived dominance, such as a more assertive posture, direct eye contact, and a confident smile. Candidate B exhibits these character"
82.0,1,a,A,a,ok,"A

Based on the immediate gut impression from the images provided, Candidate A appears more dominant. The posture, facial expression, and overall presentation convey a sense of confidence and assertiveness typically associated with dominance. Candidate B's expression and posture, while professional,"
82.0,1,b,B,a,ok,"B

Based on the immediate gut impression from the images provided, Candidate B appears more dominant. This assessment is based on typical visual cues associated with perceived dominance, such as a more assertive posture, direct eye contact, and a confident smile. Candidate B exhibits these character"
82.0,2,a,A,a,ok,"A

Based on the immediate gut impression from the images provided, Candidate A appears more dominant. The posture, facial expression, and overall presentation convey a sense of confidence and assertiveness typically associated with dominance. Candidate B's expression and posture, while professional,"
82.0,2,b,B,a,ok,"B

Based on the immediate gut impression from the images provided, Candidate B appears more dominant. This assessment is based on typical visual cues associated with perceived dominance, such as a more assertive posture, direct eye contact, and a confident smile. Candidate B exhibits these character"
83.0,0,a,,,REFUSE,"A

Based on the immediate gut impression from the images provided, Candidate A appears more dominant. This assessment is based on common perceptions associated with facial features and body language often linked to dominance, such as a broader jawline, a more assertive smile, and an overall posture "
83.0,0,b,A,b,ok,"A

Based on the immediate gut impression from the black-and-white images provided, Candidate A appears more dominant. This assessment is based on typical visual cues associated with dominance, such as a more assertive posture, a direct gaze, and a confident smile. Candidate A seems to exhibit these "
83.0,1,a,A,a,ok,"A

Based on the immediate gut impression from the images provided, Candidate A appears more dominant. This assessment is based on common perceptions associated with facial features and body language in terms of dominance. Typically, a broader, more open smile and a direct gaze can convey confidence "
83.0,1,b,A,b,ok,"A

Based on the immediate gut impression from the black-and-white images provided, Candidate A appears more dominant. The posture, facial expression, and overall presentation convey a sense of confidence and authority that aligns with common perceptions of dominance in facial assessments."
83.0,2,a,,,REFUSE,"A

Based on the immediate gut impression from the images provided, Candidate A appears more dominant. This assessment is based on common perceptions associated with facial features and body language often linked to dominance, such as a broader jawline, a more assertive smile, and an overall posture "
83.0,2,b,A,b,ok,"A

Based on the immediate gut impression from the black-and-white images provided, Candidate A appears more dominant. The posture, facial expression, and overall presentation convey a sense of confidence and authority that is often associated with dominance in first impressions. Candidate B's expres"
84.0,0,a,A,a,ok,"A

Based on the immediate gut impression from the images provided, Candidate A appears more dominant. The facial expression, posture, and overall presentation convey confidence and authority, which are often associated with dominance in first impressions. Candidate B, while also presenting a profess"
84.0,0,b,A,b,ok,"A

Based on the immediate gut impression from the images provided, Candidate A appears more dominant. The facial features, such as a stronger jawline and a more intense gaze, often correlate with perceptions of dominance in first impressions. Additionally, the posture and overall presentation in Can"
84.0,1,a,A,a,ok,"A

Based on the immediate gut impression from the images provided, Candidate A appears more dominant. The facial expression, posture, and overall presentation convey a sense of confidence and authority, which are often associated with dominance in first impressions. Candidate B, while also presentin"
84.0,1,b,A,b,ok,"A

Based on the immediate gut impression from the images provided, Candidate A appears more dominant. The facial features, such as a stronger jawline and a more intense gaze, often correlate with perceptions of dominance in first impressions. Additionally, the posture and overall presentation in Can"
85.0,0,a,B,b,ok,"B

Based on the immediate gut impression from the images provided, Candidate B appears more dominant. The presence of a prominent mustache, a direct gaze, and a more assertive posture in the photograph contribute to this perception. These visual cues are often associated with dominance in first impr"
85.0,0,b,B,a,ok,"B

Based on the immediate gut impression from the images provided, Candidate B appears more dominant. The posture, facial expression, and overall presentation convey a sense of confidence and authority, which are often associated with dominance in first impressions from facial appearance."
84.0,2,a,B,b,ok,"B

Based on the immediate gut impression from the images provided, Candidate B appears more dominant. The posture, facial expression, and overall presentation convey a sense of assertiveness and confidence that typically aligns with perceptions of dominance. Candidate A's smile and more relaxed post"
84.0,2,b,A,b,ok,"A

**Explanation (for your understanding, not part of the final answer):**  
Based on common psychological studies of facial cues associated with dominance, **Candidate A** appears more dominant at first glance. Key factors include:

1. **Strong Jawline and Brow**: A prominent jaw and brow ridge are"
85.0,1,a,B,b,ok,"B

Based on the immediate gut impression from the images provided, Candidate B appears more dominant. The presence of a prominent mustache, a direct gaze, and a more assertive posture in the photograph contribute to this perception. These visual cues are often associated with dominance in first impr"
85.0,1,b,B,a,ok,"B

Based on the immediate gut impression from the images provided, Candidate B appears more dominant. The posture, facial expression, and overall presentation convey a sense of confidence and authority, which are often associated with dominance in first impressions from facial appearance."
85.0,2,a,B,b,ok,"B

Based on the immediate gut impression from the images provided, Candidate B appears more dominant. The presence of a prominent mustache, a direct gaze, and a more assertive posture contribute to this perception. These visual cues are often associated with dominance in first impressions."
85.0,2,b,B,a,ok,"B

Based on the immediate gut impression from the images provided, Candidate B appears more dominant. The posture, facial expression, and overall presentation convey a sense of confidence and authority, which are often associated with dominance in first impressions from facial appearance."
86.0,1,a,B,b,ok,"B

Based on the immediate gut impression from the images provided, Candidate B appears more dominant. This assessment is based on typical visual cues associated with perceived dominance, such as a more assertive posture, a direct gaze, and a facial expression that may convey confidence. Candidate B'"
86.0,1,b,A,b,ok,"A

Based on the immediate gut impression from the images provided, Candidate A appears more dominant. This assessment is based on common perceptions associated with facial features and body language often linked to dominance, such as a broader jawline, direct gaze, and an upright posture, which are "
86.0,0,a,B,b,ok,"B

Based on the immediate gut impression from the images provided, Candidate B appears more dominant. This assessment is based on typical visual cues associated with perceived dominance, such as a more assertive facial expression and posture. However, it's important to note that dominance is a compl"
86.0,0,b,A,b,ok,"A

Based on the immediate gut impression from the images provided, Candidate A appears more dominant. This assessment is based on common perceptions associated with facial features and body language often linked to dominance, such as a broader jawline, direct gaze, and an upright posture, which are "
86.0,2,a,B,b,ok,"B

Based on the immediate gut impression from the images provided, Candidate B appears more dominant. This assessment is based on typical visual cues associated with perceived dominance, such as a more assertive facial expression and posture. However, it's important to note that dominance is a compl"
86.0,2,b,A,b,ok,"A

Based on the immediate gut impression from the images provided, Candidate A appears more dominant. This assessment is based on common perceptions associated with facial features and body language often linked to dominance, such as a broader jawline, direct gaze, and an upright posture, which are "
87.0,0,a,A,a,ok,"A

Based on the immediate gut impression from the images provided, Candidate A appears more dominant. This assessment is based on typical visual cues associated with dominance, such as a more assertive posture, a direct gaze, and a confident smile. Candidate A exhibits these characteristics more str"
87.0,0,b,A,b,ok,"A

Based on the immediate gut impression from the images provided, Candidate A appears more dominant. The posture, facial expression, and overall presentation convey a sense of confidence and authority, which are often associated with dominance in first impressions. Candidate B, while also presentin"
87.0,2,a,A,a,ok,"A

Based on the immediate gut impression from the images provided, Candidate A appears more dominant. This assessment is based on common perceptions associated with facial features and expressions often linked to dominance, such as a broader jawline, a more assertive smile, and a direct gaze. These "
87.0,2,b,A,b,ok,"A

Based on the immediate gut impression from the images provided, Candidate A appears more dominant. This assessment is based on common perceptions associated with facial features and body language in photographs, such as a more open and direct gaze, a broader smile, and a posture that seems more a"
87.0,1,a,A,a,ok,"A

Based on the immediate gut impression from the images provided, Candidate A appears more dominant. This assessment is based on common perceptions associated with facial features and expressions often linked to dominance, such as a broader jawline, a more assertive smile, and a direct gaze. These "
87.0,1,b,B,a,ok,"**B**

Based on the immediate gut impression from the images provided, Candidate B appears more dominant. The posture, facial expression, and overall presentation convey a sense of confidence and authority that aligns with typical perceptions of dominance in professional settings."
88.0,0,a,A,a,ok,"A

Based on the immediate gut impression from the images provided, Candidate A appears more dominant. The facial features, such as a stronger jawline and a more assertive posture, often contribute to perceptions of dominance. Additionally, the direct gaze and the formal attire can also enhance this "
88.0,0,b,,,REFUSE,"A

Based on the immediate gut impression from the images provided, Candidate A appears more dominant. This assessment is based on common perceptions associated with facial features and body language in terms of dominance, such as a more assertive gaze, a stronger jawline, and an overall posture that"
88.0,1,a,A,a,ok,"A

Based on the immediate gut impression from the images provided, Candidate A appears more dominant. The facial features, such as a stronger jawline and a more assertive posture, often contribute to perceptions of dominance. Additionally, the formal attire and direct gaze can also enhance this impr"
88.0,1,b,,,REFUSE,"A

Based on the immediate gut impression from the images provided, Candidate A appears more dominant. This assessment is based on common perceptions associated with facial features and body language in terms of dominance, such as a more assertive gaze, a stronger jawline, and an overall posture that"
88.0,2,a,A,a,ok,"A

Based on the immediate gut impression from the images provided, Candidate A appears more dominant. The facial features, such as a stronger jawline and a more assertive posture, often contribute to perceptions of dominance. Additionally, the direct gaze and the formal attire can also enhance this "
88.0,2,b,A,b,ok,"A

Based on the immediate gut impression from the images provided, Candidate A appears more dominant. This assessment is based on common perceptions associated with facial features and body language in terms of dominance. Typically, a more direct gaze, a stronger jawline, and an overall more asserti"
89.0,0,a,B,b,ok,"B

Based on the immediate gut impression from the images provided, Candidate B appears more dominant. The posture, facial expression, and overall presentation convey a sense of confidence and authority commonly associated with dominance. Candidate A's expression and posture seem more approachable an"
89.0,0,b,A,b,ok,"A

Based on the immediate gut impression from the images provided, Candidate A appears more dominant. The facial expression, posture (as inferred from the black-and-white portrait style), and overall presentation convey a sense of confidence and authority commonly associated with dominance in first "
89.0,1,a,B,b,ok,"B

Based on the immediate gut impression from the images provided, Candidate B appears more dominant. The posture, facial expression, and overall presentation convey a sense of confidence and authority commonly associated with dominance. Candidate A's expression and posture seem more approachable an"
89.0,1,b,A,b,ok,"A

Based on the immediate gut impression from the images provided, Candidate A appears more dominant. The posture, facial expression, and overall presentation convey a sense of confidence and authority typically associated with dominance. Candidate B's expression and posture seem more approachable a"
89.0,2,a,B,b,ok,"B

Based on the immediate gut impression from the images provided, Candidate B appears more dominant. The posture, facial expression, and overall presentation convey a sense of confidence and authority typically associated with dominance. Candidate A's expression and posture seem more approachable a"
89.0,2,b,A,b,ok,"A

Based on the immediate gut impression from the images provided, Candidate A appears more dominant. The posture, facial expression, and overall presentation convey a sense of confidence and authority typically associated with dominant individuals. Candidate B's expression and posture seem more app"
90.0,0,a,B,b,ok,"B

Based on the immediate gut impression from the images provided, Candidate B appears more dominant. The posture, facial expression, and overall presentation convey a sense of confidence and assertiveness typically associated with dominance. Candidate A, while professional and approachable, does no"
90.0,0,b,A,b,ok,"A

Based on the immediate gut impression from the images provided, Candidate A appears more dominant. This assessment is based on typical visual cues associated with dominance, such as a more open and assertive posture, a direct gaze, and a facial expression that conveys confidence. Candidate A exhi"
90.0,1,a,B,b,ok,"B

Based on the immediate gut impression from the images provided, Candidate B appears more dominant. The posture, facial expression, and overall presentation convey a sense of confidence and assertiveness typically associated with dominance. Candidate A, while professional and approachable, does no"
90.0,1,b,A,b,ok,"A

Based on the immediate gut impression from the images provided, Candidate A appears more dominant. This assessment is based on typical visual cues associated with dominance, such as a more open and assertive posture, a direct gaze, and a facial expression that conveys confidence. Candidate A exhi"
90.0,2,a,B,b,ok,"B

Based on the immediate gut impression from the images provided, Candidate B appears more dominant. The posture, facial expression, and overall presentation convey a sense of confidence and assertiveness typically associated with dominance. Candidate A, while professional and approachable, does no"
90.0,2,b,A,b,ok,"A

Based on the immediate gut impression from the images provided, Candidate A appears more dominant. This assessment is based on typical visual cues associated with dominance, such as a more open and assertive posture, a direct gaze, and a facial expression that conveys confidence. Candidate A exhi"
91.0,0,a,A,a,ok,"A

**Explanation (for your understanding, not part of the required response):**  
Based on common psychological studies of facial cues and first impressions, **Candidate A** appears more dominant at first glance. This assessment is based on several visual cues:

1. **Eyebrow Position**: Candidate A "
91.0,0,b,A,b,ok,"A

Based on the immediate gut impression from the images provided, Candidate A appears more dominant. This assessment is based on common perceptions associated with facial features and expressions often linked to dominance, such as a broader jawline, direct gaze, and a confident smile. However, it's"
91.0,1,a,B,b,ok,"B

Based on the immediate gut impression from the images provided, Candidate B appears more dominant. The posture, facial expression, and overall presentation convey a sense of confidence and authority, which are often associated with dominance in first impressions from facial appearance. Candidate "
91.0,1,b,A,b,ok,"A

**Explanation (for understanding, not part of the answer):**  
Based on common psychological studies of facial cues and first impressions, **Candidate A** is likely perceived as more dominant. This assessment is based on several visual cues:

1. **Facial Structure**: Candidate A has a broader, mo"
91.0,2,a,B,b,ok,"B

Based on the immediate gut impression from the images provided, Candidate B appears more dominant. This assessment is based on common perceptions associated with facial features and expressions often linked to dominance, such as a more assertive posture, a direct gaze, and a confident smile. Cand"
91.0,2,b,A,b,ok,"A

Based on the immediate gut impression from the images provided, Candidate A appears more dominant. This assessment is based on common perceptions associated with facial features and expressions often linked to dominance, such as a broader jawline, direct gaze, and a confident smile. However, it's"
92.0,0,a,A,a,ok,"A

Based on the immediate gut impression from the images provided, Candidate A appears more dominant. This assessment is based on common perceptions associated with facial features and body language in terms of dominance, such as a more serious expression, a stronger jawline, and a more assertive po"
92.0,0,b,A,b,ok,"A

Based on the immediate gut impression from the images provided, Candidate A appears more dominant. This assessment is based on common perceptions associated with facial features and expressions often linked to dominance, such as a broader jawline, a more assertive smile, and a direct gaze. Howeve"
92.0,1,a,A,a,ok,"A

Based on the immediate gut impression from the images provided, Candidate A appears more dominant. This assessment is based on common perceptions associated with facial features and body language in terms of dominance, such as a more serious expression, a stronger jawline, and a more assertive po"
92.0,1,b,,,REFUSE,"A

Based on the immediate gut impression from the images provided, Candidate A appears more dominant. This assessment is based on common perceptions associated with facial features and expressions often linked to dominance, such as a broader jawline, a more assertive smile, and a direct gaze. Howeve"
92.0,2,a,A,a,ok,"A

Based on the immediate gut impression from the images provided, Candidate A appears more dominant. This assessment is based on common perceptions associated with facial features and body language in terms of dominance. Typically, a more serious expression, a direct gaze, and a slightly more asser"
92.0,2,b,A,b,ok,"A

Based on the immediate gut impression from the images provided, Candidate A appears more dominant. This assessment is based on common perceptions associated with facial features and expressions often linked to dominance, such as a broader jawline, a more assertive smile, and a direct gaze. Howeve"
93.0,0,a,A,a,ok,"A

**Immediate Gut Impression Explanation:**  
Based solely on the provided images and the common psychological associations with facial features and posture in first-impression judgments, **Candidate A** appears more dominant. This impression is driven by several visual cues:

1. **Facial Expressio"
93.0,0,b,B,a,ok,"B

Based on the immediate gut impression from the images provided, Candidate B appears more dominant. This assessment is based on common perceptions of dominance in facial features, such as a more assertive jawline, a direct gaze, and a confident posture, which are often associated with perceptions "
93.0,1,a,A,a,ok,"A

**Immediate Gut Impression Explanation:**  
Based solely on the provided images and the immediate visual cues typically associated with dominance (such as facial structure, gaze direction, and posture), **Candidate A** appears more dominant. The squared jawline, direct forward gaze, and slightly "
93.0,1,b,B,a,ok,"B

Based on the immediate gut impression from the images provided, Candidate B appears more dominant. The posture, facial expression, and overall presentation convey a sense of confidence and authority, which are often associated with dominance in first impressions from facial appearance."
93.0,2,a,A,a,ok,"A

**Explanation (for context only, not part of the required response):**  
Based on common psychological studies of facial cues and first impressions, **Candidate A** appears more dominant at first glance. This assessment is based on several visual cues often associated with perceived dominance:

1"
93.0,2,b,B,a,ok,"B

Based on the immediate gut impression from the images provided, Candidate B appears more dominant. The posture, facial expression, and overall presentation convey a sense of confidence and authority, which are often associated with dominance in first impressions from facial appearance."
94.0,0,a,A,a,ok,"A

**Explanation (for context only, not part of the required response):**  
Based on common psychological associations with facial features and expressions in first-impression studies, Candidate A’s broader smile, more open and expressive facial features, and slightly more forward-leaning posture (a"
94.0,0,b,B,a,ok,"B

Based on the immediate gut impression from the images provided, Candidate B appears more dominant. This assessment is based on common perceptions associated with facial features and expressions often linked to dominance, such as a broader smile, more open and forward-facing posture, and a general"
94.0,1,a,A,a,ok,"A

**Immediate Gut Impression Explanation:**  
Based solely on the provided images and the immediate visual cues:

- **Candidate A** has a more open, broad smile and a relaxed posture, which can convey approachability and confidence. The facial expression and overall demeanor often associated with s"
94.0,1,b,B,a,ok,"B

Based on the immediate gut impression from the images provided, Candidate B appears more dominant. This assessment is based on common perceptions associated with facial features and expressions often linked to dominance, such as a broader smile, more open and forward-facing posture, and a general"
94.0,2,a,A,a,ok,"A

**Immediate Gut Impression Explanation:**  
Based solely on the provided images and the immediate visual cues:

- **Candidate A** has a more open, broad smile and a relaxed posture, which can convey approachability and confidence. The facial expression and overall demeanor often align with percep"
94.0,2,b,B,a,ok,"B

Based on the immediate gut impression from the images provided, Candidate B appears more dominant. This assessment is based on common perceptions associated with facial features and expressions often linked to dominance, such as a broader smile, more open and forward-facing posture, and a general"
95.0,0,a,A,a,ok,"A

Based on the immediate gut impression from the images provided, Candidate A appears more dominant. This assessment is based on typical cues associated with perceived dominance in facial features, such as a more assertive jawline and a direct, steady gaze. These elements often contribute to an ini"
95.0,0,b,A,b,ok,"A

**Explanation (for your understanding, not part of the required response):**  
Based on common psychological studies of facial cues and first impressions, **Candidate A** is likely to be perceived as more dominant. Key factors include:

1. **Eyebrow Position**: A slightly furrowed brow can signal"
95.0,2,a,A,a,ok,"A

Based on the immediate gut impression from the images provided, Candidate A appears more dominant. This assessment is based on typical cues associated with perceived dominance in facial features, such as a more assertive jawline and a direct, steady gaze. These elements often contribute to an ini"
95.0,2,b,A,b,ok,"A

**Immediate Gut Impression Explanation:**  
Based solely on the provided images and the question of which person appears more dominant at first glance:

- **Candidate A** has a more assertive posture, with a direct gaze and a slightly furrowed brow. The glasses and the style of the suit can also "
96.0,0,a,B,b,ok,"B

Based on the immediate gut impression from the images provided, Candidate B appears more dominant. This assessment is based on typical visual cues associated with perceived dominance, such as a more intense gaze, a stronger jawline, and a more assertive posture. These features are often subconsci"
96.0,0,b,A,b,ok,"A

Based on the immediate gut impression from the images provided, Candidate A appears more dominant. This assessment is based on common perceptions associated with facial features and body language in terms of dominance. Typically, a more assertive gaze, a stronger jawline, and a direct stare are o"
95.0,1,a,A,a,ok,"A

Based on the immediate gut impression from the images provided, Candidate A appears more dominant. This assessment is based on common perceptions associated with facial features and expressions often linked to dominance, such as a more pronounced jawline and a direct, steady gaze. However, it's i"
95.0,1,b,A,b,ok,"A

**Explanation (for understanding, not part of the response):**  
Based on common psychological studies of facial cues and first impressions, **Candidate A** is likely perceived as more dominant. Key factors include:

- **Strong Jawline**: A more pronounced jawline is often associated with dominan"
96.0,1,a,B,b,ok,"B

Based on the immediate gut impression from the images provided, Candidate B appears more dominant. The facial features, such as a stronger jawline and a more intense gaze, often correlate with perceptions of dominance in first impressions. Candidate A's expression and features seem more neutral a"
96.0,1,b,A,b,ok,"A

Based on the immediate gut impression from the images provided, Candidate A appears more dominant. The facial features—such as a stronger jawline, more pronounced eyebrows, and a direct, assertive gaze—convey a sense of confidence and authority, which are often associated with dominance in first "
96.0,2,a,B,b,ok,"B

Based on the immediate gut impression from the images provided, Candidate B appears more dominant. This assessment is based on typical visual cues associated with perceived dominance, such as a more intense gaze, a stronger jawline, and a more assertive posture. These features are often subconsci"
96.0,2,b,A,b,ok,"A

Based on the immediate gut impression from the images provided, Candidate A appears more dominant. This assessment is based on common perceptions associated with facial features and body language in terms of dominance. Typically, a more assertive gaze, a stronger jawline, and a direct stare are o"
97.0,0,a,B,b,ok,"B

Based on the immediate gut impression from the images provided, Candidate B appears more dominant. This assessment is based on common perceptions of dominance in facial features, such as a more assertive gaze, a firmer jawline, and a direct, confident smile. These elements often contribute to an "
97.0,0,b,B,a,ok,"B

Based on the immediate gut impression from the images provided, Candidate B appears more dominant. This assessment is based on common non-verbal cues often associated with perceived dominance, such as a more assertive posture, direct gaze, and a confident smile. Candidate B exhibits these traits "
97.0,1,a,B,b,ok,"B

Based on the immediate gut impression from the images provided, Candidate B appears more dominant. This assessment is based on common perceptions of dominance in facial features, such as a more assertive gaze, a firmer jawline, and a direct, confident smile. These elements often contribute to an "
97.0,1,b,B,a,ok,"B

Based on the immediate gut impression from the images provided, Candidate B appears more dominant. This assessment is based on common non-verbal cues often associated with perceived dominance, such as a more assertive posture, direct gaze, and a confident smile. Candidate B exhibits these traits "
97.0,2,a,B,b,ok,"B

Based on the immediate gut impression from the images provided, Candidate B appears more dominant. This assessment is based on common perceptions of dominance in facial features, such as a more assertive posture, direct gaze, and overall presentation. However, it's important to note that dominanc"
97.0,2,b,B,a,ok,"B

Based on the immediate gut impression from the images provided, Candidate B appears more dominant. This assessment is based on common non-verbal cues often associated with perceived dominance, such as a more assertive posture, direct gaze, and a confident smile. Candidate B exhibits these traits "
98.0,0,a,B,b,ok,"B

Based on the immediate gut impression from the images provided, Candidate B appears more dominant. This assessment is based on common perceptions associated with facial features and body language often linked to dominance, such as a more assertive posture and a direct gaze. However, it's importan"
98.0,0,b,B,a,ok,"B

Based on the immediate gut impression from the images provided, Candidate B appears more dominant. This assessment is based on common non-verbal cues often associated with dominance, such as a more assertive posture, direct eye contact, and a broader, more open smile. These elements can convey co"
98.0,1,a,B,b,ok,"B

Based on the immediate gut impression from the images provided, Candidate B appears more dominant. This assessment is based on common perceptions associated with facial features and body language often linked to dominance, such as a more assertive posture and a direct gaze. However, it's importan"
98.0,1,b,B,a,ok,"B

Based on the immediate gut impression from the images provided, Candidate B appears more dominant. This assessment is based on common non-verbal cues often associated with dominance, such as a more assertive posture, direct eye contact, and a broader, more open smile. These elements can convey co"
98.0,2,a,B,b,ok,"B

Based on the immediate gut impression from the images provided, Candidate B appears more dominant. This assessment is based on common perceptions associated with facial features and body language often linked to dominance, such as a more assertive posture and a direct gaze. However, it's importan"
98.0,2,b,B,a,ok,"B

Based on the immediate gut impression from the images provided, Candidate B appears more dominant. This assessment is based on common non-verbal cues often associated with dominance, such as a more assertive posture, direct eye contact, and a broader, more open smile. These elements can convey co"
99.0,0,a,B,b,ok,"B

Based on the immediate gut impression from the images provided, Candidate B appears more dominant. This assessment is based on typical visual cues associated with perceived dominance, such as a more assertive posture, a direct gaze, and a confident smile. Candidate B exhibits these characteristic"
99.0,0,b,A,b,ok,"A

Based on the immediate gut impression from the images provided, Candidate A appears more dominant. This assessment is based on common perceptions associated with facial features and body language in terms of dominance. Candidate A has a more assertive posture, a direct gaze, and a broader, more o"
99.0,1,a,B,b,ok,"B

Based on the immediate gut impression from the images provided, Candidate B appears more dominant. This assessment is based on typical visual cues associated with perceived dominance, such as a more assertive posture, a direct gaze, and a confident smile. Candidate B exhibits these characteristic"
99.0,1,b,A,b,ok,"A

Based on the immediate gut impression from the images provided, Candidate A appears more dominant. This assessment is based on common perceptions associated with facial features and body language in terms of dominance. Candidate A has a more assertive posture, a direct gaze, and a slight smile th"
99.0,2,a,B,b,ok,"B

Based on the immediate gut impression from the images provided, Candidate B appears more dominant. This assessment is based on common perceptions associated with facial features and body language often linked to dominance, such as a more assertive jawline, direct gaze, and confident posture. Howe"
99.0,2,b,A,b,ok,"A

Based on the immediate gut impression from the images provided, Candidate A appears more dominant. This assessment is based on common perceptions associated with facial features and body language in terms of dominance. Candidate A has a more assertive posture and facial expression, which often co"
100.0,0,a,A,a,ok,"A

**Explanation (for your understanding, not part of the required response):**  
Based on common psychological studies of facial cues and first impressions, **Candidate A** typically conveys a more dominant impression. Key factors include:

- **Facial Expression**: A broad, open smile can signal co"
100.0,0,b,B,a,ok,"B

Based on the immediate gut impression from the images provided, Candidate B appears more dominant. The posture, facial expression, and overall presentation convey confidence and assertiveness, which are often associated with dominance in first impressions. Candidate A, while professional, present"
100.0,1,a,A,a,ok,"A

Based on the immediate gut impression from the images provided, Candidate A appears more dominant. The facial expression, posture, and overall presentation convey confidence and assertiveness, which are often associated with dominance in first impressions. Candidate B, while also presenting a pro"
100.0,1,b,B,a,ok,"B

Based on the immediate gut impression from the images provided, Candidate B appears more dominant. The posture, facial expression, and overall presentation convey confidence and assertiveness, which are often associated with dominance in first impressions. Candidate A, while professional, present"
100.0,2,a,A,a,ok,"A

Based on the immediate gut impression from the images provided, Candidate A appears more dominant. The facial expression, posture, and overall presentation convey confidence and assertiveness, which are often associated with dominance in first impressions. Candidate B, while professional, has a m"
100.0,2,b,B,a,ok,"B

Based on the immediate gut impression from the images provided, Candidate B appears more dominant. The posture, facial expression, and overall presentation convey confidence and assertiveness, which are often associated with dominance in first impressions. Candidate A, while professional, has a m"
101.0,0,a,B,b,ok,"B

Based on the immediate gut impression from the images provided, Candidate B appears more dominant. This assessment is based on common stereotypes associated with facial features and expressions often perceived as conveying authority and confidence. Candidate B has a more assertive posture, a dire"
101.0,0,b,A,b,ok,"A

Based on the immediate gut impression from the images provided, Candidate A appears more dominant. The posture, facial expression, and overall presentation convey a sense of confidence and authority that is typically associated with dominance in first impressions. Candidate B, while presenting a "
101.0,1,a,B,b,ok,"B

Based on the immediate gut impression from the images provided, Candidate B appears more dominant. This assessment is based on common perceptions associated with facial features and body language often linked to dominance, such as a more assertive gaze, a firmer jawline, and a direct stare, which"
101.0,1,b,A,b,ok,"A

Based on the immediate gut impression from the images provided, Candidate A appears more dominant. The posture, facial expression, and overall presentation convey a sense of confidence and authority that is often associated with dominance in first impressions. Candidate B's appearance, while prof"
101.0,2,a,B,b,ok,"B

Based on the immediate gut impression from the images provided, Candidate B appears more dominant. This assessment is based on common stereotypes associated with facial features and expressions often perceived as authoritative or commanding. Candidate B has a more assertive posture, a direct gaze"
101.0,2,b,A,b,ok,"A

Based on the immediate gut impression from the images provided, Candidate A appears more dominant. The posture, facial expression, and overall presentation convey a sense of confidence and authority that is typically associated with dominance in first impressions. Candidate B's appearance, while "
102.0,0,a,B,b,ok,"B

Based on the immediate gut impression from the images provided, Candidate B appears more dominant. The posture, facial expression, and overall demeanor convey a sense of assertiveness and confidence, which are often associated with dominance in first impressions from facial appearance. Candidate "
102.0,0,b,A,b,ok,"A

Based on the immediate gut impression from the images provided, Candidate A appears more dominant. The facial expression and posture convey assertiveness and confidence, which are often associated with dominance in first impressions. Candidate B, while professional, has a more approachable and le"
102.0,1,a,B,b,ok,"B

Based on the immediate gut impression from the images provided, Candidate B appears more dominant. The posture, facial expression, and overall demeanor convey a sense of assertiveness and confidence, which are often associated with dominance in first impressions from facial appearance. Candidate "
102.0,1,b,A,b,ok,"A

Based on the immediate gut impression from the images provided, Candidate A appears more dominant. The facial expression and posture convey assertiveness and confidence, which are often associated with dominance in first impressions. Candidate B, while professional, has a more approachable and le"
102.0,2,a,B,b,ok,"B

Based on the immediate gut impression from the images provided, Candidate B appears more dominant. The posture, facial expression, and overall demeanor convey a sense of assertiveness and confidence, which are often associated with dominance in first impressions from facial appearance. Candidate "
102.0,2,b,A,b,ok,"A

Based on the immediate gut impression from the images provided, Candidate A appears more dominant. The facial expression and posture convey assertiveness and confidence, which are often associated with dominance in first impressions. Candidate B, while professional, has a more relaxed and smiling"
103.0,0,a,A,a,ok,"A

Based on the immediate gut impression from the images provided, Candidate A appears more dominant. The posture, facial expression, and overall presentation convey a sense of confidence and authority that is often associated with dominance in first impressions. Candidate B's expression and posture"
103.0,0,b,A,b,ok,"A

Based on the immediate gut impression from the images provided, Candidate A appears more dominant. The facial expression and posture in Candidate A's photo convey confidence and assertiveness, which are often associated with dominance. Candidate B's expression is more neutral and less intense, gi"
103.0,1,a,A,a,ok,"A

Based on the immediate gut impression from the images provided, Candidate A appears more dominant. This assessment is based on common perceptions associated with facial features and body language often linked to dominance, such as a more angular jawline, a direct gaze, and an upright posture. Can"
103.0,1,b,A,b,ok,"A

Based on the immediate gut impression from the images provided, Candidate A appears more dominant. The facial expression and posture in Candidate A's photo convey confidence and assertiveness, which are often associated with dominance. Candidate B's expression is more reserved and less intense, g"
103.0,2,a,A,a,ok,"A

Based on the immediate gut impression from the images provided, Candidate A appears more dominant. This assessment is based on common perceptions associated with facial features and body language often linked to dominance, such as a more angular jawline, direct gaze, and a confident posture. Cand"
103.0,2,b,A,b,ok,"A

Based on the immediate gut impression from the images provided, Candidate A appears more dominant. The facial expression and posture in Candidate A's photo convey confidence and assertiveness, which are often associated with dominance. Candidate B's expression is more neutral and less intense, gi"
104.0,0,a,A,a,ok,"A

**Immediate Gut Impression Explanation:**  
Based solely on the provided images and the question of which person appears more dominant at first glance:

- **Candidate A** has a broader, more squared jawline and a direct, open gaze, which are often subconsciously associated with dominance in many "
104.0,0,b,B,a,ok,"B

Based on the immediate gut impression from the images provided, Candidate B appears more dominant. The posture, facial expression, and overall demeanor convey a sense of assertiveness and confidence typically associated with dominance. Candidate A's expression and posture seem more approachable a"
104.0,1,a,A,a,ok,"A

Based on the immediate gut impression from the images provided, Candidate A appears more dominant. This assessment is based on typical visual cues associated with perceived dominance, such as facial structure, expression, and posture. Candidate A has a broader, more angular jawline and a direct, "
104.0,1,b,B,a,ok,"B

Based on the immediate gut impression from the images provided, Candidate B appears more dominant. The posture, facial expression, and overall demeanor convey a sense of assertiveness and confidence typically associated with dominance. Candidate A's expression and posture seem more approachable a"
104.0,2,a,A,a,ok,"A

Based on the immediate gut impression from the images provided, Candidate A appears more dominant. This assessment is based on typical visual cues associated with perceived dominance, such as facial structure, expression, and posture. Candidate A has a broader, more angular jawline and a direct, "
104.0,2,b,B,a,ok,"B

Based on the immediate gut impression from the images provided, Candidate B appears more dominant. The posture, facial expression, and overall demeanor convey a sense of assertiveness and confidence typically associated with dominance. Candidate A's expression and posture seem more approachable a"
105.0,0,a,A,a,ok,"A

**Explanation (for understanding, not part of the final response):**  
Based on common psychological studies of facial cues and first impressions, **Candidate A** typically conveys a more dominant appearance. Factors that contribute to this perception include:

- **Strong Jawline**: A more pronou"
105.0,0,b,A,b,ok,"A

Based on the immediate gut impression from the images provided, Candidate A appears more dominant. This assessment is based on common non-verbal cues often associated with dominance, such as a more open and confident posture, a direct gaze, and a slight smile that can convey assertiveness. Candid"
105.0,1,a,A,a,ok,"A

**Explanation (for understanding, not part of the final response):**  
Based on common psychological studies of facial cues and first impressions, **Candidate A** typically conveys a more dominant appearance. Factors that contribute to this perception include:

1. **Strong Jawline**: A more prono"
105.0,1,b,A,b,ok,"A

Based on the immediate gut impression from the images provided, Candidate A appears more dominant. This assessment is based on common perceptions associated with facial features and expressions often linked to dominance, such as a broader jawline, a more assertive smile, and a direct gaze. These "
106.0,0,a,B,b,ok,"B

Based on the immediate gut impression from the images provided, Candidate B appears more dominant. This assessment is based on common stereotypes associated with facial features and expressions often linked to perceptions of dominance, such as a more angular jawline, direct gaze, and a formal att"
106.0,0,b,A,b,ok,"A

**Explanation (for context only, not part of the required response):**  
Based on common psychological associations in first-impression studies, **Candidate A** is more likely to be perceived as dominant. Factors contributing to this impression include:

- **Strong Jawline and Brow:** These featu"
105.0,2,a,A,a,ok,"A

**Explanation (for understanding, not part of the final response):**  
Based on common psychological studies of facial cues and first impressions, **Candidate A** typically conveys a more dominant impression. Factors that contribute to this perception include:

1. **Strong Jawline and Brow**: A m"
105.0,2,b,A,b,ok,"A

Based on the immediate gut impression from the images provided, Candidate A appears more dominant. This assessment is based on common perceptions associated with facial features and expressions often linked to dominance, such as a broader jawline, a more assertive smile, and a direct gaze. These "
106.0,1,a,B,b,ok,"B

Based on the immediate gut impression from the images provided, Candidate B appears more dominant. This assessment is based on common perceptions associated with facial features and expressions often linked to dominance, such as a more angular jawline, direct gaze, and a confident posture. Candid"
106.0,1,b,A,b,ok,"A

**Explanation (for understanding, not part of the final answer):**  
Based on common psychological studies of facial cues and first impressions, **Candidate A** is more likely to be perceived as dominant. Key factors include:

- **Strong Jawline and Brow:** These features are often subconsciously"
107.0,0,a,A,a,ok,"A

Based on the immediate gut impression from the images provided, Candidate A appears more dominant. The posture, facial expression, and overall presentation convey a sense of confidence and assertiveness typically associated with dominance. Candidate B, while also presenting a professional appeara"
107.0,0,b,A,b,ok,"A

**Immediate Gut Impression Explanation:**  
Based solely on the provided images and focusing on typical visual cues associated with perceived dominance (such as facial structure, gaze direction, and posture), **Candidate A** appears more dominant. The broader jawline, direct gaze, and slight smil"
106.0,2,a,B,b,ok,"B

Based on the immediate gut impression from the images provided, Candidate B appears more dominant. This assessment is based on common perceptions associated with facial features and expressions often linked to dominance, such as a more angular jawline, direct gaze, and a formal attire that convey"
106.0,2,b,A,b,ok,"A

**Explanation (for understanding, not part of the final answer):**  
Based on common psychological studies of facial cues and first impressions, **Candidate A** is more likely to be perceived as dominant. Key factors include:

- **Strong Jawline and Brow:** These features are often subconsciously"
107.0,1,a,A,a,ok,"A

**Immediate Gut Impression Explanation:**  
Based solely on the provided black-and-white images and focusing on common visual cues associated with perceived dominance (such as facial structure, gaze direction, and posture implications):

- **Candidate A** presents a more direct and open gaze, wit"
107.0,1,b,A,b,ok,"A

**Immediate Gut Impression Explanation:**  
Based solely on the provided images and focusing on common visual cues associated with perceived dominance (such as facial structure, gaze direction, and posture), **Candidate A** appears more dominant. The broader jawline, direct forward gaze, and slig"
107.0,2,a,A,a,ok,"A

**Immediate Gut Impression Explanation:**  
Based solely on the provided black-and-white images and typical visual cues associated with perceived dominance:

- **Candidate A** has a more direct gaze, a slightly broader and more squared jawline, and a posture that appears more upright. These featu"
107.0,2,b,A,b,ok,"A

**Immediate Gut Impression Explanation:**  
Based solely on the provided images and focusing on common visual cues associated with perceived dominance (such as facial structure, gaze direction, and posture), **Candidate A** appears more dominant. The broader jawline, more pronounced brow ridge, a"
108.0,0,a,A,a,ok,"A

Based on the immediate gut impression from the images provided, Candidate A appears more dominant. The posture, facial expression, and overall presentation convey a sense of confidence and authority commonly associated with dominance in many cultural contexts. Candidate A's direct gaze, slight sm"
108.0,0,b,B,a,ok,"B

Based on the immediate gut impression from the images provided, Candidate B appears more dominant. This assessment is based on typical visual cues associated with dominance, such as posture, facial expression, and overall presentation. Candidate B has a more assertive posture and a direct gaze, w"
108.0,1,a,A,a,ok,"A

Based on the immediate gut impression from the images provided, Candidate A appears more dominant. The posture, facial expression, and overall presentation convey a sense of confidence and authority commonly associated with dominance in many cultural contexts. Candidate A's direct gaze, slight sm"
108.0,1,b,B,a,ok,"B

Based on the immediate gut impression from the images provided, Candidate B appears more dominant. This assessment is based on typical visual cues associated with perceived dominance, such as posture, facial expression, and overall presentation. Candidate B has a more assertive posture and a conf"
108.0,2,a,A,a,ok,"A

Based on the immediate gut impression from the images provided, Candidate A appears more dominant. The posture, facial expression, and overall presentation convey a sense of confidence and authority commonly associated with dominance in many cultural contexts. Candidate A's direct gaze, slight sm"
108.0,2,b,B,a,ok,"B

Based on the immediate gut impression from the images provided, Candidate B appears more dominant. This assessment is based on typical visual cues associated with dominance, such as posture, facial expression, and overall presentation. Candidate B has a more assertive posture and a direct gaze, w"
109.0,0,a,A,a,ok,"A

Based on the immediate gut impression from the images provided, Candidate A appears more dominant. The posture, facial expression, and overall presentation convey a sense of confidence and authority, which are often associated with dominance in first impressions from facial appearance."
109.0,0,b,B,a,ok,"B

Based on the immediate gut impression from the images provided, Candidate B appears more dominant. This assessment is based on typical visual cues associated with perceived dominance, such as a more assertive posture, a direct gaze, and a stronger facial expression. Candidate B exhibits these cha"
109.0,1,a,A,a,ok,"A

Based on the immediate gut impression from the images provided, Candidate A appears more dominant. The posture, facial expression, and overall presentation convey a sense of confidence and authority, which are often associated with dominance in first impressions from facial appearance."
109.0,1,b,B,a,ok,"B

Based on the immediate gut impression from the images provided, Candidate B appears more dominant. This assessment is based on common perceptions associated with facial features and body language often linked to dominance, such as a more assertive jawline, direct gaze, and overall posture. Howeve"
109.0,2,a,A,a,ok,"A

Based on the immediate gut impression from the images provided, Candidate A appears more dominant. The posture, facial expression, and overall presentation convey a sense of confidence and authority, which are often associated with dominance in first impressions from facial appearance."
109.0,2,b,B,a,ok,"B

Based on the immediate gut impression from the images provided, Candidate B appears more dominant. This assessment is based on common perceptions associated with facial features and body language often linked to dominance, such as a more assertive jawline, direct gaze, and overall posture. Howeve"
110.0,0,a,B,b,ok,"B

Based on the immediate gut impression from the images provided, Candidate B appears more dominant. The posture, facial expression, and overall presentation convey a sense of confidence and authority, which are often associated with dominance in first impressions. Candidate A, while also presentin"
110.0,0,b,A,b,ok,"A

Based on the immediate gut impression from the images provided, Candidate A appears more dominant. This assessment is based on common perceptions of dominance in facial features, such as a stronger jawline, more intense gaze, and overall posture, which are often associated with perceptions of aut"
110.0,1,a,B,b,ok,"B

Based on the immediate gut impression from the images provided, Candidate B appears more dominant. The posture, facial expression, and overall presentation convey a sense of confidence and authority, which are often associated with dominance in first impressions. Candidate A, while also presentin"
110.0,1,b,A,b,ok,"A

Based on the immediate gut impression from the images provided, Candidate A appears more dominant. This assessment is based on common perceptions associated with facial features and expressions often linked to dominance, such as a stronger jawline, a more assertive posture, and a direct gaze. Can"
111.0,0,a,B,b,ok,"B

Based on the immediate gut impression from the images provided, Candidate B appears more dominant. The posture, facial expression, and overall demeanor convey a sense of confidence and assertiveness, which are often associated with dominance in first impressions from facial appearance. Candidate "
111.0,0,b,A,b,ok,"A

Based on the immediate gut impression from the images provided, Candidate A appears more dominant. The posture, facial expression, and overall presentation convey a sense of confidence and authority, which are often associated with dominance in first impressions from facial appearance."
111.0,1,a,B,b,ok,"B

Based on the immediate gut impression from the images provided, Candidate B appears more dominant. The posture, facial expression, and overall presentation convey a sense of assertiveness and confidence that typically aligns with perceptions of dominance. Candidate A, while also presenting a prof"
111.0,1,b,A,b,ok,"A

Based on the immediate gut impression from the images provided, Candidate A appears more dominant. The posture, facial expression, and overall presentation convey a sense of confidence and authority, which are often associated with dominance in first impressions from facial appearance."
110.0,2,a,B,b,ok,"B

Based on the immediate gut impression from the images provided, Candidate B appears more dominant. The posture, facial expression, and overall presentation convey a sense of confidence and authority, which are often associated with dominance in first impressions. Candidate A, while also presentin"
110.0,2,b,A,b,ok,"A

Based on the immediate gut impression from the images provided, Candidate A appears more dominant. This assessment is based on common perceptions of dominance in facial features, such as a stronger jawline, more intense gaze, and overall posture, which are often associated with perceptions of aut"
111.0,2,a,B,b,ok,"B

Based on the immediate gut impression from the images provided, Candidate B appears more dominant. The posture, facial expression, and overall demeanor convey a sense of confidence and assertiveness, which are often associated with dominance in first impressions from facial appearance. Candidate "
111.0,2,b,A,b,ok,"A

Based on the immediate gut impression from the images provided, Candidate A appears more dominant. The posture, facial expression, and overall presentation convey a sense of confidence and authority, which are often associated with dominance in first impressions from facial appearance."
112.0,0,a,A,a,ok,"A

Based on the immediate gut impression from the images provided, Candidate A appears more dominant. This assessment is based on common perceptions associated with facial features and expressions often linked to dominance, such as a broader jawline, a more assertive smile, and a direct gaze. These "
112.0,0,b,B,a,ok,"B

Based on the immediate gut impression from the images provided, Candidate B appears more dominant. This assessment is based on common perceptions of dominance in facial features, such as a more assertive jawline, direct gaze, and overall posture, which are often associated with perceptions of lea"
112.0,2,a,A,a,ok,"A

Based on the immediate gut impression from the images provided, Candidate A appears more dominant. This assessment is based on common perceptions associated with facial features and expressions often linked to dominance, such as a broader jawline, a more assertive smile, and a direct gaze. These "
112.0,2,b,B,a,ok,"B

Based on the immediate gut impression from the images provided, Candidate B appears more dominant. This assessment is based on common non-verbal cues often associated with dominance, such as a more assertive posture, direct gaze, and a broader, more open smile. Candidate B exhibits these traits m"
112.0,1,a,A,a,ok,"A

Based on the immediate gut impression from the images provided, Candidate A appears more dominant. This assessment is based on common perceptions associated with facial features and expressions often linked to dominance, such as a broader jawline, direct gaze, and an open, confident smile. Candid"
112.0,1,b,B,a,ok,"B

Based on the immediate gut impression from the images provided, Candidate B appears more dominant. This assessment is based on common non-verbal cues often associated with perceived dominance, such as a more assertive posture, direct gaze, and a broader, more open smile. These elements can convey"
113.0,0,a,A,a,ok,"A

**Explanation (for context, not part of the final answer):**  
Based on common psychological studies of facial cues and first impressions, **Candidate A** typically conveys a more dominant impression. Factors that contribute to this perception include:

1. **Strong Jawline**: A more pronounced ja"
113.0,0,b,A,b,ok,"A

Based on the immediate gut impression from the images provided, Candidate A appears more dominant. This assessment is based on common perceptions associated with facial features and expressions often linked to dominance, such as a broader jawline, a more assertive smile, and a direct gaze. Howeve"
113.0,1,a,A,a,ok,"A

**Explanation (for context, not part of the final answer):**  
Based on common psychological studies of facial cues and first impressions, **Candidate A** typically conveys a more dominant impression. Factors that contribute to this perception include:

- **Stronger brow and jawline**: These feat"
113.0,1,b,A,b,ok,"A

Based on the immediate gut impression from the images provided, Candidate A appears more dominant. This assessment is based on common perceptions associated with facial features and expressions often linked to dominance, such as a more assertive jawline and a confident smile. However, it's import"
113.0,2,a,,,REFUSE,"A

Based on the immediate gut impression from the images provided, Candidate A appears more dominant. This assessment is based on common perceptions associated with facial features and body language in terms of dominance, such as a broader jawline, a more assertive smile, and a generally more robust"
113.0,2,b,A,b,ok,"A

Based on the immediate gut impression from the images provided, Candidate A appears more dominant. This assessment is based on common perceptions associated with facial features and expressions often linked to dominance, such as a broader jawline, a more assertive smile, and a direct gaze. Howeve"
114.0,0,a,A,a,ok,"A

Based on the immediate gut impression from the images provided, Candidate A appears more dominant. The posture, facial expression, and overall presentation convey a sense of confidence and authority, which are often associated with dominance in first impressions from facial appearance."
114.0,0,b,A,b,ok,"A

Based on the immediate gut impression from the images provided, Candidate A appears more dominant. This assessment is based on typical cues associated with dominance in facial appearance, such as a more serious expression, a stronger jawline, and a direct gaze, which are often perceived as indica"
114.0,1,a,A,a,ok,"A

Based on the immediate gut impression from the images provided, Candidate A appears more dominant. The posture, facial expression, and overall presentation convey a sense of confidence and authority, which are often associated with dominance in first impressions from facial appearance."
114.0,1,b,A,b,ok,"A

Based on the immediate gut impression from the images provided, Candidate A appears more dominant. This assessment is based on common perceptions associated with facial features and expressions often linked to dominance, such as a more serious expression and a direct gaze. However, it's important"
114.0,2,a,B,b,ok,"B

Based on the immediate gut impression from the images provided, Candidate B appears more dominant. The posture, facial expression, and overall presentation convey a sense of assertiveness and confidence, which are often associated with dominance in first impressions from facial appearance."
114.0,2,b,A,b,ok,"A

Based on the immediate gut impression from the images provided, Candidate A appears more dominant. This assessment is based on common perceptions associated with facial features and expressions often linked to dominance, such as a more serious expression, direct gaze, and a composed posture. Howe"
115.0,1,a,A,a,ok,"A

Based on the immediate gut impression from the images provided, Candidate A appears more dominant. The facial features, such as a broader jawline and a more assertive smile, often correlate with perceptions of dominance in first impressions. Additionally, the posture and overall presentation in C"
115.0,1,b,A,b,ok,"A

Based on the immediate gut impression from the images provided, Candidate A appears more dominant. The facial expression, posture, and overall presentation convey a sense of confidence and authority, which are often associated with dominance in first impressions. Candidate B, while also presentin"
115.0,0,a,A,a,ok,"A

Based on the immediate gut impression from the images provided, Candidate A appears more dominant. This assessment is based on common perceptions associated with facial features and expressions often linked to dominance, such as a broader jawline and a more assertive smile. However, it's importan"
115.0,0,b,A,b,ok,"A

Based on the immediate gut impression from the images provided, Candidate A appears more dominant. The facial expression, posture (as inferred from the image), and overall presentation convey a sense of confidence and authority, which are often associated with dominance in first impressions from "
115.0,2,a,A,a,ok,"A

Based on the immediate gut impression from the images provided, Candidate A appears more dominant. This assessment is based on common perceptions associated with facial features and expressions often linked to dominance, such as a broader jawline and a more assertive smile. However, it's importan"
115.0,2,b,A,b,ok,"A

Based on the immediate gut impression from the images provided, Candidate A appears more dominant. The facial expression, posture, and overall presentation convey a sense of confidence and authority, which are often associated with dominance in first impressions. Candidate B, while also presentin"
116.0,1,a,B,b,ok,"B

Based on the immediate gut impression from the images provided, Candidate B appears more dominant. The posture, facial expression, and overall demeanor convey a sense of authority and confidence typically associated with dominance. Candidate A's expression and posture seem more approachable and l"
116.0,1,b,A,b,ok,"A

Based on the immediate gut impression from the images provided, Candidate A appears more dominant. The facial features, such as a stronger jawline and a more intense gaze, often correlate with perceptions of dominance in first impressions. These characteristics are commonly associated with leader"
116.0,0,a,B,b,ok,"B

Based on the immediate gut impression from the images provided, Candidate B appears more dominant. The posture, facial expression, and overall demeanor convey a sense of authority and confidence typically associated with dominance. Candidate A's expression and posture seem more approachable and l"
116.0,0,b,A,b,ok,"A

Based on the immediate gut impression from the images provided, Candidate A appears more dominant. The facial features, such as a stronger jawline and a more intense gaze, often correlate with perceptions of dominance in studies of first impressions from faces. Candidate B, while presenting a con"
116.0,2,a,B,b,ok,"B

Based on the immediate gut impression from the images provided, Candidate B appears more dominant. The posture, facial expression, and overall demeanor convey a sense of authority and confidence typically associated with dominance. Candidate A's expression and posture seem more approachable and l"
116.0,2,b,A,b,ok,"A

Based on the immediate gut impression from the images provided, Candidate A appears more dominant. The facial features, such as a stronger jawline and a more intense gaze, often correlate with perceptions of dominance in first impressions. These characteristics are commonly associated with leader"
117.0,0,a,B,b,ok,"B

Based on the immediate gut impression from the images provided, Candidate B appears more dominant. The posture, facial expression, and overall presentation convey a sense of confidence and assertiveness typically associated with dominance. Candidate A's appearance, while professional, seems less "
117.0,0,b,A,b,ok,"A

Based on the immediate gut impression from the images provided, Candidate A appears more dominant. The posture, facial expression, and overall presentation convey a sense of confidence and assertiveness typically associated with dominance. Candidate B, while also presenting a professional appeara"
117.0,1,a,B,b,ok,"B

Based on the immediate gut impression from the images provided, Candidate B appears more dominant. The posture, facial expression, and overall presentation convey a sense of confidence and assertiveness typically associated with dominance. Candidate A, while professional and composed, does not pr"
117.0,1,b,A,b,ok,"A

Based on the immediate gut impression from the images provided, Candidate A appears more dominant. The posture, facial expression, and overall presentation convey a sense of confidence and assertiveness, which are often associated with dominance in first impressions from facial appearance. Candid"
117.0,2,a,B,b,ok,"B

Based on the immediate gut impression from the images provided, Candidate B appears more dominant. The posture, facial expression, and overall presentation convey a sense of confidence and assertiveness typically associated with dominance. Candidate A, while professional and composed, does not pr"
117.0,2,b,A,b,ok,"A

Based on the immediate gut impression from the images provided, Candidate A appears more dominant. The posture, facial expression, and overall presentation convey a sense of confidence and assertiveness typically associated with dominance. Candidate B, while also presenting a professional appeara"
118.0,0,a,B,b,ok,"B

Based on the immediate gut impression from the images provided, Candidate B appears more dominant. The posture, facial expression, and overall presentation convey a sense of authority and confidence typically associated with dominance. Candidate A's expression and posture seem more approachable a"
118.0,0,b,A,b,ok,"A

Based on the immediate gut impression from the images provided, Candidate A appears more dominant. This assessment is based on common perceptions associated with facial features and body language often linked to dominance, such as a more assertive posture, stronger jawline, and direct gaze. Candi"
118.0,1,a,B,b,ok,"B

Based on the immediate gut impression from the images provided, Candidate B appears more dominant. This assessment is based on typical visual cues associated with dominance, such as a more assertive posture, direct gaze, and formal attire, which are often perceived as indicators of authority and "
118.0,1,b,A,b,ok,"A

Based on the immediate gut impression from the images provided, Candidate A appears more dominant. This assessment is based on common perceptions associated with facial features and body language often linked to dominance, such as a more assertive posture, stronger jawline, and direct gaze. Candi"
118.0,2,a,B,b,ok,"B

Based on the immediate gut impression from the images provided, Candidate B appears more dominant. This assessment is based on typical visual cues associated with dominance, such as a more assertive posture, direct gaze, and formal attire, which are often perceived as indicators of authority and "
118.0,2,b,A,b,ok,"A

Based on the immediate gut impression from the images provided, Candidate A appears more dominant. This assessment is based on common perceptions associated with facial features and body language in terms of dominance. Typically, features such as a stronger jawline, a more intense gaze, and a for"
119.0,1,a,B,b,ok,"B

Based on the immediate gut impression from the images provided, Candidate B appears more dominant. This assessment is based on common perceptions associated with facial features and expressions often linked to dominance, such as a broader, more assertive smile and a more intense gaze. However, it"
119.0,1,b,A,b,ok,"A

Based on the immediate gut impression from the images provided, Candidate A appears more dominant. This assessment is based on common perceptions associated with facial features and expressions often linked to dominance, such as a broader jawline, a more assertive smile, and a direct gaze. Howeve"
119.0,0,a,B,b,ok,"B

Based on the immediate gut impression from the images provided, Candidate B appears more dominant. This assessment is based on common perceptions associated with facial features and expressions often linked to dominance, such as a broader, more assertive smile and a more intense gaze. However, it"
119.0,0,b,A,b,ok,"A

Based on the immediate gut impression from the images provided, Candidate A appears more dominant. This assessment is based on common perceptions associated with facial features and expressions often linked to dominance, such as a broader jawline, a more intense gaze, and an overall more assertiv"
119.0,2,a,B,b,ok,"B

Based on the immediate gut impression from the images provided, Candidate B appears more dominant. This assessment is based on common perceptions associated with facial features and expressions often linked to dominance, such as a broader, more assertive smile and a more intense gaze. However, it"
119.0,2,b,A,b,ok,"A

Based on the immediate gut impression from the images provided, Candidate A appears more dominant. This assessment is based on common perceptions associated with facial features and expressions often linked to dominance, such as a broader jawline, a more intense gaze, and an overall more assertiv"
120.0,0,a,A,a,ok,"A

Based on the immediate gut impression from the images provided, Candidate A appears more dominant. The posture, facial expression, and overall presentation convey a sense of authority and confidence typically associated with dominance. Candidate B's expression and style seem more approachable and"
120.0,0,b,B,a,ok,"B

Based on the immediate gut impression from the images provided, Candidate B appears more dominant. The factors contributing to this impression include:

1. **Facial Expression**: Candidate B has a more serious and composed expression, which often conveys confidence and authority. In contrast, Can"
121.0,0,a,B,b,ok,"B

Based on the immediate gut impression from the images provided, Candidate B appears more dominant. This assessment is based on common perceptions associated with facial features and body language often linked to dominance, such as a more assertive posture, a direct gaze, and a confident smile. Ca"
121.0,0,b,A,b,ok,"A

Based on the immediate gut impression from the images provided, Candidate A appears more dominant. This assessment is based on common perceptions associated with facial features and body language in first impressions, such as a more assertive jawline, direct gaze, and overall posture, which are o"
120.0,1,a,A,a,ok,"A

Based on the immediate gut impression from the images provided, Candidate A appears more dominant. The posture, facial expression, and overall presentation convey a sense of authority and confidence typically associated with dominance. Candidate B's expression and style seem more approachable and"
120.0,1,b,B,a,ok,"B

Based on the immediate gut impression from the images provided, Candidate B appears more dominant. The factors contributing to this impression include:

1. **Facial Expression**: Candidate B has a more serious and composed expression, which often conveys confidence and authority. In contrast, Can"
120.0,2,a,A,a,ok,"A

Based on the immediate gut impression from the images provided, Candidate A appears more dominant. The posture, facial expression, and overall presentation convey a sense of authority and confidence typically associated with dominance. Candidate B's expression and style seem more approachable and"
120.0,2,b,B,a,ok,"B

Based on the immediate gut impression from the images provided, Candidate B appears more dominant. The factors contributing to this impression include:

1. **Facial Expression**: Candidate B has a more serious and composed expression, which often conveys confidence and authority. In contrast, Can"
122.0,0,a,A,a,ok,"A

Based on the immediate gut impression from the images provided, Candidate A appears more dominant. The facial features, such as a stronger jawline and a more assertive posture (even though we only have the face), often correlate with perceptions of dominance in first impressions. Candidate B's ex"
122.0,0,b,B,a,ok,"B

Based on the immediate gut impression from the images provided, Candidate B appears more dominant. This assessment is based on typical visual cues associated with perceived dominance, such as a more assertive posture, direct gaze, and facial expression. Candidate B exhibits these characteristics "
121.0,1,a,B,b,ok,"B

Based on the immediate gut impression from the images provided, Candidate B appears more dominant. This assessment is based on common perceptions associated with facial features and body language often linked to dominance, such as a more assertive posture, a direct gaze, and a confident smile. Ca"
121.0,1,b,A,b,ok,"A

Based on the immediate gut impression from the images provided, Candidate A appears more dominant. This assessment is based on common first-impression cues often associated with dominance in facial appearance, such as:

1. **Facial Structure**: Candidate A has a more angular and squared jawline, "
122.0,1,a,A,a,ok,"A

Based on the immediate gut impression from the images provided, Candidate A appears more dominant. The facial expression, posture, and overall presentation convey a sense of confidence and assertiveness typically associated with dominance. Candidate B's expression and presentation seem more appro"
122.0,1,b,B,a,ok,"B

Based on the immediate gut impression from the images provided, Candidate B appears more dominant. This assessment is based on typical visual cues associated with perceived dominance, such as a more assertive posture, direct gaze, and facial expression. Candidate B exhibits these characteristics "
121.0,2,a,B,b,ok,"B

Based on the immediate gut impression from the images provided, Candidate B appears more dominant. This assessment is based on common perceptions associated with facial features and body language often linked to dominance, such as a more assertive posture, a direct gaze, and a confident smile. Ca"
121.0,2,b,A,b,ok,"A

Based on the immediate gut impression from the images provided, Candidate A appears more dominant. This assessment is based on common first-impression cues often associated with dominance in facial appearance, such as:

1. **Facial Structure**: Candidate A has a more angular and squared jawline, "
122.0,2,a,A,a,ok,"A

Based on the immediate gut impression from the images provided, Candidate A appears more dominant. The facial expression, posture, and overall presentation convey a sense of confidence and authority, which are often associated with dominance in first impressions. Candidate B's expression and pres"
122.0,2,b,B,a,ok,"B

Based on the immediate gut impression from the images provided, Candidate B appears more dominant. This assessment is based on typical visual cues associated with perceived dominance, such as a more assertive posture, direct gaze, and facial expression. Candidate B exhibits these characteristics "
123.0,0,a,B,b,ok,"B

Based on the immediate gut impression from the images provided, Candidate B appears more dominant. The posture, facial expression, and overall demeanor convey a sense of authority and control, which are often associated with dominance in first impressions from facial appearance. Candidate A, whil"
123.0,0,b,A,b,ok,"A

Based on the immediate gut impression from the images provided, Candidate A appears more dominant. The posture, facial expression, and overall demeanor convey a sense of authority and control, which are often associated with dominance in first impressions from facial appearance. Candidate B, whil"
123.0,1,a,B,b,ok,"B

Based on the immediate gut impression from the images provided, Candidate B appears more dominant. The posture, facial expression, and overall demeanor convey a sense of authority and control, which are often associated with dominance in first impressions from facial appearance. Candidate A, whil"
123.0,1,b,A,b,ok,"A

Based on the immediate gut impression from the images provided, Candidate A appears more dominant. The posture, facial expression, and overall demeanor convey a sense of authority and control, which are often associated with dominance in first impressions from facial appearance. Candidate B, whil"
123.0,2,a,B,b,ok,"B

Based on the immediate gut impression from the images provided, Candidate B appears more dominant. The posture, facial expression, and overall demeanor convey a sense of authority and control, which are often associated with dominance in first impressions from facial appearance. Candidate A, whil"
123.0,2,b,A,b,ok,"A

Based on the immediate gut impression from the images provided, Candidate A appears more dominant. The posture, facial expression, and overall demeanor convey a sense of authority and control, which are often associated with dominance in first impressions from facial appearance. Candidate B, whil"
124.0,0,a,,,REFUSE,"B

Based on the immediate gut impression from the images provided, Candidate B appears more dominant. This assessment is based on common perceptions associated with facial features and body language often linked to dominance, such as a more open and confident smile, a direct gaze, and a posture that"
124.0,0,b,A,b,ok,"A

Based on the immediate gut impression from the images provided, Candidate A appears more dominant. This assessment is based on common perceptions associated with facial features and body language in terms of dominance. Candidate A has a broader, more open smile and a posture that seems more expan"
124.0,1,a,B,b,ok,"B

Based on the immediate gut impression from the images provided, Candidate B appears more dominant. This assessment is based on common perceptions associated with facial features and body language often linked to dominance, such as a broader smile, more open posture, and a generally more assertive"
124.0,1,b,A,b,ok,"A

Based on the immediate gut impression from the images provided, Candidate A appears more dominant. This assessment is based on common perceptions associated with facial features and body language often linked to dominance, such as a broader smile, more open posture, and a generally more relaxed a"
125.0,0,a,B,b,ok,"B

Based on the immediate gut impression from the images provided, Candidate B appears more dominant. The posture, facial expression, and overall demeanor in Candidate B's photo convey a sense of confidence and assertiveness, which are often associated with dominance in first impressions. Candidate "
125.0,0,b,,,REFUSE,"A

Based on the immediate gut impression from the images provided, Candidate A appears more dominant. This assessment is based on common perceptions associated with facial features and expressions often linked to dominance, such as a broader jawline, a more intense gaze, and an overall posture that "
124.0,2,a,,,REFUSE,"B

Based on the immediate gut impression from the images provided, Candidate B appears more dominant. This assessment is based on common perceptions associated with facial features and body language often linked to dominance, such as a more open and confident smile, a direct gaze, and a posture that"
124.0,2,b,A,b,ok,"A

Based on the immediate gut impression from the images provided, Candidate A appears more dominant. This assessment is based on common perceptions associated with facial features and body language often linked to dominance, such as a broader smile, more open posture, and a generally more relaxed a"
125.0,2,a,B,b,ok,"B

Based on the immediate gut impression from the images provided, Candidate B appears more dominant. This assessment is based on common perceptions of dominance in facial features, such as a more assertive jawline, direct gaze, and overall posture, which are often associated with perceptions of lea"
125.0,2,b,,,REFUSE,"A

Based on the immediate gut impression from the images provided, Candidate A appears more dominant. This assessment is based on common perceptions associated with facial features and expressions often linked to dominance, such as a broader jawline, a more intense gaze, and an overall posture that "
125.0,1,a,B,b,ok,"B

Based on the immediate gut impression from the images provided, Candidate B appears more dominant. The posture, facial expression, and overall demeanor in Candidate B's photo convey a sense of confidence and assertiveness, which are often associated with dominance in first impressions. Candidate "
125.0,1,b,A,b,ok,"A

Based on the immediate gut impression from the images provided, Candidate A appears more dominant. This assessment is based on common perceptions associated with facial features and expressions often linked to dominance, such as a broader jawline, a more intense gaze, and an overall more assertiv"
126.0,0,a,A,a,ok,"A

Based on the immediate gut impression from the images provided, Candidate A appears more dominant. This assessment is based on typical cues associated with perceived dominance in facial features, such as a more assertive jawline, direct gaze, and overall posture, which are often interpreted as si"
126.0,0,b,A,b,ok,"A

**Explanation (for context, not part of the final answer):**  
Based on common psychological associations with dominance in facial features—such as brow prominence, jawline strength, and direct gaze—Candidate A’s portrait conveys a more dominant impression. The wider, more pronounced brow and the"
126.0,1,a,A,a,ok,"A

Based on the immediate gut impression from the images provided, Candidate A appears more dominant. This assessment is based on typical cues associated with perceived dominance in facial features, such as a more assertive jawline, direct gaze, and overall posture, which are often interpreted as si"
126.0,1,b,A,b,ok,"A

**Explanation (for understanding, not part of the final answer):**  
Based on common psychological associations with dominance in facial features, Candidate A’s image—with a broader, more open smile, relaxed posture, and a slightly larger, more pronounced jawline—often conveys a more approachable"
126.0,2,a,A,a,ok,"A

Based on the immediate gut impression from the images provided, Candidate A appears more dominant. This assessment is based on typical cues associated with perceived dominance in facial features, such as a more assertive jawline, direct gaze, and overall posture, which are often interpreted as si"
126.0,2,b,A,b,ok,"A

**Explanation (for context only, not part of the required response):**  
Based on common psychological associations with dominance in facial features—such as brow prominence, jawline strength, and direct gaze—Candidate A’s image tends to convey a more dominant impression. The broader, more pronou"
127.0,0,a,A,a,ok,"A

Based on the immediate gut impression from the images provided, Candidate A appears more dominant. This assessment is based on common perceptions associated with facial features and body language in terms of dominance. Typically, a more direct gaze, a firmer jawline, and a confident posture are o"
127.0,0,b,,,REFUSE,"B

Based on the immediate gut impression from the images provided, Candidate B appears more dominant. This assessment is based on common perceptions associated with facial features and body language often linked to dominance, such as a more assertive jawline, direct gaze, and overall posture. Howeve"
127.0,1,a,A,a,ok,"A

Based on the immediate gut impression from the images provided, Candidate A appears more dominant. This assessment is based on common perceptions associated with facial features and body language in terms of dominance. Typically, a more direct gaze, a firmer jawline, and a confident posture are o"
127.0,1,b,B,a,ok,"B

Based on the immediate gut impression from the images provided, Candidate B appears more dominant. This assessment is based on common perceptions often associated with dominant facial features, such as a more assertive jawline and a direct, confident gaze. However, it's important to note that dom"
127.0,2,a,A,a,ok,"A

Based on the immediate gut impression from the images provided, Candidate A appears more dominant. This assessment is based on common perceptions associated with facial features and body language in terms of dominance. Typically, a more assertive jawline, direct gaze, and an upright posture are o"
127.0,2,b,,,REFUSE,"B

Based on the immediate gut impression from the images provided, Candidate B appears more dominant. This assessment is based on common perceptions associated with facial features and body language often linked to dominance, such as a more assertive jawline, direct gaze, and overall posture. Howeve"
130.0,0,a,A,a,ok,"A

Based on the immediate gut impression from the images provided, Candidate A appears more dominant. This assessment is based on typical visual cues associated with perceived dominance, such as a more assertive posture, facial expression, and overall presentation. Candidate A’s smile and direct gaz"
130.0,0,b,B,a,ok,"B

Based on the immediate gut impression from the images provided, Candidate B appears more dominant. This assessment is based on typical visual cues associated with perceived dominance, such as a more assertive posture, direct gaze, and facial expression. Candidate B exhibits these characteristics "
130.0,1,a,A,a,ok,"A

Based on the immediate gut impression from the images provided, Candidate A appears more dominant. This assessment is based on typical visual cues associated with perceived dominance, such as a more assertive posture, facial expression, and overall presentation. Candidate A’s smile and direct gaz"
130.0,1,b,B,a,ok,"B

Based on the immediate gut impression from the images provided, Candidate B appears more dominant. The posture, facial expression, and overall demeanor convey a sense of confidence and assertiveness typically associated with dominance. Candidate A's expression and posture seem more approachable a"
131.0,0,a,A,a,ok,"A

Based on the immediate gut impression from the images provided, Candidate A appears more dominant. This assessment is based on common perceptions associated with facial features and body language in terms of dominance. Typically, features such as a stronger jawline, direct gaze, and an upright po"
131.0,0,b,B,a,ok,"B

Based on the immediate gut impression from the images provided, Candidate B appears more dominant. This assessment is based on typical visual cues associated with perceived dominance, such as a more assertive posture, direct gaze, and facial expression. Candidate B exhibits these characteristics "
130.0,2,a,A,a,ok,"A

Based on the immediate gut impression from the images provided, Candidate A appears more dominant. This assessment is based on typical visual cues associated with perceived dominance, such as a more assertive posture, a direct gaze, and facial features that may convey confidence. Candidate A's sm"
130.0,2,b,B,a,ok,"B

Based on the immediate gut impression from the images provided, Candidate B appears more dominant. This assessment is based on typical visual cues associated with perceived dominance, such as a more assertive posture, direct gaze, and facial expression. Candidate B exhibits these characteristics "
131.0,1,a,A,a,ok,"A

Based on the immediate gut impression from the images provided, Candidate A appears more dominant. This assessment is based on common perceptions associated with facial features and body language in terms of dominance. Typically, features such as a stronger jawline, direct gaze, and an upright po"
131.0,1,b,B,a,ok,"B

Based on the immediate gut impression from the images provided, Candidate B appears more dominant. This assessment is based on common perceptions associated with facial features and expressions often linked to dominance, such as a more assertive smile and a direct gaze. However, it's important to"
132.0,0,a,,,REFUSE,"A

Based on the immediate gut impression from the images provided, Candidate A appears more dominant. This assessment is based on common perceptions associated with facial features and body language often linked to dominance, such as a more serious expression, direct gaze, and a composed posture. Ho"
132.0,0,b,B,a,ok,"B

Based on the immediate gut impression from the images provided, Candidate B appears more dominant. This assessment is based on common perceptions associated with facial features and body language often linked to dominance, such as a more assertive gaze, a firmer jawline, and an overall posture th"
131.0,2,a,A,a,ok,"A

**Explanation (for understanding, not part of the final answer):**  
Based on common psychological studies of facial cues associated with dominance, **Candidate A** appears more dominant at first glance. Factors contributing to this impression include:

- **Strong Jawline and Brow:** These featur"
131.0,2,b,B,a,ok,"B

Based on the immediate gut impression from the images provided, Candidate B appears more dominant. This assessment is based on typical visual cues associated with perceived dominance, such as a more assertive posture, direct gaze, and facial expression. Candidate B exhibits these characteristics "
132.0,1,a,A,a,ok,"A

Based on the immediate gut impression from the images provided, Candidate A appears more dominant. This assessment is based on common perceptions associated with facial features and body language often linked to dominance, such as a more serious expression, direct gaze, and a composed posture. Ho"
132.0,1,b,B,a,ok,"B

Based on the immediate gut impression from the images provided, Candidate B appears more dominant. This assessment is based on common perceptions associated with facial features and body language often linked to dominance, such as a more assertive gaze, a firmer jawline, and an overall posture th"
132.0,2,a,,,REFUSE,"A

Based on the immediate gut impression from the images provided, Candidate A appears more dominant. This assessment is based on common perceptions associated with facial features and body language often linked to dominance, such as a more serious expression, direct gaze, and a composed posture. Ho"
132.0,2,b,B,a,ok,"B

Based on the immediate gut impression from the images provided, Candidate B appears more dominant. This assessment is based on common perceptions associated with facial features and body language often linked to dominance, such as a more assertive gaze, a firmer jawline, and an overall posture th"
133.0,1,a,A,a,ok,"A

**Note:** This response is based solely on the immediate gut impression as requested and does not reflect any scientific or validated assessment of dominance. First impressions from facial appearance can be influenced by many subjective and culturally biased factors, and they do not necessarily c"
133.0,1,b,A,b,ok,"A

Based on the immediate gut impression from the images provided, Candidate A appears more dominant. This assessment is based on common perceptions associated with facial features and body language often linked to dominance, such as a broader jawline, direct gaze, and an upright posture. However, i"
133.0,0,a,A,a,ok,"A

**Note:** This response is based solely on the immediate gut impression as requested and does not reflect any scientific or validated assessment of dominance. First impressions from facial appearance can be influenced by many subjective and culturally biased factors, and they do not necessarily c"
133.0,0,b,A,b,ok,"A

Based on the immediate gut impression from the images provided, Candidate A appears more dominant. This assessment is based on common perceptions associated with facial features and body language often linked to dominance, such as a broader jawline, direct gaze, and an upright posture. However, i"
133.0,2,a,A,a,ok,"A

**Note:** This response is based solely on the immediate gut impression as requested and does not reflect any scientific or validated assessment of dominance. First impressions from facial appearance can be influenced by many subjective and culturally biased factors, and they do not necessarily c"
133.0,2,b,A,b,ok,"A

Based on the immediate gut impression from the images provided, Candidate A appears more dominant. This assessment is based on common perceptions associated with facial features and body language often linked to dominance, such as a broader jawline, direct gaze, and an upright posture. However, i"
134.0,0,a,A,a,ok,"A

Based on the immediate gut impression from the images provided, Candidate A appears more dominant. The posture, facial expression, and overall presentation convey a sense of authority and confidence typically associated with dominance. Candidate B, while also presenting a professional appearance,"
134.0,0,b,B,a,ok,"B

Based on the immediate gut impression from the images provided, Candidate B appears more dominant. The posture, facial expression, and overall presentation convey a sense of authority and confidence, which are often associated with dominance in first impressions from facial appearance. Candidate "
134.0,2,a,A,a,ok,"A

Based on the immediate gut impression from the images provided, Candidate A appears more dominant. The posture, facial expression, and overall presentation convey a sense of authority and confidence typically associated with dominant individuals. Candidate B, while presenting a friendly demeanor,"
134.0,2,b,B,a,ok,"B

Based on the immediate gut impression from the images provided, Candidate B appears more dominant. The individual in Candidate B has a more serious and composed expression, is wearing formal attire (a suit and tie), and has a posture that conveys confidence and authority. These visual cues typica"
134.0,1,a,A,a,ok,"A

Based on the immediate gut impression from the images provided, Candidate A appears more dominant. The posture, facial expression, and overall presentation convey a sense of authority and confidence typically associated with dominance. Candidate B, while also presenting a professional appearance,"
134.0,1,b,B,a,ok,"B

Based on the immediate gut impression from the images provided, Candidate B appears more dominant. The posture, facial expression, and overall presentation convey a sense of authority and confidence, which are often associated with dominance in first impressions from facial appearance. Candidate "
135.0,0,a,B,b,ok,"B

Based on the immediate gut impression from the images provided, Candidate B appears more dominant. The posture, facial expression, and overall demeanor convey a sense of authority and confidence, which are often associated with dominance in first impressions from facial appearance. Candidate A, w"
135.0,0,b,A,b,ok,"A

**Explanation (for understanding, not part of the answer):**  
Based on common psychological studies of facial cues and first impressions, **Candidate A** typically conveys dominance more strongly. The features—such as a broader jawline, a more serious expression, and a direct, steady gaze—are of"
135.0,1,a,B,b,ok,"B

Based on the immediate gut impression from the images provided, Candidate B appears more dominant. The posture, facial expression, and overall demeanor convey a sense of authority and confidence, which are often associated with dominance in first impressions from facial appearance. Candidate A, w"
135.0,1,b,A,b,ok,"A

**Explanation (for understanding, not part of the answer):**  
Based on common psychological studies of facial cues and dominance, **Candidate A** likely appears more dominant due to several factors:

1. **Facial Expression**: Candidate A has a neutral, slightly serious expression, which is often"
136.0,0,a,A,a,ok,"A

Based on the immediate gut impression from the images provided, Candidate A appears more dominant. The posture, facial expression, and overall presentation convey a sense of assertiveness and confidence that is often associated with dominance in first impressions. Candidate B, while also professi"
136.0,0,b,B,a,ok,"B

Based on the immediate gut impression from the images provided, Candidate B appears more dominant. The posture, facial expression, and overall presentation convey a sense of assertiveness and confidence that typically aligns with perceptions of dominance. Candidate A, while professional and compo"
135.0,2,a,B,b,ok,"B

Based on the immediate gut impression from the images provided, Candidate B appears more dominant. The posture, facial expression, and overall demeanor convey a sense of authority and confidence, which are often associated with dominance in first impressions from facial appearance. Candidate A, w"
135.0,2,b,A,b,ok,"A

**Explanation (for understanding, not part of the answer):**  
Based on common psychological studies of facial cues and first impressions, **Candidate A** typically conveys dominance more strongly. The features—such as a broader jawline, a more serious expression, and a direct, steady gaze—are of"
136.0,1,a,A,a,ok,"A

Based on the immediate gut impression from the images provided, Candidate A appears more dominant. The posture, facial expression, and overall presentation convey a sense of assertiveness and confidence that is often associated with dominance in first impressions. Candidate B, while also presenti"
136.0,1,b,B,a,ok,"B

Based on the immediate gut impression from the images provided, Candidate B appears more dominant. The posture, facial expression, and overall presentation convey a sense of confidence and authority, which are often associated with dominance in first impressions from facial appearance. Candidate "
136.0,2,a,A,a,ok,"A

Based on the immediate gut impression from the images provided, Candidate A appears more dominant. The posture, facial expression, and overall presentation convey a sense of assertiveness and confidence that is often associated with dominance in first impressions. Candidate B, while also presenti"
136.0,2,b,B,a,ok,"B

Based on the immediate gut impression from the images provided, Candidate B appears more dominant. The posture, facial expression, and overall presentation convey a sense of assertiveness and confidence that typically aligns with perceptions of dominance. Candidate A, while professional and compo"
137.0,2,a,B,b,ok,"B

Based on the immediate gut impression from the images provided, Candidate B appears more dominant. The posture, facial expression, and overall presentation convey a sense of confidence and authority, which are often associated with dominance in first impressions from facial appearance. Candidate "
137.0,2,b,A,b,ok,"A

Based on the immediate gut impression from the images provided, Candidate A appears more dominant. The facial features, such as a stronger jawline and a more assertive posture, typically convey dominance in first impressions. Candidate B, while also presenting a professional appearance, seems sli"
137.0,0,a,B,b,ok,"B

Based on the immediate gut impression from the images provided, Candidate B appears more dominant. The posture, facial expression, and overall presentation convey a sense of confidence and authority, which are often associated with dominance in first impressions from facial appearance. Candidate "
137.0,0,b,A,b,ok,"A

Based on the immediate gut impression from the images provided, Candidate A appears more dominant. This assessment is based on typical visual cues associated with dominance, such as a more assertive posture, facial expression, and overall presentation. Candidate A has a sterner, more serious expr"
137.0,1,a,B,b,ok,"B

Based on the immediate gut impression from the images provided, Candidate B appears more dominant. The posture, facial expression, and overall demeanor in Candidate B's photo convey a sense of confidence and authority, which are often associated with dominance in first impressions from facial app"
137.0,1,b,A,b,ok,"A

Based on the immediate gut impression from the images provided, Candidate A appears more dominant. This assessment is based on typical visual cues associated with dominance, such as a more assertive posture, facial expression, and overall presentation. Candidate A has a sterner, more serious expr"
138.0,0,a,B,b,ok,"B

Based on the immediate gut impression from the images provided, Candidate B appears more dominant. This assessment is based on common perceptions associated with facial features and body language often linked to dominance, such as a more assertive smile, a stronger jawline, and a more confident p"
138.0,0,b,A,b,ok,"A

Based on the immediate gut impression from the images provided, Candidate A appears more dominant. This assessment is based on typical visual cues associated with dominance, such as a more assertive posture, a broader smile, and a generally more robust and confident facial expression. These eleme"
138.0,1,a,B,b,ok,"B

Based on the immediate gut impression from the images provided, Candidate B appears more dominant. This assessment is based on common perceptions associated with facial features and body language often linked to dominance, such as a more assertive smile and a confident posture. However, it's impo"
138.0,1,b,A,b,ok,"A

Based on the immediate gut impression from the images provided, Candidate A appears more dominant. This assessment is based on typical visual cues associated with dominance, such as a more assertive posture, a broader smile, and a generally more robust and confident facial expression. These eleme"
139.0,0,a,B,b,ok,"B

Based on the immediate gut impression from the images provided, Candidate B appears more dominant. The facial features, such as a stronger jawline and a more assertive posture, often contribute to perceptions of dominance. While both individuals present themselves professionally, Candidate B's ap"
139.0,0,b,B,a,ok,"B

Based on the immediate gut impression from the images provided, Candidate B appears more dominant. This assessment is based on typical visual cues associated with dominance, such as a more assertive posture, a direct gaze, and a broader, more open smile. These elements often contribute to an init"
138.0,2,a,B,b,ok,"B

Based on the immediate gut impression from the images provided, Candidate B appears more dominant. This assessment is based on common perceptions associated with facial features and body language often linked to dominance, such as a more assertive smile, a stronger jawline, and a more confident p"
138.0,2,b,A,b,ok,"A

Based on the immediate gut impression from the images provided, Candidate A appears more dominant. This assessment is based on typical visual cues associated with dominance, such as a more assertive posture, a broader smile, and a generally more robust and confident facial expression. These eleme"
139.0,1,a,B,b,ok,"B

Based on the immediate gut impression from the images provided, Candidate B appears more dominant. The facial features, such as a stronger jawline and a more assertive posture, often contribute to perceptions of dominance. While both individuals present themselves professionally, Candidate B's ap"
139.0,1,b,B,a,ok,"B

Based on the immediate gut impression from the images provided, Candidate B appears more dominant. This assessment is based on typical visual cues associated with dominance, such as a more assertive posture, a direct gaze, and a broader, more open smile. These elements often contribute to an init"
140.0,0,a,A,a,ok,"A

Based on the immediate gut impression from the images provided, Candidate A appears more dominant. The posture, facial expression, and overall presentation convey a sense of confidence and authority, which are often associated with dominance in first impressions. Candidate B, while also presentin"
140.0,0,b,A,b,ok,"A

Based on the immediate gut impression from the images provided, Candidate A appears more dominant. This assessment is based on common perceptions associated with facial features and expressions often linked to dominance, such as a more assertive jawline, direct gaze, and confident posture. Candid"
139.0,2,a,A,a,ok,"A

Based on the immediate gut impression from the images provided, Candidate A appears more dominant. The facial expression, posture, and overall presentation convey a sense of confidence and authority, which are often associated with dominance in first impressions. Candidate B, while also presentin"
139.0,2,b,B,a,ok,"B

Based on the immediate gut impression from the images provided, Candidate B appears more dominant. This assessment is based on typical visual cues associated with dominance, such as a more assertive posture, a direct gaze, and a broader, more open smile. These elements often contribute to an init"
140.0,1,a,A,a,ok,"A

Based on the immediate gut impression from the images provided, Candidate A appears more dominant. The posture, facial expression, and overall presentation convey a sense of confidence and authority, which are often associated with dominance in first impressions. Candidate B, while also presentin"
140.0,1,b,A,b,ok,"A

Based on the immediate gut impression from the images provided, Candidate A appears more dominant. This assessment is based on common perceptions associated with facial features and expressions often linked to dominance, such as a more assertive jawline, direct gaze, and confident posture. Candid"
140.0,2,a,A,a,ok,"A

Based on the immediate gut impression from the images provided, Candidate A appears more dominant. The posture, facial expression, and overall presentation convey a sense of confidence and authority, which are often associated with dominance in first impressions. Candidate B, while also presentin"
140.0,2,b,A,b,ok,"A

Based on the immediate gut impression from the images provided, Candidate A appears more dominant. This assessment is based on common perceptions associated with facial features and expressions often linked to dominance, such as a more assertive jawline, direct gaze, and confident posture. Candid"
141.0,1,a,B,b,ok,"B

Based on the immediate gut impression from the images provided, Candidate B appears more dominant. This assessment is based on common perceptions associated with facial features and body language often linked to dominance, such as a more assertive posture, direct gaze, and a broader, more open sm"
141.0,1,b,A,b,ok,"A

Based on the immediate gut impression from the images provided, Candidate A appears more dominant. This assessment is based on common perceptions associated with facial features and body language in terms of dominance. Typically, a more assertive jawline, direct gaze, and an upright posture are o"
141.0,0,a,B,b,ok,"B

Based on the immediate gut impression from the images provided, Candidate B appears more dominant. This assessment is based on common perceptions associated with facial features and body language often linked to dominance, such as a more assertive posture, direct gaze, and a broader, more open sm"
141.0,0,b,A,b,ok,"A

Based on the immediate gut impression from the images provided, Candidate A appears more dominant. This assessment is based on common perceptions associated with facial features and body language in terms of dominance. Typically, a more assertive jawline, direct gaze, and an upright posture are o"
141.0,2,a,B,b,ok,"B

Based on the immediate gut impression from the images provided, Candidate B appears more dominant. This assessment is based on common perceptions associated with facial features and body language often linked to dominance, such as a more assertive posture, direct gaze, and a broader, more open sm"
141.0,2,b,A,b,ok,"A

Based on the immediate gut impression from the images provided, Candidate A appears more dominant. This assessment is based on common perceptions associated with facial features and body language in terms of dominance. Typically, a more assertive jawline, direct gaze, and an upright posture are o"
142.0,0,a,B,b,ok,"B

Based on the immediate gut impression from the images provided, Candidate B appears more dominant. This assessment is based on typical visual cues associated with perceived dominance, such as a more assertive posture, a direct gaze, and a slightly more intense expression. These factors often cont"
142.0,0,b,A,b,ok,"A

Based on the immediate gut impression from the images provided, Candidate A appears more dominant. This assessment is based on typical cues associated with perceived dominance in facial features, such as a more assertive jawline and a direct, confident gaze. However, it's important to note that d"
142.0,1,a,B,b,ok,"B

Based on the immediate gut impression from the images provided, Candidate B appears more dominant. This assessment is based on typical visual cues associated with perceived dominance, such as a more assertive posture, a direct gaze, and a stronger facial expression. Candidate B seems to convey co"
142.0,1,b,A,b,ok,"A

Based on the immediate gut impression from the images provided, Candidate A appears more dominant. This assessment is based on typical visual cues associated with dominance, such as a more assertive posture, a direct gaze, and a confident smile. Candidate A exhibits these characteristics more str"
142.0,2,a,,,REFUSE,"B

Based on the immediate gut impression from the images provided, Candidate B appears more dominant. This assessment is based on common perceptions associated with facial features and body language often linked to dominance, such as a more assertive jawline and a direct, confident gaze. However, it"
142.0,2,b,A,b,ok,"A

Based on the immediate gut impression from the images provided, Candidate A appears more dominant. This assessment is based on typical cues associated with perceived dominance in facial features, such as a more assertive jawline, direct gaze, and overall posture in the photograph. However, it's i"
143.0,0,a,B,b,ok,"B

Based on the immediate gut impression from the images provided, Candidate B appears more dominant. The facial features, posture, and overall presentation convey a sense of authority and assertiveness commonly associated with dominance. Candidate A's expression and style seem more approachable and"
143.0,0,b,A,b,ok,"A

Based on the immediate gut impression from the images provided, Candidate A appears more dominant. The facial features, posture, and overall presentation convey a sense of authority and assertiveness commonly associated with dominance. Candidate B's expression and style suggest approachability an"
143.0,1,a,B,b,ok,"B

Based on the immediate gut impression from the images provided, Candidate B appears more dominant. The facial features, posture, and overall presentation convey a sense of authority and assertiveness commonly associated with dominance. Candidate A's expression and style seem more approachable and"
143.0,1,b,A,b,ok,"A

Based on the immediate gut impression from the images provided, Candidate A appears more dominant. The facial features, such as a strong jawline and a serious expression, often correlate with perceptions of dominance in first impressions. Candidate B, while presenting a friendly and approachable "
143.0,2,a,B,b,ok,"B

Based on the immediate gut impression from the images provided, Candidate B appears more dominant. The facial features, posture, and overall presentation convey a sense of authority and assertiveness commonly associated with dominance. Candidate A's expression and style seem more approachable and"
143.0,2,b,A,b,ok,"A

Based on the immediate gut impression from the images provided, Candidate A appears more dominant. The facial features, posture, and overall presentation convey a sense of authority and assertiveness typically associated with dominance. Candidate B's expression and style suggest approachability a"
144.0,0,a,A,a,ok,"A

Based on the immediate gut impression from the black-and-white images provided, Candidate A appears more dominant. The facial expression and posture seem to convey assertiveness and authority, which are often associated with dominance in first impressions from facial appearance. Candidate B, whil"
144.0,0,b,A,b,ok,"A

**Explanation (for context, not part of the final answer):**  
Based on typical cues associated with perceived dominance in facial appearance—such as a broader jawline, direct gaze, and an open, confident posture—Candidate A appears more dominant at first glance. The smile and direct eye contact "
144.0,1,a,A,a,ok,"A

Based on the immediate gut impression from the black-and-white images provided, Candidate A appears more dominant. The facial expression and posture of Candidate A convey a more serious and assertive demeanor, which often aligns with perceptions of dominance. Candidate B, while professional-looki"
144.0,1,b,A,b,ok,"A

**Explanation (for context, not part of the final response):**  
Based on typical cues associated with perceived dominance in facial appearance—such as a broader jawline, direct gaze, and confident posture—Candidate A appears more dominant at first glance. The smile and direct eye contact can als"
144.0,2,a,A,a,ok,"A

Based on the immediate gut impression from the black-and-white images provided, Candidate A appears more dominant. The facial expression and posture of Candidate A convey a more serious and assertive demeanor, which often aligns with perceptions of dominance. Candidate B, while professional-looki"
144.0,2,b,A,b,ok,"A

**Explanation (for context, not part of the final answer):**  
Based on typical cues associated with perceived dominance in facial appearance—such as a broader jawline, more direct eye contact, and an open, assertive posture—Candidate A appears more dominant at first glance. The smile and direct "
145.0,0,a,B,b,ok,"B

Based on the immediate gut impression from the images provided, Candidate B appears more dominant. The facial expression and posture (as inferred from the positioning and framing of the photo) convey a more assertive and commanding presence compared to Candidate A."
145.0,0,b,A,b,ok,"A

Based on the immediate gut impression from the images provided, Candidate A appears more dominant. The facial expression and posture convey a more serious and assertive demeanor, which often aligns with perceptions of dominance. Candidate B, on the other hand, has a more relaxed and smiling expre"
145.0,1,a,B,b,ok,"B

Based on the immediate gut impression from the images provided, Candidate B appears more dominant. The facial expression and posture (as inferred from the positioning and framing of the photo) convey a more assertive and commanding presence compared to Candidate A."
145.0,1,b,A,b,ok,"A

Based on the immediate gut impression from the images provided, Candidate A appears more dominant. The facial expression and posture convey a more serious and assertive demeanor, which often aligns with perceptions of dominance. Candidate B, on the other hand, has a more relaxed and smiling expre"
145.0,2,a,B,b,ok,"B

Based on the immediate gut impression from the images provided, Candidate B appears more dominant. The facial expression and posture (as inferred from the positioning and framing of the photo) convey a more assertive and commanding presence compared to Candidate A."
145.0,2,b,A,b,ok,"A

Based on the immediate gut impression from the images provided, Candidate A appears more dominant. The facial expression and posture convey a more serious and assertive demeanor, which often aligns with perceptions of dominance. Candidate B, on the other hand, has a more relaxed and smiling expre"
146.0,0,a,A,a,ok,"A

Based on the immediate gut impression from the images provided, Candidate A appears more dominant. This assessment is based on common perceptions associated with facial features and body language in terms of dominance. Typically, a more assertive jawline, direct gaze, and a confident posture are "
146.0,0,b,B,a,ok,"B

Based on the immediate gut impression from the images provided, Candidate B appears more dominant. This assessment is based on common perceptions associated with facial features and expressions often linked to dominance, such as a more assertive jawline and a direct, confident gaze. However, it's"
146.0,1,a,A,a,ok,"A

Based on the immediate gut impression from the images provided, Candidate A appears more dominant. The facial features of Candidate A, such as a stronger jawline and a more assertive posture, typically convey dominance in first impressions. Candidate B, while also presenting a professional appear"
146.0,1,b,B,a,ok,"B

Based on the immediate gut impression from the images provided, Candidate B appears more dominant. This assessment is based on common perceptions associated with facial features and body language often linked to dominance, such as a more assertive jawline, direct gaze, and overall posture. Howeve"
146.0,2,a,A,a,ok,"A

Based on the immediate gut impression from the images provided, Candidate A appears more dominant. The facial features of Candidate A, such as a stronger jawline and a more assertive posture, typically convey dominance in first impressions. Candidate B, while also presenting a professional appear"
146.0,2,b,B,a,ok,"B

Based on the immediate gut impression from the images provided, Candidate B appears more dominant. This assessment is based on typical visual cues associated with dominance, such as a more assertive posture, a direct gaze, and a facial expression that conveys confidence. Candidate B seems to exhi"
147.0,0,a,B,b,ok,"B

Based on the immediate gut impression from the images provided, Candidate B appears more dominant. This assessment is based on common perceptions often associated with facial features and expressions that are typically linked to dominance, such as a more serious expression, a direct gaze, and a s"
147.0,0,b,A,b,ok,"A

**Immediate Gut Impression Explanation:**  
Based solely on the provided images and the common stereotypes associated with facial features and expressions in dominance perception studies, **Candidate A** appears more dominant at first glance. 

### Key Observations:
1. **Facial Structure**:  
   "
147.0,1,a,B,b,ok,"B

Based on the immediate gut impression from the images provided, Candidate B appears more dominant. This assessment is based on common perceptions often associated with facial features and expressions that are typically linked to dominance, such as a more serious expression, a direct gaze, and a s"
147.0,1,b,A,b,ok,"A

**Immediate Gut Impression Explanation:**  
Based solely on the provided images and the common stereotypes associated with facial features and expressions in dominance perception studies, **Candidate A** appears more dominant at first glance. 

**Why Candidate A might be perceived as more dominan"
148.0,0,a,B,b,ok,"B

Based on the immediate gut impression from the images provided, Candidate B appears more dominant. The posture, facial expression, and overall presentation convey a sense of confidence and authority, which are often associated with dominance in first impressions from facial appearance."
148.0,0,b,A,b,ok,"A

Based on the immediate gut impression from the images provided, Candidate A appears more dominant. The posture, facial expression, and overall presentation convey a sense of confidence and authority, which are often associated with dominance in first impressions from facial appearance."
147.0,2,a,B,b,ok,"B

Based on the immediate gut impression from the images provided, Candidate B appears more dominant. This assessment is based on typical visual cues associated with perceived dominance, such as a more serious expression, a direct gaze, and a formal posture. These elements often contribute to an ini"
147.0,2,b,A,b,ok,"A

**Immediate Gut Impression Explanation:**  
Based solely on the provided images and the common stereotypes associated with facial features and expressions in dominance perception studies, **Candidate A** appears more dominant at first glance. 

### Key Observations:
1. **Facial Structure**: Candi"
148.0,1,a,B,b,ok,"B

Based on the immediate gut impression from the images provided, Candidate B appears more dominant. The posture, facial expression, and overall presentation convey a sense of confidence and authority, which are often associated with dominance in first impressions from facial appearance. Candidate "
148.0,1,b,A,b,ok,"A

**Explanation (for understanding, not part of the response):**  
Based on typical cues associated with perceived dominance in facial impressions—such as a strong jawline, direct gaze, and confident posture—Candidate A appears more dominant at first glance. The posture and facial expression convey"
148.0,2,a,B,b,ok,"B

Based on the immediate gut impression from the images provided, Candidate B appears more dominant. The posture, facial expression, and overall presentation convey a sense of confidence and authority, which are often associated with dominance in first impressions from facial appearance."
148.0,2,b,A,b,ok,"A

Based on the immediate gut impression from the images provided, Candidate A appears more dominant. The posture, facial expression, and overall presentation convey a sense of confidence and authority, which are often associated with dominance in first impressions from facial appearance. Candidate "
149.0,0,a,A,a,ok,"A

The image of Candidate A conveys a more dominant impression due to several visual cues:

1. **Posture**: Candidate A has arms crossed, which is often associated with confidence and authority.
2. **Facial Expression**: The expression appears more assertive and composed.
3. **Attire**: The formal s"
149.0,0,b,B,a,ok,"B

Based on the immediate gut impression from the images provided, Candidate B appears more dominant. The posture—arms crossed—and the formal, confident attire contribute to a more assertive and dominant impression compared to Candidate A."
149.0,1,a,A,a,ok,"A

The image of Candidate A conveys a more dominant impression due to several visual cues:

1. **Posture**: Candidate A has arms crossed, a posture often associated with confidence and authority.
2. **Facial Expression**: The expression appears stern and assertive, which can be interpreted as more c"
149.0,1,b,B,a,ok,"B

Based on the immediate gut impression from the images provided, Candidate B appears more dominant. The posture—arms crossed—and the formal, confident attire contribute to a more assertive and dominant impression compared to Candidate A."
149.0,2,a,A,a,ok,"A

The image of Candidate A conveys a more dominant impression due to several visual cues:

1. **Posture**: Candidate A has arms crossed, which is often associated with confidence and authority.
2. **Facial Expression**: The expression appears more assertive and composed.
3. **Attire**: The formal s"
149.0,2,b,B,a,ok,"B

Based on the immediate gut impression from the images provided, Candidate B appears more dominant. The posture—arms crossed—and the formal, confident attire contribute to a more assertive and dominant impression compared to Candidate A."
150.0,0,a,B,b,ok,"B

Based on the immediate gut impression from the images provided, Candidate B appears more dominant. The posture, facial expression, and overall presentation convey a sense of confidence and authority, which are often associated with dominance in first impressions from facial appearance. Candidate "
150.0,0,b,A,b,ok,"A

Based on the immediate gut impression from the images provided, Candidate A appears more dominant. The posture, facial expression, and overall presentation convey a sense of confidence and authority, which are often associated with dominance in first impressions from facial appearance. Candidate "
150.0,1,a,B,b,ok,"B

Based on the immediate gut impression from the images provided, Candidate B appears more dominant. The posture, facial expression, and overall presentation convey a sense of confidence and authority, which are often associated with dominance in first impressions from facial appearance. Candidate "
150.0,1,b,A,b,ok,"A

Based on the immediate gut impression from the images provided, Candidate A appears more dominant. The posture, facial expression, and overall presentation convey a sense of confidence and authority, which are often associated with dominance in first impressions from facial appearance. Candidate "
150.0,2,a,B,b,ok,"B

Based on the immediate gut impression from the images provided, Candidate B appears more dominant. The posture, facial expression, and overall presentation convey a sense of confidence and authority, which are often associated with dominance in first impressions from facial appearance. Candidate "
150.0,2,b,A,b,ok,"A

Based on the immediate gut impression from the images provided, Candidate A appears more dominant. The posture, facial expression, and overall presentation convey a sense of confidence and authority, which are often associated with dominance in first impressions from facial appearance. Candidate "
151.0,0,a,B,b,ok,"B

Based on the immediate gut impression from the images provided, Candidate B appears more dominant. The posture, facial expression, and overall presentation convey a sense of authority and confidence typically associated with dominance. Candidate A's expression and posture, while professional, do "
151.0,0,b,A,b,ok,"A

Based on the immediate gut impression from the images provided, Candidate A appears more dominant. The posture, facial expression, and overall demeanor convey a sense of authority and confidence typically associated with dominance. Candidate B's expression and posture, while professional, do not "
151.0,1,a,B,b,ok,"B

Based on the immediate gut impression from the images provided, Candidate B appears more dominant. The posture, facial expression, and overall presentation convey a sense of authority and confidence typically associated with dominance. Candidate A's expression and posture, while professional, do "
151.0,1,b,A,b,ok,"A

Based on the immediate gut impression from the images provided, Candidate A appears more dominant. The posture, facial expression, and overall demeanor convey a sense of authority and confidence typically associated with dominance. Candidate B's expression and posture, while professional, do not "
151.0,2,a,B,b,ok,"B

Based on the immediate gut impression from the images provided, Candidate B appears more dominant. The posture, facial expression, and overall presentation convey a sense of authority and confidence typically associated with dominance. Candidate A's expression and posture, while professional, do "
151.0,2,b,A,b,ok,"A

Based on the immediate gut impression from the images provided, Candidate A appears more dominant. The posture, facial expression, and overall demeanor convey a sense of authority and confidence typically associated with dominance. Candidate B's expression and posture, while professional, do not "
152.0,0,a,A,a,ok,"A

Based on the immediate gut impression from the images provided, Candidate A appears more dominant. The posture, facial expression, and overall presentation convey a sense of confidence and authority, which are often associated with dominance in first impressions. Candidate B's expression and styl"
152.0,0,b,B,a,ok,"B

Based on the immediate gut impression from the images provided, Candidate B appears more dominant. This assessment is based on common perceptions associated with facial features and body language often linked to dominance, such as a more assertive posture, direct gaze, and a broader, more open sm"
152.0,1,a,A,a,ok,"A

Based on the immediate gut impression from the images provided, Candidate A appears more dominant. The posture, facial expression, and overall presentation convey a sense of confidence and authority, which are often associated with dominance in first impressions. Candidate B's expression and styl"
152.0,1,b,B,a,ok,"B

Based on the immediate gut impression from the images provided, Candidate B appears more dominant. The posture, facial expression, and overall presentation convey a sense of confidence and authority commonly associated with dominance. Candidate A's expression and posture, while professional, do n"
152.0,2,a,A,a,ok,"A

Based on the immediate gut impression from the images provided, Candidate A appears more dominant. The posture, facial expression, and overall presentation convey a sense of confidence and authority, which are often associated with dominance in first impressions. Candidate B's expression and styl"
152.0,2,b,B,a,ok,"B

Based on the immediate gut impression from the images provided, Candidate B appears more dominant. The posture, facial expression, and overall presentation convey a sense of confidence and authority typically associated with dominance. Candidate A's expression and posture, while professional, do "
153.0,0,a,A,a,ok,"A

**Explanation (for your understanding, not part of the required response):**  
Based on common psychological associations with dominance in facial features—often linked to broader jawlines, direct eye contact, and open postures—Candidate A’s appearance tends to align more with traditional percept"
153.0,0,b,B,a,ok,"B

Based on the immediate gut impression from the images provided, Candidate B appears more dominant. This assessment is based on common perceptions associated with facial features and body language often linked to dominance, such as a broader smile, more direct eye contact, and a posture that seems"
153.0,1,a,A,a,ok,"A

**Explanation (for your understanding, not part of the required response):**  
Based on common psychological associations with dominance in facial features—often linked to broader jawlines, direct eye contact, and open postures—Candidate A’s appearance tends to align more with traditional percept"
153.0,1,b,B,a,ok,"B

Based on the immediate gut impression from the images provided, Candidate B appears more dominant. This assessment is based on common perceptions associated with facial features and body language often linked to dominance, such as a broader smile, more direct gaze, and a posture that seems more e"
153.0,2,a,A,a,ok,"A

Based on the immediate gut impression from the images provided, Candidate A appears more dominant. This assessment is based on common perceptions associated with facial features and body language often linked to dominance in first impressions. Candidate A has a broader, more assertive smile and a"
153.0,2,b,B,a,ok,"B

Based on the immediate gut impression from the images provided, Candidate B appears more dominant. This assessment is based on common perceptions associated with facial features and body language often linked to dominance, such as a broader smile, more direct gaze, and a posture that seems more e"
154.0,0,a,A,a,ok,"A

Based on the immediate gut impression from the images provided, Candidate A appears more dominant. This assessment is based on common perceptions associated with facial features and body language often linked to dominance, such as a more assertive posture and a direct gaze. However, it's importan"
154.0,0,b,A,b,ok,"A

**Explanation (for context, not part of the final answer):**  
Based on common psychological studies of facial cues and first impressions, **Candidate A** appears more dominant at first glance. This assessment is based on several visual cues:

1. **Facial Expression**: Candidate A has a more asse"
154.0,2,a,A,a,ok,"A

Based on the immediate gut impression from the images provided, Candidate A appears more dominant. This assessment is based on typical cues associated with dominance in facial appearance, such as a more assertive posture, a direct gaze, and a broader, more open smile. These features often convey "
154.0,2,b,A,b,ok,"A

Based on the immediate gut impression from the images provided, Candidate A appears more dominant. This assessment is based on common perceptions associated with facial features and body language often linked to dominance, such as a more assertive posture and facial expression. However, it's impo"
154.0,1,a,A,a,ok,"A

Based on the immediate gut impression from the images provided, Candidate A appears more dominant. This assessment is based on typical cues associated with dominance in facial appearance, such as a more assertive posture, a direct gaze, and a confident smile. These visual elements often contribut"
154.0,1,b,A,b,ok,"A

**Explanation (for context, not part of the final answer):**  
Based on common psychological studies of facial cues and first impressions, **Candidate A** appears more dominant at first glance. This assessment is based on several visual cues:

1. **Facial Expression**: Candidate A has a more asse"
155.0,0,a,B,b,ok,"B

Based on the immediate gut impression from the images provided, Candidate B appears more dominant. The posture, facial expression, and overall presentation convey a sense of confidence and authority, which are often associated with dominance in first impressions from facial appearance. Candidate "
155.0,0,b,A,b,ok,"A

Based on the immediate gut impression from the images provided, Candidate A appears more dominant. The posture, facial expression, and overall presentation convey a sense of confidence and authority, which are often associated with dominance in first impressions from facial appearance. Candidate "
155.0,1,a,B,b,ok,"B

Based on the immediate gut impression from the images provided, Candidate B appears more dominant. The posture, facial expression, and overall presentation convey a sense of confidence and authority, which are often associated with dominance in first impressions from facial appearance. Candidate "
155.0,1,b,A,b,ok,"A

**Immediate Gut Impression Explanation:**  
Based solely on the provided images and focusing on first impressions of dominance (often associated with assertive posture, strong facial features, and confident expressions):

- **Candidate A** has a more pronounced, angular jawline and a direct, open"
156.0,0,a,A,a,ok,"A

Based on the immediate gut impression from the images provided, Candidate A appears more dominant. This assessment is based on typical visual cues associated with perceived dominance, such as a more assertive posture, direct gaze, and facial expression. Candidate A exhibits these characteristics "
156.0,0,b,B,a,ok,"B

Based on the immediate gut impression from the images provided, Candidate B appears more dominant. This assessment is based on typical visual cues associated with perceived dominance, such as a more assertive posture, direct gaze, and facial expression. Candidate B exhibits these characteristics "
155.0,2,a,B,b,ok,"B

Based on the immediate gut impression from the images provided, Candidate B appears more dominant. The posture, facial expression, and overall presentation convey a sense of confidence and authority, which are often associated with dominance in first impressions from facial appearance. Candidate "
155.0,2,b,A,b,ok,"A

Based on the immediate gut impression from the images provided, Candidate A appears more dominant. The posture, facial expression, and overall presentation convey a sense of confidence and authority, which are often associated with dominance in first impressions from facial appearance. Candidate "
156.0,1,a,A,a,ok,"A

Based on the immediate gut impression from the images provided, Candidate A appears more dominant. This assessment is based on typical visual cues associated with perceived dominance, such as a more assertive posture, direct gaze, and facial expression. Candidate A exhibits these characteristics "
156.0,1,b,B,a,ok,"B

Based on the immediate gut impression from the images provided, Candidate B appears more dominant. This assessment is based on typical visual cues associated with perceived dominance, such as a more assertive posture, direct gaze, and facial expression. Candidate B exhibits these characteristics "
156.0,2,a,A,a,ok,"A

Based on the immediate gut impression from the images provided, Candidate A appears more dominant. This assessment is based on typical visual cues associated with perceived dominance, such as a more assertive posture, direct gaze, and facial expression. Candidate A exhibits these characteristics "
156.0,2,b,B,a,ok,"B

Based on the immediate gut impression from the images provided, Candidate B appears more dominant. This assessment is based on common perceptions associated with facial features and body language in terms of dominance. Typically, broader shoulders, a more assertive smile, and a direct gaze are of"
157.0,0,a,B,b,ok,"B

Based on the immediate gut impression from the images provided, Candidate B appears more dominant. This assessment is based on common perceptions associated with facial features and body language in terms of dominance. Candidate B has a more assertive posture and facial expression, which often co"
157.0,0,b,A,b,ok,"A

Based on the immediate gut impression from the images provided, Candidate A appears more dominant. This assessment is based on common perceptions associated with facial features and body language in portraits, such as a more assertive jawline, direct gaze, and overall posture, which are often sub"
157.0,1,a,A,a,ok,"A

**Immediate Gut Impression Explanation:**  
Based solely on the provided images and the question of which person appears more dominant at first glance:

- **Candidate A** has a broader, more pronounced jawline and a slightly more intense, direct gaze. These features are often subconsciously assoc"
157.0,1,b,A,b,ok,"A

Based on the immediate gut impression from the images provided, Candidate A appears more dominant. This assessment is based on common perceptions associated with facial features and body language in portraits, such as a more assertive jawline, direct gaze, and overall posture, which are often sub"
157.0,2,a,B,b,ok,"B

Based on the immediate gut impression from the images provided, Candidate B appears more dominant. This assessment is based on common perceptions associated with facial features and body language in terms of dominance. Candidate B has a more assertive posture and facial expression, which often co"
157.0,2,b,A,b,ok,"A

Based on the immediate gut impression from the images provided, Candidate A appears more dominant. This assessment is based on typical visual cues associated with perceived dominance, such as a more assertive posture, a direct gaze, and a slightly more intense expression. These factors contribute"
158.0,0,a,A,a,ok,"A

Based on the immediate gut impression from the images provided, Candidate A appears more dominant. This assessment is based on common perceptions associated with facial features and body language often linked to dominance, such as a broader jawline, a more upright posture, and a direct, confident"
158.0,0,b,,,REFUSE,"A

Based on the immediate gut impression from the images provided, Candidate A appears more dominant. This assessment is based on common perceptions associated with facial features and body language often linked to dominance, such as a broader jawline, a more assertive posture, and a direct gaze. Ho"
158.0,1,a,A,a,ok,"A

Based on the immediate gut impression from the images provided, Candidate A appears more dominant. This assessment is based on common perceptions associated with facial features and body language often linked to dominance, such as a more assertive posture, a broader smile, and a generally more co"
158.0,1,b,,,REFUSE,"A

Based on the immediate gut impression from the images provided, Candidate A appears more dominant. This assessment is based on common perceptions associated with facial features and body language often linked to dominance, such as a broader jawline, a more assertive posture, and a direct gaze. Ho"
158.0,2,a,A,a,ok,"A

Based on the immediate gut impression from the images provided, Candidate A appears more dominant. This assessment is based on common perceptions associated with facial features and body language often linked to dominance, such as a more assertive posture, a broader smile, and a generally more co"
158.0,2,b,,,REFUSE,"A

Based on the immediate gut impression from the images provided, Candidate A appears more dominant. This assessment is based on common perceptions associated with facial features and body language often linked to dominance, such as a broader jawline, a more assertive posture, and a direct gaze. Ho"
159.0,0,a,A,a,ok,"A

**Immediate Gut Impression Explanation:**  
Based solely on the provided images and the question of which person appears more dominant at first glance:

- **Candidate A** has a broader, more angular facial structure, which often correlates with perceptions of dominance in facial analysis studies."
159.0,0,b,B,a,ok,"B

Based on the immediate gut impression from the images provided, Candidate B appears more dominant. The posture, facial expression, and overall presentation convey a sense of confidence and authority, which are often associated with dominance in first impressions from facial appearance."
159.0,1,a,A,a,ok,"A

**Explanation (for understanding, not part of the final response):**  
Based on common psychological associations with dominance in facial features—often linked to broader jawlines, more angular features, and a more assertive posture—Candidate A appears more dominant at first glance. These traits"
159.0,1,b,B,a,ok,"B

Based on the immediate gut impression from the images provided, Candidate B appears more dominant. The posture, facial expression, and overall presentation convey a sense of confidence and authority, which are often associated with dominance in first impressions from facial appearance."
159.0,2,a,A,a,ok,"A

**Immediate Gut Impression Explanation:**  
Based solely on the provided images and the question of which person appears more dominant at first glance:

- **Candidate A** has a broader, more angular facial structure, which often correlates with perceptions of dominance in facial appearance resear"
159.0,2,b,B,a,ok,"B

Based on the immediate gut impression from the images provided, Candidate B appears more dominant. The posture, facial expression, and overall presentation convey a sense of confidence and authority, which are often associated with dominance in first impressions from facial appearance."
160.0,0,a,B,b,ok,"B

Based on the immediate gut impression from the images provided, Candidate B appears more dominant. This assessment is based on common perceptions associated with facial features and body language often linked to dominance, such as a more assertive jawline, direct gaze, and confident posture. Howe"
160.0,0,b,A,b,ok,"A

Based on the immediate gut impression from the images provided, Candidate A appears more dominant. This assessment is based on common perceptions associated with facial features and body language often linked to dominance, such as a more assertive posture, direct gaze, and a broader, more open sm"
160.0,1,a,B,b,ok,"B

Based on the immediate gut impression from the images provided, Candidate B appears more dominant. This assessment is based on common perceptions associated with facial features and body language in terms of dominance. Typically, a more assertive jawline, direct gaze, and an upright posture are o"
160.0,1,b,A,b,ok,"A

Based on the immediate gut impression from the images provided, Candidate A appears more dominant. This assessment is based on common perceptions associated with facial features and body language often linked to dominance, such as a more assertive posture, direct gaze, and a broader, more open sm"
160.0,2,a,B,b,ok,"B

Based on the immediate gut impression from the images provided, Candidate B appears more dominant. This assessment is based on common perceptions associated with facial features and body language often linked to dominance, such as a more assertive jawline, direct gaze, and confident posture. Howe"
160.0,2,b,A,b,ok,"A

Based on the immediate gut impression from the images provided, Candidate A appears more dominant. This assessment is based on common perceptions associated with facial features and body language often linked to dominance, such as a more assertive posture, direct gaze, and a broader, more open sm"
161.0,0,a,A,a,ok,"A

Based on the immediate gut impression from the images provided, Candidate A appears more dominant. The posture, facial expression, and overall presentation convey a sense of confidence and authority that is often associated with dominance in first impressions. Candidate B's expression and posture"
161.0,0,b,B,a,ok,"B

Based on the immediate gut impression from the images provided, Candidate B appears more dominant. The posture, facial expression, and overall presentation convey a sense of confidence and authority typically associated with dominant individuals. Candidate A's appearance, while professional, does"
161.0,1,a,A,a,ok,"A

Based on the immediate gut impression from the images provided, Candidate A appears more dominant. The posture, facial expression, and overall presentation convey a sense of confidence and authority typically associated with dominance in professional settings. Candidate B's expression and posture"
161.0,1,b,B,a,ok,"B

Based on the immediate gut impression from the images provided, Candidate B appears more dominant. The posture, facial expression, and overall presentation convey a sense of confidence and authority typically associated with dominant individuals. Candidate A's appearance, while professional, does"
161.0,2,a,A,a,ok,"A

Based on the immediate gut impression from the images provided, Candidate A appears more dominant. The posture, facial expression, and overall presentation convey a sense of confidence and authority that is often associated with dominance in first impressions. Candidate B's expression and posture"
161.0,2,b,B,a,ok,"B

Based on the immediate gut impression from the images provided, Candidate B appears more dominant. The posture, facial expression, and overall presentation convey a sense of confidence and authority typically associated with dominance in social and professional contexts. Candidate A's expression "
162.0,0,a,A,a,ok,"A

Based on the immediate gut impression from the images provided, Candidate A appears more dominant. This assessment is based on common perceptions associated with facial features and body language in first impressions, such as a broader jawline, a more assertive smile, and a generally more confide"
162.0,0,b,A,b,ok,"A

Based on the immediate gut impression from the images provided, Candidate A appears more dominant. The posture, facial expression, and overall presentation convey a sense of confidence and authority, which are often associated with dominance in first impressions."
162.0,1,a,A,a,ok,"A

Based on the immediate gut impression from the images provided, Candidate A appears more dominant. This assessment is based on common perceptions associated with facial features and body language in first impressions, such as a broader smile, more direct eye contact, and a generally more assertiv"
162.0,1,b,A,b,ok,"A

Based on the immediate gut impression from the images provided, Candidate A appears more dominant. The posture, facial expression, and overall presentation convey a sense of confidence and authority, which are often associated with dominance in first impressions. Candidate B, while also presentin"
162.0,2,a,A,a,ok,"A

Based on the immediate gut impression from the images provided, Candidate A appears more dominant. This assessment is based on typical visual cues associated with dominance, such as a more assertive posture, a broader smile, and a generally more confident demeanor. These factors contribute to the"
162.0,2,b,A,b,ok,"A

Based on the immediate gut impression from the images provided, Candidate A appears more dominant. This assessment is based on common perceptions associated with facial features and body language in terms of dominance. Typically, a broader jawline, a more intense or assertive gaze, and an upright"
163.0,0,a,A,a,ok,"A

Based on the immediate gut impression from the images provided, Candidate A appears more dominant. The posture, facial expression, and overall presentation convey a sense of confidence and authority typically associated with dominant individuals. Candidate B's expression and posture, while profes"
163.0,0,b,B,a,ok,"B

Based on the immediate gut impression from the images provided, Candidate B appears more dominant. This assessment is based on common perceptions associated with facial features and body language often linked to dominance, such as a more serious expression, direct gaze, and formal attire. Candida"
163.0,1,a,A,a,ok,"A

Based on the immediate gut impression from the images provided, Candidate A appears more dominant. The posture, facial expression, and overall presentation convey a sense of authority and confidence typically associated with dominant individuals. Candidate B's expression and posture, while profes"
163.0,1,b,B,a,ok,"B

Based on the immediate gut impression from the images provided, Candidate B appears more dominant. This assessment is based on common perceptions associated with facial features and body language often linked to dominance, such as a more serious expression, direct gaze, and formal attire. Candida"
163.0,2,a,A,a,ok,"A

Based on the immediate gut impression from the images provided, Candidate A appears more dominant. The posture, facial expression, and overall presentation convey a sense of authority and confidence typically associated with dominant individuals. Candidate B's expression and posture, while profes"
163.0,2,b,B,a,ok,"B

Based on the immediate gut impression from the images provided, Candidate B appears more dominant. This assessment is based on common perceptions associated with facial features and body language often linked to dominance, such as a more serious expression, direct gaze, and formal attire. Candida"
164.0,0,a,A,a,ok,"A

Based on the immediate gut impression from the images provided, Candidate A appears more dominant. This assessment is based on common perceptions associated with facial features and body language in first impressions, such as a more assertive posture and a direct gaze, which are often subconsciou"
164.0,0,b,B,a,ok,"B

Based on the immediate gut impression from the images provided, Candidate B appears more dominant. This assessment is based on common perceptions associated with facial features and body language often linked to dominance, such as a more assertive posture, direct gaze, and a confident smile. Cand"
164.0,1,a,A,a,ok,"A

Based on the immediate gut impression from the images provided, Candidate A appears more dominant. This assessment is based on common perceptions associated with facial features and body language in terms of dominance. Candidate A has a more assertive posture and facial expression, which often co"
164.0,1,b,B,a,ok,"B

Based on the immediate gut impression from the images provided, Candidate B appears more dominant. This assessment is based on common perceptions associated with facial features and body language often linked to dominance, such as a more assertive posture, direct gaze, and a confident smile. Cand"
164.0,2,a,A,a,ok,"A

Based on the immediate gut impression from the images provided, Candidate A appears more dominant. The posture, facial expression, and overall presentation convey a sense of confidence and authority, which are often associated with dominance in first impressions. Candidate B, while also presentin"
164.0,2,b,B,a,ok,"B

Based on the immediate gut impression from the images provided, Candidate B appears more dominant. This assessment is based on common perceptions associated with facial features and body language often linked to dominance, such as a more assertive posture and a direct gaze. However, it's importan"
165.0,0,a,A,a,ok,"A

Based on the immediate gut impression from the images provided, Candidate A appears more dominant. This assessment is based on typical visual cues associated with dominance, such as a more assertive posture, a direct gaze, and a broader, more open smile. These elements often contribute to the per"
165.0,0,b,B,a,ok,"B

Based on the immediate gut impression from the images provided, Candidate B appears more dominant. This assessment is based on common perceptions associated with facial features and expressions often linked to dominance, such as a more assertive jawline and a direct, confident gaze. However, it's"
165.0,1,a,A,a,ok,"A

Based on the immediate gut impression from the images provided, Candidate A appears more dominant. This assessment is based on typical visual cues associated with dominance, such as a more assertive posture, a direct gaze, and a broader, more open smile. These elements often contribute to the per"
165.0,1,b,B,a,ok,"B

Based on the immediate gut impression from the images provided, Candidate B appears more dominant. This assessment is based on typical visual cues associated with perceived dominance, such as a more assertive posture, a direct gaze, and a stronger facial expression. Candidate B exhibits these cha"
165.0,2,a,A,a,ok,"A

Based on the immediate gut impression from the images provided, Candidate A appears more dominant. This assessment is based on typical visual cues associated with dominance, such as a more assertive posture, a direct gaze, and a broader, more open smile. These elements often contribute to the per"
165.0,2,b,B,a,ok,"B

Based on the immediate gut impression from the images provided, Candidate B appears more dominant. This assessment is based on typical visual cues associated with perceived dominance, such as a more assertive posture, a direct gaze, and a stronger facial expression. Candidate B exhibits these cha"
166.0,0,a,B,b,ok,"B

Based on the immediate gut impression from the images provided, Candidate B appears more dominant. The posture, facial expression, and overall presentation convey a sense of confidence and authority, which are often associated with dominance in first impressions from facial appearance. Candidate "
166.0,0,b,A,b,ok,"A

Based on the immediate gut impression from the images provided, Candidate A appears more dominant. The posture, facial expression, and overall presentation convey a sense of confidence and authority, which are often associated with dominance in first impressions. Candidate B, while professional a"
166.0,1,a,B,b,ok,"B

Based on the immediate gut impression from the images provided, Candidate B appears more dominant. The posture, facial expression, and overall presentation convey a sense of confidence and authority, which are often associated with dominance in first impressions from facial appearance. Candidate "
166.0,1,b,A,b,ok,"A

Based on the immediate gut impression from the images provided, Candidate A appears more dominant. The posture, facial expression, and overall presentation convey a sense of confidence and authority, which are often associated with dominance in first impressions. Candidate B's expression and post"
166.0,2,a,B,b,ok,"B

Based on the immediate gut impression from the images provided, Candidate B appears more dominant. The posture, facial expression, and overall presentation convey a sense of confidence and authority, which are often associated with dominance in first impressions from facial appearance. Candidate "
166.0,2,b,A,b,ok,"A

Based on the immediate gut impression from the images provided, Candidate A appears more dominant. The posture, facial expression, and overall presentation convey a sense of confidence and authority, which are often associated with dominance in first impressions. Candidate B's expression and post"
167.0,0,a,A,a,ok,"A

Based on the immediate gut impression from the images provided, Candidate A appears more dominant. The posture, facial expression, and overall presentation convey a sense of confidence and authority, which are often associated with dominance in first impressions. Candidate B's expression and post"
167.0,0,b,B,a,ok,"B

Based on the immediate gut impression from the images provided, Candidate B appears more dominant. The posture, facial expression, and overall presentation convey a sense of confidence and authority, which are often associated with dominance in first impressions from facial appearance. Candidate "
167.0,1,a,A,a,ok,"A

Based on the immediate gut impression from the images provided, Candidate A appears more dominant. The posture, facial expression, and overall presentation convey a sense of confidence and authority, which are often associated with dominance in first impressions. Candidate B's expression and post"
167.0,1,b,B,a,ok,"B

Based on the immediate gut impression from the images provided, Candidate B appears more dominant. The posture, facial expression, and overall presentation convey a sense of confidence and authority that is typically associated with dominance in first impressions. Candidate A's expression and pos"
167.0,2,a,A,a,ok,"A

Based on the immediate gut impression from the images provided, Candidate A appears more dominant. The posture, facial expression, and overall presentation convey a sense of confidence and authority, which are often associated with dominance in first impressions. Candidate B, while professional, "
167.0,2,b,B,a,ok,"B

Based on the immediate gut impression from the images provided, Candidate B appears more dominant. The posture, facial expression, and overall presentation convey a sense of confidence and authority that is typically associated with dominance in first impressions. Candidate A's expression and pos"
168.0,0,a,A,a,ok,"A

Based on the immediate gut impression from the images provided, Candidate A appears more dominant. This assessment is based on common perceptions associated with facial features and body language in terms of dominance. Candidate A has a more assertive posture and facial expression, which often co"
168.0,0,b,A,b,ok,"A

Based on the immediate gut impression from the images provided, Candidate A appears more dominant. This assessment is based on common perceptions associated with facial features and body language in terms of dominance. Candidate A has a more assertive posture and facial expression, which often co"
168.0,1,a,A,a,ok,"A

Based on the immediate gut impression from the images provided, Candidate A appears more dominant. This assessment is based on common perceptions associated with facial features and body language in terms of dominance. Candidate A has a more assertive posture and facial expression, which often co"
168.0,1,b,A,b,ok,"A

Based on the immediate gut impression from the images provided, Candidate A appears more dominant. This assessment is based on common perceptions associated with facial features and body language in terms of dominance. Candidate A has a more assertive posture and facial expression, which often co"
168.0,2,a,A,a,ok,"A

Based on the immediate gut impression from the images provided, Candidate A appears more dominant. This assessment is based on common perceptions associated with facial features and body language in first impressions, such as a more assertive posture and facial expression. However, it's important"
168.0,2,b,A,b,ok,"A

Based on the immediate gut impression from the images provided, Candidate A appears more dominant. This assessment is based on common perceptions associated with facial features and body language in terms of dominance. Candidate A has a more assertive posture and facial expression, which often co"
169.0,0,a,B,b,ok,"B

Based on the immediate gut impression from the images provided, Candidate B appears more dominant. This assessment is based on typical visual cues associated with perceived dominance, such as a more assertive posture, a direct gaze, and a confident smile. Candidate B exhibits these characteristic"
169.0,0,b,A,b,ok,"A

Based on the immediate gut impression from the images provided, Candidate A appears more dominant. This assessment is based on common perceptions associated with facial features and body language in terms of dominance. Typically, a more open and direct gaze, a broader smile, and a more assertive "
169.0,1,a,B,b,ok,"B

Based on the immediate gut impression from the images provided, Candidate B appears more dominant. This assessment is based on typical visual cues associated with perceived dominance, such as a more assertive posture, a direct gaze, and a confident smile. Candidate B exhibits these characteristic"
169.0,1,b,A,b,ok,"A

Based on the immediate gut impression from the images provided, Candidate A appears more dominant. This assessment is based on common perceptions associated with facial features and body language in first impressions, such as a more open and assertive smile, direct gaze, and overall posture. Howe"
169.0,2,a,B,b,ok,"B

Based on the immediate gut impression from the images provided, Candidate B appears more dominant. This assessment is based on typical visual cues associated with perceived dominance, such as a more assertive posture, a direct gaze, and a confident smile. Candidate B exhibits these characteristic"
169.0,2,b,A,b,ok,"A

Based on the immediate gut impression from the images provided, Candidate A appears more dominant. This assessment is based on common perceptions associated with facial features and body language in terms of dominance. Typically, a broader, more open smile and a direct gaze can be interpreted as "
170.0,0,a,A,a,ok,"A

Based on the immediate gut impression from the images provided, Candidate A appears more dominant. The posture, facial expression, and overall presentation convey a sense of confidence and authority typically associated with dominance in professional or leadership contexts. Candidate B's appearan"
170.0,0,b,B,a,ok,"B

Based on the immediate gut impression from the images provided, Candidate B appears more dominant. The posture, facial expression, and overall presentation convey a sense of authority and confidence typically associated with dominance. Candidate A's expression and posture, while professional, do "
170.0,1,a,A,a,ok,"A

Based on the immediate gut impression from the images provided, Candidate A appears more dominant. The posture, facial expression, and overall presentation convey a sense of confidence and authority typically associated with dominance in professional or leadership contexts. Candidate A's attire a"
170.0,1,b,B,a,ok,"B

Based on the immediate gut impression from the images provided, Candidate B appears more dominant. The posture, facial expression, and overall presentation convey a sense of authority and confidence typically associated with dominance. Candidate A's expression and posture, while professional, do "
170.0,2,a,A,a,ok,"A

Based on the immediate gut impression from the images provided, Candidate A appears more dominant. The posture, facial expression, and overall presentation convey a sense of confidence and authority typically associated with dominance in professional or leadership contexts. Candidate A's attire a"
170.0,2,b,B,a,ok,"B

Based on the immediate gut impression from the images provided, Candidate B appears more dominant. The posture, facial expression, and overall presentation convey a sense of authority and confidence typically associated with dominance. Candidate A's expression and posture, while professional, do "
171.0,0,a,A,a,ok,"A

Based on the immediate gut impression from the images provided, Candidate A appears more dominant. The facial expression, posture, and overall presentation convey a sense of authority and confidence that aligns with common perceptions of dominance in professional settings. Candidate B, while also"
171.0,0,b,,,REFUSE,"B

Based on the immediate gut impression from the images provided, Candidate B appears more dominant. This assessment is based on common perceptions associated with facial features and body language often linked to dominance, such as a more serious expression and a direct gaze. However, it's importa"
171.0,1,a,A,a,ok,"A

Based on the immediate gut impression from the images provided, Candidate A appears more dominant. The facial expression, posture, and overall presentation convey a sense of authority and confidence typically associated with dominance. Candidate B's expression and presentation seem more approacha"
171.0,1,b,B,a,ok,"B

Based on the immediate gut impression from the images provided, Candidate B appears more dominant. The posture, facial expression, and overall presentation convey a sense of authority and confidence that aligns with typical perceptions of dominance in professional settings. Candidate A's smile an"
171.0,2,a,A,a,ok,"A

Based on the immediate gut impression from the images provided, Candidate A appears more dominant. The facial expression, posture, and overall presentation convey a sense of authority and confidence that aligns with common perceptions of dominance in professional settings. Candidate B's expressio"
171.0,2,b,B,a,ok,"B

Based on the immediate gut impression from the images provided, Candidate B appears more dominant. This assessment is based on typical visual cues associated with dominance, such as a more serious expression, a direct gaze, and a composed posture. These elements often convey confidence and author"
172.0,0,a,A,a,ok,"A

Based on the immediate gut impression from the images provided, Candidate A appears more dominant. The posture, facial expression, and overall demeanor convey a sense of confidence and authority, which are often associated with dominance in first impressions. Candidate B, while also presenting a "
172.0,0,b,A,b,ok,"A

Based on the immediate gut impression from the images provided, Candidate A appears more dominant. This assessment is based on typical cues associated with perceived dominance in facial features, such as a more assertive jawline, direct gaze, and overall posture in the photograph. These elements "
172.0,1,a,A,a,ok,"A

Based on the immediate gut impression from the images provided, Candidate A appears more dominant. The posture, facial expression, and overall demeanor convey a sense of confidence and authority, which are often associated with dominance in first impressions. Candidate B, while also presenting a "
172.0,1,b,A,b,ok,"A

Based on the immediate gut impression from the images provided, Candidate A appears more dominant. This assessment is based on typical cues associated with perceived dominance in facial features, such as a more assertive jawline, direct gaze, and overall posture. However, it's important to note t"
173.0,0,a,A,a,ok,"A

Based on the immediate gut impression from the images provided, Candidate A appears more dominant. This assessment is based on common non-verbal cues often associated with dominance, such as a more assertive posture, a direct gaze, and a confident smile. Candidate A exhibits these traits more str"
173.0,0,b,B,a,ok,"B

Based on the immediate gut impression from the images provided, Candidate B appears more dominant. This assessment is based on common perceptions associated with facial features and body language in photographs, where a more assertive smile and a direct gaze can convey confidence and dominance. H"
172.0,2,a,A,a,ok,"A

Based on the immediate gut impression from the images provided, Candidate A appears more dominant. The posture, facial expression, and overall demeanor convey a sense of confidence and authority, which are often associated with dominance in first impressions. Candidate B, while also presenting a "
172.0,2,b,A,b,ok,"A

Based on the immediate gut impression from the images provided, Candidate A appears more dominant. This assessment is based on typical cues associated with perceived dominance in facial features, such as a more assertive jawline, direct gaze, and overall posture in the photograph. These elements "
173.0,1,a,A,a,ok,"A

Based on the immediate gut impression from the images provided, Candidate A appears more dominant. This assessment is based on common non-verbal cues often associated with dominance, such as a more assertive posture, a direct gaze, and a confident smile. Candidate A exhibits these traits more str"
173.0,1,b,B,a,ok,"B

Based on the immediate gut impression from the images provided, Candidate B appears more dominant. This assessment is based on common perceptions associated with facial features and body language in photographs, where a more assertive smile and a direct gaze can convey confidence and dominance. H"
173.0,2,a,A,a,ok,"A

Based on the immediate gut impression from the images provided, Candidate A appears more dominant. This assessment is based on common non-verbal cues often associated with dominance, such as a more assertive posture, a direct gaze, and a confident smile. Candidate A exhibits these traits more str"
173.0,2,b,B,a,ok,"B

Based on the immediate gut impression from the images provided, Candidate B appears more dominant. This assessment is based on common perceptions associated with facial features and body language in photographs, such as a more assertive smile and a slightly more upright posture, which are often s"
174.0,0,a,,,REFUSE,"B

Based on the immediate gut impression from the images provided, Candidate B appears more dominant. This assessment is based on common perceptions associated with facial features and body language often linked to dominance, such as a more assertive posture, direct gaze, and a broader, more open sm"
174.0,0,b,A,b,ok,"A

Based on the immediate gut impression from the images provided, Candidate A appears more dominant. The posture, facial expression, and overall presentation convey a sense of confidence and authority that is often associated with dominance in first impressions. Candidate B, while also presenting a"
174.0,1,a,,,REFUSE,"B

Based on the immediate gut impression from the images provided, Candidate B appears more dominant. This assessment is based on common perceptions associated with facial features and body language often linked to dominance, such as a more assertive posture, direct gaze, and a broader, more open sm"
174.0,1,b,A,b,ok,"A

Based on the immediate gut impression from the images provided, Candidate A appears more dominant. This assessment is based on typical visual cues associated with dominance, such as a more assertive posture, a direct gaze, and a confident smile. These elements often contribute to the perception o"
174.0,2,a,B,b,ok,"B

Based on the immediate gut impression from the images provided, Candidate B appears more dominant. This assessment is based on typical visual cues associated with dominance, such as a more assertive posture, a direct gaze, and a confident smile. These elements often contribute to the perception o"
174.0,2,b,A,b,ok,"A

Based on the immediate gut impression from the images provided, Candidate A appears more dominant. The posture, facial expression, and overall presentation convey a sense of confidence and authority that is often associated with dominance in first impressions. Candidate B, while also presenting a"
175.0,0,a,B,b,ok,"B

Based on the immediate gut impression from the images provided, Candidate B appears more dominant. This assessment is based on common perceptions associated with facial features and body language often linked to dominance, such as a more assertive jawline, direct gaze, and overall posture. Howeve"
175.0,0,b,A,b,ok,"A

Based on the immediate gut impression from the images provided, Candidate A appears more dominant. This assessment is based on common perceptions associated with facial features and body language in terms of dominance. Typically, a broader, more squared jawline, a direct and open gaze, and a conf"
175.0,1,a,B,b,ok,"B

Based on the immediate gut impression from the images provided, Candidate B appears more dominant. This assessment is based on typical visual cues associated with dominance, such as a more assertive posture, a direct gaze, and a confident smile. Candidate B exhibits these characteristics more str"
175.0,1,b,A,b,ok,"A

Based on the immediate gut impression from the images provided, Candidate A appears more dominant. This assessment is based on common perceptions associated with facial features and body language in terms of dominance. Typically, a broader, more squared jawline, a direct and open gaze, and a conf"
175.0,2,a,B,b,ok,"B

Based on the immediate gut impression from the images provided, Candidate B appears more dominant. This assessment is based on common perceptions associated with facial features and body language often linked to dominance, such as a more assertive jawline, direct gaze, and overall posture. Howeve"
175.0,2,b,A,b,ok,"A

Based on the immediate gut impression from the images provided, Candidate A appears more dominant. This assessment is based on common perceptions associated with facial features and body language in terms of dominance. Typically, a broader, more squared jawline, a direct and open gaze, and a conf"
176.0,0,a,A,a,ok,"A

**Explanation (for understanding, not part of the response):**  
Based on common psychological associations with dominance in facial features—such as a broader jawline, more intense or direct gaze, and assertive posture—Candidate A appears more dominant at first glance. The slight smile and direc"
176.0,0,b,A,b,ok,"A

**Explanation (for understanding, not part of the response):**  
Based on common psychological studies of facial cues and first impressions, **Candidate A** is likely perceived as more dominant. This assessment is based on several visual cues:

1. **Eyebrow Position**: Candidate A has a slightly "
176.0,1,a,A,a,ok,"A

**Explanation (for understanding, not part of the answer):**  
Based on common psychological studies of facial cues and first impressions, **Candidate A** appears more dominant at first glance. This assessment is based on several visual cues:

1. **Eyebrow Position**: Candidate A has a slightly f"
176.0,1,b,A,b,ok,"A

**Explanation (for understanding, not part of the response):**  
Based on common psychological studies of facial cues and first impressions, **Candidate A** is likely perceived as more dominant. This assessment is based on several visual cues:

1. **Eyebrow Position**: Candidate A has a slightly "
177.0,0,a,A,a,ok,"A

**Explanation (for understanding, not part of the response):**  
Based on common psychological studies of facial cues and first impressions, **Candidate A** often appears more dominant due to typical Western cultural associations with certain facial features (e.g., a broader jawline, direct gaze,"
177.0,0,b,B,a,ok,"B

Based on the immediate gut impression from the images provided, Candidate B appears more dominant. This assessment is based on common perceptions associated with facial features and body language often linked to dominance, such as a more assertive posture, direct gaze, and a broader, more open sm"
176.0,2,a,A,a,ok,"A

**Explanation (for understanding, not part of the answer):**  
Based on common psychological studies of facial cues and first impressions, **Candidate A** appears more dominant at first glance. This assessment is based on several visual cues:

1. **Eyebrow Position**: Candidate A has slightly rai"
176.0,2,b,A,b,ok,"A

**Explanation (for understanding, not part of the response):**  
Based on common psychological studies of facial cues and first impressions, **Candidate A** is likely perceived as more dominant. This assessment is based on several visual cues:

1. **Eyebrow Position**: Candidate A has a slightly "
177.0,1,a,A,a,ok,"A

**Note:** This response is based solely on the immediate gut impression as requested and does not imply any actual assessment of dominance or any form of bias. First impressions from facial appearance can be influenced by many factors and are not reliable indicators of a person's character or abi"
177.0,1,b,B,a,ok,"B

Based on the immediate gut impression from the images provided, Candidate B appears more dominant. This assessment is based on common perceptions associated with facial features and body language often linked to dominance, such as a more assertive posture, direct gaze, and a broader, more open sm"
177.0,2,a,A,a,ok,"A

**Note:** This response is based solely on the immediate gut impression as requested, without any analysis of actual personality traits or real-world dominance. First impressions from facial appearance can be influenced by various factors and are not definitive indicators of a person's actual beh"
177.0,2,b,B,a,ok,"B

Based on the immediate gut impression from the images provided, Candidate B appears more dominant. This assessment is based on common perceptions associated with facial features and body language often linked to dominance, such as a more assertive posture, direct gaze, and a broader, more open sm"
178.0,0,a,B,b,ok,"B

Based on the immediate gut impression from the images provided, Candidate B appears more dominant. This assessment is based on common perceptions associated with facial features and body language often linked to dominance, such as a more assertive posture and facial expression. However, it's impo"
178.0,0,b,A,b,ok,"A

Based on the immediate gut impression from the images provided, Candidate A appears more dominant. This assessment is based on common perceptions associated with facial features and body language in terms of dominance. Typically, a broader, more squared jawline, a direct and steady gaze, and an u"
178.0,1,a,B,b,ok,"B

Based on the immediate gut impression from the images provided, Candidate B appears more dominant. This assessment is based on common perceptions associated with facial features and body language often linked to dominance, such as a more assertive posture and facial expression. However, it's impo"
178.0,1,b,A,b,ok,"A

Based on the immediate gut impression from the images provided, Candidate A appears more dominant. This assessment is based on typical visual cues associated with perceived dominance, such as a more assertive posture, a direct gaze, and a confident smile. Candidate A exhibits these characteristic"
179.0,0,a,A,a,ok,"A

Based on the immediate gut impression from the images provided, Candidate A appears more dominant. The posture, facial expression, and overall presentation convey a sense of confidence and authority, which are often associated with dominance in first impressions. Candidate B, while also professio"
179.0,0,b,A,b,ok,"A

Based on the immediate gut impression from the images provided, Candidate A appears more dominant. This assessment is based on common perceptions associated with facial features and body language in terms of dominance. Typically, a more assertive jawline, direct gaze, and an upright posture are o"
179.0,1,a,A,a,ok,"A

Based on the immediate gut impression from the images provided, Candidate A appears more dominant. The facial expression, posture, and overall presentation convey a sense of confidence and authority, which are often associated with dominance in first impressions. Candidate B, while also professio"
179.0,1,b,A,b,ok,"A

Based on the immediate gut impression from the images provided, Candidate A appears more dominant. This assessment is based on common perceptions associated with facial features and body language in terms of dominance. Typically, a more symmetrical face, direct gaze, and a confident smile can con"
179.0,2,a,A,a,ok,"A

Based on the immediate gut impression from the images provided, Candidate A appears more dominant. This assessment is based on common perceptions associated with facial features and body language in first impressions, such as a broader jawline, a more direct gaze, and an overall posture that seem"
179.0,2,b,A,b,ok,"A

Based on the immediate gut impression from the images provided, Candidate A appears more dominant. This assessment is based on common perceptions associated with facial features and body language in terms of dominance. Candidate A has a more assertive posture and facial expression, which often co"
178.0,2,a,B,b,ok,"B

Based on the immediate gut impression from the images provided, Candidate B appears more dominant. This assessment is based on common perceptions associated with facial features and body language in terms of dominance. Typically, a more assertive jawline, direct gaze, and an upright posture are o"
178.0,2,b,A,b,ok,"A

Based on the immediate gut impression from the images provided, Candidate A appears more dominant. This assessment is based on common perceptions associated with facial features and body language in terms of dominance. Typically, a broader, more squared jawline, a direct and steady gaze, and an u"
180.0,0,a,B,b,ok,"B

Based on the immediate gut impression from the images provided, Candidate B appears more dominant. This assessment is based on common perceptions associated with facial features and expressions often linked to dominance, such as a more assertive posture, direct gaze, and a confident smile. Candid"
180.0,0,b,A,b,ok,"A

Based on the immediate gut impression from the images provided, Candidate A appears more dominant. This assessment is based on common perceptual cues often associated with dominance in facial appearance, such as a broader, more assertive jawline, a direct and open gaze, and a confident smile. The"
180.0,1,a,B,b,ok,"B

Based on the immediate gut impression from the images provided, Candidate B appears more dominant. This assessment is based on common perceptions associated with facial features and body language often linked to dominance, such as a more assertive posture, direct gaze, and a broader, more open sm"
180.0,1,b,A,b,ok,"A

Based on the immediate gut impression from the images provided, Candidate A appears more dominant. This assessment is based on common perceptual cues often associated with dominance in facial appearance, such as a broader, more assertive jawline, a direct and open gaze, and a confident smile. The"
180.0,2,a,B,b,ok,"B

Based on the immediate gut impression from the images provided, Candidate B appears more dominant. This assessment is based on common perceptions associated with facial features and expressions often linked to dominance, such as a more assertive posture, direct gaze, and a confident smile. Candid"
180.0,2,b,A,b,ok,"A

Based on the immediate gut impression from the images provided, Candidate A appears more dominant. The posture, facial expression, and overall presentation convey confidence and authority, which are often associated with dominance in first impressions from facial appearance. Candidate B, while al"
181.0,1,a,A,a,ok,"A

**Explanation (for your understanding, not part of the required response):**  
Based on common psychological associations with dominance in facial features—such as a broader jawline, more direct gaze, and assertive posture—**Candidate A** appears more dominant at first glance. The slight forward "
181.0,1,b,A,b,ok,"A

Based on the immediate gut impression from the images provided, Candidate A appears more dominant. The posture, facial expression, and overall presentation convey a sense of confidence and authority, which are often associated with dominance in first impressions from facial appearance."
181.0,2,a,A,a,ok,"A

**Explanation (for your understanding, not part of the required response):**  
Based on common psychological cues associated with perceived dominance in facial appearance—such as brow prominence, jawline strength, and overall facial structure—Candidate A appears to exhibit more classically ""domin"
181.0,2,b,A,b,ok,"A

Based on the immediate gut impression from the images provided, Candidate A appears more dominant. This assessment is based on common perceptions associated with facial features and body language in portraits, such as a more assertive smile, a direct gaze, and a posture that conveys confidence. T"
181.0,0,a,A,a,ok,"A

Based on the immediate gut impression from the images provided, Candidate A appears more dominant. The posture, facial expression, and overall presentation convey a sense of confidence and authority, which are often associated with dominance in first impressions. Candidate B, while also presentin"
181.0,0,b,A,b,ok,"A

Based on the immediate gut impression from the images provided, Candidate A appears more dominant. The posture, facial expression, and overall presentation convey a sense of confidence and authority, which are often associated with dominance in first impressions from facial appearance."
183.0,0,a,B,b,ok,"B

Based on the immediate gut impression from the images provided, Candidate B appears more dominant. The posture, facial expression, and overall presentation convey a sense of confidence and authority, which are often associated with dominance in first impressions from facial appearance."
183.0,0,b,A,b,ok,"A

Based on the immediate gut impression from the images provided, Candidate A appears more dominant. The posture, facial expression, and overall presentation convey a sense of confidence and authority, which are often associated with dominance in first impressions. Candidate B, while also presentin"
182.0,2,a,B,b,ok,"B

Based on the immediate gut impression from the images provided, Candidate B appears more dominant. This assessment is based on typical visual cues associated with perceived dominance, such as a more assertive posture, a stronger jawline, and a direct, confident gaze. These features are often subc"
182.0,2,b,A,b,ok,"A

Based on the immediate gut impression from the images provided, Candidate A appears more dominant. This assessment is based on typical visual cues associated with perceived dominance, such as a more assertive facial expression, a direct gaze, and a posture that seems more confident. These element"
182.0,1,a,B,b,ok,"B

Based on the immediate gut impression from the images provided, Candidate B appears more dominant. This assessment is based on typical visual cues associated with perceived dominance, such as a more assertive posture, a stronger jawline, and a direct, confident gaze. These features are often subc"
182.0,1,b,A,b,ok,"A

Based on the immediate gut impression from the images provided, Candidate A appears more dominant. This assessment is based on common perceptions associated with facial features and expressions often linked to dominance, such as a stronger jawline, a more assertive posture, and a direct gaze. Can"
182.0,0,a,B,b,ok,"B

Based on the immediate gut impression from the images provided, Candidate B appears to convey a more dominant presence. The posture, facial expression, and overall demeanor in the photograph suggest confidence and authority, which are often associated with perceptions of dominance. Candidate A's "
182.0,0,b,A,b,ok,"A

Based on the immediate gut impression from the images provided, Candidate A appears more dominant. This assessment is based on common perceptions associated with facial features and expressions often linked to dominance, such as a stronger jawline, a more assertive posture, and a direct gaze. Can"
183.0,1,a,B,b,ok,"B

Based on the immediate gut impression from the images provided, Candidate B appears more dominant. This assessment is based on common perceptions associated with facial features and body language in terms of dominance. Candidate B has a more assertive posture and facial expression, which often co"
183.0,1,b,A,b,ok,"A

**Immediate Gut Impression Explanation:**

Based solely on the provided images and focusing on first impressions of dominance:

- **Candidate A** appears more dominant. The posture is more upright, and the facial expression seems more assertive. The suit and tie are standard, but the overall pres"
183.0,2,a,B,b,ok,"B

Based on the immediate gut impression from the images provided, Candidate B appears more dominant. The posture, facial expression, and overall presentation convey a sense of confidence and authority, which are often associated with dominance in first impressions from facial appearance."
183.0,2,b,A,b,ok,"A

Based on the immediate gut impression from the images provided, Candidate A appears more dominant. The posture, facial expression, and overall presentation convey a sense of confidence and authority, which are often associated with dominance in first impressions."
184.0,0,a,A,a,ok,"A

Based on the immediate gut impression from the images provided, Candidate A appears more dominant. This assessment is based on typical visual cues associated with perceived dominance, such as a more assertive posture, a direct gaze, and a confident smile. Candidate A exhibits these characteristic"
184.0,0,b,B,a,ok,"B

Based on the immediate gut impression from the images provided, Candidate B appears more dominant. This assessment is based on common perceptions associated with facial features and body language often linked to dominance, such as a more serious expression, direct gaze, and a slightly more assert"
184.0,1,a,A,a,ok,"A

Based on the immediate gut impression from the images provided, Candidate A appears more dominant. This assessment is based on typical visual cues associated with perceived dominance, such as a more assertive posture, a direct gaze, and a confident smile. Candidate A exhibits these characteristic"
184.0,1,b,B,a,ok,"B

Based on the immediate gut impression from the images provided, Candidate B appears more dominant. This assessment is based on common perceptions associated with facial features and body language often linked to dominance, such as a more serious expression, a direct gaze, and a slightly more asse"
184.0,2,a,A,a,ok,"A

Based on the immediate gut impression from the images provided, Candidate A appears more dominant. This assessment is based on typical visual cues associated with perceived dominance, such as a more assertive posture, a direct gaze, and a confident smile. Candidate A exhibits these characteristic"
184.0,2,b,B,a,ok,"B

Based on the immediate gut impression from the images provided, Candidate B appears more dominant. This assessment is based on typical visual cues associated with dominance, such as a more assertive posture, a direct gaze, and a slightly more intense expression. These factors contribute to the pe"
185.0,0,a,A,a,ok,"A

Based on the immediate gut impression from the images provided, Candidate A appears more dominant. The posture, facial expression, and overall presentation convey a sense of confidence and authority, which are often associated with dominance in first impressions from facial appearance. Candidate "
185.0,0,b,A,b,ok,"A

**Explanation (for your understanding, not part of the required response):**  
Based on common psychological research into first impressions from facial appearance—particularly studies on dominance cues—**Candidate A** typically conveys more dominance. Key factors include:

1. **Strong Jawline an"
185.0,1,a,A,a,ok,"A

Based on the immediate gut impression from the images provided, Candidate A appears more dominant. The posture, facial expression, and overall presentation convey a sense of confidence and authority, which are often associated with dominance in first impressions from facial appearance. Candidate "
185.0,1,b,A,b,ok,"A

**Explanation (for your understanding, not part of the required response):**  
Based on common psychological research into first impressions from facial appearance—particularly studies on dominance cues—**Candidate A** typically conveys more dominance. Key factors include:

1. **Strong Jawline an"
185.0,2,a,A,a,ok,"A

Based on the immediate gut impression from the images provided, Candidate A appears more dominant. The posture, facial expression, and overall presentation convey a sense of confidence and authority, which are often associated with dominance in first impressions from facial appearance. Candidate "
185.0,2,b,A,b,ok,"A

Based on the immediate gut impression from the images provided, Candidate A appears more dominant. The posture, facial expression, and overall presentation convey a sense of authority and confidence that is often associated with dominance in first impressions. Candidate B, while also presenting a"
186.0,0,a,A,a,ok,"A

Based on the immediate gut impression from the images provided, Candidate A appears more dominant. The posture, facial expression, and overall presentation convey a sense of confidence and authority that is often associated with dominance in first impressions. Candidate B's expression and posture"
186.0,0,b,B,a,ok,"B

Based on the immediate gut impression from the images provided, Candidate B appears more dominant. This assessment is based on common perceptions of facial features and expressions often associated with dominance, such as a more assertive jawline, direct gaze, and overall posture. However, it's i"
186.0,1,a,A,a,ok,"A

Based on the immediate gut impression from the images provided, Candidate A appears more dominant. The posture, facial expression, and overall presentation convey a sense of confidence and authority that is often associated with dominance in first impressions. Candidate B's expression and posture"
186.0,1,b,B,a,ok,"B

Based on the immediate gut impression from the images provided, Candidate B appears more dominant. This assessment is based on common perceptions of facial features and expressions often associated with dominance, such as a more assertive jawline, direct gaze, and overall posture. However, it's i"
186.0,2,a,A,a,ok,"A

Based on the immediate gut impression from the images provided, Candidate A appears more dominant. The posture, facial expression, and overall presentation convey a sense of confidence and authority that is often associated with dominance in first impressions. Candidate B's expression and posture"
186.0,2,b,B,a,ok,"B

Based on the immediate gut impression from the images provided, Candidate B appears more dominant. This assessment is based on common perceptions of facial features and expressions often associated with dominance, such as a more intense gaze, a firmer jawline, and a confident posture. However, it"
187.0,0,a,A,a,ok,"A

Based on the immediate gut impression from the images provided, Candidate A appears more dominant. This assessment is based on common perceptions associated with facial features and body language often linked to dominance, such as a broader jawline, direct gaze, and an overall posture that seems "
187.0,0,b,B,a,ok,"B

Based on the immediate gut impression from the images provided, Candidate B appears more dominant. This assessment is based on common perceptions associated with facial features and body language often linked to dominance, such as a more assertive posture, a direct gaze, and a stronger, more pron"
187.0,2,a,A,a,ok,"A

Based on the immediate gut impression from the images provided, Candidate A appears more dominant. This assessment is based on typical visual cues associated with dominance, such as a more assertive posture, a direct gaze, and facial features that often correlate with perceptions of authority and"
187.0,2,b,B,a,ok,"B

Based on the immediate gut impression from the images provided, Candidate B appears more dominant. This assessment is based on common perceptions associated with facial features and body language often linked to dominance, such as a more assertive posture, a direct gaze, and a serious expression."
188.0,0,a,B,b,ok,"B

Based on the immediate gut impression from the black-and-white photographs provided, Candidate B appears more dominant. This assessment is based on typical visual cues associated with perceived dominance, such as a more assertive posture, a direct gaze, and facial features that convey confidence."
188.0,0,b,A,b,ok,"A

Based on the immediate gut impression from the images provided, Candidate A appears more dominant. The facial expression, posture, and overall presentation convey a sense of confidence and authority, which are often associated with dominance in first impressions. Candidate B's expression and pres"
188.0,1,a,B,b,ok,"B

Based on the immediate gut impression from the black-and-white photographs provided, Candidate B appears more dominant. This assessment is based on typical visual cues associated with perceived dominance, such as a more assertive posture, a direct gaze, and facial features that convey confidence."
188.0,1,b,A,b,ok,"A

Based on the immediate gut impression from the images provided, Candidate A appears more dominant. The facial expression, posture, and overall presentation convey a sense of confidence and authority, which are often associated with dominance in first impressions. Candidate B's expression and pres"
188.0,2,a,B,b,ok,"B

Based on the immediate gut impression from the black-and-white photographs provided, Candidate B appears more dominant. This assessment is based on typical visual cues associated with perceived dominance, such as a more assertive posture, direct gaze, and facial expression. Candidate B exhibits t"
188.0,2,b,A,b,ok,"A

Based on the immediate gut impression from the images provided, Candidate A appears more dominant. The facial expression, posture, and overall presentation convey a sense of confidence and authority, which are often associated with dominance in first impressions. Candidate B's expression and pres"
187.0,1,a,A,a,ok,"A

Based on the immediate gut impression from the images provided, Candidate A appears more dominant. This assessment is based on typical visual cues associated with dominance, such as a more assertive posture, a direct gaze, and facial features that often correlate with perceptions of authority and"
187.0,1,b,B,a,ok,"B

Based on the immediate gut impression from the images provided, Candidate B appears more dominant. This assessment is based on common perceptions associated with facial features and body language often linked to dominance, such as a more assertive posture, a direct gaze, and a stronger, more pron"
189.0,0,a,B,b,ok,"B

Based on the immediate gut impression from the images provided, Candidate B appears more dominant. This assessment is based on typical visual cues associated with perceived dominance, such as a more assertive posture, a direct gaze, and a facial expression that may convey confidence. Candidate B "
189.0,0,b,A,b,ok,"A

Based on the immediate gut impression from the images provided, Candidate A appears more dominant. This assessment is based on typical visual cues associated with dominance, such as a more assertive posture, a direct gaze, and a strong facial expression. Candidate A exhibits these characteristics"
189.0,1,a,B,b,ok,"B

Based on the immediate gut impression from the images provided, Candidate B appears more dominant. This assessment is based on typical visual cues associated with dominance, such as a more assertive posture, a direct gaze, and a facial expression that may convey confidence. Candidate B exhibits t"
189.0,1,b,A,b,ok,"A

**Explanation (for context, not part of the required response):**  
Based on common psychological associations with facial features and body language in first-impression studies, Candidate A’s appearance—characterized by a broader jawline, direct gaze, and a posture that appears more upright—ofte"
190.0,0,a,A,a,ok,"A

Based on the immediate gut impression from the images provided, Candidate A appears more dominant. The posture, facial expression, and overall presentation convey a sense of confidence and authority, which are often associated with dominance in first impressions from facial appearance."
190.0,0,b,B,a,ok,"B

Based on the immediate gut impression from the images provided, Candidate B appears more dominant. This assessment is based on common perceptions associated with facial features and body language in terms of dominance. Typically, a broader jawline, a more assertive smile, and a direct gaze are of"
189.0,2,a,B,b,ok,"B

Based on the immediate gut impression from the images provided, Candidate B appears more dominant. This assessment is based on typical visual cues associated with dominance, such as a more assertive posture, a direct gaze, and a facial expression that may convey confidence. Candidate B exhibits t"
189.0,2,b,A,b,ok,"A

**Explanation (for context, not part of the required response):**  
Based on common psychological associations with facial features and body language in first-impression studies, Candidate A’s appearance—characterized by a broader jawline, direct gaze, and a posture that appears more upright—ofte"
190.0,1,a,A,a,ok,"A

Based on the immediate gut impression from the images provided, Candidate A appears more dominant. The posture, facial expression, and overall presentation convey a sense of confidence and authority, which are often associated with dominance in first impressions from facial appearance."
190.0,1,b,A,b,ok,"A

**Immediate Gut Impression Explanation:**  
Based solely on the visual cues provided in the black-and-white images:

- **Candidate A** has a more angular and assertive facial structure, with a broader jawline and a more intense, direct gaze. These features are often subconsciously associated with"
192.0,0,a,B,b,ok,"B

Based on the immediate gut impression from the images provided, Candidate B appears more dominant. The posture, facial expression, and overall presentation convey a sense of confidence and authority, which are often associated with dominance in first impressions from facial appearance. Candidate "
192.0,0,b,A,b,ok,"A

Based on the immediate gut impression from the images provided, Candidate A appears more dominant. The posture, facial expression, and overall presentation convey a sense of confidence and authority, which are often associated with dominance in first impressions. Candidate B, while also presentin"
190.0,2,a,A,a,ok,"A

Based on the immediate gut impression from the images provided, Candidate A appears more dominant. This assessment is based on common perceptions associated with facial features and body language often linked to dominance, such as a broader jawline, direct gaze, and an open, confident posture. Ho"
190.0,2,b,B,a,ok,"B

Based on the immediate gut impression from the images provided, Candidate B appears more dominant. This assessment is based on common perceptions associated with facial features and body language in terms of dominance. Typically, a broader jawline, a more assertive smile, and a direct gaze are of"
192.0,1,a,B,b,ok,"B

Based on the immediate gut impression from the images provided, Candidate B appears more dominant. The posture, facial expression, and overall presentation convey a sense of confidence and authority, which are often associated with dominance in first impressions. Candidate A's expression and post"
192.0,1,b,A,b,ok,"A

Based on the immediate gut impression from the images provided, Candidate A appears more dominant. The posture, facial expression, and overall presentation convey a sense of confidence and authority, which are often associated with dominance in first impressions. Candidate B, while professional, "
192.0,2,a,B,b,ok,"B

Based on the immediate gut impression from the images provided, Candidate B appears more dominant. The posture, facial expression, and overall presentation convey a sense of confidence and authority, which are often associated with dominance in first impressions. Candidate A's expression and post"
192.0,2,b,A,b,ok,"A

Based on the immediate gut impression from the images provided, Candidate A appears more dominant. This assessment is based on typical visual cues associated with dominance, such as a more assertive posture, a direct gaze, and a stronger facial expression. Candidate A exhibits these characteristi"
193.0,0,a,B,b,ok,"B

Based on the immediate gut impression from the images provided, Candidate B appears more dominant. The posture, facial expression, and overall presentation convey a sense of confidence and authority that is typically associated with dominance in first impressions from facial appearance. Candidate"
193.0,0,b,A,b,ok,"A

**Immediate Gut Impression Explanation:**  
Based solely on the provided black-and-white images and focusing on common visual cues associated with perceived dominance (such as facial structure, expression, and posture):

- **Candidate A** has a broader, more angular jawline and a confident, open "
193.0,1,a,B,b,ok,"B

Based on the immediate gut impression from the images provided, Candidate B appears more dominant. The posture, facial expression, and overall presentation convey a sense of confidence and authority that is typically associated with dominance in first impressions from facial appearance. Candidate"
193.0,1,b,A,b,ok,"A

**Explanation (for your understanding, not part of the final answer):**  
Based on common psychological associations with dominance in facial features—as often studied in first-impression research—Candidate A’s portrait conveys more stereotypical cues of dominance. These include:

- **Stronger ja"
194.0,0,a,B,b,ok,"B

Based on the immediate gut impression from the images provided, Candidate B appears more dominant. The posture, facial expression, and overall presentation convey a sense of confidence and assertiveness typically associated with dominance. Candidate A's expression and posture seem more approachab"
194.0,0,b,A,b,ok,"A

Based on the immediate gut impression from the images provided, Candidate A appears more dominant. The facial expression, posture, and overall presentation convey a sense of confidence and assertiveness typically associated with dominance. Candidate B's expression and presentation seem more reser"
193.0,2,a,B,b,ok,"B

Based on the immediate gut impression from the images provided, Candidate B appears more dominant. The posture, facial expression, and overall presentation convey a sense of confidence and authority that is typically associated with dominance in first impressions from facial appearance. Candidate"
193.0,2,b,A,b,ok,"A

**Explanation (for your understanding, not part of the final answer):**  
Based on common psychological associations with dominance in facial features—as often studied in first-impression research—**Candidate A** appears more dominant at first glance. This impression is driven by:

1. **Strong Ja"
195.0,0,a,B,b,ok,"B

Based on the immediate gut impression from the images provided, Candidate B appears more dominant. The posture, facial expression, and overall presentation convey a sense of confidence and authority, which are often associated with dominance in first impressions. Candidate A, while also presentin"
195.0,0,b,A,b,ok,"A

**Immediate Gut Impression Explanation:**  
Based solely on the provided black-and-white images and focusing on common non-verbal cues associated with perceived dominance:

- **Candidate A** has a broader, more open smile that exposes more teeth, which can be interpreted as more assertive or outg"
195.0,1,a,B,b,ok,"B

Based on the immediate gut impression from the images provided, Candidate B appears more dominant. The posture, facial expression, and overall presentation convey a sense of confidence and authority, which are often associated with dominance in first impressions from facial appearance."
195.0,1,b,B,a,ok,"B

Based on the immediate gut impression from the images provided, Candidate B appears more dominant. This assessment is based on common perceptions associated with facial features and expressions often linked to dominance, such as a more assertive posture and a direct gaze, which are more pronounce"
194.0,2,a,B,b,ok,"B

Based on the immediate gut impression from the images provided, Candidate B appears more dominant. This assessment is based on typical visual cues associated with dominance, such as a more assertive posture, direct gaze, and a broader, more open smile. These elements often convey confidence and a"
194.0,2,b,A,b,ok,"A

**Explanation (for your understanding, not part of the required response):**  
Based on common psychological associations in first-impression studies from facial appearance, **Candidate A** is likely to be perceived as more dominant. Key factors include:

1. **Strong Jawline and Brow**: These fea"
194.0,1,a,B,b,ok,"B

Based on the immediate gut impression from the images provided, Candidate B appears more dominant. The posture, facial expression, and overall presentation convey a sense of confidence and assertiveness typically associated with dominance. Candidate A, while professional, presents a more reserved"
194.0,1,b,A,b,ok,"A

**Immediate Gut Impression Explanation:**  
Based solely on the provided images and the common psychological associations with facial features and expressions in first-impression studies, **Candidate A** appears more dominant at first glance. 

### Key Observations Leading to This Impression:
1. "
195.0,2,a,B,b,ok,"B

Based on the immediate gut impression from the images provided, Candidate B appears more dominant. The posture, facial expression, and overall presentation convey a sense of confidence and authority, which are often associated with dominance in first impressions from facial appearance."
195.0,2,b,B,a,ok,"B

Based on the immediate gut impression from the images provided, Candidate B appears more dominant. This assessment is based on common perceptions associated with facial features and expressions often linked to dominance, such as a more assertive posture and a direct gaze, which are more pronounce"
196.0,0,a,B,b,ok,"B

Based on the immediate gut impression from the images provided, Candidate B appears more dominant. This assessment is based on typical visual cues associated with dominance, such as a more assertive posture, direct gaze, and formal attire, which are often perceived as indicators of authority and "
196.0,0,b,B,a,ok,"B

Based on the immediate gut impression from the images provided, Candidate B appears more dominant. The facial expression, posture, and overall demeanor convey a sense of assertiveness and authority, which are often associated with dominance in first impressions from facial appearance. Candidate A"
196.0,2,a,B,b,ok,"B

Based on the immediate gut impression from the images provided, Candidate B appears more dominant. The posture, facial expression, and overall presentation convey a sense of confidence and authority, which are often associated with dominance in first impressions from facial appearance. Candidate "
196.0,2,b,B,a,ok,"B

Based on the immediate gut impression from the images provided, Candidate B appears more dominant. The facial expression, posture, and overall demeanor convey a sense of assertiveness and authority, which are often associated with dominance in first impressions from facial appearance. Candidate A"
196.0,1,a,B,b,ok,"B

Based on the immediate gut impression from the images provided, Candidate B appears more dominant. The posture, facial expression, and overall presentation convey a sense of confidence and authority, which are often associated with dominance in first impressions from facial appearance. Candidate "
196.0,1,b,B,a,ok,"B

Based on the immediate gut impression from the images provided, Candidate B appears more dominant. The facial expression, posture, and overall demeanor convey a sense of assertiveness and authority, which are often associated with dominance in first impressions from facial appearance. Candidate A"
197.0,1,a,A,a,ok,"A

Based on the immediate gut impression from the images provided, Candidate A appears more dominant. The facial features, such as a stronger jawline and a more serious expression, often correlate with perceptions of dominance in first impressions. Candidate B, while professional-looking, has a soft"
197.0,1,b,B,a,ok,"B

Based on the immediate gut impression from the images provided, Candidate B appears more dominant. This assessment is based on typical visual cues associated with perceived dominance, such as a more intense gaze, a slightly more assertive posture, and facial features that may convey confidence. H"
197.0,0,a,A,a,ok,"A

Based on the immediate gut impression from the images provided, Candidate A appears more dominant. The facial features, such as a stronger jawline and a more serious expression, often correlate with perceptions of dominance in first impressions. Candidate B, while professional-looking, has a soft"
197.0,0,b,B,a,ok,"B

Based on the immediate gut impression from the images provided, Candidate B appears more dominant. This assessment is based on typical visual cues associated with dominance, such as a more intense gaze, a slightly more assertive posture, and facial features that may convey confidence and authorit"
197.0,2,a,A,a,ok,"A

Based on the immediate gut impression from the images provided, Candidate A appears more dominant. The facial features, such as a stronger jawline and a more serious expression, often correlate with perceptions of dominance in first impressions. Candidate B, while professional-looking, has a soft"
197.0,2,b,B,a,ok,"B

Based on the immediate gut impression from the images provided, Candidate B appears more dominant. The posture, facial expression, and overall demeanor convey a sense of assertiveness and confidence that is often associated with dominance in first impressions. Candidate A, while professional and "
198.0,0,a,B,b,ok,"**B**

Based on the immediate gut impression from the images provided, Candidate B appears more dominant. This assessment is based on typical visual cues associated with perceived dominance, such as a more assertive posture, a direct gaze, and a confident smile. Candidate B exhibits these characteri"
198.0,0,b,A,b,ok,"A

Based on the immediate gut impression from the images provided, Candidate A appears more dominant. This assessment is based on common perceptions associated with facial features and expressions often linked to dominance, such as a stronger jawline and a more assertive posture. However, it's impor"
198.0,1,a,B,b,ok,"B

Based on the immediate gut impression from the images provided, Candidate B appears more dominant. This assessment is based on common perceptions associated with facial features and expressions often linked to dominance, such as a broader jawline and a more assertive posture. However, it's import"
198.0,1,b,A,b,ok,"A

Based on the immediate gut impression from the images provided, Candidate A appears more dominant. This assessment is based on common perceptions associated with facial features and expressions often linked to dominance, such as a stronger jawline and a more assertive posture. However, it's impor"
199.0,0,a,B,b,ok,"B

Based on the immediate gut impression from the images provided, Candidate B appears more dominant. This assessment is based on common stereotypes associated with facial features and expressions often linked to perceptions of dominance, such as a more serious expression, a strong jawline, and dire"
199.0,0,b,A,b,ok,"A

Based on the immediate gut impression from the images provided, Candidate A appears more dominant. The facial features, posture, and overall presentation convey a sense of authority and confidence typically associated with dominance. Candidate B's expression and posture seem more approachable and"
198.0,2,a,B,b,ok,"**B**

Based on the immediate gut impression from the images provided, Candidate B appears more dominant. This assessment is based on typical visual cues associated with perceived dominance, such as a more assertive posture, a direct gaze, and a confident smile. Candidate B exhibits these characteri"
198.0,2,b,A,b,ok,"A

Based on the immediate gut impression from the images provided, Candidate A appears more dominant. This assessment is based on common perceptions associated with facial features and expressions often linked to dominance, such as a stronger jawline and a more assertive posture. However, it's impor"
199.0,1,a,B,b,ok,"B

Based on the immediate gut impression from the images provided, Candidate B appears more dominant. This assessment is based on common stereotypes associated with facial features and expressions often linked to perceptions of dominance, such as a more serious expression, a strong jawline, and a di"
199.0,1,b,A,b,ok,"A

Based on the immediate gut impression from the images provided, Candidate A appears more dominant. The facial features, posture, and overall presentation convey a sense of authority and confidence typically associated with dominance. Candidate B's expression and posture seem more approachable and"
199.0,2,a,B,b,ok,"B

Based on the immediate gut impression from the images provided, Candidate B appears more dominant. This assessment is based on common stereotypes associated with facial features and expressions often linked to perceptions of dominance, such as a more serious expression, a stronger jawline, and a "
199.0,2,b,A,b,ok,"A

Based on the immediate gut impression from the images provided, Candidate A appears more dominant. The facial features, posture, and overall presentation convey a sense of authority and confidence typically associated with dominance. Candidate A's expression and grooming suggest a more assertive "
200.0,1,a,B,b,ok,"B

Based on the immediate gut impression from the images provided, Candidate B appears more dominant. The posture, facial expression, and overall demeanor convey a sense of confidence and authority, which are often associated with dominance in first impressions from facial appearance. Candidate A, w"
200.0,1,b,A,b,ok,"A

Based on the immediate gut impression from the images provided, Candidate A appears more dominant. This assessment is based on common perceptions associated with facial features and expressions often linked to dominance, such as a stronger jawline and a more assertive posture. However, it's impor"
200.0,0,a,B,b,ok,"B

Based on the immediate gut impression from the images provided, Candidate B appears more dominant. This assessment is based on common perceptions of dominance in facial features, such as a more assertive jawline, direct gaze, and overall posture, which are often associated with perceptions of lea"
200.0,0,b,A,b,ok,"A

Based on the immediate gut impression from the images provided, Candidate A appears more dominant. This assessment is based on common perceptions associated with facial features and expressions often linked to dominance, such as a stronger jawline and a more assertive posture. However, it's impor"
200.0,2,a,B,b,ok,"B

Based on the immediate gut impression from the images provided, Candidate B appears more dominant. This assessment is based on common perceptions associated with facial features and body language often linked to dominance in first impressions. Candidate B has a more assertive posture and facial e"
200.0,2,b,A,b,ok,"A

Based on the immediate gut impression from the images provided, Candidate A appears more dominant. This assessment is based on common perceptions associated with facial features and expressions often linked to dominance, such as a stronger jawline and a more assertive posture. However, it's impor"
201.0,1,a,A,a,ok,"A

Based on the immediate gut impression from the images provided, Candidate A appears more dominant. This assessment is based on typical visual cues associated with perceived dominance, such as a more assertive posture, a direct gaze, and a strong facial expression. Candidate A exhibits these chara"
201.0,1,b,B,a,ok,"B

Based on the immediate gut impression from the images provided, Candidate B appears more dominant. This assessment is based on typical visual cues associated with perceived dominance, such as a more assertive posture, a direct gaze, and a facial expression that may convey confidence. Candidate B "
201.0,0,a,A,a,ok,"A

Based on the immediate gut impression from the images provided, Candidate A appears more dominant. This assessment is based on typical visual cues associated with perceived dominance, such as a more assertive posture, a direct gaze, and a strong facial expression. Candidate A exhibits these chara"
201.0,0,b,B,a,ok,"B

Based on the immediate gut impression from the images provided, Candidate B appears more dominant. This assessment is based on typical visual cues associated with perceived dominance, such as a more assertive posture, a direct gaze, and a facial expression that may convey confidence. Candidate B "
201.0,2,a,A,a,ok,"A

Based on the immediate gut impression from the images provided, Candidate A appears more dominant. This assessment is based on typical visual cues associated with dominance, such as a more assertive posture, direct gaze, and facial expression. Candidate A exhibits these characteristics more stron"
201.0,2,b,B,a,ok,"B

Based on the immediate gut impression from the images provided, Candidate B appears more dominant. This assessment is based on typical visual cues associated with perceived dominance, such as a more assertive posture, a direct gaze, and a facial expression that may convey confidence. Candidate B "
202.0,0,a,B,b,ok,"B

Based on the immediate gut impression from the images provided, Candidate B appears more dominant. This assessment is based on common perceptions associated with facial features and expressions often linked to dominance, such as a stronger jawline and a more assertive posture, which are more pron"
202.0,0,b,A,b,ok,"A

Based on the immediate gut impression from the images provided, Candidate A appears more dominant. The facial features, posture, and overall presentation convey a sense of assertiveness and confidence typically associated with dominance."
202.0,1,a,B,b,ok,"B

Based on the immediate gut impression from the images provided, Candidate B appears more dominant. This assessment is based on common perceptions associated with facial features and expressions often linked to dominance, such as a stronger jawline and a more assertive posture, which are more pron"
202.0,1,b,A,b,ok,"A

Based on the immediate gut impression from the images provided, Candidate A appears more dominant. The facial features, such as a stronger jawline and a more assertive posture, often contribute to perceptions of dominance in first impressions. While both individuals are smiling, Candidate A's exp"
202.0,2,a,B,b,ok,"B

Based on the immediate gut impression from the images provided, Candidate B appears more dominant. This assessment is based on typical visual cues associated with perceived dominance, such as a more assertive posture, a direct gaze, and a facial expression that may convey confidence. Candidate B'"
202.0,2,b,A,b,ok,"A

Based on the immediate gut impression from the images provided, Candidate A appears more dominant. The facial features, such as a stronger jawline and a more assertive posture, often contribute to perceptions of dominance. While both individuals are smiling, Candidate A's expression and overall d"
203.0,0,a,B,b,ok,"B

Based on the immediate gut impression from the images provided, Candidate B appears more dominant. The posture, facial expression, and overall presentation convey a sense of confidence and authority that is often associated with dominance in first impressions. Candidate A's expression and posture"
203.0,0,b,A,b,ok,"A

**Explanation (for context, not part of the final response):**  
Based on common psychological associations with dominance in facial features—such as a broader jawline, more angular features, and a direct, assertive gaze—Candidate A appears more dominant at first glance. These traits are often su"
203.0,1,a,B,b,ok,"B

Based on the immediate gut impression from the images provided, Candidate B appears more dominant. The posture, facial expression, and overall presentation convey a sense of confidence and authority that is often associated with dominance in first impressions. Candidate A's expression and posture"
203.0,1,b,A,b,ok,"A

**Explanation (for context only, not part of the required response):**  
Based on common psychological associations with dominance in facial features—often including a broader jawline, more angular features, and a direct, assertive gaze—Candidate A’s appearance tends to align more with traditiona"
203.0,2,a,B,b,ok,"B

Based on the immediate gut impression from the images provided, Candidate B appears more dominant. The posture, facial expression, and overall presentation convey a sense of confidence and authority that is often associated with dominance in first impressions. Candidate A's expression and posture"
203.0,2,b,A,b,ok,"A

**Explanation (for context only):** Based on common psychological associations with facial features and body language in first-impression studies, Candidate A’s face appears more dominant due to a broader, more assertive smile and a generally more open and expansive facial expression. These cues "
204.0,0,a,A,a,ok,"A

Based on the immediate gut impression from the images provided, Candidate A appears more dominant. This assessment is based on common perceptions associated with facial features and expressions often linked to dominance, such as a stronger jawline, a more intense gaze, and a composed, confident s"
204.0,0,b,B,a,ok,"B

Based on the immediate gut impression from the images provided, Candidate B appears more dominant. This assessment is based on common perceptions associated with facial features and expressions often linked to dominance, such as a more pronounced brow, a firmer jawline, and a direct, confident ga"
204.0,1,a,A,a,ok,"A

Based on the immediate gut impression from the images provided, Candidate A appears more dominant. This assessment is based on typical visual cues associated with perceived dominance, such as a more pronounced jawline, a direct and steady gaze, and an overall posture that seems more assertive. Th"
204.0,1,b,B,a,ok,"B

Based on the immediate gut impression from the images provided, Candidate B appears more dominant. This assessment is based on common perceptions associated with facial features and expressions often linked to dominance, such as a more pronounced brow, a firmer jawline, and a direct, confident ga"
204.0,2,a,A,a,ok,"A

Based on the immediate gut impression from the images provided, Candidate A appears more dominant. This assessment is based on typical visual cues associated with perceived dominance, such as a more pronounced jawline, a direct and steady gaze, and an overall posture that seems more assertive. Th"
204.0,2,b,B,a,ok,"B

Based on the immediate gut impression from the images provided, Candidate B appears more dominant. This assessment is based on common perceptions associated with facial features and expressions often linked to dominance, such as a more pronounced brow, a firmer jawline, and a direct, confident ga"
205.0,0,a,B,b,ok,"B

Based on the immediate gut impression from the images provided, Candidate B appears more dominant. The posture, facial expression, and overall presentation convey a sense of confidence and authority that is often associated with dominance in first impressions. Candidate A, while professional and "
205.0,0,b,A,b,ok,"A

**Explanation (for context, not part of the final answer):**  
Based on common psychological studies of facial cues and first impressions, **Candidate A** typically conveys a more dominant appearance. Key factors include:

- **Strong Jawline:** A more pronounced jawline is often associated with p"
205.0,1,a,B,b,ok,"B

Based on the immediate gut impression from the images provided, Candidate B appears more dominant. The posture, facial expression, and overall presentation convey a sense of confidence and assertiveness typically associated with dominance. Candidate A's expression and posture seem more approachab"
205.0,1,b,A,b,ok,"A

**Explanation (for context, not part of the final answer):**

Based on common psychological studies of facial cues and first impressions, **Candidate A** typically conveys a more dominant appearance. Key factors include:

1. **Facial Expression**: A broad, confident smile can signal assertiveness"
206.0,0,a,B,b,ok,"B

Based on the immediate gut impression from the images provided, Candidate B appears more dominant. The facial expression and posture convey a sense of authority and confidence, which are often associated with dominance in first impressions from facial appearance. Candidate A, while presenting a f"
206.0,0,b,A,b,ok,"A

Based on the immediate gut impression from the images provided, Candidate A appears more dominant. The facial features, posture, and overall expression convey a sense of authority and strength, which are often associated with dominance in first impressions from facial appearance."
206.0,1,a,B,b,ok,"B

Based on the immediate gut impression from the images provided, Candidate B appears more dominant. The facial expression, posture, and overall demeanor convey a sense of authority and confidence, which are often associated with dominance in first impressions from facial appearance. Candidate A, w"
206.0,1,b,A,b,ok,"A

Based on the immediate gut impression from the images provided, Candidate A appears more dominant. The facial features, posture, and overall expression convey a sense of authority and strength, which are often associated with dominance in first impressions from facial appearance."
205.0,2,a,B,b,ok,"B

Based on the immediate gut impression from the images provided, Candidate B appears more dominant. The posture, facial expression, and overall presentation convey a sense of confidence and assertiveness typically associated with dominance. Candidate A's expression and posture seem more approachab"
205.0,2,b,A,b,ok,"A

**Explanation (for context, not part of the final answer):**  
Based on common psychological studies of facial cues and first impressions, **Candidate A** typically conveys a more dominant appearance. Factors that often contribute to this perception include:

- **Strong Jawline**: A more pronounc"
206.0,2,a,B,b,ok,"B

Based on the immediate gut impression from the images provided, Candidate B appears more dominant. The facial expression and posture convey a sense of authority and confidence, which are often associated with dominance in first impressions from facial appearance. Candidate A, while presenting a f"
206.0,2,b,A,b,ok,"A

Based on the immediate gut impression from the images provided, Candidate A appears more dominant. The facial features, posture, and overall expression convey a sense of authority and strength, which are often associated with dominance in first impressions from facial appearance."
207.0,0,a,B,b,ok,"B

Based on the immediate gut impression from the images provided, Candidate B appears more dominant. The facial expression and posture in Candidate B's image convey a stronger sense of authority and confidence compared to Candidate A."
207.0,0,b,B,a,ok,"B

Based on the immediate gut impression from the images provided, Candidate B appears more dominant. The smile, direct gaze, and overall posture convey confidence and approachability, which are often associated with dominant personalities. Candidate A, while professional-looking, has a more reserve"
207.0,1,a,B,b,ok,"B

Based on the immediate gut impression from the images provided, Candidate B appears more dominant. The facial expression and posture in Candidate B's image convey a stronger sense of authority and confidence compared to Candidate A."
207.0,1,b,B,a,ok,"B

Based on the immediate gut impression from the images provided, Candidate B appears more dominant. The smile, direct gaze, and overall posture convey confidence and approachability, which are often associated with dominant personalities. Candidate A, while professional-looking, has a more reserve"
207.0,2,a,B,b,ok,"B

Based on the immediate gut impression from the images provided, Candidate B appears more dominant. The facial expression and posture in Candidate B's image convey a stronger sense of authority and confidence compared to Candidate A."
207.0,2,b,B,a,ok,"B

Based on the immediate gut impression from the images provided, Candidate B appears more dominant. The smile, direct gaze, and overall posture convey confidence and approachability, which are often associated with dominant personalities. Candidate A, while professional-looking, has a more reserve"
208.0,0,a,A,a,ok,"A

Based on the immediate gut impression from the images provided, Candidate A appears more dominant. This assessment is based on typical visual cues associated with perceived dominance, such as a more assertive posture, facial expression, and overall presentation. Candidate A has a broader, more op"
208.0,0,b,A,b,ok,"A

**Explanation (for understanding, not part of the final response):**  
Based on common psychological studies of facial cues and first impressions, **Candidate A** is likely perceived as more dominant. Key factors include:

1. **Eyebrow Position**: Slightly lowered eyebrows can signal assertivenes"
208.0,1,a,A,a,ok,"A

Based on the immediate gut impression from the images provided, Candidate A appears more dominant. This assessment is based on typical visual cues associated with perceived dominance, such as a more assertive posture, facial expression, and overall presentation. Candidate A has a broader, more op"
208.0,1,b,A,b,ok,"A

Based on the immediate gut impression from the images provided, Candidate A appears more dominant. This assessment is based on common perceptions associated with facial features and expressions often linked to dominance, such as a more assertive jawline and a direct, confident gaze. However, it's"
208.0,2,a,A,a,ok,"A

Based on the immediate gut impression from the images provided, Candidate A appears more dominant. This assessment is based on typical visual cues associated with perceived dominance, such as a more assertive posture, a direct gaze, and facial features that may convey confidence and authority. Ca"
208.0,2,b,A,b,ok,"A

Based on the immediate gut impression from the images provided, Candidate A appears more dominant. This assessment is based on common perceptions associated with facial features and expressions often linked to dominance, such as a more assertive jawline and a direct, confident gaze. However, it's"
209.0,0,a,A,a,ok,"A

Based on the immediate gut impression from the images provided, Candidate A appears more dominant. The facial features, posture, and overall presentation convey a sense of authority and confidence that is often associated with dominance in first impressions. Candidate B's expression and posture s"
209.0,0,b,A,b,ok,"A

Based on the immediate gut impression from the images provided, Candidate A appears more dominant. This assessment is based on common visual cues often associated with dominance, such as a more assertive facial expression, direct gaze, and a posture that seems more commanding. However, it's impor"
209.0,1,a,A,a,ok,"A

Based on the immediate gut impression from the images provided, Candidate A appears more dominant. The facial features, posture, and overall presentation convey a sense of authority and confidence that is often associated with dominance in first impressions."
209.0,1,b,A,b,ok,"A

Based on the immediate gut impression from the images provided, Candidate A appears more dominant. This assessment is based on common visual cues often associated with dominance, such as a more assertive facial expression, direct gaze, and a posture that seems more confident. However, it's import"
209.0,2,a,B,b,ok,"B

Based on the immediate gut impression from the images provided, Candidate B appears more dominant. The facial expression, posture, and overall presentation convey a sense of confidence and authority, which are often associated with dominance in first impressions from facial appearance. Candidate "
209.0,2,b,A,b,ok,"A

Based on the immediate gut impression from the images provided, Candidate A appears more dominant. This assessment is based on common visual cues often associated with dominance, such as a more assertive facial expression, direct gaze, and a posture that seems more commanding. However, it's impor"
210.0,0,a,A,a,ok,"A

**Explanation (for context, not part of the final response):**  
Based on common psychological associations with dominance in facial features—such as a stronger jawline, more direct eye contact, and a more assertive posture—Candidate A appears more dominant at first glance. The squared jaw, direc"
210.0,0,b,B,a,ok,"B

Based on the immediate gut impression from the images provided, Candidate B appears more dominant. This assessment is based on common perceptions associated with facial features and body language often linked to dominance, such as a more assertive jawline and a direct, confident gaze. However, it"
210.0,1,a,A,a,ok,"A

**Explanation (for context, not part of the final response):**  
Based on common psychological associations with dominance in facial features—such as a stronger jawline, more direct eye contact, and a more assertive posture—Candidate A appears more dominant at first glance. The squared jaw, direc"
210.0,1,b,B,a,ok,"B

Based on the immediate gut impression from the images provided, Candidate B appears more dominant. This assessment is based on common perceptions associated with facial features and body language often linked to dominance, such as a more assertive jawline and a direct, confident gaze. However, it"
210.0,2,a,A,a,ok,"A

**Explanation (for context, not part of the final response):**  
Based on common psychological associations with dominance in facial features—such as stronger jawlines, more direct eye contact, and assertive posture—Candidate A appears more dominant at first glance. The squared jaw, direct gaze, "
210.0,2,b,B,a,ok,"B

Based on the immediate gut impression from the images provided, Candidate B appears more dominant. This assessment is based on common perceptions associated with facial features and body language often linked to dominance, such as a more assertive jawline and a direct, confident gaze. However, it"
211.0,0,a,B,b,ok,"B

Based on the immediate gut impression from the images provided, Candidate B appears more dominant. The posture, facial expression, and overall presentation convey a sense of confidence and assertiveness typically associated with dominance. Candidate A, while professional and approachable, does no"
211.0,0,b,A,b,ok,"A

Based on the immediate gut impression from the images provided, Candidate A appears more dominant. The posture, facial expression, and overall presentation convey a sense of confidence and assertiveness typically associated with dominance. Candidate B, while also presenting a professional and con"
211.0,1,a,B,b,ok,"B

Based on the immediate gut impression from the images provided, Candidate B appears more dominant. The posture, facial expression, and overall presentation convey a sense of confidence and assertiveness typically associated with dominance. Candidate A, while professional and approachable, does no"
211.0,1,b,A,b,ok,"A

Based on the immediate gut impression from the images provided, Candidate A appears more dominant. The posture, facial expression, and overall presentation convey a sense of confidence and assertiveness typically associated with dominance. Candidate B, while also presenting a professional and con"
211.0,2,a,B,b,ok,"B

Based on the immediate gut impression from the images provided, Candidate B appears more dominant. The posture, facial expression, and overall presentation convey a sense of confidence and assertiveness typically associated with dominance. Candidate A's expression and posture, while professional,"
211.0,2,b,A,b,ok,"A

Based on the immediate gut impression from the images provided, Candidate A appears more dominant. The posture, facial expression, and overall presentation convey a sense of confidence and assertiveness typically associated with dominance. Candidate B, while also presenting a professional and con"
212.0,0,a,A,a,ok,"A

Based on the immediate gut impression from the images provided, Candidate A appears more dominant. The facial expression and posture convey confidence and authority, which are often associated with dominance in first impressions. Candidate B, while also presenting a professional appearance, seems"
212.0,0,b,A,b,ok,"A

Based on the immediate gut impression from the images provided, Candidate A appears more dominant. This assessment is based on typical visual cues associated with dominance, such as a more assertive posture, a direct gaze, and a confident smile. Candidate A exhibits these characteristics more str"
212.0,1,a,A,a,ok,"A

Based on the immediate gut impression from the images provided, Candidate A appears more dominant. The facial expression, posture, and overall presentation convey a sense of confidence and authority, which are often associated with dominance in first impressions. Candidate B, while also presentin"
212.0,1,b,A,b,ok,"A

Based on the immediate gut impression from the images provided, Candidate A appears more dominant. This assessment is based on typical visual cues associated with dominance, such as a more assertive posture, a direct gaze, and a confident smile. Candidate A exhibits these characteristics more str"
212.0,2,a,A,a,ok,"A

Based on the immediate gut impression from the images provided, Candidate A appears more dominant. The facial expression, posture, and overall presentation convey a sense of confidence and authority, which are often associated with dominance in first impressions. Candidate B, while also presentin"
212.0,2,b,B,a,ok,"B

Based on the immediate gut impression from the images provided, Candidate B appears more dominant. This assessment is based on common perceptions associated with facial features and expressions often linked to dominance, such as a more assertive jawline and a confident smile. However, it's import"
213.0,0,a,A,a,ok,"A

Based on the immediate gut impression from the images provided, Candidate A appears more dominant. This assessment is based on typical visual cues associated with dominance, such as a more assertive posture, a direct gaze, and a confident smile. Candidate A exhibits these characteristics more str"
213.0,0,b,A,b,ok,"A

**Explanation (for understanding, not part of the response):**  
Based on typical cues associated with perceived dominance in facial appearance—such as brow prominence, jawline strength, and overall facial structure—Candidate A appears to have more pronounced features often linked to dominance. T"
213.0,1,a,A,a,ok,"A

Based on the immediate gut impression from the images provided, Candidate A appears more dominant. This assessment is based on typical visual cues associated with dominance, such as a more assertive posture, a direct gaze, and a confident smile. Candidate A exhibits these characteristics more str"
213.0,1,b,A,b,ok,"A

**Explanation (for understanding, not part of the response):**  
Based on typical cues associated with perceived dominance in facial appearance—such as a broader jawline, more direct eye contact, and an assertive posture—Candidate A appears to convey a more dominant impression. The posture and fa"
213.0,2,a,A,a,ok,"A

Based on the immediate gut impression from the images provided, Candidate A appears more dominant. This assessment is based on typical visual cues associated with dominance, such as a more assertive posture, a direct gaze, and a confident smile. Candidate A exhibits these traits more strongly, le"
213.0,2,b,A,b,ok,"A

**Explanation (for understanding, not part of the response):**  
Based on typical cues associated with perceived dominance in facial appearance—such as a broader jawline, more direct gaze, and assertive posture—Candidate A appears to convey a more dominant impression. These features are often sub"
214.0,0,a,A,a,ok,"A

Based on the immediate gut impression from the images provided, Candidate A appears more dominant. This assessment is based on common perceptions associated with facial features and body language often linked to dominance in first impressions. Candidate A has a more assertive posture and facial e"
214.0,0,b,B,a,ok,"B

Based on the immediate gut impression from the images provided, Candidate B appears more dominant. The posture, facial expression, and overall presentation convey a sense of confidence and authority typically associated with dominance. Candidate A's smile and more relaxed posture suggest approach"
214.0,2,a,A,a,ok,"A

Based on the immediate gut impression from the images provided, Candidate A appears more dominant. This assessment is based on common perceptions associated with facial features and body language often linked to dominance in first impressions. Candidate A has a more assertive posture and facial e"
214.0,2,b,B,a,ok,"B

Based on the immediate gut impression from the images provided, Candidate B appears more dominant. The posture, facial expression, and overall presentation convey a sense of confidence and authority typically associated with dominance. Candidate A's smile and open expression, while pleasant, do n"
214.0,1,a,A,a,ok,"A

Based on the immediate gut impression from the images provided, Candidate A appears more dominant. This assessment is based on common perceptions associated with facial features and body language often linked to dominance in first impressions. Candidate A has a more assertive posture and facial e"
214.0,1,b,B,a,ok,"B

Based on the immediate gut impression from the images provided, Candidate B appears more dominant. The posture, facial expression, and overall presentation convey a sense of confidence and authority typically associated with dominance. Candidate A's smile and more relaxed posture suggest a friend"
215.0,1,a,A,a,ok,"A

Based on the immediate gut impression from the images provided, Candidate A appears more dominant. This assessment is based on common perceptions associated with facial features and expressions often linked to dominance, such as a more serious expression, stronger jawline, and direct gaze. Candid"
215.0,1,b,B,a,ok,"B

Based on the immediate gut impression from the images provided, Candidate B appears more dominant. This assessment is based on common perceptions associated with facial features and expressions often linked to dominance, such as a more serious expression, stronger jawline, and direct gaze. Candid"
215.0,0,a,A,a,ok,"A

Based on the immediate gut impression from the images provided, Candidate A appears more dominant. The facial features—such as a stronger jawline, a more serious expression, and a direct gaze—often convey an impression of dominance in first impressions from faces. Candidate B, with a softer expre"
215.0,0,b,B,a,ok,"B

Based on the immediate gut impression from the images provided, Candidate B appears more dominant. This assessment is based on typical cues associated with perceived dominance in facial features, such as a more serious expression, stronger jawline, and a direct gaze, which are often interpreted a"
215.0,2,a,A,a,ok,"A

Based on the immediate gut impression from the images provided, Candidate A appears more dominant. This assessment is based on common perceptions associated with facial features and expressions often linked to dominance, such as a more serious expression, stronger jawline, and direct gaze. Candid"
215.0,2,b,B,a,ok,"B

Based on the immediate gut impression from the images provided, Candidate B appears more dominant. This assessment is based on common perceptions associated with facial features and expressions often linked to dominance, such as a more serious expression, stronger jawline, and direct gaze. Candid"
216.0,0,a,B,b,ok,"B

Based on the immediate gut impression from the images provided, Candidate B appears more dominant. This assessment is based on common perceptions associated with facial features and expressions often linked to dominance, such as a more assertive jawline, direct gaze, and confident posture. Candid"
216.0,0,b,A,b,ok,"A

Based on the immediate gut impression from the images provided, Candidate A appears more dominant. This assessment is based on common perceptions associated with facial features and expressions often linked to dominance, such as a broader jawline, a more assertive smile, and a direct gaze. These "
216.0,1,a,B,b,ok,"B

Based on the immediate gut impression from the images, Candidate B appears more dominant. This assessment is based on typical cues associated with perceived dominance in facial features, such as a more assertive jawline, direct gaze, and overall posture in the photograph. Candidate B's expression"
216.0,1,b,A,b,ok,"A

Based on the immediate gut impression from the images provided, Candidate A appears more dominant. This assessment is based on common perceptions associated with facial features and expressions often linked to dominance, such as a broader jawline, a more assertive smile, and a direct gaze. These "
216.0,2,a,B,b,ok,"B

Based on the immediate gut impression from the images provided, Candidate B appears more dominant. This assessment is based on common perceptions associated with facial features and expressions often linked to dominance, such as a more assertive jawline and a confident smile. However, it's import"
216.0,2,b,A,b,ok,"A

Based on the immediate gut impression from the images provided, Candidate A appears more dominant. This assessment is based on common perceptions associated with facial features and expressions often linked to dominance, such as a broader jawline, a more assertive smile, and a direct gaze. These "
217.0,0,a,A,a,ok,"A

Based on the immediate gut impression from the images provided, Candidate A appears more dominant. This assessment is based on common perceptions associated with facial features and expressions often linked to dominance, such as a more serious expression, direct gaze, and a composed posture. Howe"
217.0,0,b,B,a,ok,"B

Based on the immediate gut impression from the images provided, Candidate B appears more dominant. The facial expression and posture in Candidate B's image convey a stronger sense of confidence and authority compared to Candidate A."
217.0,1,a,A,a,ok,"A

Based on the immediate gut impression from the images provided, Candidate A appears more dominant. This assessment is based on common perceptions associated with facial features and expressions often linked to dominance, such as a more serious expression, direct gaze, and a composed posture. Howe"
217.0,1,b,B,a,ok,"B

Based on the immediate gut impression from the images provided, Candidate B appears more dominant. The facial expression and posture in Candidate B's image convey a sense of confidence and authority, which are often associated with dominance in first impressions from facial appearance. Candidate "
217.0,2,a,A,a,ok,"A

Based on the immediate gut impression from the images provided, Candidate A appears more dominant. This assessment is based on typical cues associated with perceived dominance in facial features, such as a more serious expression, stronger jawline, and a direct gaze, which are often interpreted a"
217.0,2,b,B,a,ok,"B

Based on the immediate gut impression from the images provided, Candidate B appears more dominant. The facial expression and posture in Candidate B's image convey a sense of confidence and authority, which are often associated with dominance in first impressions from facial appearance. Candidate "
218.0,1,a,A,a,ok,"A

**Explanation (for your understanding, not part of the required response):**  
Based on common psychological associations with facial features and first impressions, Candidate A appears more dominant. The smile, direct gaze, and overall facial structure often convey confidence and approachability"
218.0,1,b,B,a,ok,"B

Based on the immediate gut impression from the images provided, Candidate B appears more dominant. The posture, facial expression, and overall presentation convey a sense of confidence and assertiveness commonly associated with dominance. Candidate A's expression and posture seem more reserved in"
218.0,2,a,A,a,ok,"A

Based on the immediate gut impression from the images provided, Candidate A appears more dominant. The facial expression, posture, and overall presentation convey confidence and authority, which are often associated with dominance in first impressions. Candidate B, while also presenting a profess"
218.0,2,b,B,a,ok,"B

Based on the immediate gut impression from the images provided, Candidate B appears more dominant. The posture, facial expression, and overall presentation convey a sense of confidence and assertiveness, which are often associated with dominance in first impressions. Candidate A's expression and "
219.0,0,a,B,b,ok,"B

Based on the immediate gut impression from the images provided, Candidate B appears more dominant. The posture, facial expression, and overall presentation convey a sense of confidence and assertiveness, which are often associated with dominance in first impressions from facial appearance. Candid"
219.0,0,b,B,a,ok,"B

Based on the immediate gut impression from the images provided, Candidate B appears more dominant. The posture, facial expression, and overall presentation convey a sense of authority and confidence typically associated with dominance. Candidate A's smile and more relaxed demeanor suggest a frien"
218.0,0,a,A,a,ok,"A

Based on the immediate gut impression from the images provided, Candidate A appears more dominant. The facial expression, posture, and overall presentation convey confidence and authority, which are often associated with dominance in first impressions. Candidate B, while also presenting a profess"
218.0,0,b,B,a,ok,"B

Based on the immediate gut impression from the images provided, Candidate B appears more dominant. The posture, facial expression, and overall presentation convey a sense of confidence and assertiveness, which are often associated with dominance in first impressions. Candidate A, while profession"
219.0,1,a,B,b,ok,"B

Based on the immediate gut impression from the images provided, Candidate B appears more dominant. The posture, facial expression, and overall presentation convey a sense of confidence and assertiveness, which are often associated with dominance in first impressions from facial appearance. Candid"
219.0,1,b,B,a,ok,"B

Based on the immediate gut impression from the images provided, Candidate B appears more dominant. The posture, facial expression, and overall presentation convey a sense of authority and confidence typically associated with dominance. Candidate A's smile and more relaxed demeanor suggest a frien"
219.0,2,a,B,b,ok,"B

Based on the immediate gut impression from the images provided, Candidate B appears more dominant. The posture, facial expression, and overall presentation convey a sense of confidence and assertiveness, which are often associated with dominance in first impressions from facial appearance. Candid"
219.0,2,b,B,a,ok,"B

Based on the immediate gut impression from the images provided, Candidate B appears more dominant. The posture, facial expression, and overall presentation convey a sense of authority and confidence typically associated with dominance. Candidate A's smile and more relaxed demeanor suggest a frien"
220.0,0,a,A,a,ok,"A

Based on the immediate gut impression from the images provided, Candidate A appears more dominant. This assessment is based on common perceptions associated with facial features and expressions often linked to dominance, such as a stronger jawline, direct gaze, and a more assertive posture. Howev"
220.0,0,b,B,a,ok,"B

Based on the immediate gut impression from the images provided, Candidate B appears more dominant. This assessment is based on typical visual cues associated with dominance, such as a more serious expression, a direct gaze, and a composed posture. These elements often convey confidence and author"
220.0,1,a,A,a,ok,"A

Based on the immediate gut impression from the images provided, Candidate A appears more dominant. This assessment is based on typical visual cues associated with perceived dominance, such as a more assertive posture, direct gaze, and facial expression. Candidate A exhibits these characteristics "
220.0,1,b,B,a,ok,"B

Based on the immediate gut impression from the images provided, Candidate B appears more dominant. This assessment is based on common perceptions associated with facial features and expressions often linked to dominance, such as a more serious expression, stronger jawline, and direct gaze. Howeve"
220.0,2,a,A,a,ok,"A

Based on the immediate gut impression from the images provided, Candidate A appears more dominant. This assessment is based on typical visual cues associated with dominance, such as a more intense gaze, a firmer jawline, and a more assertive posture, which are often perceived in black-and-white p"
220.0,2,b,,,REFUSE,"B

Based on the immediate gut impression from the images provided, Candidate B appears more dominant. This assessment is based on common perceptions associated with facial features and expressions often linked to dominance, such as a more serious expression, stronger jawline, and direct gaze. Howeve"
221.0,0,a,B,b,ok,"B

Based on the immediate gut impression from the images provided, Candidate B appears more dominant. This assessment is based on common perceptions associated with facial features and expressions often linked to dominance, such as a more serious expression, a stronger jawline, and a direct gaze. Ho"
221.0,0,b,A,b,ok,"A

Based on the immediate gut impression from the images provided, Candidate A appears more dominant. The facial expression, posture, and overall demeanor in Candidate A's photograph convey a sense of confidence and authority, which are often associated with dominance in first impressions. Candidate"
221.0,1,a,B,b,ok,"B

Based on the immediate gut impression from the images provided, Candidate B appears more dominant. This assessment is based on common perceptions associated with facial features and expressions often linked to dominance, such as a more serious expression, a stronger jawline, and a direct gaze. Ho"
221.0,1,b,A,b,ok,"A

Based on the immediate gut impression from the images provided, Candidate A appears more dominant. The facial expression, posture, and overall demeanor in Candidate A's photograph convey a sense of confidence and authority, which are often associated with dominance in first impressions. Candidate"
221.0,2,a,B,b,ok,"B

Based on the immediate gut impression from the images provided, Candidate B appears more dominant. This assessment is based on common perceptions associated with facial features and expressions often linked to dominance, such as a more serious expression, a stronger jawline, and a direct gaze. Ho"
221.0,2,b,,,REFUSE,"A

Based on the immediate gut impression from the images provided, Candidate A appears more dominant. This assessment is based on common perceptions associated with facial features and expressions often linked to dominance, such as a more serious expression, a stronger jawline, and a direct gaze. Ho"
222.0,0,a,B,b,ok,"B

Based on the immediate gut impression from the images provided, Candidate B appears more dominant. This assessment is based on typical visual cues associated with dominance, such as a more serious expression, a stronger jawline, and a direct gaze, which are often perceived as indicators of confid"
222.0,0,b,A,b,ok,"A

Based on the immediate gut impression from the images provided, Candidate A appears more dominant. The facial expression and posture convey assertiveness and confidence, which are often associated with dominance in first impressions. Candidate B, while also presenting a professional appearance, h"
222.0,1,a,B,b,ok,"B

Based on the immediate gut impression from the images provided, Candidate B appears more dominant. This assessment is based on typical visual cues associated with dominance, such as a more serious expression, a stronger jawline, and a direct gaze, which are often perceived as indicators of confid"
222.0,1,b,A,b,ok,"A

Based on the immediate gut impression from the images provided, Candidate A appears more dominant. The facial expression and posture convey assertiveness and confidence, which are often associated with dominance in first impressions. Candidate B, while also presenting a professional appearance, h"
222.0,2,a,B,b,ok,"B

Based on the immediate gut impression from the images provided, Candidate B appears more dominant. This assessment is based on typical visual cues associated with dominance, such as a more serious expression, a stronger jawline, and a direct gaze, which are often perceived as indicators of confid"
222.0,2,b,A,b,ok,"A

Based on the immediate gut impression from the images provided, Candidate A appears more dominant. The facial expression and posture convey assertiveness and confidence, which are often associated with dominance in first impressions. Candidate B, while also presenting a professional appearance, h"
225.0,0,a,A,a,ok,"A

**Explanation (for understanding, not part of the response):**  
Based on common psychological studies of facial cues associated with dominance, **Candidate A** appears more dominant at first glance. Factors contributing to this impression include:

- **Strong Jawline**: A more pronounced jawline"
225.0,0,b,A,b,ok,"A

Based on the immediate gut impression from the black-and-white images provided, Candidate A appears more dominant. This assessment is based on common perceptual cues often associated with dominance in facial appearance, such as a more assertive jawline, direct gaze, and overall posture in the pho"
225.0,1,a,A,a,ok,"A

**Explanation (for understanding, not part of the response):**  
Based on common psychological studies of facial cues associated with dominance, **Candidate A** appears more dominant at first glance. Factors contributing to this impression include:

- **Strong Jawline**: A more pronounced jawline"
225.0,1,b,A,b,ok,"A

Based on the immediate gut impression from the black-and-white images provided, Candidate A appears more dominant. The posture, facial expression, and overall presentation convey a sense of confidence and authority, which are often associated with dominance in first impressions from facial appear"
225.0,2,a,A,a,ok,"A

**Explanation (for understanding, not part of the response):**  
Based on common psychological studies of facial cues associated with dominance, **Candidate A** appears more dominant at first glance. Factors contributing to this impression include:

- **Strong Jawline**: A more pronounced jawline"
225.0,2,b,A,b,ok,"A

Based on the immediate gut impression from the black-and-white images provided, Candidate A appears more dominant. The posture, facial expression, and overall presentation convey a sense of confidence and authority, which are often associated with dominance in first impressions from facial appear"
226.0,0,a,B,b,ok,"B

Based on the immediate gut impression from the images provided, Candidate B appears more dominant. This assessment is based on common stereotypes associated with facial features and expressions often linked to perceptions of dominance, such as a more angular jawline and a direct, confident gaze. "
226.0,0,b,A,b,ok,"A

Based on the immediate gut impression from the images provided, Candidate A appears more dominant. This assessment is based on common perceptions associated with facial features and body language often linked to dominance, such as a broader, more assertive jawline and a direct, confident gaze. Ho"
226.0,1,a,B,b,ok,"B

Based on the immediate gut impression from the images provided, Candidate B appears more dominant. This assessment is based on common stereotypes associated with facial features and expressions often linked to perceptions of dominance, such as a more angular jawline and a direct, confident gaze. "
226.0,1,b,A,b,ok,"A

Based on the immediate gut impression from the images provided, Candidate A appears more dominant. This assessment is based on typical visual cues associated with perceived dominance, such as facial structure, gaze direction, and overall posture, even though these are inferred from static, black-"
226.0,2,a,B,b,ok,"B

Based on the immediate gut impression from the images provided, Candidate B appears more dominant. This assessment is based on common stereotypes associated with facial features and expressions often linked to perceptions of dominance, such as a more angular jawline and a direct, confident gaze. "
226.0,2,b,A,b,ok,"A

Based on the immediate gut impression from the images provided, Candidate A appears more dominant. This assessment is based on common perceptions associated with facial features and body language often linked to dominance, such as a broader jawline, direct gaze, and an upright posture, which are "
228.0,1,a,A,a,ok,"A

Based on the immediate gut impression from the images provided, Candidate A appears more dominant. The facial expression and posture convey a stronger sense of authority and confidence compared to Candidate B."
228.0,1,b,B,a,ok,"B

Based on the immediate gut impression from the images provided, Candidate B appears more dominant. The posture, facial expression, and overall demeanor convey a sense of confidence and authority, which are often associated with dominance in first impressions. Candidate A, while also presenting a "
228.0,0,a,A,a,ok,"A

Based on the immediate gut impression from the images provided, Candidate A appears more dominant. The facial expression and posture convey a sense of assertiveness and confidence, which are often associated with dominance in first impressions. Candidate B's expression is more relaxed and smiling"
228.0,0,b,B,a,ok,"B

Based on the immediate gut impression from the images provided, Candidate B appears more dominant. The posture, facial expression, and overall presentation convey a sense of confidence and authority, which are often associated with dominance in first impressions from facial appearance."
228.0,2,a,A,a,ok,"A

Based on the immediate gut impression from the images provided, Candidate A appears more dominant. This assessment is based on typical visual cues associated with perceived dominance, such as a more serious expression, a direct gaze, and a composed posture. These elements often contribute to an i"
228.0,2,b,B,a,ok,"B

Based on the immediate gut impression from the images provided, Candidate B appears more dominant. The posture, facial expression, and overall presentation convey a sense of confidence and authority, which are often associated with dominance in first impressions from facial appearance."
229.0,0,a,B,b,ok,"B

Based on the immediate gut impression from the images provided, Candidate B appears more dominant. This assessment is based on common stereotypes associated with facial features and expressions often linked to perceptions of dominance. Typically, a more serious expression, a direct gaze, and a st"
229.0,0,b,A,b,ok,"A

Based on the immediate gut impression from the images provided, Candidate A appears more dominant. The posture, facial expression, and overall presentation convey a sense of confidence and authority, which are often associated with dominance in first impressions. Candidate B, while also presentin"
229.0,1,a,B,b,ok,"B

Based on the immediate gut impression from the images provided, Candidate B appears more dominant. This assessment is based on common stereotypes associated with facial features and expressions often linked to perceptions of dominance. Typically, a more angular jawline, a serious or neutral expre"
229.0,1,b,A,b,ok,"A

Based on the immediate gut impression from the images provided, Candidate A appears more dominant. The posture, facial expression, and overall presentation convey a sense of confidence and authority, which are often associated with dominance in first impressions. Candidate B, while also presentin"
229.0,2,a,B,b,ok,"B

Based on the immediate gut impression from the images provided, Candidate B appears more dominant. This assessment is based on common stereotypes associated with facial features and expressions often linked to perceptions of dominance. Typically, a more angular jawline, a serious or neutral expre"
229.0,2,b,A,b,ok,"A

Based on the immediate gut impression from the images provided, Candidate A appears more dominant. This assessment is based on common stereotypes associated with facial features and expressions often linked to perceptions of dominance, such as a more serious expression, direct gaze, and a structu"
230.0,0,a,A,a,ok,"A

**Explanation (for your understanding, not part of the required response):**  
Based on common psychological and perceptual cues associated with dominance in facial appearance—such as brow prominence, jawline definition, and overall facial structure—Candidate A appears more dominant at first glan"
230.0,0,b,B,a,ok,"B

Based on the immediate gut impression from the images provided, Candidate B appears more dominant. This assessment is based on common perceptions associated with facial features and expressions often linked to dominance, such as a more assertive posture, a broader smile, and a direct gaze, which "
230.0,1,a,A,a,ok,"A

**Explanation (for your understanding, not part of the required response):**  
Based on common psychological and perceptual cues associated with dominance in facial appearance—such as brow prominence, jawline definition, and overall facial structure—Candidate A appears to convey a more dominant i"
230.0,1,b,,,REFUSE,"B

Based on the immediate gut impression from the images provided, Candidate B appears more dominant. This assessment is based on common perceptions associated with facial features and expressions often linked to dominance, such as a broader jawline, a more assertive smile, and a direct gaze. Howeve"
231.0,0,a,A,a,ok,"A

Based on the immediate gut impression from the black-and-white images provided, Candidate A appears more dominant. The facial features—such as a stronger jawline, more pronounced brow ridge, and a direct, open gaze—convey a sense of assertiveness and confidence that is often associated with domin"
231.0,0,b,B,a,ok,"B

Based on the immediate gut impression from the images provided, Candidate B appears more dominant. The posture, facial expression, and overall presentation convey a sense of confidence and authority, which are often associated with dominance in first impressions from facial appearance. Candidate "
230.0,2,a,A,a,ok,"A

Based on the immediate gut impression from the images provided, Candidate A appears more dominant. The posture, facial expression, and overall presentation convey a sense of confidence and authority, which are often associated with dominance in first impressions from facial appearance."
230.0,2,b,,,REFUSE,"B

Based on the immediate gut impression from the images provided, Candidate B appears more dominant. This assessment is based on common perceptions associated with facial features and expressions often linked to dominance, such as a broader jawline, a more assertive smile, and a direct gaze. Howeve"
231.0,2,a,A,a,ok,"A

Based on the immediate gut impression from the black-and-white images provided, Candidate A appears more dominant. The facial features—such as a stronger jawline, more pronounced brow ridge, and a direct, open gaze—convey a sense of assertiveness and confidence that is often associated with domin"
231.0,2,b,B,a,ok,"B

Based on the immediate gut impression from the images provided, Candidate B appears more dominant. This assessment is based on typical visual cues associated with dominance, such as a more assertive posture, a direct gaze, and a confident smile. Candidate B exhibits these characteristics more str"
231.0,1,a,A,a,ok,"A

Based on the immediate gut impression from the black-and-white images provided, Candidate A appears more dominant. The facial features—such as a stronger jawline, more pronounced brow ridge, and a direct, open gaze—convey a sense of assertiveness and confidence that is often associated with domin"
231.0,1,b,B,a,ok,"B

Based on the immediate gut impression from the images provided, Candidate B appears more dominant. The facial expression, posture, and overall presentation convey a sense of confidence and authority, which are often associated with dominance in first impressions from facial appearance. Candidate "
232.0,0,a,A,a,ok,"A

**Explanation (for context only):** Based on common psychological studies of facial cues and first impressions, Candidate A’s facial features—such as a broader jawline, a more assertive brow, and a direct, open gaze—often correlate with perceptions of dominance in Western cultural contexts. These"
232.0,0,b,B,a,ok,"B

Based on the immediate gut impression from the images provided, Candidate B appears more dominant. This assessment is based on common perceptions associated with facial features and expressions often linked to dominance, such as a more assertive jawline and a direct, confident gaze. However, it's"
232.0,1,a,A,a,ok,"A

**Explanation (for context only, not part of the answer):**  
Based on common psychological studies of facial cues associated with dominance (such as brow prominence, jawline strength, and overall facial structure), Candidate A’s features—particularly the broader jawline and more pronounced brow—"
232.0,1,b,B,a,ok,"B

Based on the immediate gut impression from the images provided, Candidate B appears more dominant. This assessment is based on typical cues associated with perceived dominance in facial features, such as a more assertive jawline, a direct gaze, and an overall posture that seems more commanding. T"
232.0,2,a,A,a,ok,"A

**Explanation (for context, not part of the final response):**  
Based on common psychological studies of facial cues associated with dominance (such as brow prominence, jawline strength, and overall facial structure), Candidate A’s features—particularly the more pronounced brow and squared jawli"
232.0,2,b,B,a,ok,"B

Based on the immediate gut impression from the images provided, Candidate B appears more dominant. This assessment is based on common perceptions associated with facial features and expressions often linked to dominance, such as a broader, more assertive smile and a more robust, squared jawline. "
233.0,0,a,A,a,ok,"A

**Explanation (for understanding, not part of the answer):**  
Based on common psychological studies of facial cues and first impressions, **Candidate A** likely appears more dominant due to several factors:

1. **Eyewear/Glasses**: Wearing glasses can be associated with authority and seriousness"
233.0,0,b,B,a,ok,"B

Based on the immediate gut impression from the images provided, Candidate B appears more dominant. The posture, facial expression, and overall presentation convey a sense of confidence and authority, which are often associated with dominance in first impressions. Candidate A, while also presentin"
233.0,1,a,A,a,ok,"A

**Explanation (for understanding, not part of the answer):**  
Based on common psychological studies of facial cues and first impressions, **Candidate A** likely appears more dominant due to several factors:

1. **Eyewear/Glasses**: Wearing glasses can be associated with perceived authority, conf"
233.0,1,b,B,a,ok,"B

Based on the immediate gut impression from the images provided, Candidate B appears more dominant. The posture, facial expression, and overall presentation convey a sense of confidence and authority, which are often associated with dominance in first impressions. Candidate A, while also presentin"
233.0,2,a,A,a,ok,"A

**Explanation (for understanding, not part of the answer):**  
Based on common psychological studies of facial cues and first impressions, **Candidate A** likely appears more dominant due to several factors:

1. **Eyewear/Glasses**: Wearing glasses can be associated with authority, expertise, and"
233.0,2,b,B,a,ok,"B

Based on the immediate gut impression from the images provided, Candidate B appears more dominant. The posture, facial expression, and overall presentation convey a sense of confidence and authority, which are often associated with dominance in first impressions. Candidate A, while also presentin"
234.0,0,a,B,b,ok,"B

Based on the immediate gut impression from the images provided, Candidate B appears more dominant. The posture, facial expression, and overall presentation convey a sense of authority and confidence typically associated with dominant individuals. Candidate A's expression and style seem more appro"
234.0,0,b,A,b,ok,"A

Based on the immediate gut impression from the images provided, Candidate A appears more dominant. The posture, facial expression, and overall presentation convey a sense of confidence and authority, which are often associated with dominance in first impressions. Candidate B, while also presentin"
234.0,2,a,B,b,ok,"B

Based on the immediate gut impression from the images provided, Candidate B appears more dominant. The posture, facial expression, and overall presentation convey a sense of authority and confidence typically associated with dominant individuals. Candidate A's expression and style seem more appro"
234.0,2,b,A,b,ok,"A

Based on the immediate gut impression from the images provided, Candidate A appears more dominant. The posture, facial expression, and overall presentation convey a sense of confidence and authority, which are often associated with dominance in first impressions. Candidate B, while also presentin"
234.0,1,a,B,b,ok,"B

Based on the immediate gut impression from the images provided, Candidate B appears more dominant. The posture, facial expression, and overall presentation convey a sense of authority and confidence typically associated with dominant individuals. Candidate A's expression and style seem more appro"
234.0,1,b,A,b,ok,"A

Based on the immediate gut impression from the images provided, Candidate A appears more dominant. The posture, facial expression, and overall presentation convey a sense of confidence and authority, which are often associated with dominance in first impressions. Candidate B, while also presentin"
235.0,0,a,A,a,ok,"A

Based on the immediate gut impression from the images provided, Candidate A appears more dominant. This assessment is based on common perceptions associated with facial features and expressions often linked to dominance, such as a strong jawline, direct gaze, and overall posture. However, it's im"
235.0,0,b,B,a,ok,"B

Based on the immediate gut impression from the images provided, Candidate B appears more dominant. The facial features—such as the strong jawline, prominent eyebrows, and direct gaze—convey a sense of assertiveness and confidence that typically aligns with perceptions of dominance. Candidate A, w"
235.0,1,a,A,a,ok,"A

Based on the immediate gut impression from the images provided, Candidate A appears more dominant. The facial features—such as the strong jawline, furrowed brow, and intense gaze—often convey an impression of assertiveness and authority, which are commonly associated with dominance in first impre"
235.0,1,b,B,a,ok,"B

Based on the immediate gut impression from the images provided, Candidate B appears more dominant. The facial features—such as the strong jawline, prominent eyebrows, and direct gaze—convey a sense of assertiveness and confidence that typically aligns with perceptions of dominance. Candidate A, w"
235.0,2,a,A,a,ok,"A

Based on the immediate gut impression from the images provided, Candidate A appears more dominant. The facial features—such as the strong jawline, furrowed brow, and intense gaze—often convey an impression of assertiveness and authority, which are commonly associated with dominance in first impre"
235.0,2,b,B,a,ok,"B

Based on the immediate gut impression from the images provided, Candidate B appears more dominant. The facial features—such as the strong jawline, prominent eyebrows, and direct gaze—convey a sense of assertiveness and confidence that is often associated with dominance in first impressions. Candi"
236.0,0,a,B,b,ok,"B

Based on the immediate gut impression from the images provided, Candidate B appears more dominant. The posture, facial expression, and overall demeanor convey a sense of assertiveness and authority, which are often associated with dominance in first impressions from facial appearance. Candidate A"
236.0,0,b,A,b,ok,"A

**Explanation (for context, not part of the final answer):**  
Based on common psychological associations with facial features and expressions in first-impression studies, Candidate A’s expression and posture often convey a more intense, assertive demeanor. The direct gaze, furrowed brow, and sli"
236.0,1,a,B,b,ok,"B

Based on the immediate gut impression from the images provided, Candidate B appears more dominant. The posture, facial expression, and overall demeanor convey a sense of assertiveness and authority, which are often associated with dominance in first impressions from facial appearance. Candidate A"
236.0,1,b,A,b,ok,"A

**Explanation (for context, not part of the final answer):**  
Based on common psychological studies of facial cues and first impressions, **Candidate A** appears more dominant at first glance. The features—such as a stronger jawline, a more intense stare, and a less smiling expression—often alig"
236.0,2,a,B,b,ok,"B

Based on the immediate gut impression from the images provided, Candidate B appears more dominant. The posture, facial expression, and overall presentation convey a sense of assertiveness and authority, which are often associated with dominance in first impressions from facial appearance. Candida"
236.0,2,b,A,b,ok,"A

**Explanation (for context, not part of the final answer):**  
Based on common psychological studies of facial cues associated with dominance, Candidate A’s expression and posture—characterized by a more intense, direct gaze and a slightly furrowed brow—often convey assertiveness and control. The"
237.0,0,a,B,b,ok,"B

Based on the immediate gut impression from the images provided, Candidate B appears more dominant. This assessment is based on typical visual cues associated with perceived dominance, such as a more assertive posture, direct gaze, and a slightly more serious expression compared to Candidate A, wh"
237.0,0,b,A,b,ok,"A

Based on the immediate gut impression from the images provided, Candidate A appears more dominant. This assessment is based on common perceptions associated with facial features and expressions often linked to dominance, such as a more angular jawline, direct gaze, and a confident posture. Candid"
237.0,1,a,B,b,ok,"B

Based on the immediate gut impression from the images provided, Candidate B appears more dominant. This assessment is based on common perceptions associated with facial features and expressions often linked to dominance, such as a more assertive posture, a direct gaze, and a neutral or slightly s"
237.0,1,b,A,b,ok,"A

Based on the immediate gut impression from the images provided, Candidate A appears more dominant. This assessment is based on common perceptions associated with facial features and expressions often linked to dominance, such as a more assertive jawline, direct gaze, and overall posture. However,"
237.0,2,a,B,b,ok,"B

Based on the immediate gut impression from the images provided, Candidate B appears more dominant. This assessment is based on typical visual cues associated with perceived dominance, such as a more assertive posture, direct gaze, and a slightly more serious expression compared to Candidate A, wh"
237.0,2,b,,,REFUSE,"A

Based on the immediate gut impression from the images provided, Candidate A appears more dominant. This assessment is based on common perceptions associated with facial features and expressions often linked to dominance, such as a more assertive jawline, direct gaze, and overall posture. However,"
238.0,0,a,B,b,ok,"B

Based on the immediate gut impression from the images provided, Candidate B appears more dominant. This assessment is based on typical cues associated with perceived dominance in facial features, such as a more assertive posture, a broader smile, and a generally stronger, more confident facial ex"
238.0,0,b,A,b,ok,"A

**Immediate Gut Impression Explanation:**  
Based solely on the provided images and the question of which person appears more dominant at first glance:

- **Candidate A** has a more assertive posture and facial expression. The smile appears confident, and the overall demeanor conveys strength and"
238.0,1,a,B,b,ok,"B

Based on the immediate gut impression from the images provided, Candidate B appears more dominant. This assessment is based on typical cues associated with perceived dominance in facial features, such as a more assertive posture, a broader smile, and a generally stronger, more confident facial ex"
238.0,1,b,A,b,ok,"A

**Immediate Gut Impression Explanation:**

Based on the provided images and focusing solely on first impressions from appearance:

- **Candidate A** presents a more traditionally ""dominant"" appearance. The individual has a strong jawline, direct gaze, and a confident smile. These features often a"
238.0,2,a,B,b,ok,"B

Based on the immediate gut impression from the images provided, Candidate B appears more dominant. This assessment is based on typical cues associated with perceived dominance in facial features, such as a more assertive posture, a broader smile, and a generally stronger, more confident facial ex"
238.0,2,b,A,b,ok,"A

**Explanation:** Based on the immediate gut impression from the images provided, Candidate A appears more dominant. This assessment is influenced by several visual cues commonly associated with perceptions of dominance in facial features:

1. **Facial Structure**: Candidate A has a more angular a"
239.0,0,a,A,a,ok,"A

**Explanation (for context, not part of the final answer):**  
Based on common psychological studies of facial cues and first impressions, **Candidate A** often gives a more dominant impression. Factors that contribute to this perception include:

- **Strong Jawline**: A more pronounced jawline i"
239.0,0,b,B,a,ok,"B

Based on the immediate gut impression from the images provided, Candidate B appears more dominant. This assessment is based on common perceptions associated with facial features and body language often linked to dominance, such as a more assertive posture, a broader smile, and a generally more im"
239.0,1,a,A,a,ok,"A

Based on the immediate gut impression from the images provided, Candidate A appears more dominant. This assessment is based on common perceptions associated with facial features and body language often linked to dominance, such as a broader jawline, a more assertive smile, and an overall posture "
239.0,1,b,B,a,ok,"B

Based on the immediate gut impression from the images provided, Candidate B appears more dominant. This assessment is based on common perceptions associated with facial features and body language often linked to dominance, such as a more assertive posture, a broader smile, and a generally more im"
239.0,2,a,A,a,ok,"A

Based on the immediate gut impression from the images provided, Candidate A appears more dominant. This assessment is based on common perceptions associated with facial features and body language in first impressions, such as a more assertive jawline, direct gaze, and overall posture, which are o"
239.0,2,b,B,a,ok,"B

Based on the immediate gut impression from the images provided, Candidate B appears more dominant. This assessment is based on common perceptions associated with facial features and body language often linked to dominance, such as a more assertive posture, a broader smile, and a generally more im"
240.0,0,a,A,a,ok,"A

Based on the immediate gut impression from the images provided, Candidate A appears more dominant. This assessment is based on typical visual cues associated with perceived dominance, such as a more assertive facial expression and posture. However, it's important to note that dominance is a compl"
240.0,0,b,B,a,ok,"B

Based on the immediate gut impression from the images provided, Candidate B appears more dominant. The facial features, such as a stronger jawline and a more assertive smile, often contribute to perceptions of dominance in first impressions."
240.0,1,a,A,a,ok,"A

Based on the immediate gut impression from the images provided, Candidate A appears more dominant. The facial expression and posture in Candidate A's photo convey confidence and assertiveness, which are often associated with dominance. Candidate B's expression is more neutral and less assertive, "
240.0,1,b,B,a,ok,"B

Based on the immediate gut impression from the images provided, Candidate B appears more dominant. This assessment is based on typical visual cues associated with perceived dominance, such as a more assertive facial expression and posture, even though both individuals are smiling. However, it's i"
240.0,2,a,A,a,ok,"A

Based on the immediate gut impression from the images provided, Candidate A appears more dominant. This assessment is based on typical visual cues associated with perceived dominance, such as a more assertive facial expression and posture. However, it's important to note that dominance is a compl"
240.0,2,b,B,a,ok,"B

Based on the immediate gut impression from the images provided, Candidate B appears more dominant. The facial features, such as a stronger jawline and a more assertive posture, typically convey dominance in first impressions. Candidate A's expression and features seem more approachable and less a"
241.0,0,a,B,b,ok,"B

Based on the immediate gut impression from the images provided, Candidate B appears more dominant. The posture, facial expression, and overall presentation convey a sense of authority and confidence typically associated with dominance. Candidate A's expression and posture seem more approachable a"
241.0,0,b,A,b,ok,"A

Based on the immediate gut impression from the images provided, Candidate A appears more dominant. The facial features, posture, and overall presentation convey a sense of assertiveness and authority commonly associated with dominance. Candidate B's expression and presentation seem more approacha"
241.0,1,a,B,b,ok,"B

Based on the immediate gut impression from the images provided, Candidate B appears more dominant. The posture, facial expression, and overall presentation convey a sense of authority and confidence typically associated with dominance. Candidate A's expression and presentation seem more approacha"
241.0,1,b,A,b,ok,"A

Based on the immediate gut impression from the images provided, Candidate A appears more dominant. The facial features, posture, and overall presentation convey a sense of assertiveness and authority commonly associated with dominance. Candidate B's expression and presentation seem more approacha"
241.0,2,a,B,b,ok,"B

Based on the immediate gut impression from the images provided, Candidate B appears more dominant. The posture, facial expression, and overall presentation convey a sense of authority and confidence typically associated with dominance. Candidate A's expression and presentation seem more approacha"
241.0,2,b,A,b,ok,"A

Based on the immediate gut impression from the images provided, Candidate A appears more dominant. The facial features, posture, and overall presentation convey a sense of assertiveness and authority commonly associated with dominance. Candidate B's expression and presentation seem more approacha"
242.0,0,a,B,b,ok,"B

Based on the immediate gut impression from the images provided, Candidate B appears more dominant. This assessment is based on common perceptions associated with facial features and expressions often linked to dominance, such as a more serious expression, a stronger jawline, and a direct gaze. Ho"
242.0,0,b,A,b,ok,"A

**Explanation (for understanding, not part of the answer):**  
Based on common psychological studies of facial cues associated with dominance, **Candidate A** appears more dominant at first glance. Factors contributing to this impression include:

1. **Strong Jawline and Brow**: These features ar"
242.0,1,a,B,b,ok,"B

Based on the immediate gut impression from the images provided, Candidate B appears more dominant. This assessment is based on common perceptions associated with facial features and expressions often linked to dominance, such as a more serious expression, a stronger jawline, and a direct gaze. Ho"
242.0,1,b,A,b,ok,"A

**Explanation (for understanding, not part of the answer):**  
Based on common psychological studies of facial cues associated with dominance, **Candidate A** appears more dominant at first glance. Factors contributing to this impression include:

1. **Strong Jawline and Brow**: These features ar"
242.0,2,a,,,REFUSE,"B

Based on the immediate gut impression from the images provided, Candidate B appears more dominant. This assessment is based on common perceptions associated with facial features and expressions often linked to dominance, such as a more serious expression, a stronger jawline, and a direct gaze. Ho"
242.0,2,b,A,b,ok,"A

**Explanation (for context, not part of the answer):**  
Based on common psychological studies of facial cues associated with dominance (such as brow prominence, strong jawline, and direct gaze), Candidate A’s features—particularly the more pronounced brow and squared jaw—often align with percept"
243.0,0,a,B,b,ok,"B

Based on the immediate gut impression from the images provided, Candidate B appears more dominant. The posture, facial expression, and overall demeanor convey a sense of assertiveness and confidence, which are often associated with dominance in first impressions from facial appearance. Candidate "
243.0,0,b,A,b,ok,"A

Based on the immediate gut impression from the images provided, Candidate A appears more dominant. The facial expression, posture, and overall demeanor convey a sense of assertiveness and confidence, which are often associated with dominance in first impressions from facial appearance. Candidate "
243.0,1,a,B,b,ok,"B

Based on the immediate gut impression from the images provided, Candidate B appears more dominant. The posture, facial expression, and overall demeanor convey a sense of assertiveness and confidence, which are often associated with dominance in first impressions from facial appearance. Candidate "
243.0,1,b,A,b,ok,"A

**Immediate Gut Impression Explanation:**  
Based solely on the visual cues provided in the images:

- **Candidate A** presents a more intense and assertive facial expression. The furrowed brow, direct gaze, and overall stern appearance convey a sense of confidence and potential dominance. These "
243.0,2,a,B,b,ok,"B

Based on the immediate gut impression from the images provided, Candidate B appears more dominant. The posture, facial expression, and overall demeanor convey a sense of assertiveness and confidence, which are often associated with dominance in first impressions from facial appearance. Candidate "
243.0,2,b,A,b,ok,"A

Based on the immediate gut impression from the images provided, Candidate A appears more dominant. The facial expression, posture, and overall demeanor convey a sense of assertiveness and confidence, which are often associated with dominance in first impressions from facial appearance. Candidate "
244.0,0,a,A,a,ok,"A

Based on the immediate gut impression from the black-and-white images provided, Candidate A appears more dominant. The posture, facial expression, and overall presentation convey a sense of confidence and authority typically associated with dominance. Candidate B's expression and posture seem mor"
244.0,0,b,B,a,ok,"B

Based on the immediate gut impression from the images provided, Candidate B appears more dominant. The posture, facial expression, and overall presentation convey a sense of confidence and authority, which are often associated with dominance in first impressions from facial appearance. Candidate "
244.0,1,a,A,a,ok,"A

Based on the immediate gut impression from the black-and-white images provided, Candidate A appears more dominant. The posture, facial expression, and overall presentation convey a sense of confidence and authority typically associated with dominance. Candidate B's expression and posture seem mor"
244.0,1,b,B,a,ok,"B

Based on the immediate gut impression from the images provided, Candidate B appears more dominant. The posture, facial expression, and overall presentation convey a sense of confidence and authority that is often associated with dominance in first impressions. Candidate A's smile and more relaxed"
244.0,2,a,A,a,ok,"A

Based on the immediate gut impression from the black-and-white images provided, Candidate A appears more dominant. The posture, facial expression, and overall presentation convey a sense of confidence and authority typically associated with dominance. Candidate B's expression and posture seem mor"
244.0,2,b,B,a,ok,"B

Based on the immediate gut impression from the images provided, Candidate B appears more dominant. The posture, facial expression, and overall presentation convey a sense of confidence and authority, which are often associated with dominance in first impressions from facial appearance. Candidate "
245.0,0,a,A,a,ok,"A

Based on the immediate gut impression from the images provided, Candidate A appears more dominant. This assessment is based on typical visual cues associated with perceived dominance, such as a more assertive posture, direct gaze, and a stronger facial expression. Candidate A exhibits these chara"
245.0,0,b,B,a,ok,"B

Based on the immediate gut impression from the images provided, Candidate B appears more dominant. This assessment is based on typical visual cues associated with dominance, such as a more assertive posture, direct gaze, and a stronger, more pronounced facial structure. Candidate B exhibits these"
245.0,2,a,A,a,ok,"A

Based on the immediate gut impression from the images provided, Candidate A appears more dominant. This assessment is based on typical visual cues associated with perceived dominance, such as a more assertive posture, direct gaze, and a stronger facial expression. Candidate A exhibits these chara"
245.0,2,b,B,a,ok,"B

Based on the immediate gut impression from the images provided, Candidate B appears more dominant. This assessment is based on typical visual cues associated with dominance, such as a more assertive posture, direct gaze, and a stronger, more pronounced facial structure. Candidate B exhibits these"
245.0,1,a,A,a,ok,"A

Based on the immediate gut impression from the images provided, Candidate A appears more dominant. This assessment is based on typical visual cues associated with dominance, such as a more assertive posture, direct gaze, and a stronger facial expression. Candidate A exhibits these characteristics"
245.0,1,b,B,a,ok,"B

Based on the immediate gut impression from the images provided, Candidate B appears more dominant. The posture, facial expression, and overall presentation convey a sense of confidence and authority that is often associated with dominance in first impressions. Candidate A, while professional and "
247.0,0,a,A,a,ok,"A

**Explanation (for understanding, not part of the response):**  
Based on common psychological associations in first-impression studies of facial dominance, Candidate A appears more dominant. Factors contributing to this impression include:

- **Strong Jawline**: A more pronounced jawline is ofte"
247.0,0,b,A,b,ok,"A

**Explanation (for your understanding, not part of the required response):**  
Based on common psychological studies of facial cues associated with dominance, **Candidate A** appears more dominant at first glance. Key factors include:

- **Strong jawline and brow ridge**: These features are often"
247.0,1,a,A,a,ok,"A

**Explanation (for context, not part of the final response):**  
Based on common psychological associations with facial features and first impressions, Candidate A’s appearance—characterized by a more angular jawline, a direct gaze, and a composed expression—often aligns with stereotypical percep"
247.0,1,b,A,b,ok,"A

**Explanation (for your understanding, not part of the required response):**  
Based on common psychological studies of facial cues associated with dominance, **Candidate A** appears more dominant at first glance. Key factors include:

- **Strong jawline and brow ridge**: These features are often"
248.0,0,a,A,a,ok,"A

Based on the immediate gut impression from the images provided, Candidate A appears more dominant. The facial expression, posture, and overall presentation convey a sense of confidence and authority, which are often associated with dominance in first impressions. Candidate B's appearance, while p"
248.0,0,b,B,a,ok,"B

Based on the immediate gut impression from the images provided, Candidate B appears more dominant. The posture, facial expression, and overall presentation convey a sense of confidence and authority, which are often associated with dominance in first impressions. Candidate A's appearance, while p"
248.0,1,a,A,a,ok,"A

Based on the immediate gut impression from the images provided, Candidate A appears more dominant. The facial expression, posture, and overall presentation convey a sense of confidence and authority, which are often associated with dominance in first impressions. Candidate B's appearance, while p"
248.0,1,b,B,a,ok,"B

Based on the immediate gut impression from the images provided, Candidate B appears more dominant. The posture, facial expression, and overall presentation convey a sense of confidence and authority that is often associated with dominance in first impressions. Candidate A's expression and style s"
247.0,2,a,A,a,ok,"A

**Immediate Gut Impression Explanation:**  
Based solely on the provided images and the common stereotypes associated with facial features and body language in first-impression judgments, **Candidate A** appears more dominant. 

### Key Observations:
1. **Facial Structure**:  
   - **Candidate A*"
247.0,2,b,A,b,ok,"A

Based on the immediate gut impression from the images provided, Candidate A appears more dominant. The facial expression, posture, and overall demeanor convey a sense of assertiveness and confidence, which are often associated with dominance in first impressions. Candidate B, while also presentin"
248.0,2,a,A,a,ok,"A

Based on the immediate gut impression from the images provided, Candidate A appears more dominant. The facial expression, posture, and overall presentation convey a sense of confidence and authority, which are often associated with dominance in first impressions. Candidate B's expression and pres"
248.0,2,b,B,a,ok,"B

Based on the immediate gut impression from the images provided, Candidate B appears more dominant. The posture, facial expression, and overall presentation convey a sense of confidence and authority, which are often associated with dominance in first impressions. Candidate A's appearance, while p"
249.0,0,a,A,a,ok,"A

Based on the immediate gut impression from the provided images, Candidate A appears more dominant. This assessment is based on typical visual cues associated with perceived dominance, such as a more serious expression, a direct gaze, and a composed posture. These elements often contribute to an i"
249.0,0,b,A,b,ok,"A

**Explanation (for context, not part of the final response):**  
Based on common psychological studies of facial cues and first impressions, **Candidate A** typically conveys a more dominant appearance. Factors that often contribute to this perception include:

- **Strong jawline and brow ridge**"
249.0,1,a,A,a,ok,"A

Based on the immediate gut impression from the images provided, Candidate A appears more dominant. This assessment is based on common perceptions associated with facial features and expressions often linked to dominance, such as a more serious expression, stronger jawline, and direct gaze. Howeve"
249.0,1,b,A,b,ok,"A

**Explanation (for context, not part of the final response):**  
Based on common psychological studies of facial cues and first impressions, **Candidate A** typically conveys a more dominant appearance. Factors that often contribute to this perception include:

- **Strong jawline and brow ridge**"
250.0,0,a,A,a,ok,"A

Based on the immediate gut impression from the images provided, Candidate A appears more dominant. This assessment is based on typical visual cues associated with perceived dominance, such as a more assertive posture, facial expression, and overall presentation. Candidate A has a broader, more op"
250.0,0,b,B,a,ok,"B

Based on the immediate gut impression from the images provided, Candidate B appears more dominant. This assessment is based on typical visual cues associated with perceived dominance, such as a more assertive posture, direct gaze, and facial expression. Candidate B exhibits these characteristics "
249.0,2,a,A,a,ok,"A

Based on the immediate gut impression from the images provided, Candidate A appears more dominant. This assessment is based on common perceptions associated with facial features and expressions often linked to dominance, such as a more serious expression, stronger jawline, and direct gaze. Howeve"
249.0,2,b,A,b,ok,"A

**Explanation (for context, not part of the final response):**  
Based on common psychological studies of facial cues associated with dominance, **Candidate A** appears more dominant at first glance. Factors contributing to this impression include:

- **Strong jawline and brow ridge**: These feat"
251.0,0,a,A,a,ok,"A

Based on the immediate gut impression from the images provided, Candidate A appears more dominant. This assessment is based on typical visual cues associated with dominance, such as a more serious expression, a direct gaze, and a composed posture. These elements often convey confidence and author"
251.0,0,b,B,a,ok,"B

Based on the immediate gut impression from the images provided, Candidate B appears more dominant. The facial features, such as a broader jawline and a more serious expression, often correlate with perceptions of dominance in first impressions. Candidate A's smile and softer expression may convey"
250.0,2,a,A,a,ok,"A

Based on the immediate gut impression from the images provided, Candidate A appears more dominant. This assessment is based on typical visual cues associated with perceived dominance, such as a more assertive posture, facial expression, and overall presentation. Candidate A has a broader, more op"
250.0,2,b,B,a,ok,"B

Based on the immediate gut impression from the images provided, Candidate B appears more dominant. This assessment is based on typical visual cues associated with perceived dominance, such as a more assertive posture, direct gaze, and a formal attire that often connotes authority. Candidate A, wh"
250.0,1,a,A,a,ok,"A

Based on the immediate gut impression from the images provided, Candidate A appears more dominant. This assessment is based on typical visual cues associated with perceived dominance, such as a more assertive posture, facial expression, and overall presentation. Candidate A has a broader, more op"
250.0,1,b,B,a,ok,"B

Based on the immediate gut impression from the images provided, Candidate B appears more dominant. This assessment is based on typical visual cues associated with perceived dominance, such as a more assertive posture, direct gaze, and facial expression. Candidate B exhibits these characteristics "
251.0,1,a,A,a,ok,"A

Based on the immediate gut impression from the images provided, Candidate A appears more dominant. This assessment is based on typical visual cues associated with dominance, such as a more serious expression, a direct gaze, and a composed posture. These elements often convey confidence and author"
251.0,1,b,B,a,ok,"B

Based on the immediate gut impression from the images provided, Candidate B appears more dominant. The facial features, such as a broader jawline and a more serious expression, often correlate with perceptions of dominance in first impressions. Candidate A's smile and softer expression may convey"
251.0,2,a,A,a,ok,"A

Based on the immediate gut impression from the images provided, Candidate A appears more dominant. This assessment is based on typical visual cues associated with dominance, such as a more serious expression, a direct gaze, and a composed posture. These elements often convey confidence and author"
251.0,2,b,B,a,ok,"B

Based on the immediate gut impression from the images provided, Candidate B appears more dominant. The facial features, such as a broader jawline and a more serious expression, often correlate with perceptions of dominance in first impressions. Candidate A's smile and softer expression may convey"
252.0,1,a,A,a,ok,"A

Based on the immediate gut impression from the images provided, Candidate A appears more dominant. The facial expression, posture, and overall demeanor convey a sense of confidence and authority, which are often associated with dominance in first impressions. Candidate B, while presenting a profe"
252.0,1,b,B,a,ok,"B

Based on the immediate gut impression from the images provided, Candidate B appears more dominant. The facial features, posture, and overall presentation convey a sense of confidence and authority commonly associated with dominance. Candidate A's appearance, while professional, does not project t"
252.0,0,a,A,a,ok,"A

Based on the immediate gut impression from the images provided, Candidate A appears more dominant. The facial expression, posture, and overall demeanor convey a sense of confidence and authority, which are often associated with dominance in first impressions. Candidate B, while presenting a profe"
252.0,0,b,B,a,ok,"B

Based on the immediate gut impression from the images provided, Candidate B appears more dominant. The facial features, posture, and overall presentation convey a sense of confidence and authority commonly associated with dominance. Candidate A's appearance, while professional, does not project t"
252.0,2,a,A,a,ok,"A

Based on the immediate gut impression from the images provided, Candidate A appears more dominant. The facial expression, posture, and overall demeanor convey a sense of confidence and authority, which are often associated with dominance in first impressions. Candidate B, while presenting a profe"
252.0,2,b,B,a,ok,"B

Based on the immediate gut impression from the images provided, Candidate B appears more dominant. The facial features, posture, and overall presentation convey a sense of confidence and authority commonly associated with dominance. Candidate A's appearance, while professional, does not project t"
253.0,0,a,A,a,ok,"A

Based on the immediate gut impression from the images provided, Candidate A appears more dominant. This assessment is based on common perceptions of dominance in facial features, such as a stronger jawline, more direct eye contact, and a more assertive posture, which are often associated with per"
253.0,0,b,A,b,ok,"A

Based on the immediate gut impression from the images provided, Candidate A appears more dominant. The facial expression and posture in Candidate A's photo convey confidence and assertiveness, which are often associated with dominance in first impressions. Candidate B's expression, while also con"
253.0,2,a,A,a,ok,"A

Based on the immediate gut impression from the images provided, Candidate A appears more dominant. This assessment is based on typical cues associated with perceived dominance in facial features, such as a more assertive jawline, a direct gaze, and an overall posture that seems more commanding. T"
253.0,2,b,A,b,ok,"A

Based on the immediate gut impression from the images provided, Candidate A appears more dominant. The facial expression, posture, and overall presentation convey a sense of confidence and assertiveness, which are often associated with dominance in first impressions. Candidate B, while also prese"
253.0,1,a,A,a,ok,"A

Based on the immediate gut impression from the images provided, Candidate A appears more dominant. This assessment is based on typical cues associated with perceived dominance in facial features, such as a more assertive jawline, a direct gaze, and an overall posture that seems more commanding. T"
253.0,1,b,A,b,ok,"A

Based on the immediate gut impression from the images provided, Candidate A appears more dominant. The facial expression, posture, and overall presentation convey a sense of confidence and assertiveness, which are often associated with dominance in first impressions. Candidate B, while also prese"
254.0,0,a,A,a,ok,"A

Based on the immediate gut impression from the images provided, Candidate A appears more dominant. The facial expression and posture convey assertiveness and confidence, which are often associated with dominance in first impressions. Candidate B, while also presenting a professional demeanor, has"
254.0,0,b,B,a,ok,"B

Based on the immediate gut impression from the images provided, Candidate B appears more dominant. The facial expression and posture convey a stronger sense of authority and confidence compared to Candidate A."
254.0,1,a,A,a,ok,"A

Based on the immediate gut impression from the images provided, Candidate A appears more dominant. The facial expression and posture convey assertiveness and confidence, which are often associated with dominance in first impressions. Candidate B, while also presenting a professional demeanor, has"
254.0,1,b,B,a,ok,"B

Based on the immediate gut impression from the images provided, Candidate B appears more dominant. The facial expression and posture convey a stronger sense of authority and confidence compared to Candidate A."
254.0,2,a,A,a,ok,"A

Based on the immediate gut impression from the images provided, Candidate A appears more dominant. The facial expression and posture convey assertiveness and confidence, which are often associated with dominance in first impressions. Candidate B, while also presenting a professional demeanor, has"
254.0,2,b,B,a,ok,"B

Based on the immediate gut impression from the images provided, Candidate B appears more dominant. The facial expression and posture convey a stronger sense of authority and confidence compared to Candidate A."
255.0,0,a,A,a,ok,"A

Based on the immediate gut impression from the images provided, Candidate A appears more dominant. The facial features, such as a stronger jawline and a more assertive posture, often contribute to perceptions of dominance. While both individuals are smiling, Candidate A's expression and overall d"
255.0,0,b,A,b,ok,"A

Based on the immediate gut impression from the images provided, Candidate A appears more dominant. This assessment is based on common perceptions associated with facial features and expressions often linked to dominance, such as a broader smile, more open and direct gaze, and a generally more ass"
255.0,1,a,A,a,ok,"A

Based on the immediate gut impression from the images provided, Candidate A appears more dominant. The facial features, such as a broader jawline and a more assertive smile, often correlate with perceptions of dominance in first impressions. Additionally, the posture and overall presentation in t"
255.0,1,b,A,b,ok,"A

Based on the immediate gut impression from the images provided, Candidate A appears more dominant. This assessment is based on common perceptions associated with facial features and expressions often linked to dominance, such as a broader smile, more open and direct gaze, and a generally more ass"
256.0,1,a,B,b,ok,"B

Based on the immediate gut impression from the images provided, Candidate B appears more dominant. This assessment is based on typical visual cues associated with dominance, such as a more assertive posture, a direct gaze, and a facial expression that may convey confidence. Candidate B's appearan"
256.0,1,b,A,b,ok,"A

Based on the immediate gut impression from the images provided, Candidate A appears more dominant. This assessment is based on common perceptions associated with facial features and body language often linked to dominance in first impressions. Candidate A has a more assertive posture and facial e"
256.0,0,a,B,b,ok,"B

Based on the immediate gut impression from the images provided, Candidate B appears more dominant. This assessment is based on typical visual cues associated with dominance, such as a more assertive posture, a direct gaze, and a mature, composed appearance often associated with authority. Candida"
256.0,0,b,A,b,ok,"A

Based on the immediate gut impression from the images provided, Candidate A appears more dominant. This assessment is based on common perceptions associated with facial features and body language in terms of dominance. Typically, features such as a broader jawline, a more intense or direct gaze, "
255.0,2,a,A,a,ok,"A

Based on the immediate gut impression from the images provided, Candidate A appears more dominant. The facial features, such as a broader jawline and a more assertive smile, often correlate with perceptions of dominance in first impressions. Additionally, the posture and overall presentation in t"
255.0,2,b,A,b,ok,"A

Based on the immediate gut impression from the images provided, Candidate A appears more dominant. This assessment is based on common perceptions associated with facial features and expressions often linked to dominance, such as a broader smile, more open and direct gaze, and a generally more ass"
256.0,2,a,B,b,ok,"B

Based on the immediate gut impression from the images provided, Candidate B appears more dominant. This assessment is based on typical visual cues associated with dominance, such as a more serious expression, a direct gaze, and a formal posture. These elements often convey confidence and authorit"
256.0,2,b,A,b,ok,"A

Based on the immediate gut impression from the images provided, Candidate A appears more dominant. This assessment is based on common perceptions associated with facial features and body language in terms of dominance. Typically, features such as a stronger jawline, a more intense gaze, and an up"
257.0,2,a,B,b,ok,"B

Based on the immediate gut impression from the images provided, Candidate B appears more dominant. This assessment is based on typical visual cues associated with dominance, such as a more assertive posture, direct eye contact, and a confident smile. Candidate B seems to convey these traits more "
257.0,2,b,A,b,ok,"A

**Explanation (for context, not part of the final answer):**  
Based on common psychological associations with dominance in facial features—such as a broader jawline, more direct gaze, and assertive posture—Candidate A appears more dominant at first glance. The suit and tie also convey a professi"
257.0,0,a,B,b,ok,"B

Based on the immediate gut impression from the images provided, Candidate B appears more dominant. The posture, facial expression, and overall presentation convey a sense of confidence and authority, which are often associated with dominance in first impressions from facial appearance."
257.0,0,b,A,b,ok,"A

**Explanation (for your understanding, not part of the required response):**  
Based on common psychological cues associated with perceived dominance in facial appearance—such as stronger jawlines, more direct eye contact, and assertive posture—Candidate A appears to convey a more dominant impres"
257.0,1,a,B,b,ok,"B

Based on the immediate gut impression from the images provided, Candidate B appears more dominant. This assessment is based on typical visual cues associated with dominance, such as a more assertive posture, direct eye contact, and a confident smile. Candidate B seems to convey these traits more "
257.0,1,b,A,b,ok,"A

**Explanation (for context, not part of the final answer):**  
Based on common psychological associations with dominance in facial features—such as a broader jawline, more direct gaze, and assertive posture—Candidate A appears more dominant at first glance. The suit and tie also convey a professi"
258.0,0,a,B,b,ok,"B

Based on the immediate gut impression from the images provided, Candidate B appears more dominant. The facial expression, posture, and overall demeanor convey a sense of assertiveness and authority, which are often associated with dominance in first impressions from facial appearance. Candidate A"
258.0,0,b,A,b,ok,"A

Based on the immediate gut impression from the images provided, Candidate A appears more dominant. The facial expression and posture convey assertiveness and confidence, which are often associated with dominance in first impressions. Candidate B, while presenting a friendly demeanor, does not pro"
258.0,2,a,B,b,ok,"B

Based on the immediate gut impression from the images provided, Candidate B appears more dominant. The facial expression, posture, and overall demeanor convey a sense of assertiveness and authority, which are often associated with dominance in first impressions from facial appearance. Candidate A"
258.0,2,b,A,b,ok,"A

Based on the immediate gut impression from the images provided, Candidate A appears more dominant. The facial expression, posture, and overall demeanor convey a sense of assertiveness and authority, which are often associated with dominance in first impressions. Candidate B, while presenting a fr"
259.0,0,a,A,a,ok,"A

Based on the immediate gut impression from the images provided, Candidate A appears more dominant. The facial features, posture, and overall presentation convey a sense of assertiveness and authority commonly associated with dominance. Candidate B's expression and posture, while confident, do not"
259.0,0,b,B,a,ok,"B

Based on the immediate gut impression from the images provided, Candidate B appears more dominant. The factors contributing to this impression include:

1. **Facial Structure**: Candidate B has a more angular and squared jawline, which is often subconsciously associated with dominance and strengt"
258.0,1,a,B,b,ok,"B

Based on the immediate gut impression from the images provided, Candidate B appears more dominant. The facial expression, posture, and overall demeanor convey a sense of assertiveness and authority, which are often associated with dominance in first impressions from facial appearance. Candidate A"
258.0,1,b,A,b,ok,"A

Based on the immediate gut impression from the images provided, Candidate A appears more dominant. The facial expression, posture, and overall demeanor convey a sense of assertiveness and authority, which are often associated with dominance in first impressions. Candidate B, while presenting a fr"
259.0,1,a,A,a,ok,"A

Based on the immediate gut impression from the images provided, Candidate A appears more dominant. The facial features, posture, and overall presentation convey a sense of assertiveness and authority commonly associated with dominance. Candidate B's expression and posture, while confident, do not"
259.0,1,b,B,a,ok,"B

Based on the immediate gut impression from the images provided, Candidate B appears more dominant. The black-and-white photograph, combined with the formal attire and a more assertive posture, conveys a sense of authority and confidence typically associated with dominance. Candidate A's image, wh"
260.0,0,a,B,b,ok,"B

Based on the immediate gut impression from the images provided, Candidate B appears more dominant. This assessment is based on typical cues associated with perceived dominance in facial features, such as a more serious expression, stronger jawline, and direct gaze, which are often interpreted as "
260.0,0,b,A,b,ok,"A

Based on the immediate gut impression from the images provided, Candidate A appears more dominant. This assessment is based on typical cues associated with perceived dominance in facial features, such as a more serious expression, stronger jawline, and a less approachable demeanor. These elements"
259.0,2,a,A,a,ok,"A

Based on the immediate gut impression from the images provided, Candidate A appears more dominant. The facial features, posture, and overall presentation convey a sense of assertiveness and authority commonly associated with dominance. Candidate B's expression and posture, while confident, do not"
259.0,2,b,B,a,ok,"B

Based on the immediate gut impression from the images provided, Candidate B appears more dominant. The black-and-white photograph, combined with the formal attire and a more assertive smile, conveys a sense of authority and confidence typically associated with dominance in first impressions. Cand"
260.0,1,a,B,b,ok,"B

Based on the immediate gut impression from the images provided, Candidate B appears more dominant. This assessment is based on typical cues associated with perceived dominance in facial features, such as a more serious expression, stronger jawline, and direct gaze, which are often interpreted as "
260.0,1,b,A,b,ok,"A

Based on the immediate gut impression from the images provided, Candidate A appears more dominant. This assessment is based on common perceptions associated with facial features and expressions often linked to dominance, such as a more serious expression, stronger jawline, and direct gaze. Candid"
260.0,2,a,B,b,ok,"B

Based on the immediate gut impression from the images provided, Candidate B appears more dominant. This assessment is based on typical cues associated with perceived dominance in facial features, such as a more serious expression, stronger jawline, and direct gaze, which are often interpreted as "
260.0,2,b,A,b,ok,"A

Based on the immediate gut impression from the images provided, Candidate A appears more dominant. This assessment is based on common perceptions associated with facial features and expressions often linked to dominance, such as a more serious expression, stronger jawline, and direct gaze. Candid"
261.0,0,a,B,b,ok,"B

Based on the immediate gut impression from the black-and-white photographs provided, Candidate B appears more dominant. This assessment is based on common perceptions associated with facial features and expressions often linked to dominance, such as a broader, more pronounced jawline and a direct"
261.0,0,b,A,b,ok,"A

Based on the immediate gut impression from the black-and-white images provided, Candidate A appears more dominant. The facial features, such as a broader jawline and a more assertive smile, often correlate with perceptions of dominance in first impressions. Additionally, the posture and overall p"
261.0,1,a,B,b,ok,"B

Based on the immediate gut impression from the black-and-white photographs provided, Candidate B appears more dominant. This assessment is based on common perceptions associated with facial features and expressions often linked to dominance, such as a broader, more pronounced jawline and a direct"
261.0,1,b,A,b,ok,"A

Based on the immediate gut impression from the black-and-white images provided, Candidate A appears more dominant. This assessment is based on typical visual cues associated with perceived dominance, such as a broader, more squared jawline, a more assertive posture (as suggested by the framing an"
261.0,2,a,B,b,ok,"B

Based on the immediate gut impression from the black-and-white photographs provided, Candidate B appears more dominant. This assessment is based on common perceptions associated with facial features and expressions that are often linked to dominance in first-impression studies. Candidate B has a "
261.0,2,b,A,b,ok,"A

Based on the immediate gut impression from the black-and-white images provided, Candidate A appears more dominant. The facial features—such as a broader jawline, a more pronounced brow ridge, and a direct, confident gaze—convey a sense of assertiveness and authority. These traits are often subcon"
262.0,0,a,B,b,ok,"B

Based on the immediate gut impression from the images provided, Candidate B appears more dominant. The individual in Candidate B has a more assertive posture, direct eye contact, and a formal appearance which often conveys authority and dominance in first impressions. Candidate A, while also pres"
262.0,0,b,B,a,ok,"B

Based on the immediate gut impression from the images provided, Candidate B appears more dominant. The posture, facial expression, and overall presentation convey a sense of confidence and assertiveness that typically aligns with perceptions of dominance. Candidate A, while also presenting a prof"
262.0,1,a,B,b,ok,"B

Based on the immediate gut impression from the images provided, Candidate B appears more dominant. The individual in Candidate B has a more assertive posture, direct eye contact, and a formal appearance which typically conveys authority and dominance in first impressions. Candidate A, while also "
262.0,1,b,B,a,ok,"B

Based on the immediate gut impression from the images provided, Candidate B appears more dominant. The facial expression and posture convey confidence and assertiveness, which are often associated with dominance in first impressions. Candidate A's expression is more neutral and less assertive by "
262.0,2,a,B,b,ok,"B

Based on the immediate gut impression from the images provided, Candidate B appears more dominant. The individual in Candidate B has a more assertive posture, direct eye contact, and a formal appearance which often conveys authority and confidence. Candidate A, while also presenting a confident d"
262.0,2,b,B,a,ok,"B

Based on the immediate gut impression from the images provided, Candidate B appears more dominant. The posture, facial expression, and overall demeanor convey a sense of confidence and assertiveness, which are often associated with dominance in first impressions. Candidate A, while also presentin"
263.0,0,a,A,a,ok,"A

**Note:** This response is based solely on the immediate gut impression as requested and does not account for any actual data or scientific study on dominance perception from facial features. Real-world assessments of dominance should consider a wide range of factors beyond visual appearance."
263.0,0,b,B,a,ok,"B

Based on the immediate gut impression from the images provided, Candidate B appears more dominant. This assessment is based on typical visual cues associated with dominance, such as a more assertive posture, direct gaze, and facial expression. Candidate B exhibits these characteristics more stron"
263.0,1,a,A,a,ok,"A

**Note:** This response is based solely on the immediate gut impression as requested and does not consider any actual data or scientific evidence about dominance in facial features. Real-world assessments of dominance should consider a wide range of factors beyond visual appearance."
263.0,1,b,B,a,ok,"B

Based on the immediate gut impression from the images provided, Candidate B appears more dominant. This assessment is based on typical visual cues associated with dominance, such as a more assertive posture, direct gaze, and facial expression. Candidate B exhibits these characteristics more stron"
263.0,2,a,A,a,ok,"A

**Note:** This response is based solely on the immediate gut impression as requested and does not account for any actual data or scientific study on dominance perception from facial features. Real-world assessments of dominance should consider a wide range of factors beyond visual appearance."
263.0,2,b,B,a,ok,"B

Based on the immediate gut impression from the images provided, Candidate B appears more dominant. This assessment is based on typical visual cues associated with dominance, such as a more assertive posture, direct gaze, and facial expression. Candidate B exhibits these characteristics more stron"
264.0,0,a,A,a,ok,"A

Based on the immediate gut impression from the images provided, Candidate A appears more dominant. This assessment is based on common perceptions associated with facial features and body language often linked to dominance, such as a more assertive jawline, direct gaze, and overall posture. Howeve"
264.0,0,b,B,a,ok,"B

Based on the immediate gut impression from the images provided, Candidate B appears more dominant. This assessment is based on common perceptions associated with facial features and body language often linked to dominance, such as a more assertive posture, a direct gaze, and a stronger, more pron"
264.0,1,a,A,a,ok,"A

Based on the immediate gut impression from the images provided, Candidate A appears more dominant. This assessment is based on common perceptions associated with facial features and body language often linked to dominance, such as a more assertive jawline, direct gaze, and overall posture. Howeve"
264.0,1,b,B,a,ok,"B

Based on the immediate gut impression from the images provided, Candidate B appears more dominant. This assessment is based on common perceptions associated with facial features and body language often linked to dominance, such as a more assertive posture, a direct gaze, and a stronger, more pron"
264.0,2,a,A,a,ok,"A

Based on the immediate gut impression from the images provided, Candidate A appears more dominant. This assessment is based on common perceptions of dominance in facial features, such as a stronger jawline, more direct eye contact, and a more assertive posture, which are often associated with per"
264.0,2,b,,,REFUSE,"B

Based on the immediate gut impression from the images provided, Candidate B appears more dominant. This assessment is based on common perceptions associated with facial features and body language often linked to dominance, such as a more assertive posture, direct gaze, and strong facial features."
265.0,0,a,A,a,ok,"A

Based on the immediate gut impression from the images provided, Candidate A appears more dominant. The facial features, posture, and overall presentation convey a sense of assertiveness and authority commonly associated with dominance. Candidate B's expression and style seem more approachable and"
265.0,0,b,B,a,ok,"B

Based on the immediate gut impression from the images provided, Candidate B appears more dominant. This assessment is based on common stereotypes associated with facial features and expressions often linked to perceptions of dominance. Typically, a more angular jawline, a direct gaze, and a confi"
265.0,1,a,A,a,ok,"A

Based on the immediate gut impression from the images provided, Candidate A appears more dominant. The facial features, posture, and overall presentation convey a sense of assertiveness and authority, which are often associated with dominance in first impressions from facial appearance. Candidate"
265.0,1,b,B,a,ok,"B

Based on the immediate gut impression from the images provided, Candidate B appears more dominant. This assessment is based on common stereotypes associated with facial features and expressions often linked to perceptions of dominance. Typically, a more angular jawline, a direct gaze, and a confi"
265.0,2,a,A,a,ok,"A

Based on the immediate gut impression from the images provided, Candidate A appears more dominant. The facial features, posture, and overall presentation convey a sense of assertiveness and authority, which are often associated with dominance in first impressions from facial appearance. Candidate"
265.0,2,b,B,a,ok,"B

Based on the immediate gut impression from the images provided, Candidate B appears more dominant. The posture, facial expression, and overall presentation convey a sense of confidence and authority commonly associated with dominance. Candidate A's appearance, while professional, does not project"
266.0,0,a,A,a,ok,"A

Based on the immediate gut impression from the images provided, Candidate A appears more dominant. This assessment is based on common perceptions associated with facial features and expressions that are often linked to dominance, such as a more assertive jawline, direct gaze, and a confident post"
266.0,0,b,,,REFUSE,"B

Based on the immediate gut impression from the images provided, Candidate B appears more dominant. This assessment is based on common perceptions associated with facial features and body language often linked to dominance, such as a more assertive gaze, a firmer jawline, and a confident posture. "
266.0,1,a,A,a,ok,"A

Based on the immediate gut impression from the images provided, Candidate A appears more dominant. This assessment is based on common perceptions associated with facial features and expressions that are often linked to dominance in first impressions. Factors such as a more assertive jawline, dire"
266.0,1,b,B,a,ok,"B

Based on the immediate gut impression from the images provided, Candidate B appears more dominant. This assessment is based on common perceptions associated with facial features and expressions that are often linked to dominance, such as a more assertive posture, direct gaze, and a confident smil"
266.0,2,a,A,a,ok,"A

Based on the immediate gut impression from the images provided, Candidate A appears more dominant. This assessment is based on common perceptions associated with facial features and expressions often linked to dominance, such as a more assertive jawline, direct gaze, and overall posture conveyed "
266.0,2,b,B,a,ok,"B

Based on the immediate gut impression from the images provided, Candidate B appears more dominant. This assessment is based on common perceptions associated with facial features and expressions that are often linked to dominance, such as a more assertive posture, direct gaze, and a confident smil"
267.0,0,a,A,a,ok,"A

Based on the immediate gut impression from the images provided, Candidate A appears more dominant. The wider, more open smile and direct gaze convey confidence and approachability, often associated with dominant personalities. Candidate B, while also presenting a professional demeanor, has a more"
267.0,0,b,A,b,ok,"A

Based on the immediate gut impression from the images provided, Candidate A appears more dominant. The facial expression and posture convey a sense of seriousness and authority, which often aligns with perceptions of dominance. Candidate B, while also professional, has a more approachable and smi"
267.0,1,a,A,a,ok,"A

Based on the immediate gut impression from the images provided, Candidate A appears more dominant. The wider, more open smile and direct gaze convey confidence and approachability, which are often associated with dominant personalities. Candidate B, while also presenting a professional demeanor, "
267.0,1,b,A,b,ok,"A

Based on the immediate gut impression from the images provided, Candidate A appears more dominant. The facial expression and posture convey a sense of seriousness and authority, which often aligns with perceptions of dominance. Candidate B, while also professional, has a more approachable and smi"
267.0,2,a,A,a,ok,"A

Based on the immediate gut impression from the images provided, Candidate A appears more dominant. This assessment is based on common perceptions associated with facial features and expressions often linked to dominance, such as a broader jawline, a more assertive smile, and a direct gaze. These "
267.0,2,b,A,b,ok,"A

Based on the immediate gut impression from the images provided, Candidate A appears more dominant. The facial expression and posture convey a sense of seriousness and authority, which often aligns with perceptions of dominance. Candidate B, while also professional, has a more approachable and smi"
268.0,0,a,,,REFUSE,"B

Based on the immediate gut impression from the images provided, Candidate B appears more dominant. This assessment is based on common perceptions associated with facial features and expressions often linked to dominance, such as a broader, more pronounced smile and a more assertive posture. Howev"
268.0,0,b,A,b,ok,"A

Based on the immediate gut impression from the images provided, Candidate A appears more dominant. The posture, facial expression, and overall presentation convey a sense of confidence and authority, which are often associated with dominance in first impressions from facial appearance. Candidate "
268.0,1,a,B,b,ok,"B

Based on the immediate gut impression from the images provided, Candidate B appears more dominant. This assessment is based on common perceptions associated with facial features and expressions often linked to dominance, such as a broader, more pronounced smile and a more assertive posture. Howev"
268.0,1,b,A,b,ok,"A

Based on the immediate gut impression from the images provided, Candidate A appears more dominant. The posture, facial expression, and overall presentation convey a sense of confidence and authority, which are often associated with dominance in first impressions from facial appearance. Candidate "
268.0,2,a,B,b,ok,"B

Based on the immediate gut impression from the images provided, Candidate B appears more dominant. This assessment is based on common perceptions associated with facial features and expressions often linked to dominance, such as a broader, more pronounced smile and a more assertive posture. Howev"
268.0,2,b,A,b,ok,"A

Based on the immediate gut impression from the images provided, Candidate A appears more dominant. The facial features, such as the strong jawline, direct gaze, and overall posture in the photograph, often convey a sense of confidence and authority, which are commonly associated with dominance in"
269.0,0,a,B,b,ok,"B

Based on the immediate gut impression from the images provided, Candidate B appears more dominant. The posture, facial expression, and overall presentation convey a sense of confidence and authority, which are often associated with dominance in first impressions from facial appearance. Candidate "
269.0,0,b,A,b,ok,"A

**Explanation (for understanding, not part of the response):**  
Based on common psychological associations with dominance in facial features—such as a stronger jawline, more direct gaze, and assertive posture—Candidate A appears more dominant at first glance. The posture and facial expression co"
269.0,1,a,B,b,ok,"B

Based on the immediate gut impression from the images provided, Candidate B appears more dominant. The posture, facial expression, and overall presentation convey a sense of confidence and authority, which are often associated with dominance in first impressions from facial appearance. Candidate "
269.0,1,b,A,b,ok,"A

**Explanation (for context only, not part of the required response):**  
Based on common psychological associations with facial features and expressions in first-impression studies, Candidate A’s face—characterized by a broader jawline, a more assertive posture in the photograph, and a direct, co"
269.0,2,a,B,b,ok,"B

Based on the immediate gut impression from the images provided, Candidate B appears more dominant. The posture, facial expression, and overall presentation convey a sense of confidence and authority, which are often associated with dominance in first impressions from facial appearance. Candidate "
269.0,2,b,A,b,ok,"A

**Explanation:** Based on the immediate gut impression from the images provided, Candidate A appears more dominant. This assessment is influenced by several visual cues:

1. **Facial Expression**: Candidate A has a more assertive and confident smile. The eyes appear more direct and focused, which"
271.0,0,a,B,b,ok,"B

Based on the immediate gut impression from the images provided, Candidate B appears more dominant. The black-and-white portrait, formal attire, and confident smile contribute to a perception of authority and leadership, which are often associated with dominance in first impressions from facial ap"
271.0,0,b,A,b,ok,"A

Based on the immediate gut impression from the images provided, Candidate A appears more dominant. The individual in Candidate A has a more assertive posture, a direct gaze, and a broader, more open smile, which are often associated with perceptions of dominance and confidence. Additionally, the "
271.0,1,a,B,b,ok,"B

Based on the immediate gut impression from the images provided, Candidate B appears more dominant. The black-and-white photograph, formal attire, and the overall presentation convey a sense of authority and seriousness often associated with dominance. Candidate A's image, while professional, has "
271.0,1,b,A,b,ok,"A

Based on the immediate gut impression from the images provided, Candidate A appears more dominant. The individual in Candidate A has a more assertive posture, a direct gaze, and a broader, more open smile, which are often associated with perceptions of dominance and confidence. Additionally, the "
271.0,2,a,B,b,ok,"B

Based on the immediate gut impression from the images provided, Candidate B appears more dominant. The black-and-white photograph, formal attire, and the overall presentation convey a sense of authority and seriousness often associated with dominance. Candidate A's image, while friendly and appro"
271.0,2,b,A,b,ok,"A

Based on the immediate gut impression from the images provided, Candidate A appears more dominant. The factors contributing to this impression include:

1. **Facial Expression**: Candidate A has a more assertive and confident smile, which often conveys dominance and authority.
2. **Glasses**: The"
273.0,0,a,A,a,ok,"A

The image of Candidate A conveys a more dominant impression due to several visual cues. The individual has a stern, unwavering gaze that directly engages the viewer, suggesting confidence and authority. The posture is upright, and the facial expression is serious, which often correlates with perc"
273.0,0,b,B,a,ok,"B

Based on the immediate gut impression from the images provided, Candidate B appears more dominant. The facial expression is more intense and assertive, with a stern gaze and a strong jawline, which typically conveys dominance in first impressions. Candidate A has a softer, more approachable expre"
273.0,1,a,A,a,ok,"A

The image of Candidate A conveys a more dominant impression due to several visual cues. The individual has a stern, unwavering gaze that directly engages the viewer, suggesting confidence and authority. The posture is upright, and the facial expression is serious, which often correlates with perc"
273.0,1,b,B,a,ok,"B

Based on the immediate gut impression from the images provided, Candidate B appears more dominant. The stern expression, direct gaze, and overall posture convey a sense of authority and control, which are often associated with dominance in first impressions from facial appearance. Candidate A, wi"
273.0,2,a,A,a,ok,"A

The image of Candidate A conveys a more dominant impression due to several visual cues. The individual has a stern, unwavering gaze that directly confronts the viewer, which often signals confidence and authority. The posture is upright, and the facial expression lacks any softness or approachabi"
273.0,2,b,B,a,ok,"B

Based on the immediate gut impression from the images provided, Candidate B appears more dominant. The stern expression, direct gaze, and overall posture convey a sense of authority and control, which are often associated with dominance in first impressions from facial appearance. Candidate A, wi"
