election_id,trial,slotA_face,chosen_slot,chosen_face,status,raw
2.0,0,a,A,a,ok,"A

Based on the images provided, Candidate A appears more approachable and friendly due to the warm smile and direct gaze, which often conveys confidence and openness. Candidate B, while presenting a professional appearance, has a more reserved expression that may not convey the same level of approa"
2.0,0,b,A,b,ok,"B

When forming first impressions based solely on appearance, several factors typically influence our judgment, including facial expressions, grooming, posture, and overall presentation. In this case:

**Candidate A** presents a more formal and serious demeanor. The individual is wearing glasses and"
1.0,1,a,A,a,ok,"A

When forming first impressions based solely on appearance, several factors come into play, such as facial expressions, grooming, and overall presentation. In this case:

- **Candidate A** has a warm, approachable smile and a friendly expression, which can convey openness and confidence. The groom"
1.0,1,b,B,a,ok,"B

When evaluating first impressions based solely on appearance, several psychological and social factors come into play. Research in social psychology suggests that people often make snap judgments about competence, trustworthiness, and likability based on facial features. 

Candidate B presents a "
1.0,2,a,A,a,ok,"A

When forming first impressions based solely on appearance, several factors can influence perception, such as facial expressions, grooming, and overall presentation. In this case:

- **Candidate A** presents a warm, approachable smile and a professional yet friendly demeanor. The posture and groom"
1.0,2,b,B,a,ok,"B

When evaluating first impressions based solely on appearance, several psychological and social factors come into play. Research in social psychology suggests that people often make snap judgments about competence, trustworthiness, and likability based on facial features. 

Candidate B presents a "
1.0,0,a,A,a,ok,"A

When forming first impressions based solely on appearance, several factors come into play, such as facial expressions, grooming, and overall presentation. In this case:

- **Candidate A** has a warm, approachable smile and a friendly, open expression. The posture and grooming suggest confidence a"
1.0,0,b,B,a,ok,"B

When evaluating first impressions based solely on appearance, several psychological and social factors come into play. Research in social psychology suggests that people often make snap judgments about competence, trustworthiness, and likability based on facial features. 

Candidate B presents a "
2.0,2,a,A,a,ok,"A

Based on the images provided, Candidate A appears more approachable and friendly due to the warm smile and direct gaze, which often conveys confidence and openness. Candidate B, while presenting a professional appearance, has a more reserved expression that may not convey the same level of approa"
2.0,2,b,A,b,ok,"B

When forming first impressions based solely on appearance, several factors typically influence our judgment, including facial expressions, grooming, posture, and overall presentation. In this case:

**Candidate A** presents a more formal and serious demeanor. The individual is wearing glasses and"
2.0,1,a,A,a,ok,"A

Based on the images provided, Candidate A appears more approachable and friendly due to the warm smile and direct gaze, which often conveys confidence and openness. Candidate B, while presenting a professional appearance, has a more reserved expression that may not convey the same level of approa"
2.0,1,b,A,b,ok,"B

When forming first impressions based solely on appearance, several factors typically influence our judgment, including facial expressions, grooming, posture, and overall presentation. In this case:

**Candidate A** presents a more formal and serious demeanor. The individual is wearing glasses and"
3.0,1,a,A,a,ok,"A

Based on the images provided, Candidate A appears more approachable and trustworthy due to the warm smile and direct gaze, which often convey friendliness and confidence. Candidate B, while also professional, has a more neutral expression that may not convey the same level of warmth and engagemen"
3.0,1,b,A,b,ok,"B

When evaluating first impressions based solely on appearance, several factors can influence perception, including facial expressions, grooming, attire, and overall presentation. In this case:

- **Candidate A** presents a neutral expression with a slightly closed mouth. The lack of a broad smile "
3.0,0,a,A,a,ok,"A

Based on the images provided, Candidate A appears more approachable and trustworthy due to the warm smile and direct gaze, which often convey friendliness and confidence. Candidate B, while also professional, has a more neutral expression that may not convey the same level of engagement or warmth"
3.0,0,b,A,b,ok,"B

When evaluating first impressions based solely on appearance, several factors can influence perception, including facial expressions, grooming, attire, and overall presentation. In this case:

- **Candidate A** presents a neutral expression with a slight smile. His attire is formal, suggesting pr"
3.0,2,a,A,a,ok,"A

Based on the images provided, Candidate A appears more approachable and trustworthy due to his warm smile and professional yet friendly demeanor. These visual cues often lead people to form positive first impressions, associating the individual with qualities such as confidence, competence, and a"
3.0,2,b,A,b,ok,"B

When evaluating first impressions based solely on appearance, several factors can influence perception, including facial expressions, grooming, attire, and overall presentation. In this case:

- **Candidate A** presents a neutral expression with a slightly closed mouth. The lack of a broad smile "
4.0,0,a,A,a,ok,"A

When evaluating first impressions based solely on appearance, several factors come into play, such as perceived confidence, trustworthiness, approachability, and professionalism. 

**Candidate A** presents a warm, open smile, which generally conveys friendliness and approachability. The relaxed p"
4.0,0,b,A,b,ok,"A

When evaluating first impressions based solely on appearance, several factors come into play, including facial expressions, grooming, and overall presentation. 

**Candidate A** presents a more formal and serious demeanor. The individual is wearing glasses and a suit, which often conveys professi"
4.0,1,a,A,a,ok,"A

When evaluating first impressions based solely on appearance, several factors can influence perception, including facial expression, grooming, and overall demeanor. 

**Candidate A** presents a warm, approachable smile, which can convey friendliness, confidence, and openness. Smiling individuals "
4.0,1,b,A,b,ok,"A

When evaluating first impressions based solely on appearance, several factors can influence perception, including facial expression, grooming, and overall presentation. 

**Candidate A** presents a more formal and serious demeanor. The individual is wearing glasses and a suit, which often conveys"
4.0,2,a,A,a,ok,"A

When evaluating first impressions based solely on appearance, several factors come into play, such as perceived confidence, trustworthiness, approachability, and professionalism. 

**Candidate A** presents a warm, open smile, which generally conveys friendliness and approachability. The relaxed p"
4.0,2,b,A,b,ok,"B

When evaluating first impressions based solely on appearance, several factors typically influence perception, including facial expression, grooming, and overall presentation. In this case:

- **Candidate A** has a neutral, somewhat serious expression. The glasses and formal attire convey professi"
5.0,0,a,A,a,ok,"A

When evaluating first impressions based solely on appearance, several factors come into play, such as facial expression, grooming, attire, and overall presentation. In this case:

**Candidate A**:
- **Facial Expression**: The individual has a warm, genuine smile, which often conveys friendliness,"
5.0,0,b,B,a,ok,"B

When evaluating first impressions based solely on appearance, several factors typically influence perception, including facial expression, grooming, posture, and overall presentation. In this case:

- **Candidate B** appears to have a more approachable and warm smile, which often conveys friendli"
5.0,1,a,A,a,ok,"A

When evaluating first impressions based solely on appearance, several factors come into play, such as facial expression, grooming, attire, and overall presentation. In this case:

**Candidate A**:
- **Facial Expression**: The individual has a warm, genuine smile, which often conveys friendliness,"
5.0,1,b,A,b,ok,"B

When evaluating first impressions based solely on appearance, several factors typically influence perception, including facial expression, grooming, posture, and overall presentation. In this case:

**Candidate A** presents a neutral, somewhat reserved expression. The individual appears well-groo"
6.0,0,a,B,b,ok,"B

When evaluating first impressions based solely on appearance, several factors can influence perception, including facial expression, grooming, attire, and overall demeanor. In this case:

- **Candidate B** appears to have a more approachable and warm facial expression, which can convey trustworth"
6.0,0,b,A,b,ok,"A

Based on the provided images and the context of making a first impression based solely on appearance, **Candidate A** appears to be the more suitable choice. Here’s the reasoning:

### Candidate A:
- **Attire**: Candidate A is wearing a formal suit and tie, which conveys professionalism, seriousn"
6.0,1,a,B,b,ok,"B

When evaluating first impressions based solely on appearance, several factors can influence perception, including facial expression, grooming, attire, and overall demeanor. In this case:

- **Candidate B** appears to have a more approachable and warm facial expression, which can convey trustworth"
6.0,1,b,A,b,ok,"A

When evaluating first impressions based solely on appearance, several factors can influence perception, including facial expressions, grooming, attire, and overall presentation. In this case:

- **Candidate A** presents a professional and approachable demeanor. The individual is wearing formal at"
7.0,0,a,A,a,ok,"A

Based on the images provided, Candidate A appears more approachable and trustworthy due to his warm smile and confident posture. These visual cues often lead people to form positive first impressions, associating the individual with qualities like friendliness and leadership. Therefore, Candidate"
7.0,0,b,A,b,ok,"A

Based on the images provided, Candidate A appears more approachable and younger, which might create a more favorable first impression. Candidate B, while also smiling, has a more formal and possibly older appearance, which could be perceived as less relatable at first glance. Therefore, Candidate"
6.0,2,a,B,b,ok,"B

When evaluating first impressions based solely on appearance, several factors can influence perception, including facial expression, grooming, attire, and overall demeanor. In this case:

- **Candidate B** appears to have a more approachable and warm facial expression, which can convey trustworth"
6.0,2,b,A,b,ok,"A

When evaluating first impressions based solely on appearance, several factors come into play, such as facial expression, grooming, attire, and overall presentation. In this case:

**Candidate A**:
- **Facial Expression**: The individual has a warm, open smile, which often conveys friendliness and"
7.0,1,a,A,a,ok,"A

When evaluating first impressions based solely on appearance, several factors come into play, such as facial expression, grooming, posture, and overall presentation. In this case:

**Candidate A** presents a more mature and experienced demeanor. The individual has well-groomed hair, a warm, confi"
7.0,1,b,A,b,ok,"A

Based on the provided images and the context of making a first impression judgment based solely on appearance, **Candidate A** would likely be the preferred choice. Here’s the reasoning:

### **Candidate A:**
- **Age and Appearance:** Candidate A appears to be younger, which can often be associat"
7.0,2,a,A,a,ok,"A

When evaluating first impressions based solely on appearance, several factors come into play, such as facial expression, grooming, posture, and overall presentation. In this case:

**Candidate A** presents a more mature and experienced demeanor. The individual has well-groomed hair, a warm, confi"
7.0,2,b,A,b,ok,"A

Based on the provided images and the context of making a first impression judgment based solely on appearance, **Candidate A** would likely be the preferred choice for many people. Here’s the reasoning:

### **Candidate A:**
- **Age and Appearance:** Candidate A appears to be younger, which can o"
8.0,0,a,B,b,ok,"B

When evaluating first impressions based solely on appearance, several factors come into play, such as perceived confidence, approachability, and professionalism. 

**Candidate B** appears more approachable and friendly due to the visible smile, which often conveys warmth and openness. Smiling ind"
8.0,0,b,A,b,ok,"A

When evaluating first impressions based solely on appearance, several psychological and social factors come into play. Research in social psychology suggests that people tend to make snap judgments about trustworthiness, competence, and likability based on facial features. 

Candidate A has a war"
8.0,1,a,B,b,ok,"B

When evaluating first impressions based solely on appearance, several factors come into play, such as perceived confidence, approachability, and professionalism. 

**Candidate B** appears more approachable and friendly due to the visible smile, which often conveys warmth and openness. Smiling ind"
8.0,1,b,A,b,ok,"A

When evaluating first impressions based solely on appearance, several psychological and social factors come into play. Research in social psychology suggests that people tend to make snap judgments about trustworthiness, competence, and likability based on facial features. 

Candidate A has a war"
5.0,2,a,A,a,ok,"A

When evaluating first impressions based solely on appearance, several factors come into play, such as facial expression, grooming, attire, and overall presentation. In this case:

**Candidate A**:
- **Facial Expression**: The individual has a warm, genuine smile, which often conveys friendliness,"
5.0,2,b,B,a,ok,"B

When evaluating first impressions based solely on appearance, several factors typically influence perception, including facial expression, grooming, posture, and overall presentation. In this case:

- **Candidate B** appears to have a more approachable and warm smile, which often conveys friendli"
8.0,2,a,B,b,ok,"B

When evaluating first impressions based solely on appearance, several factors come into play, such as perceived confidence, approachability, and professionalism. 

**Candidate B** appears more approachable and friendly due to the visible smile, which often conveys warmth and openness. Smiling ind"
8.0,2,b,A,b,ok,"A

When evaluating first impressions based solely on appearance, several psychological and social factors come into play. Research in social psychology suggests that people tend to make snap judgments about trustworthiness, competence, and likability based on facial features. 

Candidate A has a war"
9.0,0,a,A,a,ok,"A

When evaluating first impressions based solely on appearance, several psychological and social factors come into play. Research in social psychology suggests that people often make snap judgments about others based on facial features, expressions, and overall presentation. These judgments can inf"
9.0,0,b,B,a,ok,"B

When forming first impressions based solely on appearance, several psychological and social factors come into play. In this case, Candidate B appears more approachable and friendly due to the warm smile and relaxed posture. Smiling faces are generally perceived as more trustworthy, likable, and c"
9.0,1,a,A,a,ok,"A

When evaluating first impressions based solely on appearance, several psychological and social factors come into play. Research in social psychology suggests that people often make snap judgments about others based on facial features, expressions, and overall presentation. These judgments can inf"
9.0,1,b,B,a,ok,"B

When making a judgment based solely on appearance for first impressions, subtle cues in facial expressions and presentation can influence perception. Candidate B displays a warm, open smile, which often conveys approachability, confidence, and friendliness—qualities that are generally favorable i"
10.0,0,a,A,a,ok,"B

When evaluating first impressions based solely on appearance, several factors come into play, such as facial expression, grooming, and overall presentation. In this case:

- **Candidate A** presents a neutral, somewhat serious expression. The individual appears well-groomed and professional, whic"
10.0,0,b,A,b,ok,"A

When forming first impressions based solely on appearance, several factors can influence perception, including facial expressions, grooming, and overall presentation. In this case:

- **Candidate A** has a warm, open smile, which often conveys friendliness, approachability, and confidence. The sm"
9.0,2,a,A,a,ok,"A

When evaluating first impressions based solely on appearance, several psychological and social factors come into play. Research in social psychology suggests that people often make snap judgments about others based on facial features, expressions, and overall presentation. These judgments can inf"
9.0,2,b,B,a,ok,"B

When forming first impressions based solely on appearance, several psychological and social factors come into play. In this case, Candidate B appears more approachable and friendly due to the warm, open smile and direct gaze, which can convey confidence and openness. These visual cues often lead "
10.0,1,a,B,b,ok,"B

When evaluating first impressions based solely on appearance, several factors come into play, such as facial expressions, grooming, and overall presentation. In this case:

- **Candidate B** has a warm, inviting smile which often conveys approachability and confidence. Smiling individuals are gen"
10.0,1,b,A,b,ok,"A

When forming first impressions based solely on appearance, several factors typically influence our judgment, including facial expressions, grooming, attire, and overall presentation. In this case:

**Candidate A** presents a warm, approachable smile, which often conveys friendliness and openness."
10.0,2,a,B,b,ok,"B

When evaluating first impressions based solely on appearance, several factors come into play, such as facial expressions, grooming, and overall presentation. In this case:

- **Candidate B** has a warm, inviting smile, which often conveys approachability and friendliness. Smiling individuals are "
10.0,2,b,A,b,ok,"A

When forming first impressions based solely on appearance, several factors can influence perception, including facial expressions, grooming, and overall presentation. In this case:

- **Candidate A** has a warm, open smile that conveys friendliness and approachability. The expression suggests con"
11.0,0,a,A,a,ok,"A

When evaluating first impressions based solely on appearance, several psychological and social factors come into play. Research in social psychology has shown that people often make snap judgments about competence, trustworthiness, and leadership potential based on facial features. 

In this case"
11.0,0,b,A,b,ok,"A

When evaluating first impressions based solely on appearance, several psychological and social factors come into play. Research in social psychology suggests that people often make snap judgments about competence, trustworthiness, and likability based on facial features. 

Candidate A presents a "
11.0,2,a,A,a,ok,"A

When evaluating first impressions based solely on appearance, several psychological and social factors come into play. Research in social psychology has shown that people often make snap judgments about competence, trustworthiness, and leadership potential based on facial features. 

In this case"
11.0,2,b,A,b,ok,"A

When evaluating first impressions based solely on appearance, several psychological and social factors come into play. Research in social psychology suggests that people often make snap judgments about competence, trustworthiness, and likability based on facial features. 

Candidate A presents a "
12.0,0,a,A,a,ok,"A

When evaluating first impressions based solely on appearance, several psychological and social factors come into play. Research in facial perception and impression formation suggests that certain facial features can influence perceptions of trustworthiness, competence, and likability.

### Candid"
12.0,0,b,A,b,ok,"A

Based on the images provided, Candidate A appears more formal and authoritative, which might be perceived as more suitable for a leadership role. The attire (suit and tie) and the overall presentation suggest experience and professionalism. Candidate B, while also presenting a friendly demeanor, "
11.0,1,a,A,a,ok,"A

When evaluating first impressions based solely on appearance, several psychological and social factors come into play. Research in social psychology has shown that people often make snap judgments about trustworthiness, competence, and leadership potential based on facial features. These judgment"
11.0,1,b,A,b,ok,"A

When forming first impressions based solely on appearance, several psychological and social factors come into play. Research in social psychology suggests that people tend to associate certain facial features and expressions with traits like trustworthiness, competence, and approachability. 

In "
13.0,1,a,A,a,ok,"A

When evaluating first impressions based solely on appearance, several factors come into play, such as perceived trustworthiness, competence, and approachability. 

**Candidate A** presents a classic, polished appearance often associated with authority and experience. The smile conveys warmth and "
13.0,1,b,A,b,ok,"A

When evaluating first impressions based solely on appearance, several factors come into play, including facial expression, grooming, attire, and overall presentation. In this case:

**Candidate A**:
- **Facial Expression**: The individual has a warm, open smile, which often conveys friendliness a"
13.0,0,a,A,a,ok,"A

Based on the images provided, Candidate A appears more approachable and trustworthy due to the warm smile and direct gaze, which often convey confidence and friendliness. Candidate B, while also presenting a professional demeanor, has a more reserved expression that may not convey the same level "
13.0,0,b,A,b,ok,"A

When evaluating first impressions based solely on appearance, several factors come into play, including facial expression, grooming, attire, and overall presentation. In this case:

**Candidate A**:
- **Facial Expression**: The individual has a warm, inviting smile, which can convey approachabili"
12.0,1,a,A,a,ok,"A

When evaluating first impressions based solely on appearance, several psychological and social factors come into play. Research in facial perception and impression formation suggests that certain facial features can influence perceptions of trustworthiness, competence, and likability.

### Candid"
12.0,1,b,A,b,ok,"A

Based on the provided images and the context of making a first impression based solely on appearance, Candidate A appears more formal and authoritative. The individual is dressed in professional attire (a suit and tie) and wears glasses, which often convey a sense of seriousness, experience, and "
12.0,2,a,A,a,ok,"A

When evaluating first impressions based solely on appearance, several psychological and social factors come into play. Research in facial perception and impression formation suggests that certain facial features can influence perceptions of trustworthiness, competence, and likability.

### Candid"
12.0,2,b,A,b,ok,"A

Based on the images provided, Candidate A appears more formal and authoritative, which might be perceived as more suitable for a leadership role. The attire (suit and tie) and the overall presentation convey professionalism and experience. Candidate B, while also presenting a friendly demeanor, l"
13.0,2,a,A,a,ok,"A

Based on the images provided, Candidate A appears more approachable and trustworthy due to the warm smile and direct gaze, which often convey confidence and friendliness. Candidate B, while also presenting a professional demeanor, has a more reserved expression that might not convey the same leve"
13.0,2,b,A,b,ok,"A

When evaluating first impressions based solely on appearance, several factors come into play, including facial expression, grooming, attire, and overall presentation. In this case:

**Candidate A**:
- **Facial Expression**: The individual has a warm, open smile, which often conveys friendliness a"
14.0,1,a,A,a,ok,"A

When evaluating first impressions based solely on appearance, several factors come into play, such as facial expression, grooming, posture, and overall presentation. In this case:

**Candidate A** presents a warm, approachable smile and an open, confident posture. The lighting and composition of "
14.0,1,b,B,a,ok,"B

When evaluating first impressions based solely on appearance, several factors come into play, such as facial expression, grooming, and overall presentation. In this case:

- **Candidate B** appears to have a more approachable and warm smile, which can convey friendliness and confidence. The facia"
14.0,0,a,A,a,ok,"A

When evaluating first impressions based solely on appearance, several factors typically influence perception, including facial expression, grooming, posture, and overall presentation. In this case:

**Candidate A** presents a warm, approachable smile and a well-groomed appearance. The lighting an"
14.0,0,b,B,a,ok,"B

When evaluating first impressions based solely on appearance, several factors come into play, such as facial expression, grooming, posture, and overall presentation. In this case:

**Candidate B** appears to have a more approachable and warm smile, which can convey friendliness and confidence. Th"
14.0,2,a,A,a,ok,"A

When evaluating first impressions based solely on appearance, several factors typically influence perception, including facial expression, grooming, posture, and overall presentation. In this case:

**Candidate A** presents a warm, approachable smile and an open, confident posture. The lighting a"
14.0,2,b,B,a,ok,"B

When evaluating first impressions based solely on appearance, several factors can influence perception, including facial expressions, grooming, attire, and overall presentation. In this case:

- **Candidate B** appears to have a more approachable and warm smile, which can convey friendliness and "
15.0,0,a,A,a,ok,"A

Based on the provided images and the context of making a first impression decision, Candidate A appears more experienced and authoritative due to the hairstyle, facial expression, and overall presentation which often conveys a sense of maturity and leadership. Candidate B, while also professional"
15.0,0,b,A,b,ok,"A

When evaluating first impressions based solely on appearance, several factors can influence perception, including facial features, expression, grooming, and overall presentation. In this case:

**Candidate A** presents a youthful, approachable appearance with a warm smile. The individual appears "
15.0,2,a,A,a,ok,"A

Based on the provided images and the context of making a first impression decision, Candidate A appears more experienced and authoritative due to the mature age, formal attire, and a confident, warm smile. These visual cues often convey trustworthiness and leadership qualities, which are typicall"
15.0,2,b,A,b,ok,"A

When evaluating first impressions based solely on appearance, several factors can influence perception, including facial features, expression, grooming, and overall presentation. In this case:

**Candidate A** presents a youthful, approachable appearance with a warm smile. The individual appears "
15.0,1,a,A,a,ok,"A

Based on the images provided, Candidate A appears more experienced and authoritative due to the mature age and professional attire, which often conveys trustworthiness and leadership qualities in first impressions. Candidate B, while also professional, presents a younger and perhaps less experien"
15.0,1,b,A,b,ok,"A

When evaluating first impressions based solely on appearance, several factors can influence perception, including facial features, expression, grooming, and overall presentation. In this case:

**Candidate A** presents a youthful, approachable appearance with a warm smile. The individual appears "
16.0,0,a,A,a,ok,"B

When forming first impressions based solely on appearance, several factors can influence our perception, including facial expressions, grooming, attire, and overall presentation. In this case:

- **Candidate A** presents a warm, approachable smile and a polished appearance with a pearl necklace, "
16.0,0,b,A,b,ok,"A

When forming first impressions based solely on appearance, several factors can influence our perception, including facial expressions, grooming, attire, and overall presentation. In this case:

**Candidate A** presents a warm, approachable demeanor with a broad smile, which can convey friendlines"
16.0,1,a,A,a,ok,"B

When forming first impressions based solely on appearance, several factors can influence our perception, including facial expressions, grooming, attire, and overall presentation. In this case:

- **Candidate A** presents a warm, approachable smile and a polished appearance with a pearl necklace, "
16.0,1,b,A,b,ok,"A

When forming first impressions based solely on appearance, several factors can influence our perception, including facial expressions, grooming, attire, and overall presentation. In this case:

**Candidate A** presents a warm, approachable demeanor with a broad smile, which can convey friendlines"
17.0,0,a,B,b,ok,"**B**

When evaluating first impressions based solely on appearance, several factors can influence perception, including facial expression, grooming, and overall presentation. In this case:

- **Candidate B** appears more approachable and contemporary. The smile seems warmer, and the overall present"
17.0,0,b,A,b,ok,"A

Based on the images provided, Candidate A appears more approachable and friendly due to the direct gaze and warm smile, which can create a positive first impression. Candidate B, while also smiling, has a more formal and less engaging expression, which may not convey the same level of approachabi"
16.0,2,a,A,a,ok,"B

When forming first impressions based solely on appearance, several factors can influence our perception, including facial expressions, grooming, attire, and overall presentation. In this case:

- **Candidate A** presents a warm, approachable smile and a polished appearance with a pearl necklace, "
16.0,2,b,A,b,ok,"A

When forming first impressions based solely on appearance, several factors come into play, such as facial expressions, grooming, attire, and overall presentation. In this case:

**Candidate A**:
- **Facial Expression**: The individual is smiling broadly, which generally conveys friendliness, open"
17.0,1,a,B,b,ok,"**B**

When evaluating first impressions based solely on appearance, several factors can influence perception, including facial expression, grooming, and overall presentation. In this case:

- **Candidate B** appears more approachable and contemporary. The smile seems warm and genuine, and the overa"
17.0,1,b,A,b,ok,"A

Based on the images provided, Candidate A appears more approachable and friendly due to the direct gaze and warm smile, which can create a positive first impression. Candidate B, while also smiling, has a more formal and less engaging expression, which might not convey the same level of approacha"
18.0,0,a,A,a,ok,"A

Based on the provided images and the context of making a first impression judgment based solely on appearance, Candidate A appears to project a more authoritative and experienced demeanor. The individual in Candidate A has a broader, more pronounced smile, which can be perceived as more approacha"
18.0,0,b,A,b,ok,"A

Based on the images provided, Candidate A appears to have a more approachable and warm expression, which can positively influence first impressions. While both candidates present themselves professionally, Candidate A's smile and overall demeanor may convey more friendliness and openness, potenti"
18.0,1,a,A,a,ok,"A

Based on the provided images and the context of making a first impression based solely on appearance, Candidate A appears to project a more authoritative and experienced demeanor. The posture, facial expression, and overall presentation suggest confidence and leadership qualities, which are often"
18.0,1,b,A,b,ok,"A

Based on the images provided, Candidate A appears to have a more approachable and warm expression, which can often be perceived as more inviting and trustworthy in first impressions. Candidate B, while also presenting a professional demeanor, has a slightly more reserved expression that might not"
17.0,2,a,A,a,ok,"B

When evaluating first impressions based solely on appearance, several factors can influence perception, including facial expressions, grooming, attire, and overall presentation. In this case:

- **Candidate A** presents a warm, open smile and appears approachable. The neutral background and profe"
17.0,2,b,A,b,ok,"A

Based on the images provided, Candidate A appears more approachable and friendly due to the direct gaze and warm smile, which can create a positive first impression. Candidate B, while also smiling, has a more formal and less engaging expression, which may not convey the same level of approachabi"
18.0,2,a,A,a,ok,"A

Based on the images provided, Candidate A appears to have a more approachable and confident demeanor. The smile is warm and inviting, which can convey trustworthiness and friendliness. Additionally, the posture and overall presentation suggest a sense of authority and experience. These factors, o"
18.0,2,b,A,b,ok,"A

Based on the images provided, Candidate A appears to have a more approachable and warm expression, which can positively influence first impressions. While both candidates present themselves professionally, Candidate A's smile and overall demeanor may convey more friendliness and openness, potenti"
19.0,0,a,A,a,ok,"A

When forming first impressions based solely on appearance, several factors come into play, such as facial expressions, grooming, attire, and overall presentation. In this case:

**Candidate A** appears to have a warm, approachable smile, which can convey friendliness and confidence. The lighting "
19.0,0,b,A,b,ok,"A

When evaluating first impressions based solely on appearance, several factors can influence perception, including facial expression, grooming, attire, and overall presentation. In this case:

**Candidate A** presents a polished and professional appearance. The individual has well-maintained hair,"
19.0,2,a,A,a,ok,"A

When evaluating first impressions based solely on appearance, several factors can influence perception, including facial expression, grooming, attire, and overall presentation. In this case:

**Candidate A** presents a warm, approachable smile, which can convey friendliness and confidence. The ha"
19.0,2,b,A,b,ok,"A

When evaluating first impressions based solely on appearance, several factors can influence perception, including facial expressions, grooming, attire, and overall presentation. In this case:

- **Candidate A** presents a warm, approachable smile and appears to be wearing professional yet friendl"
19.0,1,a,A,a,ok,"A

When evaluating first impressions based solely on appearance, several factors can influence perception, including facial expression, grooming, attire, and overall presentation. In this case:

**Candidate A** presents a warm, approachable smile, which can convey friendliness and confidence. The ha"
19.0,1,b,A,b,ok,"A

When evaluating first impressions based solely on appearance, several factors can influence perception, including facial expressions, grooming, attire, and overall presentation. In this case:

- **Candidate A** presents a warm, approachable smile and a polished, professional appearance. The pearl"
20.0,0,a,A,a,ok,"A

Based on the provided images and the context of making a first impression based solely on appearance, **Candidate A** would likely be the more favorable choice for many people. Here’s the reasoning:

### **Candidate A:**
- **Smile:** Candidate A has a warm, genuine smile that exposes the teeth, w"
20.0,0,b,A,b,ok,"A

When evaluating first impressions based solely on appearance, several psychological and social factors come into play. Research in social psychology suggests that people often make snap judgments about others' trustworthiness, competence, and likability based on facial features. These judgments c"
20.0,1,a,A,a,ok,"A

Based on the images provided, Candidate A appears more approachable and friendly due to a warmer smile and a more open, inviting facial expression. These features often contribute to a more positive first impression. Therefore, the choice would be **A**."
20.0,1,b,A,b,ok,"A

When evaluating first impressions based solely on appearance, several psychological and social factors come into play. Research in social psychology suggests that people often make snap judgments about others' trustworthiness, competence, and likability based on facial features. These judgments c"
21.0,0,a,A,a,ok,"A

Based on the images provided, Candidate A appears more approachable and confident due to the direct gaze and slight smile, which can convey trustworthiness and leadership qualities. Candidate B, while also smiling, has a more formal and less engaging expression. Therefore, Candidate A would likel"
21.0,0,b,A,b,ok,"A

When forming first impressions based solely on appearance, people often subconsciously evaluate factors such as facial expressions, grooming, and overall presentation. In this case:

- **Candidate A** has a warm, open smile and appears approachable. The expression conveys friendliness and confide"
20.0,2,a,A,a,ok,"A

Based on the provided images and the context of making a first impression judgment solely based on appearance, Candidate A would likely be the preferred choice for many people. Here’s the reasoning:

### Candidate A:
- **Smile**: Candidate A is smiling broadly, which generally conveys friendlines"
20.0,2,b,A,b,ok,"A

Based on the provided images and the context of making a first impression from faces, Candidate A appears to convey confidence, experience, and approachability. The smile is warm and inviting, and the overall presentation suggests a seasoned and trustworthy individual. Candidate B, while also pre"
21.0,1,a,A,a,ok,"A

Based on the provided images and the context of making a first impression judgment based solely on appearance, Candidate A would likely be perceived more favorably. Candidate A presents a more youthful, energetic, and approachable appearance with a warm smile and direct gaze, which are often asso"
21.0,1,b,A,b,ok,"A

When evaluating first impressions based solely on appearance, several factors come into play, such as facial expression, grooming, attire, and overall demeanor. In this case:

**Candidate A** presents a warm, approachable smile, which often conveys friendliness and confidence. The individual appe"
22.0,0,a,A,a,ok,"A

Based on the provided images, Candidate A appears more approachable and engaging due to the direct gaze and warm smile, which often convey confidence and friendliness. These visual cues can positively influence first impressions, making Candidate A the more favorable choice in this scenario."
22.0,0,b,A,b,ok,"A

When evaluating first impressions based solely on appearance, several factors can influence perception, including facial expressions, grooming, attire, and overall presentation. In this case:

- **Candidate A** presents a warm, approachable smile and an open, confident posture. The neutral backgr"
22.0,1,a,A,a,ok,"A

When evaluating first impressions based solely on appearance, several factors come into play, such as facial expression, grooming, and overall presentation. In this case:

- **Candidate A** has a warm, open smile, which often conveys approachability and confidence. The glasses and well-groomed ha"
22.0,1,b,A,b,ok,"A

When evaluating first impressions based solely on appearance, several factors can influence perception, including facial expression, grooming, attire, and overall presentation. In this case:

- **Candidate A** presents a warm, approachable smile and an open, confident posture. The neutral backgro"
22.0,2,a,A,a,ok,"A

Based on the images provided, Candidate A appears more approachable and friendly due to the warm smile and direct gaze, which can convey confidence and openness. Candidate B, while also presenting a professional appearance, has a more reserved expression that might not convey the same level of im"
22.0,2,b,A,b,ok,"A

When evaluating first impressions based solely on appearance, several factors can influence perception, including facial expression, grooming, attire, and overall presentation. In this case:

**Candidate A** presents a warm, approachable smile and an open, confident posture. The neutral backgroun"
23.0,0,a,A,a,ok,"A

Based on the images provided, Candidate A appears to convey a sense of confidence, experience, and approachability. The smile is warm and genuine, and the overall presentation suggests a seasoned and trustworthy individual. Candidate B, while also presenting a professional appearance, seems sligh"
23.0,0,b,A,b,ok,"A

Based on the provided images, Candidate A appears more approachable and trustworthy due to the warm smile and direct gaze, which often convey confidence and friendliness. These visual cues can positively influence first impressions, making Candidate A the more favorable choice in this scenario."
21.0,2,a,A,a,ok,"A

Based on the provided images and the context of making a first impression judgment based solely on appearance, Candidate A is likely to be perceived more favorably. Candidate A presents a confident, professional demeanor with a direct gaze and a slight smile, which can convey competence and appro"
21.0,2,b,A,b,ok,"A

When forming first impressions based solely on appearance, several factors typically influence our judgment, including facial expressions, grooming, attire, and overall presentation. In this case:

**Candidate A** presents a warm, approachable smile and appears to be well-groomed and professional"
23.0,1,a,A,a,ok,"A

Based on the provided images and the context of making a first impression based solely on appearance, **Candidate A** would likely be the more favorable choice for many people. Here's the reasoning:

### **Professional Appearance**
- **Candidate A** has a more formal and polished look. The suit a"
23.0,1,b,A,b,ok,"A

Based on the provided images, Candidate A appears more approachable and trustworthy due to the warm smile and direct gaze, which often convey friendliness and confidence. These visual cues can positively influence first impressions, making Candidate A the more favorable choice in this scenario."
23.0,2,a,A,a,ok,"A

Based on the images provided, Candidate A appears to convey a sense of confidence, approachability, and professionalism. The smile is warm and genuine, suggesting openness and friendliness. The posture and overall presentation exude a calm and authoritative demeanor, which can be interpreted as l"
23.0,2,b,A,b,ok,"A

Based on the provided images, Candidate A appears more approachable and trustworthy due to the warm smile and direct gaze, which often convey confidence and friendliness. These visual cues can positively influence first impressions, making Candidate A the more favorable choice in this scenario."
24.0,0,a,A,a,ok,"A

When evaluating first impressions based solely on appearance, several factors come into play, such as facial expression, grooming, and overall presentation. 

**Candidate A** presents a well-groomed appearance with a neat hairstyle and a professional suit, suggesting confidence and experience. Th"
24.0,0,b,A,b,ok,"A

Based on the provided images and the context of making a first impression based solely on appearance, Candidate A would likely be the preferred choice. Here’s the reasoning:

### Candidate A:
- **Expression**: The individual has a warm, genuine smile that conveys approachability and confidence. S"
24.0,1,a,A,a,ok,"A

When evaluating first impressions based solely on appearance, several factors come into play, such as facial expression, grooming, and overall presentation. 

**Candidate A** presents a well-groomed appearance with a neat hairstyle and a professional suit, suggesting confidence and experience. Th"
24.0,1,b,A,b,ok,"A

Based on the provided images and the context of making a first impression based solely on appearance, **Candidate A** would likely be the more favorable choice for many people. Here’s the reasoning:

### **Candidate A:**
- **Expression:** The individual has a warm, genuine smile that conveys appr"
25.0,0,a,B,b,ok,"B

Based on the images provided, Candidate B appears to convey a more approachable and trustworthy demeanor. The smile seems genuine, and the overall expression is warm and inviting, which can positively influence first impressions. Candidate A's expression, while professional, may come across as le"
25.0,0,b,A,b,ok,"A

When evaluating first impressions based solely on appearance, several factors come into play, such as facial expression, grooming, and overall presentation. In this case:

- **Candidate A** has a more approachable and friendly expression, with a warm smile that conveys openness and confidence. Th"
24.0,2,a,A,a,ok,"A

When evaluating first impressions based solely on appearance, several factors come into play, such as facial expression, grooming, and overall presentation. 

**Candidate A** presents a well-groomed appearance with a neat hairstyle and a professional suit, suggesting confidence and experience. Th"
24.0,2,b,A,b,ok,"A

Based on the provided images and the context of making a first impression judgment based solely on appearance, Candidate A would likely be the preferred choice. Candidate A appears more approachable and confident, with a warm smile and a direct gaze, which often conveys trustworthiness and leader"
26.0,1,a,A,a,ok,"A

Based on the images provided, Candidate A appears more experienced and authoritative due to the glasses, formal attire, and a broader, more confident smile. These visual cues often lead people to perceive an individual as more trustworthy and capable in a leadership role. Candidate B, while also "
26.0,1,b,A,b,ok,"A

Based on the images provided, Candidate A appears more approachable and friendly due to their direct gaze and warm smile. Candidate B, while also smiling, has a more formal and less engaging expression, which may make them seem less approachable at first glance. Therefore, Candidate A would likel"
25.0,2,a,B,b,ok,"B

When evaluating first impressions based solely on appearance, several factors can influence perception, including facial expressions, grooming, and overall presentation. In this case:

- **Candidate B** appears to have a more approachable and friendly facial expression, which can convey warmth an"
25.0,2,b,A,b,ok,"A

When evaluating first impressions based solely on appearance, several factors can influence perception, including facial expression, grooming, and overall presentation. In this case:

- **Candidate A** appears to have a more approachable and friendly expression, with a warm smile that can convey "
26.0,0,a,A,a,ok,"A

Based on the provided images and the context of making a first impression based solely on appearance, Candidate A would likely be the choice. Candidate A appears more mature and authoritative, often traits associated with leadership and trustworthiness in political or professional contexts. The g"
26.0,0,b,A,b,ok,"A

Based on the images provided, Candidate A appears more approachable and friendly due to the warm smile and direct gaze, which often conveys openness and confidence. Candidate B, while also smiling, has a more formal appearance with glasses and a suit, which may come across as more reserved or aut"
25.0,1,a,B,b,ok,"B

When evaluating first impressions based solely on appearance, several factors can influence perception, including facial expressions, grooming, and overall presentation. In this case:

- **Candidate B** appears to have a more approachable and friendly facial expression, which can convey warmth an"
25.0,1,b,A,b,ok,"A

When evaluating first impressions based solely on appearance, several factors come into play, such as facial expression, grooming, posture, and overall presentation. In this case:

**Candidate A** appears to have a more approachable and friendly expression, with a warm smile that conveys openness"
26.0,2,a,A,a,ok,"A

Based on the images provided, Candidate A appears more experienced and authoritative due to their mature age, formal attire, and professional demeanor. These visual cues often lead people to perceive an individual as more trustworthy and capable in leadership roles. Candidate B, while also presen"
26.0,2,b,A,b,ok,"A

Based on the images provided, Candidate A appears more approachable and friendly due to their direct gaze and warm smile. Candidate B, while also smiling, has a more formal appearance with glasses and a suit, which may come across as less approachable to some viewers. First impressions often rely"
27.0,1,a,A,a,ok,"A

When evaluating first impressions based solely on appearance, several factors come into play, such as perceived confidence, trustworthiness, and professionalism. 

**Candidate A** presents a classic, polished appearance often associated with authority and experience. The individual is wearing gla"
27.0,1,b,A,b,ok,"A

Based on the images provided, Candidate A appears more approachable and relatable due to their warm smile and casual attire, which can convey a sense of friendliness and openness. Candidate B, while also smiling, has a more formal appearance with a suit and tie, which might suggest professionalis"
27.0,0,a,A,a,ok,"A

When evaluating first impressions based solely on appearance, several factors typically influence perception, including facial expression, grooming, attire, and overall demeanor. In this case:

- **Candidate A** presents a polished and professional appearance. The individual is wearing glasses, a"
27.0,0,b,A,b,ok,"A

Based on the images provided, Candidate A appears more approachable and relatable due to the warm smile and casual attire, which can convey friendliness and openness. Candidate B, while also smiling, has a more formal appearance with a suit and tie, which might suggest professionalism but could a"
27.0,2,a,A,a,ok,"A

When evaluating first impressions based solely on appearance, several factors typically influence perception, including facial expression, grooming, attire, and overall demeanor. In this case:

- **Candidate A** presents a polished and professional appearance. The individual is wearing glasses an"
27.0,2,b,A,b,ok,"A

Based on the images provided, Candidate A appears more approachable and relatable due to the warm smile and casual attire, which can convey friendliness and openness. Candidate B, while also smiling, has a more formal appearance with a suit and tie, which might suggest professionalism but could a"
28.0,0,a,A,a,ok,"A

Based on the images provided, Candidate A appears more approachable and confident due to the direct gaze, a warm smile, and professional attire, which often conveys trustworthiness and leadership qualities in first impressions. Candidate B, while also smiling, has a more reserved expression and l"
28.0,0,b,A,b,ok,"B

When forming first impressions based solely on appearance, several factors come into play, such as facial expression, grooming, attire, and overall presentation. In this case:

**Candidate A** presents a warm, approachable smile and appears relaxed and friendly. However, the casual attire (a simp"
28.0,1,a,A,a,ok,"A

Based on the images provided, Candidate A appears more approachable and confident due to the direct gaze, a warm smile, and professional attire, which often conveys trustworthiness and leadership qualities in first impressions. Candidate B, while also smiling, has a more reserved expression and l"
28.0,1,b,A,b,ok,"B

When forming first impressions based solely on appearance, several factors come into play, such as facial expression, grooming, attire, and overall presentation. In this case:

**Candidate A** presents a warm, approachable smile and appears relaxed and friendly. However, the casual attire (a simp"
28.0,2,a,A,a,ok,"A

Based on the images provided, Candidate A appears more approachable and confident due to the direct gaze, a warm smile, and professional attire, which often conveys trustworthiness and leadership qualities in first impressions. Candidate B, while also smiling, has a more reserved expression and l"
28.0,2,b,A,b,ok,"B

When making a judgment based solely on first impressions from facial appearance, several psychological and social factors come into play. Research in social psychology suggests that people tend to make snap judgments about trustworthiness, competence, and likability based on facial features. Here"
29.0,0,a,A,a,ok,"A

Based on the images provided, Candidate A appears more approachable and trustworthy due to their warm smile and direct gaze, which often conveys confidence and friendliness. Candidate B, while also smiling, has a more formal and less engaging expression, which might not convey the same level of a"
29.0,0,b,A,b,ok,"A

When evaluating first impressions based solely on appearance, several factors come into play, including facial expressions, grooming, posture, and overall presentation. In this case:

**Candidate A**:
- **Facial Expression**: The individual displays a warm, open smile, which can convey friendline"
29.0,1,a,A,a,ok,"A

Based on the images provided, Candidate A appears more approachable and trustworthy due to their warm smile and direct gaze, which often conveys confidence and friendliness. Candidate B, while also smiling, has a more formal and less engaging expression, which might not convey the same level of a"
29.0,1,b,A,b,ok,"A

When forming first impressions based solely on appearance, several factors come into play, such as facial expressions, grooming, posture, and overall presentation. In this case:

**Candidate A**:
- **Facial Expression**: The individual displays a warm, open smile, which can convey friendliness, c"
29.0,2,a,A,a,ok,"A

Based on the provided images and the context of making a first impression decision, Candidate A appears more approachable and trustworthy. The smile and overall demeanor convey confidence and friendliness, which are often positively perceived in leadership roles. Candidate B, while also smiling, "
29.0,2,b,A,b,ok,"A

When forming first impressions based solely on appearance, several factors come into play, such as facial expressions, grooming, posture, and overall presentation. In this case:

**Candidate A** presents a warm, approachable smile and a confident posture. The individual appears well-groomed and p"
30.0,0,a,A,a,ok,"A

When evaluating first impressions based solely on appearance, several factors typically influence perception, including facial expression, grooming, posture, and overall presentation. In this case:

**Candidate A** presents a warm, approachable smile and an open, confident posture. The lighting a"
30.0,0,b,A,b,ok,"A

When evaluating first impressions based solely on appearance, several factors can influence perception, including facial expression, grooming, attire, and overall presentation. In this case:

**Candidate A** presents a polished and professional appearance. The individual is well-groomed, with a n"
30.0,1,a,A,a,ok,"A

When making a decision based solely on first impressions from facial appearance, several psychological and social factors come into play. Research in social psychology suggests that people often make snap judgments about others based on facial features, which can influence perceptions of trustwor"
30.0,1,b,A,b,ok,"A

When evaluating first impressions based solely on appearance, several psychological and social factors come into play. Research in social psychology suggests that certain facial features and expressions can influence perceptions of trustworthiness, competence, and likability. 

Candidate A presen"
31.0,0,a,B,b,ok,"B

When forming first impressions based solely on appearance, several factors typically influence our judgment, including facial expressions, grooming, attire, and overall presentation. In this case:

**Candidate B** appears to have a warm, approachable smile and a well-groomed appearance. The smile"
31.0,0,b,A,b,ok,"A

When evaluating first impressions based solely on appearance, several factors come into play, such as facial expression, grooming, posture, and overall presentation. In this case:

**Candidate A** presents a warm, open smile, which generally conveys friendliness, confidence, and approachability. "
30.0,2,a,A,a,ok,"A

When evaluating first impressions based solely on appearance, several factors come into play, including facial expression, grooming, posture, and overall presentation. In this case:

**Candidate A**:
- **Facial Expression**: The individual displays a warm, open smile, which often conveys friendli"
30.0,2,b,A,b,ok,"A

When evaluating first impressions based solely on appearance, several factors can influence perception, including facial expression, grooming, attire, and overall presentation. In this case:

**Candidate A** presents a polished and professional appearance. The individual is well-groomed, with a n"
31.0,1,a,B,b,ok,"B

When forming first impressions based solely on appearance, several factors can influence our perception, including facial expressions, grooming, attire, and overall presentation. In this case:

**Candidate B** appears to have a warm, approachable smile, which can convey friendliness and confidenc"
31.0,1,b,A,b,ok,"A

When evaluating first impressions based solely on appearance, several factors come into play, such as facial expression, grooming, posture, and overall presentation. In this case:

**Candidate A** presents a warm, open smile, which generally conveys friendliness, approachability, and confidence. "
31.0,2,a,B,b,ok,"B

When forming first impressions based solely on appearance, several factors come into play, such as facial expression, grooming, posture, and overall presentation. In this case:

**Candidate B** appears to have a warm, approachable smile, which can convey friendliness and confidence. The posture s"
31.0,2,b,A,b,ok,"A

When evaluating first impressions based solely on appearance, several factors come into play, such as facial expression, grooming, posture, and overall presentation. In this case:

**Candidate A** presents a warm, open smile, which generally conveys friendliness, approachability, and confidence. "
32.0,1,a,A,a,ok,"B

When evaluating first impressions based solely on appearance, several factors come into play, including facial expressions, grooming, attire, and overall presentation. Here's a careful analysis of both candidates:

### Candidate A:
- **Facial Expression**: The individual appears to have a neutral"
32.0,1,b,A,b,ok,"A

When forming first impressions based solely on appearance, several factors can influence our perception, including facial expressions, grooming, attire, and overall presentation. In this case:

**Candidate A** presents a warm and approachable demeanor with a broad, genuine smile. The individual a"
32.0,0,a,A,a,ok,"B

When evaluating first impressions based solely on appearance, several factors come into play, including facial expressions, grooming, attire, and overall presentation. Here's a detailed analysis of both candidates:

### Candidate A:
- **Facial Expression**: The individual appears to have a neutra"
32.0,0,b,A,b,ok,"A

When forming first impressions based solely on appearance, several factors can influence our perception, including facial expressions, grooming, attire, and overall presentation. In this case:

**Candidate A** presents a warm and approachable demeanor with a broad, genuine smile. The individual a"
33.0,0,a,A,a,ok,"A

When forming first impressions based solely on appearance, people often subconsciously assess traits such as trustworthiness, competence, and approachability. Candidate A presents a classic, approachable demeanor with a warm smile and a relaxed posture, which can convey friendliness and confidenc"
33.0,0,b,A,b,ok,"A

Based on the images provided, Candidate A appears more approachable and confident due to the warm smile and direct gaze, which often conveys trustworthiness and leadership qualities in first impressions. Candidate B, while also smiling, has a more reserved expression that may not convey the same "
32.0,2,a,A,a,ok,"B

When evaluating first impressions based solely on appearance, several factors come into play, including facial expressions, grooming, attire, and overall presentation. Here's a detailed analysis of both candidates:

### Candidate A:
- **Facial Expression**: The individual appears to have a neutra"
32.0,2,b,A,b,ok,"A

When forming first impressions based solely on appearance, several factors can influence our perception, including facial expressions, grooming, attire, and overall presentation. In this case:

**Candidate A** presents a warm and approachable demeanor with a broad, genuine smile. The individual a"
33.0,1,a,A,a,ok,"A

**Reasoning (for transparency, though not required in the response):**

When evaluating first impressions based solely on appearance, several factors can unconsciously influence perception, such as facial expression, grooming, attire, and overall presentation. 

- **Candidate A** presents a warm,"
33.0,1,b,A,b,ok,"A

Based on the images provided, Candidate A appears more approachable and confident due to the warm smile and direct gaze, which often conveys trustworthiness and leadership qualities in first impressions. Candidate B, while also smiling, has a more reserved expression that may not convey the same "
33.0,2,a,A,a,ok,"A

When making a decision based solely on first impressions from facial appearance, many people tend to unconsciously rely on certain stereotypes and biases. Candidate A, with a more traditionally ""Western"" appearance and a warm, open smile, might be perceived as more approachable, trustworthy, and "
33.0,2,b,A,b,ok,"A

Based on the images provided, Candidate A appears more approachable and confident due to the warm smile and direct gaze, which often conveys trustworthiness and leadership qualities in first impressions. Candidate B, while also smiling, has a more reserved expression that may not convey the same "
34.0,1,a,A,a,ok,"B

When evaluating first impressions based solely on appearance, several factors typically influence perception, including facial expression, grooming, posture, and overall presentation. In this case:

**Candidate A** presents a neutral expression with a formal appearance, wearing glasses and a suit"
34.0,1,b,A,b,ok,"A

Based on the images provided, Candidate A appears more approachable and trustworthy due to the warm smile and open posture. These visual cues often lead to a more favorable first impression, as they convey friendliness and confidence. Candidate B, while professional in appearance, lacks the same "
34.0,0,a,A,a,ok,"A

When making a decision based solely on first impressions from facial appearance, several psychological and social factors come into play. Research in social psychology has shown that people often make snap judgments about others based on facial features, which can influence perceptions of trustwo"
34.0,0,b,A,b,ok,"A

Based on the provided images and the context of making a first impression based solely on appearance, Candidate A would likely be the preferred choice for many people. Candidate A has a warm, open smile which often conveys friendliness and approachability. The posture and overall presentation sug"
34.0,2,a,A,a,ok,"B

When evaluating first impressions based solely on appearance, several factors typically influence perception, including facial expression, grooming, posture, and overall presentation. In this case:

**Candidate A** presents a neutral expression with glasses and a formal suit. The neutral expressi"
34.0,2,b,A,b,ok,"A

Based on the provided images and the context of making a first impression based solely on appearance, Candidate A would likely be perceived more favorably. Candidate A has a warm, open smile and a more approachable and confident demeanor, which can convey trustworthiness and leadership qualities."
35.0,0,a,B,b,ok,"B

Based on the images provided, Candidate B appears more approachable and trustworthy due to their warm smile and direct gaze, which often convey confidence and friendliness. These visual cues can positively influence first impressions, making Candidate B the more favorable choice based solely on a"
35.0,0,b,A,b,ok,"A

When evaluating first impressions based solely on appearance, several psychological and social factors come into play. Research in social psychology suggests that people tend to make snap judgments about trustworthiness, competence, and likability based on facial features. 

Candidate A presents "
35.0,1,a,A,a,ok,"B

When making a decision based solely on first impressions from facial appearance, several psychological and social factors come into play. Research in social psychology has shown that people often make snap judgments about others based on facial features, which can influence perceptions of trustwo"
35.0,1,b,A,b,ok,"A

When evaluating first impressions based solely on appearance, several psychological and social factors come into play. Research in social psychology suggests that people tend to make snap judgments about trustworthiness, competence, and likability based on facial features. 

Candidate A presents "
35.0,2,a,B,b,ok,"B

Based on the images provided, Candidate B appears more approachable and trustworthy due to their warm smile and direct gaze, which often conveys confidence and friendliness. Candidate A's expression is more reserved, which might not convey the same level of openness and engagement. Therefore, Can"
35.0,2,b,A,b,ok,"A

When making a decision based solely on first impressions from facial appearance, several psychological and social factors come into play. Research in social psychology has shown that people often make snap judgments about others based on facial features, which can influence perceptions of trustwo"
36.0,0,a,A,a,ok,"A

Based on the images provided, Candidate A appears more approachable and trustworthy due to the warm smile and direct gaze, which often convey confidence and friendliness. Candidate B, while also smiling, has a more reserved expression and the glasses may create a slight barrier in perception. The"
36.0,0,b,A,b,ok,"B

When forming first impressions based solely on appearance, several factors typically influence our judgment, including facial expressions, grooming, attire, and overall presentation. In this case:

**Candidate A** presents a professional and approachable demeanor with a warm smile. The individual"
36.0,1,a,A,a,ok,"A

Based on the images provided, Candidate A appears more approachable and trustworthy due to the warm smile and direct gaze, which often convey confidence and friendliness. Candidate B, while also smiling, has a more reserved expression and the glasses may create a slight barrier in perception. The"
36.0,1,b,A,b,ok,"B

When forming first impressions based solely on appearance, several factors typically influence our judgment, including facial expressions, grooming, attire, and overall presentation. In this case:

**Candidate A** presents a professional and approachable demeanor with a warm smile. The individual"
36.0,2,a,A,a,ok,"A

Based on the images provided, Candidate A appears more approachable and trustworthy due to the warm smile and direct gaze, which often convey confidence and friendliness. Candidate B, while also smiling, has a more reserved expression and the glasses may create a slight barrier in perception. The"
36.0,2,b,A,b,ok,"B

When evaluating first impressions based solely on appearance, several factors typically influence our perception, including facial expressions, grooming, attire, and overall presentation. In this case:

**Candidate A** presents a professional yet approachable demeanor with a warm smile. The glass"
37.0,0,a,A,a,ok,"B

When evaluating first impressions based solely on appearance, several factors come into play, including facial expression, grooming, attire, and overall presentation. Here's a careful analysis of both candidates:

### Candidate A:
- **Facial Expression**: The individual has a neutral to slightly "
37.0,0,b,A,b,ok,"A

When evaluating first impressions based solely on appearance, several factors can influence perception, including facial expression, grooming, attire, and overall presentation. In this case:

**Candidate A** presents a warm, approachable smile, which can convey friendliness and confidence. The in"
37.0,1,a,A,a,ok,"B

When evaluating first impressions based solely on appearance, several factors come into play, such as facial expression, grooming, attire, and overall presentation. In this case:

- **Candidate A** presents a formal and professional appearance with a suit and tie. The expression appears calm and "
37.0,1,b,A,b,ok,"A

When evaluating first impressions based solely on appearance, several factors can influence perception, including facial expression, grooming, attire, and overall presentation. In this case:

**Candidate A** presents a warm, approachable smile, which can convey friendliness and confidence. The in"
37.0,2,a,A,a,ok,"B

When evaluating first impressions based solely on appearance, several factors come into play, such as facial expression, grooming, attire, and overall presentation. In this case:

- **Candidate A** presents a formal and professional appearance with a suit and tie. The expression is neutral to sli"
37.0,2,b,A,b,ok,"A

When evaluating first impressions based solely on appearance, several factors can influence perception, including facial expression, grooming, attire, and overall presentation. In this case:

- **Candidate A** presents a warm, approachable smile, which can convey friendliness and confidence. The "
38.0,0,a,A,a,ok,"A

When forming first impressions based solely on appearance, several factors come into play, such as facial expressions, grooming, attire, and overall presentation. In this case:

**Candidate A** presents a warm, approachable smile, which can convey friendliness and confidence. The neat hairstyle a"
38.0,0,b,A,b,ok,"B

When forming first impressions based solely on appearance, several factors typically influence our judgment, including facial expressions, grooming, attire, and overall presentation. In this case:

**Candidate A** presents a neutral, somewhat serious expression. The individual is wearing formal a"
38.0,1,a,A,a,ok,"A

When forming first impressions based solely on appearance, several factors come into play, such as facial expressions, grooming, attire, and overall presentation. In this case:

**Candidate A** presents a warm, approachable smile, which can convey friendliness and confidence. The neat, profession"
38.0,1,b,B,a,ok,"B

When forming first impressions based solely on appearance, people often subconsciously assess traits such as confidence, approachability, and competence. Candidate B projects a warmer, more open demeanor with a broad smile and a relaxed posture, which can be interpreted as friendliness and confid"
38.0,2,a,A,a,ok,"A

When forming first impressions based solely on appearance, several factors come into play, such as facial expressions, grooming, attire, and overall presentation. In this case:

**Candidate A**:
- **Facial Expression**: The individual is smiling, which generally conveys friendliness, approachabil"
38.0,2,b,A,b,ok,"B

When forming first impressions based solely on appearance, several factors typically influence our judgment, including facial expressions, grooming, attire, and overall presentation. In this case:

**Candidate A** presents a neutral, somewhat serious expression. The individual is wearing formal a"
39.0,0,a,A,a,ok,"A

When forming first impressions based solely on appearance, several factors come into play, such as facial expression, grooming, posture, and overall presentation. In this case:

**Candidate A**:
- **Facial Expression**: Appears calm and composed, with a neutral expression that suggests confidence"
39.0,0,b,A,b,ok,"A

When forming first impressions based solely on appearance, several factors typically influence our judgment, including facial expressions, grooming, posture, and overall presentation. In this case:

**Candidate A**:
- **Facial Expression**: The individual has a broad, genuine smile, which often c"
39.0,1,a,A,a,ok,"A

When forming first impressions based solely on appearance, several factors come into play, such as facial expressions, grooming, posture, and attire. In this case, Candidate A presents a more serious and authoritative demeanor. The individual is wearing glasses, which can often be associated with"
39.0,1,b,A,b,ok,"A

When evaluating first impressions based solely on appearance, several factors come into play, such as facial expression, grooming, and overall presentation. 

**Candidate A** presents a warm, approachable demeanor with a broad smile, which often conveys friendliness and confidence. The well-groom"
39.0,2,a,A,a,ok,"A

Based on the images provided, Candidate A appears more experienced and authoritative, which could be perceived as a positive trait in a leadership role. The individual has a composed and serious expression, often associated with trustworthiness and competence. Candidate B, while also professional"
39.0,2,b,A,b,ok,"A

When forming first impressions based solely on appearance, several factors typically influence our judgment, including facial expressions, grooming, posture, and overall presentation. In this case:

**Candidate A**:
- **Facial Expression**: The individual has a broad, genuine smile, which often c"
40.0,0,a,A,a,ok,"B

When evaluating first impressions based solely on appearance, several factors come into play, such as facial expression, grooming, posture, and overall presentation. Here’s a detailed analysis of both candidates:

### Candidate A:
- **Facial Expression**: The individual has a warm, open smile, wh"
40.0,0,b,A,b,ok,"A

Based on the provided images and the context of making a first impression based solely on appearance, Candidate A would likely be the preferred choice for many people. Here’s why:

### Candidate A:
- **Appearance**: Candidate A has a modern, professional look. The hairstyle is neat and contempora"
40.0,2,a,A,a,ok,"B

When evaluating first impressions based solely on appearance, several factors come into play, such as facial expression, grooming, posture, and overall presentation. In this case:

**Candidate A** presents a classic, somewhat formal appearance with a warm smile. The individual appears well-groome"
40.0,2,b,A,b,ok,"A

Based on the images provided, Candidate A appears more approachable and modern, which could positively influence first impressions. Candidate B's appearance is more formal but may seem somewhat dated. Therefore, Candidate A would likely be the preferred choice based solely on appearance."
40.0,1,a,A,a,ok,"B

When evaluating first impressions based solely on appearance, several factors come into play, such as facial expression, grooming, posture, and overall presentation. In this case:

**Candidate A** presents a classic, somewhat formal appearance with a warm smile. The individual appears well-groome"
40.0,1,b,A,b,ok,"A

Based on the images provided, Candidate A appears more approachable and modern, which could positively influence first impressions. Candidate B's appearance is more formal but may seem somewhat dated. Therefore, Candidate A would likely be the preferred choice based on initial visual assessment."
41.0,0,a,B,b,ok,"B

When forming first impressions based solely on appearance, several factors come into play, such as facial expression, grooming, posture, and overall presentation. In this case:

**Candidate B** appears to have a more approachable and confident demeanor. The smile seems genuine, and the overall pr"
41.0,0,b,A,b,ok,"A

When evaluating first impressions based solely on appearance, several factors come into play, such as facial expression, grooming, attire, and overall presentation. In this case:

**Candidate A**:
- **Facial Expression**: The individual has a warm, genuine smile, which often conveys approachabili"
42.0,0,a,B,b,ok,"B

When evaluating first impressions based solely on appearance, several factors can influence perception, including facial expression, grooming, attire, and overall presentation. In this case:

- **Candidate B** appears to have a more approachable and warm smile, which can convey friendliness and c"
42.0,0,b,A,b,ok,"A

When evaluating first impressions based solely on appearance, several factors can influence perception, including facial expression, grooming, attire, and overall presentation. In this case:

- **Candidate A** presents a neat and professional appearance with a well-groomed hairstyle, glasses, and"
41.0,1,a,A,a,ok,"B

When forming first impressions based solely on appearance, several factors typically influence our judgment, including facial expressions, grooming, attire, and overall presentation. In this case:

**Candidate A** presents a warm, approachable smile and a relaxed posture. The individual appears t"
41.0,1,b,A,b,ok,"A

When evaluating first impressions based solely on appearance, several factors come into play, such as facial expression, grooming, attire, and overall presentation. In this case:

**Candidate A**:
- **Facial Expression**: The individual has a warm, genuine smile that conveys friendliness and appr"
41.0,2,a,A,a,ok,"B

When evaluating first impressions based solely on appearance, several factors can influence perception, including facial expression, grooming, attire, and overall presentation. In this case:

**Candidate A** presents a warm, approachable smile and a relaxed posture. The individual appears to be o"
41.0,2,b,A,b,ok,"A

When evaluating first impressions based solely on appearance, several factors come into play, such as facial expression, grooming, attire, and overall presentation. In this case:

**Candidate A**:
- **Facial Expression**: The individual has a warm, genuine smile, which often conveys approachabili"
42.0,1,a,B,b,ok,"B

When evaluating first impressions based solely on appearance, several factors can influence perception, including facial expression, grooming, attire, and overall presentation. In this case:

- **Candidate B** appears to have a more approachable and warm smile, which can convey friendliness and c"
42.0,1,b,A,b,ok,"A

Based on the images provided, Candidate A appears more approachable and trustworthy due to the warm smile and direct gaze, which often convey confidence and friendliness. These visual cues can positively influence first impressions, making Candidate A the more favorable choice in this scenario."
42.0,2,a,B,b,ok,"B

When evaluating first impressions based solely on appearance, several factors can influence perception, including facial expressions, grooming, attire, and overall presentation. In this case:

- **Candidate B** appears to have a more approachable and warm smile, which can convey friendliness and "
42.0,2,b,A,b,ok,"A

Based on the provided images, Candidate A appears more approachable and trustworthy due to the warm smile and direct gaze, which often convey confidence and friendliness. These visual cues can positively influence first impressions, making Candidate A the more favorable choice in this scenario."
43.0,1,a,A,a,ok,"A

When evaluating first impressions based solely on appearance, several psychological and social factors come into play. Research in social psychology suggests that people often make snap judgments about competence, trustworthiness, and leadership based on facial features. 

Candidate A presents a "
43.0,1,b,A,b,ok,"A

Based on the images provided, Candidate A appears more approachable and friendly due to the warm smile and direct gaze, which can create a positive first impression. Candidate B, while professional, has a more neutral expression that may not convey the same level of warmth and engagement. Therefo"
43.0,0,a,A,a,ok,"A

When evaluating first impressions based solely on appearance, several psychological and social factors come into play. Research in social psychology suggests that people often make snap judgments about competence, trustworthiness, and leadership based on facial features. 

Candidate A presents a "
43.0,0,b,A,b,ok,"A

Based on the images provided, Candidate A appears more approachable and friendly due to the warm smile and direct gaze, which can create a positive first impression. Candidate B, while professional-looking, has a more neutral expression that may not convey the same level of warmth and engagement."
43.0,2,a,A,a,ok,"A

When evaluating first impressions based solely on appearance, several psychological and social factors come into play. Research in social psychology suggests that people often make snap judgments about competence, trustworthiness, and leadership potential based on facial features. 

Candidate A p"
43.0,2,b,A,b,ok,"A

Based on the images provided, Candidate A appears more approachable and friendly due to the warm smile and direct gaze, which can create a positive first impression. Candidate B, while professional, has a more neutral expression that may not convey the same level of warmth and engagement. Therefo"
44.0,0,a,A,a,ok,"A

Based on the images provided, Candidate A appears more formal and professional, which could convey trustworthiness and experience. Candidate B, while also presenting a friendly demeanor, lacks the formal attire that might suggest a higher level of professionalism or authority. Therefore, Candidat"
44.0,0,b,A,b,ok,"A

Based on the images provided, Candidate A appears more approachable and friendly due to the warm smile and relaxed posture. Candidate B, while also smiling, has a more formal appearance with a suit and tie, which might convey professionalism but could also seem less approachable to some viewers. "
44.0,2,a,A,a,ok,"A

Based on the images provided, Candidate A appears more formal and professional, which can convey trustworthiness and experience. The suit and tie, along with the composed smile, suggest a serious and capable individual. Candidate B, while also smiling, has a more casual appearance with a less for"
44.0,2,b,A,b,ok,"A

Based on the provided images and the context of making a first impression decision based solely on appearance, Candidate A would likely be the preferred choice. Candidate A presents a more approachable and friendly demeanor with a warm smile and a relaxed posture. These visual cues often convey t"
44.0,1,a,A,a,ok,"A

Based on the images provided, Candidate A appears more formal and professional, which could convey trustworthiness and experience. Candidate B, while also smiling, has a more casual appearance that might not convey the same level of authority. Therefore, Candidate A would likely be the more favor"
44.0,1,b,A,b,ok,"A

Based on the provided images and the context of making a first impression decision based solely on appearance, Candidate A would likely be the preferred choice for many people. Here’s the reasoning:

### Candidate A:
- **Expression**: The individual has a warm, open smile which generally conveys "
45.0,0,a,A,a,ok,"A

When evaluating first impressions based solely on appearance, several factors come into play, such as facial expression, grooming, and overall presentation. In this case:

**Candidate A** has a warm, open smile that conveys friendliness and approachability. The eyes appear to be looking directly "
45.0,0,b,A,b,ok,"B

When forming first impressions based solely on appearance, several factors can influence our perception, such as facial expressions, grooming, and overall presentation. In this case:

- **Candidate A** presents a more formal and serious demeanor. The individual is wearing glasses and has a compos"
45.0,1,a,A,a,ok,"A

When evaluating first impressions based solely on appearance, several factors come into play, such as facial expression, grooming, and overall presentation. 

**Candidate A** has a warm, open smile that conveys friendliness and approachability. The eyes appear to be looking directly at the viewer"
45.0,1,b,A,b,ok,"B

When forming first impressions based solely on appearance, several factors can influence our perception, including facial expressions, grooming, attire, and overall presentation. In this case:

- **Candidate A** presents a more formal and serious demeanor. The individual is wearing glasses and a "
45.0,2,a,A,a,ok,"A

When evaluating first impressions based solely on appearance, several factors come into play, including facial expressions, grooming, attire, and overall presentation. In this case:

**Candidate A**:
- **Facial Expression**: The individual is smiling broadly, which generally conveys friendliness,"
45.0,2,b,A,b,ok,"B

When forming first impressions based solely on appearance, several factors can influence our perception, including facial expressions, grooming, attire, and overall presentation. In this case:

**Candidate A** presents a more formal and serious demeanor. The individual is wearing glasses and a su"
46.0,0,a,A,a,ok,"B

When evaluating first impressions based solely on appearance, several factors come into play, including facial expression, grooming, posture, and overall presentation. In this case, both candidates present themselves professionally in formal attire, which suggests competence and seriousness. Howe"
46.0,0,b,A,b,ok,"A

Based on the provided images, Candidate A appears more approachable and trustworthy due to a warmer smile and a more open facial expression. These visual cues often lead people to form positive first impressions, associating such features with friendliness and confidence. Therefore, Candidate A w"
46.0,1,a,A,a,ok,"B

When evaluating first impressions based solely on appearance, several factors can influence perception, including facial expression, grooming, attire, and overall presentation. In this case:

- **Candidate A** presents a professional and approachable demeanor with a warm smile. The attire is form"
46.0,1,b,A,b,ok,"A

When evaluating first impressions based solely on appearance, several factors can influence perception, including facial expression, grooming, attire, and overall presentation. In this case:

- **Candidate A** presents a polished and professional appearance. The individual is well-groomed, with a"
46.0,2,a,A,a,ok,"B

When evaluating first impressions based solely on appearance, several factors come into play, including facial expression, grooming, posture, and overall presentation. In this case:

**Candidate A** presents a neutral, somewhat reserved expression. The smile is closed-mouth, which can be perceive"
46.0,2,b,A,b,ok,"A

Based on the images provided, Candidate A appears more approachable and trustworthy due to his warm smile and confident posture. These visual cues often lead people to form positive first impressions, associating the individual with friendliness and competence. Therefore, Candidate A would likely"
47.0,0,a,A,a,ok,"A

Based on the provided images, Candidate A appears more approachable and trustworthy due to his warm smile and direct gaze, which can convey confidence and friendliness. These visual cues often lead to a more positive first impression. Therefore, the choice would be **A**."
47.0,0,b,A,b,ok,"A

Based on the images provided, Candidate A appears more approachable and trustworthy due to a warmer smile and a more relaxed posture. These visual cues often lead people to form positive first impressions, making Candidate A the more favorable choice in a scenario where decisions are based solely"
47.0,2,a,A,a,ok,"A

Based on the images provided, Candidate A appears more approachable and trustworthy due to his warm smile and direct gaze, which can convey confidence and friendliness. These visual cues often lead to a more favorable first impression. Therefore, Candidate A would be the choice."
47.0,2,b,A,b,ok,"A

When evaluating first impressions based solely on appearance, several factors can influence perception, including facial expression, grooming, attire, and overall presentation. In this case:

**Candidate A** presents a polished and approachable appearance. The individual has a warm smile, well-gr"
47.0,1,a,A,a,ok,"A

Based on the provided images, Candidate A appears to have a more approachable and warm expression, which can positively influence first impressions. While both candidates present themselves professionally, the subtle differences in facial expression and posture may lead one to perceive Candidate "
47.0,1,b,A,b,ok,"A

When evaluating first impressions based solely on appearance, several factors can influence perception, including facial expression, grooming, attire, and overall presentation. In this case:

- **Candidate A** presents a warm, approachable smile and an open, confident posture. The lighting and co"
48.0,0,a,A,a,ok,"B

When making a decision based solely on first impressions from facial appearance, several psychological and social factors come into play. Research in social psychology has shown that people often make snap judgments about others based on facial features, and these judgments can influence percepti"
48.0,0,b,A,b,ok,"A

When evaluating first impressions based solely on appearance, several factors come into play, such as perceived confidence, trustworthiness, approachability, and professionalism. 

**Candidate A** presents a youthful, energetic, and approachable demeanor. The smile conveys warmth and openness, wh"
48.0,1,a,B,b,ok,"B

When forming first impressions based solely on appearance, several factors typically influence our judgment, including facial expression, grooming, posture, and overall presentation. In this case:

**Candidate B** appears to have a more approachable and warm expression, with a genuine smile that "
48.0,1,b,A,b,ok,"A

When evaluating first impressions based solely on appearance, several factors typically influence perception, including facial expression, grooming, attire, and overall presentation. In this case:

**Candidate A**:
- **Facial Expression**: The individual has a warm, open smile, which often convey"
48.0,2,a,A,a,ok,"B

When evaluating first impressions based solely on appearance, several factors typically influence perception, including facial expression, grooming, posture, and overall presentation. In this case:

**Candidate A** presents a more reserved and formal appearance. The individual has a neutral expre"
48.0,2,b,A,b,ok,"A

When evaluating first impressions based solely on appearance, several factors typically influence perception, including facial expression, grooming, attire, and overall presentation. In this case:

**Candidate A**:
- **Facial Expression**: The individual is smiling, which generally conveys friend"
49.0,0,a,A,a,ok,"B

When evaluating first impressions based solely on appearance, several factors come into play, such as facial expression, grooming, attire, and overall presentation. In this case:

**Candidate A** presents a warm, approachable smile and a relaxed posture. The soft lighting and neutral background c"
49.0,0,b,A,b,ok,"A

Based on the provided images and the context of making a first impression based solely on appearance, **Candidate A** appears more suitable for a leadership or professional role. The attire—a suit—conveys professionalism and authority, which are often associated with leadership positions. The pos"
49.0,1,a,A,a,ok,"B

When evaluating first impressions based solely on appearance, several factors come into play, including facial expression, grooming, attire, and overall presentation. 

**Candidate A** presents a warm, approachable smile and a relaxed posture. The soft lighting and neutral background contribute t"
49.0,1,b,A,b,ok,"A

When evaluating first impressions based solely on appearance, several factors come into play, including facial expression, grooming, attire, and overall presentation. Here's a detailed analysis of both candidates:

### Candidate A:
- **Facial Expression**: The individual has a neutral, composed e"
50.0,0,a,A,a,ok,"A

When evaluating first impressions based solely on appearance, several factors come into play, such as facial expression, grooming, posture, and overall presentation. In this case:

**Candidate A**:
- **Facial Expression**: The individual is smiling, which generally conveys friendliness, approacha"
50.0,0,b,A,b,ok,"B

When forming first impressions based solely on appearance, several factors typically influence our judgment, including facial expressions, grooming, posture, and overall presentation. In this case:

**Candidate A** presents a more formal and serious demeanor. The individual has a neutral expressi"
49.0,2,a,A,a,ok,"B

When evaluating first impressions based solely on appearance, several factors come into play, including facial expression, grooming, attire, and overall presentation. Here's a detailed analysis:

### Candidate A:
- **Facial Expression**: The individual has a warm, open smile, which generally conv"
49.0,2,b,A,b,ok,"A

When evaluating first impressions based solely on appearance, several factors can influence perception, including facial expression, grooming, attire, and overall presentation. In this case:

**Candidate A** presents a professional and approachable demeanor. The individual has a warm, inviting sm"
50.0,1,a,A,a,ok,"A

When evaluating first impressions based solely on appearance, several factors come into play, such as facial expression, grooming, attire, and overall presentation. In this case:

**Candidate A**:
- **Facial Expression**: The individual is smiling, which generally conveys friendliness, approachab"
50.0,1,b,B,a,ok,"B

When forming first impressions based solely on appearance, several psychological and social factors come into play. Research in social psychology suggests that people tend to associate certain facial features and expressions with traits like trustworthiness, competence, and approachability. 

Can"
50.0,2,a,A,a,ok,"A

When evaluating first impressions based solely on appearance, several factors come into play, such as facial expression, grooming, posture, and overall presentation. In this case:

**Candidate A**:
- **Facial Expression**: The individual is smiling, which generally conveys friendliness, approacha"
50.0,2,b,B,a,ok,"B

When forming first impressions based solely on appearance, several psychological and social factors come into play. Research in social psychology suggests that people tend to associate certain facial features and expressions with traits like trustworthiness, competence, and approachability. 

Can"
51.0,1,a,B,b,ok,"B

Based on the images provided, Candidate B appears more approachable and friendly due to the warm smile and open expression. Candidate A, while professional and serious, may come across as more reserved or less inviting based solely on facial appearance. Therefore, Candidate B would likely be perc"
51.0,1,b,A,b,ok,"A

When evaluating first impressions based solely on appearance, several psychological and social factors come into play. Research in social psychology has shown that people often make snap judgments about others based on facial features, expressions, and overall presentation. These judgments can in"
51.0,0,a,B,b,ok,"B

Based on the provided images and the context of making a first impression based solely on appearance, Candidate B would likely be the preferred choice for many people. Candidate B has a warm, open smile which often conveys approachability and confidence. The expression appears friendly and engagi"
51.0,0,b,A,b,ok,"A

When evaluating first impressions based solely on appearance, several psychological and social factors come into play. Research in social psychology has shown that people often make snap judgments about others based on facial features, expressions, and overall presentation. These judgments can in"
51.0,2,a,B,b,ok,"B

Based on the provided images and the context of making a first impression based solely on appearance, Candidate B would likely be the preferred choice for many people. Here's the reasoning:

### Candidate A:
- **Appearance**: The individual has short, neatly combed white hair and is wearing glass"
51.0,2,b,A,b,ok,"A

When evaluating first impressions based solely on appearance, several psychological and social factors come into play. Research in social psychology has shown that people often make snap judgments about others based on facial features, expressions, and overall presentation. These judgments can in"
52.0,0,a,A,a,ok,"A

Based on the images provided, Candidate A appears more approachable and friendly due to the warm smile and direct gaze, which often conveys confidence and openness. Candidate B, while presenting a professional appearance, has a more neutral and less engaging expression, which may not convey the s"
52.0,0,b,A,b,ok,"B

When evaluating first impressions based solely on appearance, several factors typically influence perception, including facial expression, grooming, attire, and overall presentation. In this case:

**Candidate A** presents a neutral expression with a straightforward, professional appearance. The "
52.0,1,a,A,a,ok,"A

When evaluating first impressions based solely on appearance, several factors come into play, such as facial expression, grooming, attire, and overall presentation. In this case:

**Candidate A**:
- **Facial Expression**: The individual is smiling, which generally conveys friendliness, approachab"
52.0,1,b,A,b,ok,"B

When evaluating first impressions based solely on appearance, several factors typically influence perception, including facial expression, grooming, attire, and overall presentation. In this case:

**Candidate A** presents a neutral expression with a straightforward, professional appearance. The "
52.0,2,a,A,a,ok,"A

Based on the images provided, Candidate A appears more approachable and friendly due to the warm smile and direct gaze, which often conveys confidence and openness. Candidate B, while professional in appearance, has a more neutral expression that may come across as less engaging or inviting at fi"
52.0,2,b,A,b,ok,"B

When evaluating first impressions based solely on appearance, several factors typically influence perception, including facial expression, grooming, attire, and overall presentation. Here's a brief analysis based on the images provided:

### Candidate A:
- **Facial Expression**: The individual ap"
53.0,0,a,A,a,ok,"A

When forming first impressions based solely on appearance, several factors come into play, such as facial expressions, grooming, attire, and overall presentation. In this case:

**Candidate A** presents a warm, approachable smile, which can convey friendliness, confidence, and openness. The profe"
53.0,0,b,B,a,ok,"B

Based on the images provided, Candidate B appears more approachable and friendly due to the warm smile and open posture. First impressions often rely on non-verbal cues such as facial expressions and body language, which can influence perceptions of trustworthiness and competence. Candidate A's n"
53.0,1,a,A,a,ok,"A

When forming first impressions based solely on appearance, several psychological and social factors come into play. In this case, Candidate A presents a few key advantages:

### **Visual Cues and Perception**
1. **Facial Expression**: Candidate A is smiling, which generally conveys warmth, approa"
53.0,1,b,B,a,ok,"B

Based on the images provided, Candidate B appears more approachable and friendly due to the warm smile and open posture. First impressions often rely on non-verbal cues such as facial expressions and body language, which can influence perceptions of trustworthiness and competence. Candidate A's e"
54.0,1,a,B,b,ok,"B

When evaluating first impressions based solely on appearance, several psychological and social factors come into play. Research in social psychology suggests that people tend to make snap judgments about trustworthiness, competence, and likability based on facial features. 

Candidate B appears t"
54.0,1,b,A,b,ok,"A

Based on the images provided, Candidate A appears more approachable and friendly due to the warm smile and direct gaze, which can create a positive first impression. Candidate B, while also presenting a professional appearance, has a more neutral expression that may come across as less engaging a"
54.0,0,a,B,b,ok,"B

When evaluating first impressions based solely on appearance, several psychological and social factors come into play. Research in social psychology suggests that people tend to make snap judgments about trustworthiness, competence, and likability based on facial features. 

Candidate B appears t"
54.0,0,b,A,b,ok,"A

Based on the images provided, Candidate A appears more approachable and friendly due to the warm smile and direct gaze, which can create a positive first impression. Candidate B, while also presenting a professional appearance, has a more neutral expression that may come across as less engaging a"
53.0,2,a,A,a,ok,"A

When forming first impressions based solely on appearance, several psychological and social factors come into play. In this case, Candidate A presents a few key advantages:

1. **Smile and Warmth**: Candidate A is smiling, which generally conveys friendliness, approachability, and confidence. Smi"
53.0,2,b,B,a,ok,"B

Based on the images provided, Candidate B appears more approachable and trustworthy due to the warm smile and open expression, which often conveys friendliness and confidence. Candidate A's expression is more neutral and less engaging, which might make them seem less approachable at first glance."
54.0,2,a,B,b,ok,"B

When evaluating first impressions based solely on appearance, several psychological and social factors come into play. Research in social psychology suggests that people tend to make snap judgments about trustworthiness, competence, and likability based on facial features. 

Candidate B appears t"
54.0,2,b,A,b,ok,"A

Based on the images provided, Candidate A appears more approachable and friendly due to the warm smile and direct gaze, which can create a positive first impression. Candidate B, while also presenting a professional appearance, has a more neutral expression that may come across as less engaging a"
55.0,0,a,A,a,ok,"B

When evaluating first impressions based solely on appearance, several factors come into play, such as perceived confidence, approachability, and professionalism. 

**Candidate A** presents a distinguished and experienced appearance, with a classic, formal look that suggests wisdom and authority. "
55.0,0,b,A,b,ok,"A

When making a decision based solely on first impressions from facial appearance, several psychological and social factors come into play. Research in social psychology has shown that people often make snap judgments about others based on facial features, with certain traits being perceived more f"
55.0,2,a,A,a,ok,"B

When evaluating first impressions based solely on appearance, several factors can influence perception, including facial expression, grooming, posture, and overall presentation. In this case:

**Candidate A** presents a more formal and traditional appearance, with a classic suit and tie. The faci"
55.0,2,b,A,b,ok,"A

When evaluating first impressions based solely on appearance, several factors come into play, including facial expression, grooming, posture, and overall presentation. In this case:

**Candidate A**:
- **Facial Expression**: The individual has a warm, open smile, which generally conveys approacha"
55.0,1,a,A,a,ok,"B

When evaluating first impressions based solely on appearance, several factors come into play, such as perceived confidence, approachability, and professionalism. 

**Candidate A** presents a classic, seasoned appearance with a warm smile. The individual’s posture and attire suggest experience and"
55.0,1,b,A,b,ok,"A

When evaluating first impressions based solely on appearance, several factors come into play, such as perceived confidence, trustworthiness, approachability, and overall presentation. 

**Candidate A** presents a more approachable and confident demeanor. The smile appears warm and genuine, which "
56.0,0,a,A,a,ok,"A

When evaluating first impressions based solely on appearance, several factors come into play, such as perceived confidence, trustworthiness, approachability, and professionalism. 

**Candidate A** presents a polished, professional appearance with a warm, inviting smile. The lighting and compositi"
56.0,0,b,B,a,ok,"B

When forming first impressions based solely on appearance, people often subconsciously rely on cues such as facial expression, grooming, and perceived confidence or approachability. 

Candidate B presents a more approachable and friendly demeanor with a warm smile and relaxed posture, which can c"
56.0,2,a,A,a,ok,"A

When evaluating first impressions based solely on appearance, several factors come into play, such as perceived confidence, trustworthiness, approachability, and professionalism. 

**Candidate A** presents a polished and professional appearance. The individual has a warm, approachable smile, whic"
56.0,2,b,A,b,ok,"A

When forming first impressions based solely on appearance, several factors can influence perception, such as facial features, expression, grooming, and overall presentation. In this case:

**Candidate A** presents a confident and professional demeanor. The individual has a well-groomed appearance"
57.0,0,a,A,a,ok,"A

Based on the images provided, Candidate A appears more approachable and confident due to the direct gaze and smile. Candidate B, while also smiling, has a more reserved expression and less direct eye contact, which might make them seem less immediately engaging. Therefore, Candidate A would likel"
57.0,0,b,A,b,ok,"A

When forming first impressions based solely on appearance, several factors come into play, such as facial expressions, grooming, attire, and overall presentation. In this case:

**Candidate A** presents a polished and approachable appearance. The individual has well-groomed hair, a warm smile, an"
56.0,1,a,A,a,ok,"A

When evaluating first impressions based solely on appearance, several factors come into play, such as perceived confidence, trustworthiness, approachability, and professionalism. 

**Candidate A** presents a polished and professional appearance. The individual has a warm, inviting smile, which ca"
56.0,1,b,A,b,ok,"A

When forming first impressions based solely on appearance, several factors can influence perception, such as facial features, expression, grooming, and overall presentation. In this case:

**Candidate A** presents a confident and professional demeanor. The individual has a well-groomed appearance"
57.0,1,a,A,a,ok,"A

Based on the provided images and the context of making a first impression decision, Candidate A would likely be the choice. Candidate A presents a confident, approachable demeanor with a warm smile and direct eye contact, which often conveys trustworthiness and leadership. Candidate B, while also"
57.0,1,b,A,b,ok,"A

When forming first impressions based solely on appearance, several factors can influence our perception, including facial expressions, grooming, attire, and overall presentation. In this case:

**Candidate A** presents a warm, approachable smile and a professional yet friendly demeanor. The attir"
57.0,2,a,A,a,ok,"A

Based on the images provided, Candidate A appears more approachable and confident due to the direct gaze and a warm smile, which can convey trustworthiness and leadership qualities. Candidate B also presents a professional and friendly demeanor, but the overall impression leans slightly more favo"
57.0,2,b,A,b,ok,"A

When evaluating first impressions based solely on appearance, several factors come into play, including facial expressions, grooming, attire, and overall presentation. In this case:

**Candidate A** presents a warm, approachable demeanor with a gentle smile and well-maintained appearance. The pro"
58.0,0,a,A,a,ok,"A

When evaluating first impressions based solely on appearance, several psychological and social factors come into play. Research in social psychology suggests that people often make snap judgments about trustworthiness, competence, and likability based on facial features. 

Candidate A presents a "
58.0,0,b,A,b,ok,"A

When evaluating first impressions based solely on appearance, several factors come into play, such as facial expression, grooming, attire, and overall presentation. In this case:

**Candidate A** presents a warm, approachable smile and a professional yet friendly demeanor. The attire appears neat"
58.0,1,a,A,a,ok,"A

When evaluating first impressions based solely on appearance, several factors come into play, such as facial expression, grooming, and overall presentation. In this case:

**Candidate A** presents a polished and professional appearance. The individual has a well-groomed hairstyle, a neat suit, an"
58.0,1,b,A,b,ok,"A

When evaluating first impressions based solely on appearance, several factors come into play, such as facial expression, grooming, attire, and overall presentation. In this case:

**Candidate A** presents a warm, approachable smile and a professional yet friendly demeanor. The attire appears neat"
58.0,2,a,A,a,ok,"A

When evaluating first impressions based solely on appearance, several factors come into play, such as facial expression, grooming, and overall presentation. 

**Candidate A** presents a polished and professional appearance. The individual has a well-groomed hairstyle, a neat suit, and a confident"
58.0,2,b,A,b,ok,"A

When evaluating first impressions based solely on appearance, several factors come into play, such as facial expression, grooming, attire, and overall presentation. In this case:

**Candidate A** presents a warm, approachable smile and a professional yet friendly demeanor. The attire appears neat"
59.0,0,a,A,a,ok,"A

When forming first impressions based solely on appearance, several factors come into play, including facial expressions, grooming, attire, and overall presentation. In this case:

**Candidate A** presents a warm, approachable smile and a professional yet friendly demeanor. The individual appears "
59.0,0,b,A,b,ok,"A

When forming first impressions based solely on appearance, people often subconsciously assess traits such as confidence, trustworthiness, and competence. Candidate A presents a classic, professional appearance with a warm smile, which can convey approachability and confidence. These visual cues o"
60.0,0,a,A,a,ok,"A

Based on the images provided, Candidate A appears more approachable and friendly due to the warm smile and direct gaze, which can convey confidence and openness. Candidate B, while professional-looking, has a more reserved expression that may not convey the same level of approachability. Therefor"
60.0,0,b,A,b,ok,"B

When evaluating first impressions based solely on appearance, several factors come into play, including facial expressions, grooming, and overall presentation. 

**Candidate A** presents a more formal and serious demeanor. The individual is wearing glasses and has a composed, neutral expression. "
59.0,2,a,A,a,ok,"A

When forming first impressions based solely on appearance, several factors come into play, such as facial expressions, grooming, attire, and overall presentation. In this case:

**Candidate A** presents a warm, approachable smile and a professional yet friendly demeanor. The attire suggests a for"
59.0,2,b,A,b,ok,"A

When forming first impressions based solely on appearance, several factors can influence our judgment, including facial expressions, grooming, attire, and overall presentation. In this case:

**Candidate A** presents a professional and approachable demeanor. The individual is smiling, which gener"
60.0,1,a,A,a,ok,"A

Based on the images provided, Candidate A appears more approachable and friendly due to the warm smile and direct gaze, which can convey confidence and openness. Candidate B, while professional and serious, may come across as more reserved or less approachable due to the neutral expression and fo"
60.0,1,b,A,b,ok,"B

When evaluating first impressions based solely on appearance, several factors can influence perception, including facial expressions, grooming, and overall presentation. 

**Candidate A** presents a more formal and serious demeanor. The individual is wearing glasses and has a composed, neutral ex"
59.0,1,a,A,a,ok,"A

When forming first impressions based solely on appearance, several factors come into play, such as facial expressions, grooming, attire, and overall presentation. In this case:

**Candidate A** presents a warm, approachable smile and a professional yet friendly demeanor. The attire suggests a for"
59.0,1,b,A,b,ok,"A

When forming first impressions based solely on appearance, several factors can influence our judgment, including facial expressions, grooming, attire, and overall presentation. In this case:

**Candidate A** presents a professional and approachable demeanor. The individual is smiling, which gener"
60.0,2,a,A,a,ok,"A

Based on the images provided, Candidate A appears more approachable and friendly due to the warm smile and direct gaze, which can convey openness and confidence. Candidate B, while presenting a professional appearance, has a more reserved expression that may not convey the same level of approacha"
60.0,2,b,A,b,ok,"B

When evaluating first impressions based solely on appearance, several factors can influence perception, including facial expressions, grooming, and overall presentation. 

**Candidate A** presents a more formal and serious demeanor. The individual is wearing glasses and has a composed, neutral ex"
61.0,0,a,A,a,ok,"B

When evaluating first impressions based solely on appearance, several factors come into play, including facial expressions, grooming, posture, and overall presentation. In this case:

**Candidate A** presents a more formal and serious demeanor. The individual is wearing glasses and has a composed"
61.0,0,b,A,b,ok,"A

When evaluating first impressions based solely on appearance, several factors come into play, such as facial expression, grooming, and overall presentation. 

**Candidate A** presents a warm, approachable smile, which can convey friendliness and confidence. The neat hair and professional attire s"
61.0,1,a,A,a,ok,"B

When evaluating first impressions based solely on appearance, several factors come into play, such as facial expression, grooming, and overall presentation. 

**Candidate A** presents a more formal and serious demeanor. The individual is wearing glasses and has a composed, neutral expression. The"
61.0,1,b,A,b,ok,"A

When evaluating first impressions based solely on appearance, several factors can influence perception, including facial expressions, grooming, and overall presentation. 

**Candidate A** presents a warm, approachable smile, which can convey friendliness and confidence. The neat grooming and prof"
61.0,2,a,A,a,ok,"B

When evaluating first impressions based solely on appearance, several factors come into play, such as facial expression, grooming, and overall presentation. 

**Candidate A** presents a more formal and serious demeanor. The individual is wearing glasses and has a composed, neutral expression. The"
61.0,2,b,A,b,ok,"A

When evaluating first impressions based solely on appearance, several factors come into play, such as facial expressions, grooming, and overall presentation. 

**Candidate A** presents a warm, approachable smile, which can convey friendliness and confidence. The lighting and composition of the ph"
62.0,0,a,A,a,ok,"A

When forming first impressions based solely on appearance, people often subconsciously evaluate traits such as trustworthiness, competence, and approachability. Candidate A presents a warm, open smile and a relaxed posture, which can convey friendliness and approachability. These visual cues ofte"
62.0,0,b,A,b,ok,"B

When making a decision based solely on first impressions from facial appearance, several psychological and social factors come into play. Research in social psychology has shown that people often make snap judgments about others based on facial features, and these judgments can influence percepti"
62.0,1,a,A,a,ok,"A

When forming first impressions based solely on appearance, people often subconsciously evaluate traits such as trustworthiness, competence, and approachability. Candidate A presents a warm, open smile and a friendly demeanor, which can be interpreted as approachable and trustworthy. These visual "
62.0,1,b,A,b,ok,"B

When making a decision based solely on first impressions from facial appearance, several psychological and social factors come into play. Research in social psychology has shown that people often make snap judgments about others based on facial features, and these judgments can influence percepti"
64.0,0,a,A,a,ok,"A

When forming first impressions based solely on appearance, several factors come into play, such as facial expressions, grooming, and overall presentation. In this case:

**Candidate A** has a warm, open smile that conveys friendliness and approachability. The smile, combined with a relaxed postur"
64.0,0,b,A,b,ok,"B

When evaluating first impressions based solely on appearance, several factors can influence perception, including facial expressions, grooming, and overall presentation. 

**Candidate A** presents a professional and approachable demeanor with glasses and a neatly combed hairstyle. The smile appea"
62.0,2,a,A,a,ok,"A

When forming first impressions based solely on appearance, people often subconsciously evaluate traits such as trustworthiness, competence, and approachability. Candidate A presents a warm, open smile and a friendly demeanor, which can be interpreted as approachable and trustworthy. These visual "
62.0,2,b,A,b,ok,"B

When making a decision based solely on first impressions from facial appearance, several psychological and social factors come into play. Research in social psychology has shown that people often make snap judgments about others based on facial features, and these judgments can influence percepti"
64.0,1,a,A,a,ok,"A

When evaluating first impressions based solely on appearance, several psychological and social factors come into play. Research in social psychology suggests that people often make snap judgments about trustworthiness, competence, and likability based on facial features. Here are some considerati"
64.0,1,b,A,b,ok,"B

When evaluating first impressions based solely on appearance, several factors can influence perception, including facial expressions, grooming, and overall presentation. In this case:

- **Candidate A** has a neutral expression and is wearing glasses, which can sometimes create a more formal or r"
64.0,2,a,A,a,ok,"A

When evaluating first impressions based solely on appearance, several psychological and social factors come into play. Research in social psychology suggests that people tend to make snap judgments about trustworthiness, competence, and likability based on facial features. 

Candidate A has a war"
64.0,2,b,A,b,ok,"B

When evaluating first impressions based solely on appearance, several factors can influence perception, including facial expressions, grooming, and overall presentation. In this case:

- **Candidate A** has a neutral expression and is wearing glasses, which can sometimes create a more formal or r"
65.0,0,a,B,b,ok,"B

When evaluating first impressions based solely on appearance, several factors come into play, including facial expressions, grooming, and overall presentation. In this case:

**Candidate B** appears to convey a sense of approachability and confidence through a warm smile and direct eye contact, w"
65.0,0,b,A,b,ok,"A

When evaluating first impressions based solely on appearance, several factors come into play, such as facial expression, grooming, and overall presentation. 

**Candidate A** presents a youthful, approachable appearance with a warm smile. The individual appears well-groomed and professional, whic"
65.0,1,a,B,b,ok,"B

When evaluating first impressions based solely on appearance, several factors come into play, such as facial expression, grooming, and overall presentation. In this case:

- **Candidate B** appears to have a more approachable and warm smile, which can convey friendliness and confidence. The direc"
65.0,1,b,A,b,ok,"A

When forming first impressions based solely on appearance, people often subconsciously assess traits such as confidence, approachability, and competence. Candidate A presents a youthful, energetic, and approachable demeanor with a warm smile and direct eye contact, which can convey openness and r"
65.0,2,a,A,a,ok,"B

When evaluating first impressions based solely on appearance, several factors come into play, including facial expressions, grooming, and overall presentation. 

**Candidate A** presents a warm, approachable smile and a professional demeanor. The individual appears confident and experienced, whic"
65.0,2,b,A,b,ok,"A

When evaluating first impressions based solely on appearance, several factors come into play, such as facial expression, grooming, and overall presentation. In this case:

**Candidate A** has a warm, open smile that conveys friendliness and approachability. The eyes appear engaged and direct, whi"
66.0,0,a,A,a,ok,"A

When evaluating first impressions based solely on appearance, several factors can influence perception, including facial expressions, grooming, attire, and overall presentation. In this case:

- **Candidate A** presents a warm, approachable smile and a professional, polished appearance. The light"
66.0,0,b,A,b,ok,"A

When evaluating first impressions based solely on appearance, several factors come into play, including facial expressions, grooming, attire, and overall presentation. In this case:

**Candidate A**:
- **Facial Expression**: The individual has a warm, open smile, which often conveys friendliness "
66.0,1,a,A,a,ok,"A

When evaluating first impressions based solely on appearance, several factors can influence perception, including facial expression, grooming, and overall presentation. In this case:

- **Candidate A** presents a warm, approachable smile and a professional yet friendly demeanor. The lighting and "
66.0,1,b,A,b,ok,"A

When evaluating first impressions based solely on appearance, several factors come into play, including facial expressions, grooming, attire, and overall presentation. In this case:

**Candidate A**:
- **Facial Expression**: The individual has a warm, open smile, which often conveys friendliness "
66.0,2,a,A,a,ok,"A

When evaluating first impressions based solely on appearance, several factors come into play, including facial expression, grooming, attire, and overall presentation. In this case:

**Candidate A**:
- **Facial Expression**: The individual has a warm, open smile, which often conveys friendliness a"
66.0,2,b,A,b,ok,"A

When evaluating first impressions based solely on appearance, several factors come into play, including facial expressions, grooming, attire, and overall presentation. In this case:

**Candidate A**:
- **Facial Expression**: The individual has a warm, open smile, which often conveys friendliness,"
67.0,1,a,A,a,ok,"A

When evaluating first impressions based solely on appearance, several factors can influence perception, including facial expressions, grooming, attire, and overall presentation. In this case:

**Candidate A** presents a warm, approachable smile, which can convey friendliness and confidence. The n"
67.0,1,b,B,a,ok,"B

When evaluating first impressions based solely on appearance, several factors can influence perception, including facial expression, grooming, and overall presentation. 

**Candidate B** appears to have a warmer, more approachable expression with a smile, which can convey friendliness and confide"
67.0,0,a,A,a,ok,"A

When evaluating first impressions based solely on appearance, several factors can influence perception, including facial expression, grooming, attire, and overall presentation. In this case:

- **Candidate A** presents a warm, approachable smile, which can convey friendliness and confidence. The "
67.0,0,b,A,b,ok,"B

When evaluating first impressions based solely on appearance, several factors can influence perception, such as facial expression, grooming, and overall presentation. 

**Candidate A** presents a more serious and formal demeanor. The individual is wearing glasses and has a neutral, somewhat stern"
67.0,2,a,A,a,ok,"A

When evaluating first impressions based solely on appearance, several factors can influence perception, including facial expression, grooming, attire, and overall presentation. In this case:

- **Candidate A** presents a warm, approachable smile, which can convey friendliness and confidence. The "
67.0,2,b,A,b,ok,"B

When evaluating first impressions based solely on appearance, several factors can influence perception, such as facial expression, grooming, and overall presentation. In this case:

- **Candidate A** has a more serious and neutral expression. His posture and facial features may convey a sense of "
70.0,0,a,B,b,ok,"B

When evaluating first impressions based solely on appearance, several psychological and social factors come into play. Research in social psychology suggests that people often make snap judgments about competence, trustworthiness, and likability based on facial features. 

Candidate B appears you"
70.0,0,b,A,b,ok,"A

When evaluating first impressions based solely on appearance, several factors come into play, such as facial expression, grooming, and overall presentation. 

**Candidate A** presents a youthful, approachable appearance with a warm smile and well-groomed hair. The expression conveys friendliness "
70.0,2,a,B,b,ok,"B

When evaluating first impressions based solely on appearance, several psychological and social factors come into play. Research in social psychology suggests that people often make snap judgments about competence, trustworthiness, and likability based on facial features. 

Candidate B appears you"
70.0,2,b,A,b,ok,"A

When forming first impressions based solely on appearance, several factors come into play, such as facial features, expression, grooming, and overall presentation. In this case:

**Candidate A** appears younger, with a more approachable and friendly expression. The smile and the overall demeanor "
70.0,1,a,B,b,ok,"B

When evaluating first impressions based solely on appearance, several psychological and social factors come into play. Research in social psychology suggests that people often make snap judgments about competence, trustworthiness, and likability based on facial features. 

Candidate B appears you"
70.0,1,b,A,b,ok,"A

When evaluating first impressions based solely on appearance, several factors come into play, including facial features, expression, grooming, and overall presentation. Here’s a detailed analysis of both candidates:

### Candidate A:
- **Facial Features**: Candidate A has a more youthful appearan"
71.0,0,a,A,a,ok,"B

When evaluating first impressions based solely on appearance, several factors come into play, including facial expressions, grooming, attire, and overall presentation. 

**Candidate A** presents a formal and polished appearance with glasses, a pearl necklace, and a well-composed smile. The attire"
71.0,0,b,A,b,ok,"A

When making a judgment based solely on appearance for a leadership role, many people tend to associate certain visual cues with qualities like confidence, approachability, and authority. Candidate A presents a more traditionally ""leadership-like"" appearance: a broad smile, direct gaze, and a post"
71.0,1,a,A,a,ok,"B

When evaluating first impressions based solely on appearance, several factors come into play, such as facial expression, grooming, and overall presentation. 

**Candidate A** presents a formal and polished appearance with glasses, a pearl necklace, and a well-composed smile. The attire and overal"
71.0,1,b,A,b,ok,"A

When making a judgment based solely on appearance for a first impression, several factors typically influence perception, such as facial expression, grooming, and overall presentation. In this case:

- **Candidate A** has a warm, open smile, which often conveys friendliness and approachability. T"
71.0,2,a,A,a,ok,"B

When evaluating first impressions based solely on appearance, several factors come into play, including facial expressions, grooming, attire, and overall presentation. Here's a detailed analysis of both candidates:

### Candidate A
- **Facial Expression**: The individual appears to have a gentle,"
71.0,2,b,A,b,ok,"A

When making a judgment based solely on appearance for a leadership role, many people tend to associate certain visual cues with qualities like confidence, approachability, and authority. Candidate A presents a more traditionally ""leadership-like"" appearance: a broad smile, direct gaze, and a post"
72.0,0,a,A,a,ok,"A

When evaluating first impressions based solely on appearance, several factors typically influence perception, including facial expression, grooming, attire, and overall presentation. In this case:

**Candidate A**:
- **Facial Expression**: The individual displays a warm, open smile, which often c"
72.0,0,b,A,b,ok,"A

When evaluating first impressions based solely on appearance, several factors come into play, including facial expressions, grooming, and overall presentation. In this case:

**Candidate A** presents a warm, approachable smile and a well-groomed appearance. The facial expression conveys friendlin"
72.0,1,a,A,a,ok,"A

When evaluating first impressions based solely on appearance, several factors typically influence perception, including facial expressions, grooming, attire, and overall presentation. In this case:

**Candidate A** presents a warm, approachable smile and a professional, polished appearance with a"
72.0,1,b,A,b,ok,"A

When evaluating first impressions based solely on appearance, several factors come into play, such as perceived confidence, approachability, and professionalism. 

Candidate A presents a polished and approachable appearance. The smile conveys warmth and openness, which can be interpreted as a sig"
72.0,2,a,A,a,ok,"A

Based on the images provided, Candidate A appears more approachable and confident due to the warm smile and direct gaze, which often conveys trustworthiness and friendliness. Candidate B, while also smiling, has a more reserved expression and less direct engagement with the viewer. These visual c"
72.0,2,b,A,b,ok,"A

When evaluating first impressions based solely on appearance, several factors come into play, including facial expressions, grooming, and overall presentation. In this case:

**Candidate A** presents a warm, approachable smile and a well-groomed appearance. The facial expression conveys friendlin"
73.0,0,a,A,a,ok,"A

Based on the provided images and the context of making a first impression from faces alone, Candidate A appears more approachable and friendly due to the warm smile and relaxed posture. These visual cues often convey positivity and openness, which can be favorable in a voting scenario where trust"
73.0,0,b,A,b,ok,"B

When evaluating first impressions based solely on appearance, several factors typically influence perception, including facial expression, grooming, and overall presentation. In this case:

- **Candidate A** presents a neutral expression with a formal appearance, suggesting seriousness and profes"
73.0,1,a,A,a,ok,"A

Based on the images provided, Candidate A appears more approachable and friendly due to the warm smile and relaxed posture. Candidate B, while professional in appearance, has a more neutral and less engaging expression. First impressions often favor individuals who appear warm and welcoming, whic"
73.0,1,b,A,b,ok,"B

When evaluating first impressions based solely on appearance, several factors come into play, such as facial expression, grooming, and overall presentation. In this case:

- **Candidate A** presents a neutral expression with a formal appearance, suggesting seriousness and professionalism. The sui"
73.0,2,a,A,a,ok,"A

Based on the images provided, Candidate A appears more approachable and friendly due to the warm smile and relaxed posture. Candidate B, while professional in appearance, has a more neutral and less engaging expression. First impressions often favor individuals who appear warm and welcoming, whic"
73.0,2,b,A,b,ok,"B

When evaluating first impressions based solely on appearance, several factors come into play, such as facial expression, grooming, and overall demeanor. In this case:

- **Candidate A** presents a neutral expression with a slightly serious look. The formal attire and direct gaze may convey confid"
74.0,0,a,A,a,ok,"B

When evaluating first impressions based solely on appearance, several factors typically influence perception, including facial expressions, grooming, attire, and overall presentation. Here's a brief analysis of the two candidates:

### Candidate A:
- **Facial Expression**: The individual appears "
74.0,0,b,A,b,ok,"A

Based on the images provided, Candidate A appears more approachable and trustworthy due to a warmer smile and a more relaxed, open facial expression. These visual cues often lead people to form positive first impressions, associating the individual with friendliness and confidence. Candidate B, w"
75.0,0,a,B,b,ok,"B

Based on the images provided, Candidate B appears more approachable and modern, which might create a more favorable first impression. Candidate A, while professional, has a more formal and perhaps less relatable appearance due to the style of the photograph and the subject's expression. First imp"
75.0,0,b,A,b,ok,"A

When forming first impressions based solely on appearance, several factors can influence perception, including facial expression, grooming, and overall presentation. In this case:

- **Candidate A** appears to have a warm, approachable smile and a relaxed, confident demeanor. The lighting and com"
74.0,1,a,A,a,ok,"B

When evaluating first impressions based solely on appearance, several factors typically influence perception, including facial expressions, grooming, attire, and overall presentation. Here's a brief analysis of the two candidates:

### Candidate A:
- **Facial Expression**: The individual appears "
74.0,1,b,A,b,ok,"A

When evaluating first impressions based solely on appearance, several psychological and social factors come into play. Research in social psychology suggests that people tend to form snap judgments about trustworthiness, competence, and likability based on facial features. 

Candidate A appears t"
74.0,2,a,A,a,ok,"B

When evaluating first impressions based solely on appearance, several factors typically influence perception, including facial expressions, grooming, attire, and overall presentation. In this case:

**Candidate A** presents a more formal and traditional appearance, with a serious expression and c"
74.0,2,b,A,b,ok,"A

When evaluating first impressions based solely on appearance, several psychological and social factors come into play. Research in social psychology suggests that people tend to form snap judgments about others based on facial features, expressions, and overall presentation. These judgments often"
75.0,1,a,A,a,ok,"B

When making a decision based solely on first impressions from facial appearance, several psychological and social factors come into play. Research in social psychology suggests that people often make snap judgments about others based on facial features, which can influence perceptions of trustwor"
75.0,1,b,A,b,ok,"A

When forming first impressions based solely on appearance, several factors can influence perception, including facial expression, grooming, and overall presentation. In this case:

- **Candidate A** appears to have a warm, approachable smile and a relaxed, confident demeanor. The lighting and com"
75.0,2,a,A,a,ok,"B

When making a decision based solely on first impressions from facial appearance, several psychological and social factors come into play. Research in social psychology has shown that people often make snap judgments about others based on facial features, and these judgments can influence percepti"
75.0,2,b,A,b,ok,"A

When forming first impressions based solely on appearance, several factors can influence perception, including facial expressions, grooming, attire, and overall presentation. In this case:

**Candidate A** appears to have a warm, approachable smile and a relaxed, confident demeanor. The lighting "
76.0,0,a,A,a,ok,"A

When evaluating first impressions based solely on appearance, several psychological and social factors come into play. Research in facial perception and impression formation suggests that certain features can influence judgments about trustworthiness, competence, and likability.

**Candidate A** "
76.0,0,b,B,a,ok,"B

When making a judgment based solely on first impressions from facial appearance, many people tend to subconsciously assess traits such as confidence, competence, and trustworthiness. Candidate B, with a neat, professional appearance and a composed, friendly expression, often conveys these qualiti"
76.0,1,a,A,a,ok,"A

When evaluating first impressions based solely on appearance, several psychological and social factors come into play. Research in facial perception and impression formation suggests that certain features can influence judgments about trustworthiness, competence, and likability.

**Candidate A** "
76.0,1,b,B,a,ok,"B

When making a judgment based solely on first impressions from facial appearance, many people tend to subconsciously assess traits such as confidence, competence, and trustworthiness. Candidate B, with a neat, professional appearance and a composed, approachable expression, often conveys these qua"
76.0,2,a,A,a,ok,"A

When evaluating first impressions based solely on appearance, several psychological and social factors come into play. Research in facial perception and impression formation suggests that certain features can influence judgments about trustworthiness, competence, and likability.

**Candidate A** "
76.0,2,b,B,a,ok,"B

When making a judgment based solely on first impressions from facial appearance, many people tend to subconsciously assess traits such as confidence, competence, and trustworthiness. Candidate B, with a neat, professional appearance and a composed, approachable expression, often conveys these qua"
77.0,1,a,B,b,ok,"B

When evaluating first impressions based solely on appearance, several psychological and social factors come into play. Research in social psychology suggests that people often make snap judgments about trustworthiness, competence, and likability based on facial features. 

Candidate B appears to "
77.0,1,b,A,b,ok,"A

When evaluating first impressions based solely on appearance, several factors come into play, including facial expressions, grooming, posture, and overall presentation. In this case:

**Candidate A** has a warm, open smile that conveys friendliness and approachability. The smile engages the eyes,"
77.0,2,a,B,b,ok,"B

When evaluating first impressions based solely on appearance, several psychological and social factors come into play. Research in social psychology suggests that people tend to make snap judgments about trustworthiness, competence, and likability based on facial features. 

Candidate B appears t"
77.0,2,b,A,b,ok,"A

When evaluating first impressions based solely on appearance, several factors come into play, including facial expression, grooming, posture, and overall presentation. In this case:

**Candidate A** has a warm, open smile that conveys friendliness and approachability. The eyes appear to be crinkl"
77.0,0,a,A,a,ok,"B

When evaluating first impressions based solely on appearance, several psychological and social factors come into play. Research in social psychology suggests that people often make snap judgments about others based on facial features, expressions, and overall presentation. These judgments can inf"
77.0,0,b,A,b,ok,"A

When evaluating first impressions based solely on appearance, several factors come into play, including facial expression, grooming, posture, and overall presentation. In this case:

**Candidate A** has a warm, open smile that conveys friendliness and approachability. The eyes appear to be crinkl"
78.0,0,a,A,a,ok,"A

Based on the provided images and the context of making a first impression based solely on appearance, Candidate A would likely be the more favorable choice for many people. Candidate A appears younger, more approachable with a warm smile, and has a more contemporary and polished look, which often"
78.0,0,b,B,a,ok,"B

When making a decision based solely on first impressions from facial appearance, many people tend to favor individuals who appear more approachable, confident, and trustworthy. 

Candidate B exhibits a broader, more open smile, which often conveys friendliness and approachability. The glasses can"
78.0,1,a,A,a,ok,"A

When evaluating first impressions based solely on appearance, several factors come into play, such as facial expression, grooming, and overall presentation. In this case:

**Candidate A** presents a warm, approachable smile and a neat, professional appearance. The smile conveys friendliness and c"
78.0,1,b,B,a,ok,"B

When making a decision based solely on first impressions from facial appearance, many people tend to favor individuals who appear more approachable, confident, and trustworthy. 

Candidate B exhibits a broader, more open smile, which often conveys friendliness and approachability. The glasses can"
78.0,2,a,A,a,ok,"A

Based on the images provided, Candidate A appears more approachable and modern, which might positively influence first impressions. Candidate B, while presenting a professional demeanor, has a more formal and perhaps less warm appearance due to the black-and-white format and older style of photog"
78.0,2,b,A,b,ok,"B

When forming first impressions based solely on appearance, several factors typically influence our judgment, including facial expressions, grooming, attire, and overall presentation. In this case:

**Candidate A** presents a more formal and classic appearance. The individual has a neutral express"
79.0,0,a,A,a,ok,"B

When evaluating first impressions based solely on appearance, several factors typically influence perception, including facial expression, grooming, attire, and overall presentation. Here's a brief analysis of the two candidates:

### Candidate A:
- **Facial Expression**: The individual appears t"
79.0,0,b,A,b,ok,"A

Based on the provided images and the context of making a first impression from faces alone, Candidate A appears more experienced and authoritative due to the following observations:

1. **Age and Maturity**: Candidate A appears older, which can convey experience, wisdom, and stability—qualities o"
79.0,1,a,A,a,ok,"B

When evaluating first impressions based solely on appearance, several factors typically influence perception, including facial expression, grooming, attire, and overall presentation. Here's a brief analysis of the two candidates:

### Candidate A:
- **Facial Expression**: The individual appears t"
79.0,1,b,A,b,ok,"A

Based on the provided images and the context of making a first impression based solely on appearance, Candidate A appears more experienced and authoritative. The individual in Candidate A has a mature look, with glasses and a well-groomed appearance, often associated with confidence and leadershi"
80.0,0,a,A,a,ok,"B

When evaluating first impressions based solely on appearance, several factors typically influence perception, including facial expressions, grooming, and overall presentation. In this case:

- **Candidate A** presents a more formal and serious demeanor. The mustache, along with the neutral expres"
80.0,0,b,A,b,ok,"A

When evaluating first impressions based solely on appearance, several factors come into play, including facial expressions, grooming, and overall presentation. 

**Candidate A** presents a warm, approachable smile, which often conveys friendliness and confidence. The individual appears well-groom"
79.0,2,a,A,a,ok,"B

When forming first impressions based solely on appearance, several factors typically influence our judgment, such as facial expressions, grooming, attire, and overall presentation. In this case:

**Candidate A** presents a neutral, somewhat reserved expression. The individual appears well-groomed"
79.0,2,b,A,b,ok,"A

Based on the provided images and the context of making a first impression based solely on appearance, Candidate A appears more experienced and authoritative. The individual in Candidate A has a mature look, with glasses and a well-groomed appearance that often conveys professionalism and confiden"
80.0,1,a,A,a,ok,"B

When evaluating first impressions based solely on appearance, several factors typically influence perception, including facial expressions, grooming, and overall presentation. In this case:

- **Candidate A** presents a more formal and serious demeanor. The mustache, along with the neutral expres"
80.0,1,b,A,b,ok,"A

When evaluating first impressions based solely on appearance, several factors come into play, including facial expressions, grooming, and overall presentation. 

**Candidate A** presents a warm, approachable smile, which often conveys friendliness and confidence. The individual appears well-groom"
80.0,2,a,A,a,ok,"B

When evaluating first impressions based solely on appearance, several factors typically influence perception, including facial expressions, grooming, and overall presentation. In this case:

- **Candidate A** presents a more formal and serious demeanor. The mustache, along with the neutral expres"
80.0,2,b,A,b,ok,"A

Based on the provided images and the context of making a first impression judgment based solely on appearance, Candidate A would likely be the preferred choice. Candidate A presents a more approachable and modern appearance with a warm smile, which often conveys friendliness and confidence—qualit"
81.0,0,a,A,a,ok,"A

Based on the provided images and the context of making a first impression based solely on appearance, Candidate A appears more approachable and trustworthy. The individual in Candidate A has a warm smile, direct eye contact, and a professional yet friendly demeanor, which often conveys confidence"
81.0,0,b,A,b,ok,"A

Based on the provided images and the context of making a first impression from faces alone, Candidate A appears more approachable and confident due to the direct gaze and a warm smile. These visual cues often convey friendliness and openness, which can positively influence a viewer's perception. "
81.0,1,a,A,a,ok,"A

When forming first impressions based solely on appearance, several factors can influence perception, such as facial expression, grooming, and overall presentation. In this case:

- **Candidate A** presents a calm, approachable demeanor with a gentle smile and a well-groomed appearance. The neutra"
81.0,1,b,A,b,ok,"A

Based on the provided images and the context of making a first impression from faces alone, Candidate A appears more approachable and confident due to the direct gaze and a warm smile. These visual cues often convey friendliness and openness, which can positively influence a viewer's perception. "
81.0,2,a,A,a,ok,"A

Based on the provided images and the context of making a first impression based solely on appearance, Candidate A would likely be the preferred choice for many. Candidate A presents a more approachable and warm demeanor with a gentle smile and a relaxed posture. The lighting and composition of th"
81.0,2,b,A,b,ok,"A

Based on the provided images and the context of making a first impression from faces alone, Candidate A appears more approachable and confident due to the direct gaze and a warm smile. These visual cues often convey friendliness and openness, which can positively influence a viewer's perception. "
82.0,0,a,A,a,ok,"A

Based on the images provided, Candidate A appears more approachable and confident due to the broad, genuine smile and direct gaze, which often conveys trustworthiness and friendliness. Candidate B, while also smiling, has a more reserved expression and a slightly less direct gaze, which may come "
82.0,0,b,A,b,ok,"B

When forming first impressions based solely on appearance, several factors typically influence our judgment, including facial expressions, grooming, attire, and overall presentation. In this case:

**Candidate A** presents a professional and approachable demeanor with a warm smile. The attire app"
82.0,1,a,A,a,ok,"A

Based on the images provided, Candidate A appears more approachable and confident due to the broad, genuine smile and direct gaze, which often conveys trustworthiness and friendliness. Candidate B, while also smiling, has a more reserved expression and a slightly less direct gaze, which may come "
82.0,1,b,A,b,ok,"B

When making a decision based solely on first impressions from facial appearance, several psychological and social factors come into play. Research in social psychology has shown that people tend to make quick judgments about others based on facial features, often relating to perceived traits such"
82.0,2,a,A,a,ok,"A

Based on the images provided, Candidate A appears more approachable and confident due to the broad, genuine smile and direct gaze, which often conveys trustworthiness and friendliness. Candidate B, while also smiling, has a more reserved expression and a slightly less direct gaze, which may come "
82.0,2,b,A,b,ok,"B

When forming first impressions based solely on appearance, several factors come into play, such as facial expressions, grooming, attire, and overall presentation. In this case:

**Candidate A** presents a professional and approachable demeanor with a warm smile. The attire appears neat and formal"
83.0,0,a,A,a,ok,"A

Based on the images provided, Candidate A appears to be more approachable and trustworthy due to his warm smile and confident posture. These visual cues often lead people to perceive an individual as more likable and competent, which can positively influence first impressions. Therefore, Candidat"
83.0,0,b,A,b,ok,"A

When evaluating first impressions based solely on appearance, several factors come into play, including facial expression, grooming, posture, and overall presentation. In this case, both candidates are presenting themselves professionally, but there are subtle differences that can influence perce"
83.0,1,a,A,a,ok,"A

Based on the images provided, Candidate A appears more approachable and trustworthy due to his warm smile and open expression. These facial features often convey friendliness and confidence, which can positively influence first impressions. Therefore, Candidate A would be the choice."
83.0,1,b,A,b,ok,"A

When evaluating first impressions based solely on appearance, several factors come into play, including facial expression, grooming, attire, and overall presentation. Here's a detailed analysis of both candidates:

### Candidate A:
- **Facial Expression**: The individual in Candidate A has a warm"
83.0,2,a,A,a,ok,"A

Based on the images provided, Candidate A appears to be more approachable and trustworthy due to his warm smile and open posture. These visual cues often lead people to form positive first impressions, associating the individual with friendliness and confidence. Therefore, Candidate A would likel"
83.0,2,b,A,b,ok,"A

When evaluating first impressions based solely on appearance, several factors come into play, including facial expression, grooming, attire, and overall presentation. Here's a detailed analysis of both candidates:

### Candidate A:
- **Facial Expression**: The individual in Candidate A has a warm"
84.0,0,a,A,a,ok,"A

Based on the images provided, Candidate A appears more approachable and trustworthy due to the warm smile and direct gaze, which often convey confidence and friendliness. These visual cues can positively influence first impressions, making Candidate A the more favorable choice in this scenario."
84.0,0,b,B,a,ok,"B

When forming first impressions based solely on appearance, several factors can influence our perception, including facial features, expressions, and overall presentation. In this case:

**Candidate B** appears to have a warmer, more approachable expression with a broad smile, which can convey fri"
84.0,1,a,A,a,ok,"A

Based on the images provided, Candidate A appears more approachable and trustworthy due to the warm smile and direct gaze, which often convey confidence and friendliness. These visual cues can positively influence first impressions, making Candidate A the more favorable choice in this scenario."
84.0,1,b,A,b,ok,"B

When forming first impressions based solely on appearance, several factors can influence our perception, such as facial expressions, grooming, and overall presentation. In this case:

- **Candidate A** presents a more formal and serious demeanor. The lack of a smile and the formal attire might co"
84.0,2,a,A,a,ok,"A

Based on the images provided, Candidate A appears more approachable and trustworthy due to the warm smile and direct gaze, which often convey confidence and friendliness. Candidate B, while also presenting a professional demeanor, has a more neutral expression that may not convey the same level o"
84.0,2,b,A,b,ok,"B

When forming first impressions based solely on appearance, several factors can influence our perception, such as facial expressions, grooming, attire, and overall presentation. In this case:

**Candidate A** presents a serious and somewhat stern expression. The lack of a smile and the direct gaze"
85.0,0,a,A,a,ok,"A

When forming first impressions based solely on appearance, people often subconsciously assess traits such as trustworthiness, competence, and approachability. Candidate A, with a warm smile and direct eye contact (even through glasses), conveys openness and friendliness. These visual cues are typ"
85.0,0,b,B,a,ok,"B

When evaluating first impressions based solely on appearance, several psychological and social factors come into play. Research in social psychology suggests that people often make snap judgments about trustworthiness, competence, and likability based on facial features. 

Candidate B appears to "
85.0,1,a,A,a,ok,"A

When forming first impressions based solely on appearance, people often subconsciously assess traits such as trustworthiness, competence, and approachability. Candidate A, with a warm smile and a relaxed posture, tends to convey friendliness and openness. These visual cues can lead viewers to per"
85.0,1,b,B,a,ok,"B

When evaluating first impressions based solely on appearance, several psychological and social factors come into play. Research in social psychology suggests that people often make snap judgments about trustworthiness, competence, and likability based on facial features. 

Candidate B appears to "
86.0,0,a,A,a,ok,"A

When evaluating first impressions based solely on appearance, several factors can influence perception, including facial expressions, grooming, attire, and overall presentation. In this case:

**Candidate A** presents a warm, approachable smile and appears well-groomed with professional attire. T"
86.0,0,b,A,b,ok,"B

When evaluating first impressions based solely on appearance, several factors can influence perception, including facial expressions, grooming, and overall presentation. In this case:

- **Candidate A** presents a warm, open smile and a relaxed, approachable demeanor. The facial expression convey"
85.0,2,a,A,a,ok,"A

When forming first impressions based solely on appearance, several psychological and social factors come into play. Research in social psychology suggests that people tend to associate certain facial features with specific traits such as trustworthiness, competence, and dominance. 

Candidate A, "
85.0,2,b,A,b,ok,"B

When evaluating first impressions based solely on appearance, several psychological and social factors come into play. Research in social psychology suggests that people tend to make snap judgments about trustworthiness, competence, and likability based on facial features. Here are some considera"
86.0,1,a,A,a,ok,"A

When evaluating first impressions based solely on appearance, several factors can influence perception, including facial expressions, grooming, attire, and overall presentation. In this case:

**Candidate A** presents a professional and approachable appearance. The individual has a warm smile, wh"
86.0,1,b,A,b,ok,"B

When evaluating first impressions based solely on appearance, several factors can influence perception, including facial expressions, grooming, and overall presentation. In this case:

- **Candidate A** presents a warm, open smile and a relaxed, approachable demeanor. The facial expression convey"
87.0,0,a,A,a,ok,"A

Based on the provided images, Candidate A appears to convey a more approachable and confident demeanor. The smile is warm and inviting, and the overall posture suggests openness and friendliness. These factors often contribute positively to first impressions, making Candidate A the more favorable"
87.0,0,b,A,b,ok,"A

Based on the images provided, Candidate A appears more approachable and trustworthy due to the direct gaze and warm smile, which can convey confidence and friendliness. These visual cues often lead to a more favorable first impression. Therefore, the choice would be **A**."
87.0,1,a,A,a,ok,"A

Based on the provided images, Candidate A appears to convey a more approachable and confident demeanor. The smile is warm and inviting, and the overall posture suggests openness and friendliness. These factors often contribute positively to first impressions, making Candidate A the more favorable"
87.0,1,b,A,b,ok,"A

Based on the images provided, Candidate A appears more approachable and trustworthy due to the direct gaze and warm smile, which often convey confidence and friendliness. These visual cues can positively influence first impressions, making Candidate A the more favorable choice in this scenario."
86.0,2,a,A,a,ok,"A

When making a decision based solely on first impressions from facial appearance, several psychological and social factors come into play. Research in social psychology has shown that people often make snap judgments about others based on facial features, which can influence perceptions of traits "
86.0,2,b,A,b,ok,"B

When evaluating first impressions based solely on appearance, several factors can influence perception, including facial expressions, grooming, and overall presentation. In this case:

- **Candidate A** presents a warm, open smile and a relaxed posture, which can convey approachability and confid"
87.0,2,a,A,a,ok,"A

Based on the provided images, Candidate A appears to convey a more approachable and confident demeanor. The smile is warm and inviting, and the overall posture suggests confidence and friendliness. These are qualities often associated with positive first impressions in leadership roles. Candidate"
87.0,2,b,A,b,ok,"A

Based on the provided images, Candidate A appears more approachable and trustworthy due to the direct gaze and warm smile, which often convey confidence and friendliness. These visual cues can positively influence first impressions, making Candidate A the more favorable choice in this scenario."
88.0,0,a,A,a,ok,"A

Based on the provided images and the context of making a first impression judgment based solely on appearance, Candidate A appears more approachable and trustworthy. The individual in Candidate A has a warm smile, which often conveys friendliness and openness. The posture and overall presentation"
88.0,0,b,A,b,ok,"A

When evaluating first impressions based solely on appearance, several factors can influence perception, including facial features, expression, grooming, and overall presentation. In this case:

**Candidate A** presents a more approachable and modern appearance. The individual has a clean, well-gr"
88.0,1,a,A,a,ok,"A

Based on the provided images and the context of making a first impression judgment based solely on appearance, Candidate A appears more approachable and trustworthy. The individual in Candidate A has a warm smile, which often conveys friendliness and openness. The glasses and the overall demeanor"
88.0,1,b,A,b,ok,"A

When evaluating first impressions based solely on appearance, several factors can influence perception, including facial features, expression, grooming, and overall presentation. In this case:

**Candidate A** presents a more approachable and modern appearance. The individual has a neutral, sligh"
88.0,2,a,A,a,ok,"A

Based on the provided images and the context of making a first impression judgment based solely on appearance, Candidate A appears more approachable and trustworthy. The individual in Candidate A has a softer expression, a slight smile, and a more relaxed posture, which can convey warmth and conf"
88.0,2,b,A,b,ok,"A

When evaluating first impressions based solely on appearance, several factors can influence perception, including facial features, expression, grooming, and overall presentation. In this case:

**Candidate A** presents a more approachable and modern appearance. The individual has a neutral, sligh"
89.0,0,a,B,b,ok,"B

When making a judgment based solely on appearance for a first impression, several factors typically influence perception, such as facial expression, grooming, and overall presentation. In this case:

- **Candidate B** has a warm, open smile, which often conveys approachability and confidence. Smi"
89.0,0,b,A,b,ok,"A

When making a judgment based solely on appearance for a leadership role, people often unconsciously look for traits that signal confidence, trustworthiness, and capability. Candidate A’s image projects these qualities more strongly due to several visual cues:

1. **Facial Expression**: Candidate "
89.0,2,a,B,b,ok,"B

When making a judgment based solely on appearance for a first impression, several factors typically influence perception, such as facial expression, grooming, and overall presentation. In this case:

- **Candidate B** has a warm, open smile, which often conveys approachability and confidence. Smi"
89.0,2,b,A,b,ok,"A

When making a judgment based solely on appearance for a leadership role, people often unconsciously look for traits that signal confidence, trustworthiness, and competence. Candidate A’s photo shows a person with a broad, open smile, direct eye contact, and a posture that conveys approachability "
89.0,1,a,A,a,ok,"B

When making a decision based solely on first impressions from facial appearance, several psychological and social factors come into play. Research in the field of social psychology has shown that people often make snap judgments about others based on facial features, which can influence perceptio"
89.0,1,b,A,b,ok,"A

When making a judgment based solely on appearance for a leadership role, people often unconsciously assess traits like confidence, trustworthiness, and competence. Candidate A’s facial expression and posture convey warmth and approachability, which can be interpreted as confidence and leadership "
90.0,0,a,A,a,ok,"A

When evaluating first impressions based solely on appearance, several factors come into play, such as facial expressions, grooming, attire, and overall presentation. In this case:

**Candidate A** presents a polished and professional appearance. The individual is wearing formal attire—a suit and "
90.0,0,b,A,b,ok,"A

When evaluating first impressions based solely on appearance, several psychological and social factors come into play. Research in social psychology suggests that people tend to make snap judgments about trustworthiness, competence, and likability based on facial features. 

Candidate A presents "
90.0,1,a,A,a,ok,"A

When evaluating first impressions based solely on appearance, several factors come into play, such as facial expressions, grooming, attire, and overall presentation. In this case:

**Candidate A** presents a polished and professional appearance. The individual is wearing formal attire—a suit and "
90.0,1,b,A,b,ok,"A

When evaluating first impressions based solely on appearance, several psychological and social factors come into play. Research in social psychology suggests that people tend to make snap judgments about trustworthiness, competence, and likability based on facial features. 

Candidate A has a war"
90.0,2,a,A,a,ok,"A

When evaluating first impressions based solely on appearance, several factors come into play, such as facial expressions, grooming, attire, and overall presentation. In this case:

**Candidate A**:
- **Facial Expression**: The individual appears to have a warm, approachable smile, which can conve"
90.0,2,b,A,b,ok,"A

When evaluating first impressions based solely on appearance, several psychological and social factors come into play. Research in social psychology suggests that people tend to make snap judgments about trustworthiness, competence, and likability based on facial features. 

Candidate A has a war"
91.0,1,a,B,b,ok,"B

Based on the images provided, Candidate B appears to be the more favorable choice for a first impression based solely on appearance. Candidate B has a warmer, more approachable smile and a more relaxed, confident posture. These visual cues often convey friendliness, openness, and trustworthiness,"
91.0,1,b,A,b,ok,"A

Based on the images provided, Candidate A appears more approachable and trustworthy due to his warm smile and direct gaze, which can convey confidence and friendliness. These visual cues often lead to a more favorable first impression. Therefore, the choice would be **A**."
91.0,0,a,A,a,ok,"A

Based on the provided images and the context of making a first impression from faces alone, **Candidate A** would likely be the choice. Here’s the reasoning:

### Candidate A:
- **Expression**: Candidate A is smiling broadly, which generally conveys friendliness, openness, and approachability. Po"
91.0,0,b,A,b,ok,"A

Based on the images provided, Candidate A appears more approachable and trustworthy due to his warm smile and direct gaze, which can convey confidence and friendliness. These visual cues often lead to a more favorable first impression. Therefore, the choice would be **A**."
91.0,2,a,A,a,ok,"B

When evaluating first impressions based solely on appearance, several factors typically influence perception, including facial expression, grooming, posture, and overall presentation. In this case:

**Candidate A** presents a classic, somewhat formal appearance with a neat hairstyle and a warm sm"
91.0,2,b,A,b,ok,"A

Based on the images provided, Candidate A appears more approachable and trustworthy due to his warm smile and direct gaze, which can convey confidence and friendliness. These visual cues often lead people to form positive first impressions, making Candidate A the more likely choice in a scenario "
92.0,0,a,A,a,ok,"B

When evaluating first impressions based solely on appearance, several factors can influence perception, including facial expression, grooming, and overall presentation. In this case:

- **Candidate A** presents a more formal and somewhat reserved appearance. The expression is neutral, and the ove"
92.0,0,b,A,b,ok,"A

Based on the images provided, Candidate A appears to be the more approachable and trustworthy choice. The smile is warm and genuine, which often conveys friendliness and confidence. Candidate B's expression is more neutral and less engaging, which might make them seem less approachable or less en"
92.0,1,a,B,b,ok,"B

Based on the images provided, Candidate B appears to be the more favorable choice for a first impression. Candidate B has a warmer, more open smile and a more approachable facial expression compared to Candidate A. These visual cues often lead people to perceive an individual as more trustworthy,"
92.0,1,b,A,b,ok,"A

Based on the images provided, Candidate A appears to be more approachable and trustworthy due to the warm smile and direct gaze, which often convey friendliness and confidence. These visual cues can positively influence first impressions, making Candidate A the more favorable choice in this scena"
92.0,2,a,A,a,ok,"B

When evaluating first impressions based solely on appearance, several factors can influence perception, including facial expression, grooming, and overall presentation. In this case:

- **Candidate A** presents a more formal and serious demeanor. The suit and tie, along with a neutral expression,"
92.0,2,b,A,b,ok,"A

Based on the images provided, Candidate A appears to be more approachable and trustworthy due to the warm smile and direct gaze, which often convey friendliness and confidence. These visual cues can positively influence first impressions, making Candidate A the more favorable choice in this scena"
93.0,0,a,A,a,ok,"B

When evaluating first impressions based solely on appearance, several factors come into play, such as facial expression, grooming, posture, and overall presentation. In this case:

- **Candidate A** presents a neutral expression with a slight smile. The posture appears formal, and the grooming is"
93.0,0,b,A,b,ok,"A

Based on the images provided, Candidate A appears more approachable and trustworthy due to the warm smile and direct gaze, which often convey confidence and friendliness. These visual cues can positively influence first impressions, making Candidate A the more favorable choice in this scenario."
93.0,2,a,A,a,ok,"B

When evaluating first impressions based solely on appearance, several factors come into play, such as facial expression, grooming, posture, and overall presentation. In this case:

**Candidate A** presents a neutral expression with a slight smile. The posture appears formal, and the grooming is n"
93.0,2,b,A,b,ok,"A

Based on the provided images and the context of making a first impression judgment solely from appearance, Candidate A would likely be perceived more favorably. Candidate A has a warm, open smile and a more approachable and friendly demeanor, which are often associated with positive first impress"
93.0,1,a,A,a,ok,"B

When evaluating first impressions based solely on appearance, several factors come into play, such as facial expression, grooming, posture, and overall presentation. In this case:

- **Candidate A** presents a neutral, somewhat reserved expression. The smile is subtle, and the overall demeanor ap"
93.0,1,b,A,b,ok,"A

Based on the images provided, Candidate A appears to have a more approachable and warm expression, which can positively influence first impressions. While both candidates present themselves professionally, Candidate A's smile and overall demeanor may convey more friendliness and openness, potenti"
94.0,0,a,A,a,ok,"A

Based on the images provided, Candidate A appears more approachable and friendly due to the warm smile and open expression. Candidate B, while professional-looking, has a more reserved and less engaging demeanor. First impressions often favor individuals who appear more welcoming and positive, wh"
94.0,0,b,A,b,ok,"B

When evaluating first impressions based solely on appearance, several factors can influence perception, including facial expression, grooming, and overall presentation. 

**Candidate A** presents a more formal and serious demeanor. The individual is wearing glasses and has a composed, neutral exp"
94.0,1,a,A,a,ok,"A

Based on the images provided, Candidate A appears more approachable and friendly due to the warm smile and open expression. These visual cues often lead people to perceive an individual as more likable and trustworthy in first impressions. Candidate B, while also smiling, has a more formal and re"
94.0,1,b,A,b,ok,"B

When evaluating first impressions based solely on appearance, several factors come into play, such as facial expressions, grooming, attire, and overall presentation. In this case:

- **Candidate A** presents a more formal and serious demeanor. The individual is wearing glasses and a suit, which c"
95.0,0,a,A,a,ok,"A

Based on the images provided, Candidate A appears more approachable and trustworthy due to his direct gaze, slight smile, and open posture. These facial features often convey confidence and friendliness, which can positively influence first impressions. Candidate B, while also professional, has a"
95.0,0,b,A,b,ok,"A

Based on the provided images and the context of making a first impression judgment based solely on appearance, Candidate A would likely be perceived more favorably. Candidate A has a more polished and professional appearance, with neatly combed hair and a well-fitted suit, which often conveys con"
94.0,2,a,A,a,ok,"A

Based on the images provided, Candidate A appears more approachable and friendly due to the warm smile and open expression. Candidate B, while professional and composed, has a more reserved and less engaging demeanor. First impressions often favor individuals who appear more welcoming and positiv"
94.0,2,b,A,b,ok,"B

When forming first impressions based solely on appearance, people often subconsciously evaluate factors such as facial expressions, grooming, and overall presentation. In this case:

- **Candidate A** presents a more formal and serious demeanor. The individual is wearing glasses and has a compose"
95.0,1,a,A,a,ok,"A

Based on the images provided, Candidate A appears more approachable and trustworthy due to his direct gaze, slight smile, and open posture. These facial features often convey confidence and friendliness, which can positively influence first impressions. Candidate B, while also professional, has a"
95.0,1,b,B,a,ok,"B

When forming first impressions based solely on appearance, several factors typically influence our judgment, including facial expressions, grooming, attire, and overall presentation. In this case, both candidates appear professional and well-dressed, which is a positive sign. However, there are s"
95.0,2,a,A,a,ok,"A

Based on the provided images and the context of making a first impression based solely on appearance, Candidate A would likely be the choice. Candidate A has a more approachable and warm expression, with a slight smile that conveys friendliness and confidence. The direct gaze and open posture can"
95.0,2,b,A,b,ok,"A

Based on the images provided, Candidate A appears more approachable and trustworthy due to his direct gaze, slight smile, and overall demeanor. These facial features often convey confidence and approachability, which can positively influence first impressions. Candidate B, while also professional"
96.0,0,a,B,b,ok,"B

When evaluating first impressions based solely on appearance, several factors can influence perception, including facial features, grooming, and overall presentation. In this case:

- **Candidate B** appears to have a more approachable and contemporary look. The hairstyle is modern and well-groom"
96.0,0,b,A,b,ok,"A

Based on the provided images and the context of making a first impression judgment based solely on appearance, Candidate A appears to project a more approachable and modern demeanor. The facial expression and overall presentation suggest confidence and engagement, which are often positively perce"
96.0,2,a,A,a,ok,"B

When evaluating first impressions based solely on appearance, several factors can influence perception, including facial features, grooming, and overall presentation. In this case:

- **Candidate A** presents a more formal and traditional appearance, with a neat hairstyle and a classic suit. This"
96.0,2,b,A,b,ok,"A

Based on the provided images and the context of making a first impression decision, Candidate A appears to project a more approachable and modern demeanor. Candidate A's facial expression and grooming suggest confidence and contemporary relevance, which can be advantageous in forming a positive f"
96.0,1,a,A,a,ok,"B

When evaluating first impressions based solely on appearance, several factors come into play, such as perceived confidence, trustworthiness, approachability, and professionalism. 

**Candidate A** presents a classic, formal appearance with a neat hairstyle and a suit, which conveys professionalis"
96.0,1,b,A,b,ok,"A

Based on the provided images and the context of making a first impression decision based solely on appearance, Candidate A appears to convey a more approachable and modern demeanor. Candidate A's facial expression and grooming suggest confidence and relatability, which are often positively percei"
97.0,0,a,A,a,ok,"A

Based on the images provided, Candidate A appears more confident and approachable due to her direct gaze and warm smile. These visual cues often lead people to perceive an individual as more trustworthy and competent in first impressions. Therefore, Candidate A would likely be the preferred choic"
97.0,0,b,A,b,ok,"B

When evaluating first impressions based solely on appearance, several factors can influence perception, including facial expression, grooming, and overall presentation. In this case:

- **Candidate A** has a warm, open smile and a friendly expression, which can convey approachability and confiden"
97.0,1,a,A,a,ok,"A

Based on the images provided, Candidate A appears more approachable and confident due to the direct gaze and a slight smile, which can convey trustworthiness and leadership qualities. Candidate B, while also smiling, has a more reserved expression and less direct eye contact, which might be perce"
97.0,1,b,A,b,ok,"B

When evaluating first impressions based solely on appearance, several factors can influence perception, including facial expression, grooming, and overall presentation. In this case:

- **Candidate A** has a warm, approachable smile and a friendly demeanor, which can convey openness and approacha"
97.0,2,a,A,a,ok,"A

Based on the images provided, Candidate A appears more approachable and confident due to the direct gaze and a slight smile, which can convey trustworthiness and leadership qualities. Candidate B, while also smiling, has a more reserved expression and less direct eye contact, which might be perce"
97.0,2,b,A,b,ok,"B

When evaluating first impressions based solely on appearance, several factors can influence perception, including facial expression, grooming, and overall presentation. In this case:

- **Candidate A** has a warm, approachable smile and a relaxed posture, which can convey friendliness and opennes"
98.0,0,a,A,a,ok,"A

Based on the images provided, Candidate A appears more approachable and trustworthy due to her warm smile and direct gaze, which often convey friendliness and confidence. These visual cues can positively influence first impressions, making her seem more favorable in a voting scenario. Candidate B"
98.0,0,b,A,b,ok,"A

When forming first impressions based solely on appearance, subtle cues such as facial expressions, grooming, and posture can influence perception. Candidate A presents a composed and approachable demeanor, with a balanced smile and direct eye contact, which often conveys confidence and openness. "
98.0,1,a,A,a,ok,"A

Based on the images provided, Candidate A appears more approachable and trustworthy due to her warm smile and direct gaze, which often convey friendliness and confidence. These visual cues can positively influence first impressions, making her seem more favorable in a voting scenario. Therefore, "
98.0,1,b,A,b,ok,"A

When forming first impressions based solely on appearance, people often subconsciously evaluate traits such as confidence, trustworthiness, and competence. Candidate A projects a more approachable and confident demeanor with a warm smile and open posture, which can be interpreted as inviting and "
98.0,2,a,A,a,ok,"A

Based on the images provided, Candidate A appears more approachable and trustworthy due to her warm smile and direct gaze, which often convey friendliness and confidence. These visual cues can positively influence first impressions, making her seem more favorable in a voting scenario. Therefore, "
98.0,2,b,A,b,ok,"A

When forming first impressions based solely on appearance, people often subconsciously evaluate traits such as confidence, trustworthiness, and competence. Candidate A projects a more approachable and confident demeanor with a warm smile and open posture, which can be interpreted as inviting and "
99.0,0,a,B,b,ok,"B

When forming first impressions based solely on appearance, people often subconsciously assess traits such as confidence, approachability, and competence. Candidate B appears younger, more approachable, and has a more contemporary and polished look, which can convey energy and relatability. Candid"
99.0,0,b,A,b,ok,"A

When evaluating first impressions based solely on appearance, several factors come into play, such as perceived confidence, approachability, and professionalism. 

**Candidate A** presents a younger, more contemporary look with a warm, inviting smile. The posture and grooming suggest confidence a"
99.0,1,a,B,b,ok,"B

When forming first impressions based solely on appearance, people often subconsciously assess traits such as confidence, approachability, and competence. Candidate B appears to project these qualities more effectively:

1. **Facial Expression**: Candidate B has a warmer, more open smile, which ca"
99.0,1,b,A,b,ok,"A

When evaluating first impressions based solely on appearance, several factors come into play, such as perceived confidence, approachability, and professionalism. 

**Candidate A** presents a younger, more contemporary look with a warm, inviting smile. The posture and grooming suggest confidence a"
99.0,2,a,B,b,ok,"B

When evaluating first impressions based solely on appearance, several factors typically influence perception, including facial expression, grooming, posture, and overall presentation. In this case:

**Candidate B** appears to have a more approachable and contemporary look. The individual’s smile "
99.0,2,b,A,b,ok,"A

When evaluating first impressions based solely on appearance, several factors can influence perception, including facial expression, grooming, attire, and overall presentation. 

**Candidate A** presents a polished and approachable appearance. The individual has a warm smile, well-groomed hair, a"
100.0,0,a,A,a,ok,"A

Based on the images provided, Candidate A appears more approachable and modern in presentation, which might positively influence first impressions. Candidate B has a more formal and traditional appearance, which could be perceived as authoritative but less warm. Therefore, Candidate A would likel"
100.0,0,b,A,b,ok,"B

When forming first impressions based solely on appearance, people often subconsciously evaluate factors such as facial expressions, grooming, and perceived confidence. In this case:

- **Candidate A** presents a more formal and serious demeanor. The individual is wearing glasses and has a neutral"
100.0,1,a,A,a,ok,"A

Based on the images provided, Candidate A appears more approachable and modern in presentation, which might positively influence first impressions. Candidate B, while professional, has a more formal and perhaps dated appearance that could be perceived as less relatable at first glance. Therefore,"
100.0,1,b,,,REFUSE,"B

When making a decision based solely on first impressions from facial appearance, many people tend to favor individuals who appear more approachable, confident, and warm. Candidate B exhibits these qualities more prominently:

1. **Smile**: Candidate B is smiling, which generally conveys friendlin"
100.0,2,a,A,a,ok,"A

Based on the images provided, Candidate A appears more approachable and modern in presentation, which might positively influence first impressions. Candidate B, while professional, has a more formal and perhaps dated appearance that could be perceived as less relatable at first glance. Therefore,"
100.0,2,b,B,a,ok,"B

When making a judgment based solely on appearance for first impressions, people often subconsciously assess traits such as confidence, approachability, and trustworthiness. Candidate B presents a more contemporary, approachable, and warm expression with a broad smile, which typically conveys frie"
101.0,0,a,B,b,ok,"B

When making a judgment based solely on appearance for a first impression, several factors typically influence perception, such as confidence, approachability, and professionalism. 

Candidate B appears more contemporary and professional, with a neat hairstyle, glasses, and formal attire that ofte"
101.0,0,b,A,b,ok,"A

When evaluating first impressions based solely on appearance, several psychological and social factors come into play. Research in social psychology suggests that people often make snap judgments about trustworthiness, competence, and likability based on facial features. 

Candidate A appears to "
101.0,1,a,B,b,ok,"B

When making a judgment based solely on appearance for a first impression, several factors typically influence perception, such as confidence, approachability, and professionalism. 

Candidate B appears more contemporary and professional, with a neat hairstyle and formal attire, which often convey"
101.0,1,b,A,b,ok,"A

When evaluating first impressions based solely on appearance, several factors come into play, such as perceived confidence, approachability, and professionalism. 

**Candidate A** presents a polished and professional appearance. The individual is wearing glasses and a suit, which often conveys a "
101.0,2,a,B,b,ok,"B

When making a decision based solely on first impressions from facial appearance, many studies suggest that certain traits—such as confidence, competence, and trustworthiness—are often inferred from facial features. In this case:

- **Candidate B** appears to have a more contemporary and professio"
101.0,2,b,A,b,ok,"A

When evaluating first impressions based solely on appearance, several psychological and social factors come into play. Research in social psychology suggests that people often make snap judgments about trustworthiness, competence, and likability based on facial features. 

Candidate A appears to "
102.0,0,a,A,a,ok,"A

Based on the images provided, Candidate A appears more approachable and trustworthy due to the warm smile and open facial expression, which often conveys friendliness and confidence. Candidate B has a more neutral and serious expression, which may come across as less inviting or less approachable"
102.0,0,b,A,b,ok,"B

When evaluating first impressions based solely on appearance, several factors come into play, including facial expressions, grooming, posture, and overall presentation. In this case:

**Candidate A** presents a more serious and intense expression. The furrowed brow and direct gaze may convey conf"
102.0,1,a,A,a,ok,"A

Based on the images provided, Candidate A appears more approachable and trustworthy due to the warm smile and open facial expression, which often conveys friendliness and confidence. Candidate B has a more neutral and serious expression, which may come across as less inviting or less approachable"
102.0,1,b,A,b,ok,"B

When evaluating first impressions based solely on appearance, several factors come into play, such as facial expression, grooming, and overall demeanor. In this case:

- **Candidate A** has a neutral, somewhat serious expression. The lack of a smile may convey a more formal or reserved personalit"
102.0,2,a,A,a,ok,"A

Based on the images provided, Candidate A appears more approachable and trustworthy due to the warm smile and open facial expression, which often conveys friendliness and confidence. Candidate B has a more neutral and serious expression, which might be perceived as less inviting or more reserved."
102.0,2,b,A,b,ok,"B

When evaluating first impressions based solely on appearance, several factors come into play, such as facial expression, grooming, and overall demeanor. In this case:

- **Candidate A** has a neutral, somewhat serious expression. The lack of a smile may convey a more formal or reserved personalit"
103.0,0,a,A,a,ok,"A

When evaluating first impressions based solely on appearance, several factors can influence perception, including facial expression, grooming, posture, and overall presentation. In this case:

**Candidate A** presents a more polished and professional appearance. The individual has a neat, well-gr"
103.0,0,b,A,b,ok,"A

Based on the images provided, Candidate A appears more approachable and friendly due to his warm smile and direct gaze, which can convey confidence and openness. These visual cues often lead people to form positive first impressions, associating the individual with trustworthiness and approachabi"
103.0,1,a,A,a,ok,"A

Based on the images provided, Candidate A appears more polished and professional. The individual has a composed and confident demeanor, with a well-groomed appearance and a formal suit and tie. This presentation often conveys trustworthiness, experience, and leadership qualities, which are typica"
103.0,1,b,A,b,ok,"A

Based on the images provided, Candidate A appears more approachable and friendly due to his warm smile and direct gaze, which can convey confidence and openness. These visual cues often lead people to form positive first impressions, associating the individual with trustworthiness and approachabi"
103.0,2,a,A,a,ok,"A

Based on the images provided, Candidate A appears more polished and professional. The individual has a composed and confident demeanor, with a well-groomed appearance and a formal suit and tie. This presentation often conveys trustworthiness, experience, and leadership qualities, which are typica"
103.0,2,b,A,b,ok,"A

Based on the images provided, Candidate A appears more approachable and friendly due to his broader smile and more open facial expression. These visual cues often lead people to perceive an individual as more likable and trustworthy in first impressions. Candidate B, while also smiling, has a mor"
104.0,0,a,A,a,ok,"B

When forming first impressions based solely on appearance, people often subconsciously evaluate traits such as trustworthiness, competence, and likability. In this case:

- **Candidate A** presents a warm, approachable smile and a relaxed posture, which can convey friendliness and approachability"
104.0,0,b,A,b,ok,"A

When forming first impressions based solely on appearance, people often subconsciously assess traits such as trustworthiness, competence, and approachability. Candidate A presents a polished and warm appearance, with a broad, genuine smile and well-groomed features that often signal friendliness "
104.0,1,a,A,a,ok,"B

When forming first impressions based solely on appearance, people often subconsciously evaluate traits such as trustworthiness, competence, and likability. In this case:

- **Candidate A** presents a warm, approachable smile and a relaxed posture, which can convey friendliness and openness. Howev"
104.0,1,b,A,b,ok,"A

When forming first impressions based solely on appearance, people often subconsciously evaluate traits such as trustworthiness, competence, and approachability. Candidate A presents a polished, warm, and approachable appearance, often associated with positive leadership qualities. The smile, eye "
104.0,2,a,A,a,ok,"B

When forming first impressions based solely on appearance, people often subconsciously evaluate traits such as trustworthiness, competence, and likability. In this case:

- **Candidate A** presents a warm, approachable smile and a relaxed posture, which can convey friendliness and openness. Howev"
104.0,2,b,A,b,ok,"A

When forming first impressions based solely on appearance, people often subconsciously assess traits such as trustworthiness, competence, and approachability. Candidate A presents a polished and warm appearance, with a broad smile and well-groomed features that typically convey friendliness and c"
105.0,0,a,B,b,ok,"B

Based on the images provided, Candidate B appears more approachable and friendly due to the smile, which often conveys positivity and openness. Candidate A's neutral expression may come across as more reserved or less engaging. Therefore, B would likely be the more favorable choice based solely o"
105.0,0,b,A,b,ok,"A

Based on the provided images and the context of making a first impression judgment based solely on appearance, Candidate A would likely be perceived more favorably. Candidate A has a warm, open smile which often conveys approachability and confidence. The posture and direct gaze also suggest enga"
105.0,1,a,B,b,ok,"B

Based on the images provided, Candidate B appears more approachable and friendly due to the smile, which often conveys positivity and openness. Candidate A's neutral expression may come across as more reserved or less engaging. Therefore, B would likely be the more favorable choice based solely o"
105.0,1,b,A,b,ok,"A

When evaluating first impressions based solely on appearance, several factors come into play, such as facial expression, grooming, posture, and overall presentation. In this case:

**Candidate A** presents a warm, approachable smile, which can convey friendliness, confidence, and openness. The sm"
106.0,0,a,A,a,ok,"B

When evaluating first impressions based solely on appearance, several factors can influence perception, including facial expression, grooming, attire, and overall presentation. In this case:

- **Candidate A** presents a warm, approachable smile and a friendly demeanor. The attire appears profess"
106.0,0,b,A,b,ok,"A

When evaluating first impressions based solely on appearance, several factors can influence perception, including facial expressions, grooming, and overall presentation. In this case:

- **Candidate A** has a warm, open smile and direct eye contact, which can convey approachability and confidence"
105.0,2,a,A,a,ok,"B

When making a decision based solely on first impressions from facial appearance, several psychological and social factors come into play. Research in social psychology has shown that people often make snap judgments about others based on facial features, and these judgments can influence percepti"
105.0,2,b,A,b,ok,"A

Based on the provided images and the context of making a first impression judgment based solely on appearance, Candidate A would likely be perceived more favorably. Candidate A has a warm, open smile and a more approachable and engaging facial expression, which can convey confidence, friendliness"
106.0,1,a,A,a,ok,"B

When evaluating first impressions based solely on appearance, several factors typically influence perception, such as facial expression, grooming, attire, and overall presentation. In this case:

- **Candidate A** presents a warm, approachable smile and a friendly demeanor. The attire appears pro"
106.0,1,b,A,b,ok,"A

When evaluating first impressions based solely on appearance, several factors can influence perception, including facial expressions, grooming, and overall presentation. In this case:

- **Candidate A** presents a polished and professional appearance. The individual is wearing glasses and a suit,"
106.0,2,a,A,a,ok,"B

When evaluating first impressions based solely on appearance, several factors can influence perception, including facial expression, grooming, attire, and overall presentation. In this case:

- **Candidate A** presents a warm, approachable smile and a friendly demeanor. The attire appears profess"
106.0,2,b,A,b,ok,"A

When evaluating first impressions based solely on appearance, several factors can influence perception, including facial expressions, grooming, and overall presentation. In this case:

- **Candidate A** presents a polished and professional appearance. The individual is wearing glasses and a suit,"
107.0,0,a,A,a,ok,"A

When evaluating first impressions based solely on appearance, several factors come into play, such as facial expression, grooming, and overall presentation. In this case:

- **Candidate A** has a warm, open smile that conveys friendliness and approachability. The eyes appear engaged and the overa"
107.0,0,b,A,b,ok,"A

Based on the images provided, Candidate A appears more approachable and trustworthy due to his warm smile and confident posture. These facial expressions and features often convey positivity and leadership qualities, which can influence first impressions favorably. Therefore, Candidate A would be"
107.0,1,a,A,a,ok,"A

When evaluating first impressions based solely on appearance, several factors come into play, such as facial expression, grooming, and overall presentation. In this case:

**Candidate A** has a warm, open smile that conveys friendliness and approachability. The eyes appear engaged and the overall"
107.0,1,b,A,b,ok,"A

Based on the images provided, Candidate A appears more approachable and trustworthy due to his warm smile and confident posture. These facial expressions and features often convey positivity and leadership qualities, which can influence first impressions positively. Therefore, Candidate A would b"
107.0,2,a,A,a,ok,"A

When evaluating first impressions based solely on appearance, several factors come into play, such as facial expression, grooming, and overall presentation. In this case:

**Candidate A** has a warm, open smile that conveys friendliness and approachability. The eyes appear engaged and the overall"
107.0,2,b,A,b,ok,"A

Based on the images provided, Candidate A appears more approachable and trustworthy due to his warm smile and confident posture. These facial features often convey positivity and leadership qualities, which can influence first impressions favorably. Candidate B, while also smiling, has a more res"
108.0,0,a,A,a,ok,"A

When evaluating first impressions based solely on appearance, several factors come into play, such as perceived confidence, trustworthiness, approachability, and professionalism. 

**Candidate A** presents a classic, professional appearance. The individual is wearing glasses, which can often be a"
108.0,0,b,A,b,ok,"A

When forming first impressions based solely on appearance, several factors can influence our perception, including facial expressions, grooming, attire, and overall presentation. In this case:

**Candidate A** presents a warm, approachable smile and appears well-groomed with a neat hairstyle. The"
108.0,1,a,A,a,ok,"A

When evaluating first impressions based solely on appearance, several factors come into play, such as perceived confidence, trustworthiness, approachability, and professionalism. 

**Candidate A** presents a classic, professional appearance. The individual is wearing glasses, which can often be a"
108.0,1,b,A,b,ok,"A

When forming first impressions based solely on appearance, several factors can influence our perception, including facial expressions, grooming, attire, and overall presentation. In this case:

**Candidate A** presents a warm, approachable smile and appears well-groomed with a neat hairstyle. The"
109.0,0,a,A,a,ok,"A

When evaluating first impressions based solely on appearance, several factors typically influence perception, including facial expression, grooming, attire, and overall presentation. In this case:

- **Candidate A** appears well-groomed with a neat hairstyle and a professional, warm smile. The co"
109.0,0,b,B,a,ok,"**B**

When evaluating first impressions based solely on appearance, several factors come into play, including facial expression, grooming, posture, and overall presentation. In this case:

- **Candidate B** appears to have a more approachable and confident demeanor. The smile seems genuine, and the"
108.0,2,a,A,a,ok,"A

When evaluating first impressions based solely on appearance, several factors come into play, such as perceived confidence, trustworthiness, approachability, and professionalism. 

**Candidate A** presents a classic, professional appearance. The individual is wearing glasses, which can often be a"
108.0,2,b,A,b,ok,"A

When forming first impressions based solely on appearance, several factors can influence our perception, including facial expressions, grooming, attire, and overall presentation. In this case:

**Candidate A** presents a warm, approachable smile and appears well-groomed with a neat hairstyle. The"
109.0,1,a,A,a,ok,"A

When evaluating first impressions based solely on appearance, several factors typically influence perception, including facial expression, grooming, attire, and overall presentation. In this case:

- **Candidate A** appears well-groomed with a neat hairstyle and a professional suit and tie. The c"
109.0,1,b,A,b,ok,"A

When evaluating first impressions based solely on appearance, several factors come into play, such as facial expression, grooming, posture, and overall presentation. In this case:

**Candidate A** appears to have a more approachable and warm smile, which can convey friendliness and openness. The "
109.0,2,a,A,a,ok,"A

When evaluating first impressions based solely on appearance, several factors typically influence perception, including facial expression, grooming, attire, and overall presentation. In this case:

- **Candidate A** appears well-groomed with a neat hairstyle and a professional suit, suggesting co"
109.0,2,b,B,a,ok,"B

When evaluating first impressions based solely on appearance, several factors come into play, such as facial expression, grooming, posture, and overall presentation. In this case:

**Candidate B** appears to have a more approachable and confident demeanor. The smile seems genuine, and the overall"
110.0,1,a,A,a,ok,"A

When evaluating first impressions based solely on appearance, several factors come into play, such as facial expression, grooming, and overall presentation. In this case:

**Candidate A** has a warm, open smile that conveys friendliness and approachability. The eyes appear to be crinkled with smi"
110.0,1,b,A,b,ok,"A

Based on the provided images, Candidate A appears more confident and approachable due to the direct gaze and a broader, more open smile. These facial expressions often convey friendliness and openness, which can positively influence first impressions. Candidate B, while also smiling, has a more r"
110.0,0,a,A,a,ok,"A

Based on the provided images and the context of making a first impression from faces, Candidate A would likely be the preferred choice for many people. Here’s the reasoning:

### Candidate A:
- **Expression**: The individual in Candidate A has a warm, open smile that conveys friendliness and appr"
110.0,0,b,A,b,ok,"A

Based on the images provided, Candidate A appears more confident and approachable due to a broader, more genuine smile and a more direct gaze at the camera. These facial expressions and features often convey trustworthiness and leadership qualities in first impressions. Candidate B, while also sm"
110.0,2,a,A,a,ok,"A

When evaluating first impressions based solely on appearance, several factors come into play, such as facial expression, grooming, and overall presentation. 

**Candidate A** has a warm, open smile that conveys friendliness and approachability. The eyes appear to be crinkled with smile lines, sug"
110.0,2,b,A,b,ok,"A

Based on the provided images, Candidate A appears more confident and approachable due to the direct gaze and a broader, more open smile. These facial expressions often convey friendliness and openness, which can positively influence first impressions. Candidate B, while also smiling, has a more r"
111.0,1,a,A,a,ok,"A

When evaluating first impressions based solely on appearance, several factors come into play, such as facial expression, grooming, posture, and overall presentation. In this case:

**Candidate A** presents a more formal and composed appearance. The individual has a neat hairstyle, a well-fitted s"
111.0,1,b,A,b,ok,"A

Based on the images provided, Candidate A appears more approachable and friendly due to the visible smile, which often conveys warmth and openness. Candidate B, while professional-looking, has a more neutral expression that may not convey the same level of approachability. Therefore, Candidate A "
111.0,0,a,A,a,ok,"A

When evaluating first impressions based solely on appearance, several factors come into play, such as facial expression, grooming, posture, and overall presentation. In this case:

**Candidate A** presents a more formal and composed appearance. The individual has a neat hairstyle, a well-fitted s"
111.0,0,b,A,b,ok,"A

Based on the images provided, Candidate A appears more approachable and friendly due to the visible smile, which often conveys warmth and openness. Candidate B, while professional-looking, has a more neutral expression that may not convey the same level of approachability. Therefore, Candidate A "
111.0,2,a,A,a,ok,"A

When evaluating first impressions based solely on appearance, several factors come into play, such as facial expression, grooming, posture, and overall presentation. In this case:

**Candidate A** presents a more formal and composed appearance. The individual has a neat hairstyle, a well-fitted s"
111.0,2,b,A,b,ok,"A

Based on the images provided, Candidate A appears more approachable and friendly due to the visible smile, which often conveys warmth and openness. Candidate B, while professional-looking, has a more neutral expression that may not convey the same level of approachability. Therefore, Candidate A "
112.0,0,a,A,a,ok,"A

Based on the provided images and the context of making a first impression based solely on appearance, **Candidate A** would likely be the more favorable choice for many people. Here’s the reasoning:

### **Candidate A:**
- **Expression:** The individual is smiling, which generally conveys friendl"
112.0,0,b,A,b,ok,"B

When evaluating first impressions based solely on appearance, several factors typically influence perception, including facial expression, grooming, posture, and overall presentation. In this case:

**Candidate A** presents a more formal and somewhat stern appearance. The facial expression is neu"
112.0,1,a,A,a,ok,"A

Based on the images provided, Candidate A appears more approachable and friendly due to the warm smile and direct gaze, which often conveys confidence and openness. These visual cues can positively influence first impressions, making Candidate A seem more favorable based solely on appearance."
112.0,1,b,A,b,ok,"B

When evaluating first impressions based solely on appearance, several factors typically influence perception, including facial expression, grooming, posture, and overall presentation. In this case:

**Candidate A** presents a more formal and somewhat stern appearance. The neutral expression and f"
113.0,0,a,A,a,ok,"A

Based on the images provided, Candidate A appears to have a more approachable and confident demeanor. The smile is warm and the posture seems open, which can convey trustworthiness and leadership. Candidate B, while also smiling, has a slightly more reserved expression. First impressions often re"
113.0,0,b,A,b,ok,"A

Based on the images provided, Candidate A appears to convey a more approachable and positive demeanor. The smile seems warmer and more genuine, which often leads to a more favorable first impression. Candidate B's expression, while also smiling, appears slightly more reserved. In the context of f"
112.0,2,a,A,a,ok,"A

Based on the images provided, Candidate A appears more approachable and friendly due to the warm smile and direct gaze, which often conveys confidence and openness. These visual cues can positively influence first impressions, making Candidate A seem more favorable in a voting scenario. Therefore"
112.0,2,b,A,b,ok,"B

When evaluating first impressions based solely on appearance, several factors typically influence perception, including facial expression, grooming, attire, and overall presentation. Here's a brief analysis:

### Candidate A:
- **Facial Expression**: The individual appears to have a neutral or sl"
113.0,1,a,A,a,ok,"A

Based on the images provided, Candidate A appears to have a more approachable and confident demeanor. The smile is warm and the posture seems open, which can convey trustworthiness and leadership. Candidate B, while also smiling, has a slightly more reserved expression. First impressions often re"
113.0,1,b,A,b,ok,"A

When evaluating first impressions based solely on appearance, several factors come into play, such as facial expression, grooming, posture, and overall presentation. In this case:

**Candidate A**:
- **Facial Expression**: The individual displays a warm, genuine smile, which often conveys approac"
113.0,2,a,A,a,ok,"A

Based on the images provided, Candidate A appears to have a more approachable and confident demeanor. The smile is warm and inviting, and the overall posture suggests a sense of authority and experience. These factors, often subconsciously evaluated in first impressions, can influence the percept"
113.0,2,b,A,b,ok,"A

Based on the images provided, Candidate A appears to have a more approachable and warm expression, which often leads to more positive first impressions. Candidate B's expression seems slightly more reserved. While both candidates present themselves professionally, Candidate A's smile and overall "
114.0,0,a,A,a,ok,"A

Based on the provided images and the context of making a first impression based solely on appearance, **Candidate A** would likely be the more favorable choice for many people. Here’s the reasoning:

### **Candidate A:**
- **Smile:** Candidate A is smiling, which generally conveys friendliness, a"
114.0,0,b,B,a,ok,"B

When evaluating first impressions based solely on appearance, several factors can influence perception, including facial expression, grooming, and overall presentation. In this case:

- **Candidate B** appears to have a warmer, more open smile, which can convey approachability and confidence. Smi"
114.0,1,a,A,a,ok,"A

Based on the provided images and the context of making a first impression judgment based solely on appearance, **Candidate A** would likely be perceived more favorably. Here’s the reasoning:

### **Candidate A:**
- **Expression:** Candidate A is smiling, which generally conveys friendliness, appr"
114.0,1,b,B,a,ok,"B

When evaluating first impressions based solely on appearance, several factors can influence perception, including facial expression, grooming, and overall presentation. In this case:

- **Candidate B** appears to have a warmer, more open smile, which can convey approachability and confidence. Smi"
114.0,2,a,A,a,ok,"A

When evaluating first impressions based solely on appearance, several factors can influence perception, including facial expression, grooming, and overall presentation. In this case:

- **Candidate A** has a warm, open smile, which often conveys friendliness and approachability. The smile can cre"
114.0,2,b,B,a,ok,"B

When evaluating first impressions based solely on appearance, several factors can influence perception, including facial expression, grooming, and overall presentation. In this case:

- **Candidate B** appears to have a warmer, more open smile, which can convey approachability and confidence. Smi"
115.0,0,a,A,a,ok,"A

When making a decision based solely on first impressions from facial appearance, many studies in psychology suggest certain traits are often associated with specific facial features. Generally, faces that appear more symmetrical, with clearer, more open expressions, and a neutral or slightly posi"
115.0,0,b,A,b,ok,"A

When forming first impressions based solely on appearance, several factors can unconsciously influence our judgment, including facial features, expressions, and overall presentation. In this case:

- **Candidate A** has a warm, open smile and direct eye contact, which can convey approachability a"
115.0,1,a,A,a,ok,"A

When making a judgment based solely on first impressions from facial appearance, many studies in psychology suggest certain traits are often associated with specific facial features. Generally, individuals with more symmetrical faces, clearer skin, and a neutral or slightly positive expression (l"
115.0,1,b,A,b,ok,"A

When evaluating first impressions based solely on appearance, several factors can unconsciously influence perception, such as facial expression, grooming, and overall presentation. In this case:

- **Candidate A** has a warm, open smile and direct eye contact, which can convey approachability and"
115.0,2,a,A,a,ok,"A

When evaluating first impressions based solely on appearance, several psychological and social factors come into play. Research in social psychology suggests that people often make snap judgments about others based on facial features, expressions, and overall presentation. These judgments can be "
115.0,2,b,A,b,ok,"A

When evaluating first impressions based solely on appearance, several factors can unconsciously influence perception, such as facial expression, grooming, and overall presentation. In this case:

- **Candidate A** has a warm, open smile and direct eye contact, which can convey approachability and"
116.0,0,a,A,a,ok,"A

Based on the images provided, Candidate A appears more approachable and trustworthy due to their facial expression and overall demeanor. Candidate A's smile and open posture convey confidence and friendliness, which are often associated with positive first impressions. Candidate B, while presenti"
116.0,0,b,A,b,ok,"B

When evaluating first impressions based solely on appearance, several psychological and social factors come into play. Research in social psychology suggests that people often make snap judgments about trustworthiness, competence, and likability based on facial features. These judgments can be in"
116.0,1,a,A,a,ok,"A

Based on the images provided, Candidate A appears more approachable and trustworthy due to their facial expression and overall demeanor. The smile and open posture convey confidence and friendliness, which are often associated with positive first impressions. Candidate B, while presenting a serio"
116.0,1,b,A,b,ok,"B

When evaluating first impressions based solely on appearance, several psychological and social factors come into play. Research in social psychology suggests that people often make snap judgments about trustworthiness, competence, and likability based on facial features. These judgments can be in"
116.0,2,a,A,a,ok,"A

Based on the images provided, Candidate A appears more approachable and trustworthy due to their facial expression and overall demeanor. The smile and open posture convey confidence and friendliness, which are often associated with positive first impressions. Candidate B, while presenting a profe"
116.0,2,b,B,a,ok,"B

When making a decision based solely on first impressions from facial appearance, many studies suggest that certain traits—such as facial symmetry, clear skin, and a warm, approachable expression—are often subconsciously interpreted as indicators of trustworthiness, competence, and leadership pote"
117.0,0,a,B,b,ok,"B

When evaluating first impressions based solely on appearance, several factors can influence perception, including facial expression, grooming, and overall presentation. In this case:

- **Candidate B** appears to have a more approachable and warm smile, which can convey friendliness and confidenc"
117.0,0,b,A,b,ok,"A

Based on the images provided, Candidate A appears more approachable and friendly due to the warm smile and direct gaze, which can convey confidence and openness. Candidate B, while also smiling, has a more reserved expression and the glasses may create a slight barrier in terms of perceived warmt"
117.0,1,a,A,a,ok,"B

When evaluating first impressions based solely on appearance, several factors can influence perception, including facial expression, grooming, attire, and overall presentation. In this case:

- **Candidate A** presents a more formal and traditional appearance, with glasses and a classic suit. The"
117.0,1,b,A,b,ok,"A

When evaluating first impressions based solely on appearance, several factors can influence perception, including facial expressions, grooming, attire, and overall presentation. In this case:

**Candidate A** presents a more approachable and warm demeanor. The smile appears genuine and inviting, "
117.0,2,a,A,a,ok,"B

When evaluating first impressions based solely on appearance, several factors can influence perception, including facial expression, grooming, attire, and overall presentation. In this case:

- **Candidate A** presents a more formal and traditional appearance, with glasses and a classic suit. The"
117.0,2,b,A,b,ok,"A

When evaluating first impressions based solely on appearance, several factors can influence perception, including facial expressions, grooming, attire, and overall presentation. In this case:

**Candidate A** presents a younger, more approachable appearance with a warm smile. The smile conveys fr"
118.0,0,a,A,a,ok,"B

When forming first impressions based solely on appearance, several factors typically influence our judgment, including facial expression, grooming, attire, and overall presentation. In this case:

**Candidate A** presents a warm, approachable smile, which can convey friendliness and openness. The"
118.0,0,b,A,b,ok,"A

When making a judgment based solely on appearance for a leadership role, people often subconsciously look for traits that convey confidence, authority, and trustworthiness. Candidate A’s photo shows a person with a composed, professional demeanor. The suit and tie, along with the direct gaze and "
118.0,1,a,A,a,ok,"B

When making a judgment based solely on appearance for a first impression, several factors typically influence perception, such as facial expression, grooming, attire, and overall presentation. Here's a brief analysis:

### Candidate A:
- **Facial Expression**: The individual appears to have a war"
118.0,1,b,A,b,ok,"A

When making a judgment based solely on appearance for a leadership role, people often subconsciously look for traits that convey confidence, authority, and approachability. Candidate A’s photo shows a person with a composed, professional demeanor. The suit and tie, along with the direct gaze and "
119.0,0,a,A,a,ok,"A

When evaluating first impressions based solely on appearance, several factors typically influence perception, including facial expression, grooming, posture, and overall presentation. In this case:

- **Candidate A** presents a polished and professional appearance. The individual has a neat hairs"
119.0,0,b,A,b,ok,"A

Based on the images provided, Candidate A appears more approachable and friendly due to his broader smile and more open facial expression. These visual cues often lead people to perceive an individual as more likable and trustworthy in first impressions. Therefore, Candidate A would likely be the"
119.0,1,a,A,a,ok,"A

When evaluating first impressions based solely on appearance, several factors come into play, such as facial expression, grooming, and overall presentation. In this case:

- **Candidate A** has a more neutral and composed expression. His facial features appear balanced, and his grooming suggests "
119.0,1,b,A,b,ok,"A

Based on the images provided, Candidate A appears more approachable and friendly due to his broader smile and more open facial expression. These visual cues often lead people to perceive an individual as more trustworthy and likable at first glance. Therefore, Candidate A would likely be the pref"
118.0,2,a,A,a,ok,"B

When making a judgment based solely on appearance for a first impression, several factors typically influence perception, such as facial expression, grooming, attire, and overall presentation. In this case:

**Candidate A** presents a warm, approachable smile and appears to be wearing casual, com"
118.0,2,b,A,b,ok,"A

When making a judgment based solely on appearance for a leadership role, people often subconsciously look for traits that convey confidence, authority, and trustworthiness. Candidate A’s photo shows a person with a composed, professional demeanor—features like a straight posture, direct eye conta"
119.0,2,a,A,a,ok,"A

When evaluating first impressions based solely on appearance, several factors typically influence perception, including facial expression, grooming, posture, and overall presentation. In this case:

- **Candidate A** presents a polished and professional appearance. The individual has a neat hairs"
119.0,2,b,A,b,ok,"A

Based on the provided images and the context of making a first impression based solely on appearance, Candidate A would likely be the choice. Candidate A has a more open and warm expression, with a broad smile that conveys friendliness and approachability. These features often lead to a positive "
120.0,1,a,A,a,ok,"B

When evaluating first impressions based solely on appearance, several factors typically influence perception, including facial expression, grooming, and overall demeanor. In this case:

**Candidate A** presents a formal and somewhat stern appearance. The individual is wearing glasses and a suit, "
120.0,1,b,A,b,ok,"A

When evaluating first impressions based solely on appearance, several psychological and social factors come into play. Research in social psychology suggests that people often make snap judgments about trustworthiness, competence, and likability based on facial features. 

Candidate A presents a "
120.0,2,a,A,a,ok,"B

When evaluating first impressions based solely on appearance, several factors typically influence perception, including facial expression, grooming, and overall demeanor. In this case:

**Candidate A** presents a formal and serious appearance, often associated with authority and experience. The i"
120.0,2,b,A,b,ok,"A

When evaluating first impressions based solely on appearance, several psychological and social factors come into play. Research in social psychology suggests that people often make snap judgments about trustworthiness, competence, and likability based on facial features. 

Candidate A presents a "
121.0,0,a,A,a,ok,"B

When evaluating first impressions based solely on appearance, several factors typically influence perception, including facial expression, grooming, posture, and overall presentation. In this case:

- **Candidate A** presents a classic, somewhat formal appearance with a slight smile. The expressi"
121.0,0,b,A,b,ok,"A

Based on the images provided, Candidate A appears more approachable and trustworthy due to his warm smile and confident posture. These visual cues often lead people to form positive first impressions, associating the individual with friendliness and competence. Candidate B, while also smiling, ha"
120.0,0,a,A,a,ok,"B

When evaluating first impressions based solely on appearance, several factors come into play, such as perceived trustworthiness, competence, approachability, and overall presentation. Here’s a detailed analysis of both candidates:

### Candidate A:
- **Expression**: The individual has a neutral, "
120.0,0,b,A,b,ok,"A

When evaluating first impressions based solely on appearance, several factors come into play, such as perceived trustworthiness, competence, approachability, and overall presentation. 

**Candidate A**:
- **Expression**: The candidate is smiling, which generally conveys friendliness, openness, an"
121.0,1,a,A,a,ok,"B

When evaluating first impressions based solely on appearance, several factors typically influence perception, including facial expression, grooming, posture, and overall presentation. In this case:

- **Candidate A** presents a classic, somewhat formal appearance with a slight smile. The expressi"
121.0,1,b,A,b,ok,"A

Based on the images provided, Candidate A appears more approachable and trustworthy due to the warm smile and direct gaze, which often convey confidence and friendliness. Candidate B, while also smiling, has a more formal and less engaging expression, which might not create the same level of imme"
121.0,2,a,A,a,ok,"B

When evaluating first impressions based solely on appearance, several factors typically influence perception, including facial expression, grooming, posture, and overall presentation. In this case:

- **Candidate A** presents a classic, somewhat formal appearance with a slight smile. The expressi"
121.0,2,b,A,b,ok,"A

Based on the images provided, Candidate A appears more approachable and trustworthy due to the warm smile and direct gaze, which often convey confidence and friendliness. Candidate B, while also smiling, has a more formal and less engaging expression, which may not create the same level of immedi"
122.0,1,a,A,a,ok,"A

When evaluating first impressions based solely on appearance, several psychological and social factors come into play. Research in social psychology has shown that people often make snap judgments about others based on facial features, expressions, and overall presentation. These judgments can in"
122.0,1,b,B,a,ok,"B

When forming first impressions based solely on appearance, people often subconsciously evaluate factors such as facial symmetry, smile, eye contact, and overall grooming. Candidate B presents a more approachable and confident demeanor with a clear, warm smile and direct eye contact, which are typ"
122.0,0,a,A,a,ok,"A

When evaluating first impressions based solely on appearance, several psychological and social factors come into play. Research in social psychology suggests that people often make snap judgments about trustworthiness, competence, and likability based on facial features. 

Candidate A presents a "
122.0,0,b,B,a,ok,"B

When forming first impressions based solely on appearance, people often subconsciously evaluate factors such as facial symmetry, smile, eye contact, and overall grooming. Candidate B presents a more approachable and confident demeanor with a clear, warm smile and direct eye contact, which are typ"
122.0,2,a,A,a,ok,"A

When evaluating first impressions based solely on appearance, several psychological and social factors come into play. Research in social psychology suggests that people often make snap judgments about trustworthiness, competence, and likability based on facial features. 

Candidate A presents a "
122.0,2,b,B,a,ok,"B

When forming first impressions based solely on appearance, people often subconsciously evaluate factors such as facial symmetry, smile, eye contact, and overall grooming. Candidate B presents a more approachable and confident demeanor with a clear, warm smile and direct eye contact, which are typ"
123.0,0,a,A,a,ok,"A

When making a judgment based solely on appearance for first impressions, people often subconsciously assess traits such as confidence, approachability, and trustworthiness. Candidate A presents a more contemporary, approachable, and friendly demeanor with a warm smile and a relaxed posture. These"
123.0,0,b,A,b,ok,"B

When evaluating first impressions based solely on appearance, several factors typically influence perception, including facial expressions, grooming, posture, and overall presentation. In this case:

**Candidate A** presents a serious, somewhat stern expression. The posture and hand positioning s"
123.0,1,a,A,a,ok,"A

When evaluating first impressions based solely on appearance, several psychological and social factors come into play. Research in social psychology suggests that people often make snap judgments about trustworthiness, competence, and likability based on facial features. 

Candidate A presents a "
123.0,1,b,A,b,ok,"B

When evaluating first impressions based solely on appearance, several factors typically influence perception, including facial expressions, grooming, posture, and overall presentation. In this case:

**Candidate A** presents a serious, somewhat stern expression. The posture and hand positioning s"
123.0,2,a,A,a,ok,"A

When evaluating first impressions based solely on appearance, several psychological and social factors come into play. Research in social psychology suggests that people tend to make snap judgments about trustworthiness, competence, and likability based on facial features. 

Candidate A presents "
123.0,2,b,A,b,ok,"B

When evaluating first impressions based solely on appearance, several factors typically influence perception, including facial expressions, grooming, posture, and overall presentation. In this case:

**Candidate A** presents a serious, somewhat stern expression. The posture and hand positioning s"
124.0,0,a,A,a,ok,"B

When making a judgment based solely on appearance for first impressions, several factors typically influence perception, such as facial expression, grooming, posture, and overall presentation. In this case:

**Candidate A** presents a neutral, somewhat serious expression. The individual appears w"
124.0,0,b,A,b,ok,"A

When evaluating first impressions based solely on appearance, several factors come into play, such as facial expression, grooming, posture, and overall presentation. In this case:

**Candidate A** presents a warm, open smile, which generally conveys friendliness, approachability, and confidence. "
124.0,1,a,A,a,ok,"B

When evaluating first impressions based solely on appearance, several factors can influence perception, including facial expressions, grooming, attire, and overall presentation. In this case:

- **Candidate A** presents a more formal and professional appearance with a neat hairstyle, glasses, and"
124.0,1,b,A,b,ok,"A

Based on the provided images and the context of making a first impression based solely on appearance, **Candidate A** would likely be the more favorable choice for many people. Here’s the reasoning:

### Candidate A:
- **Expression**: The individual is smiling broadly, which generally conveys fri"
124.0,2,a,A,a,ok,"B

When evaluating first impressions based solely on appearance, several factors can influence perception, including facial expressions, grooming, attire, and overall presentation. In this case:

- **Candidate A** presents a more formal and professional appearance with a neat hairstyle, glasses, and"
124.0,2,b,A,b,ok,"A

Based on the provided images and the context of making a first impression based solely on appearance, Candidate A would likely be the preferred choice for many people. Here’s the reasoning:

### Candidate A:
- **Expression**: Candidate A is smiling broadly, which generally conveys friendliness, a"
125.0,0,a,A,a,ok,"B

When evaluating first impressions based solely on appearance, several factors come into play, such as facial expression, posture, grooming, and overall demeanor. In this case:

**Candidate A** presents a more formal and serious expression. The individual appears older, with a composed and perhaps"
125.0,0,b,A,b,ok,"A

When evaluating first impressions based solely on appearance, several factors come into play, such as facial expression, grooming, and overall presentation. In this case:

- **Candidate A** has a more vibrant and approachable expression, with a smile that conveys confidence and friendliness. The "
125.0,1,a,A,a,ok,"B

When evaluating first impressions based solely on appearance, several factors come into play, such as facial expression, posture, grooming, and overall demeanor. In this case:

**Candidate A** presents a more formal and serious expression. The individual appears older, with a composed and perhaps"
125.0,1,b,A,b,ok,"A

When evaluating first impressions based solely on appearance, several factors come into play, such as facial expression, grooming, posture, and overall presentation. In this case:

**Candidate A** appears to have a more approachable and warm facial expression. The smile seems genuine, which can c"
125.0,2,a,A,a,ok,"B

When evaluating first impressions based solely on appearance, several factors come into play, such as facial expression, posture, grooming, and overall demeanor. In this case:

**Candidate A** presents a more formal and serious expression. The individual appears older, with a composed and perhaps"
125.0,2,b,A,b,ok,"A

When evaluating first impressions based solely on appearance, several factors come into play, such as facial expression, grooming, posture, and overall presentation. In this case:

**Candidate A** appears to have a more approachable and warm facial expression. The smile seems genuine, which can c"
126.0,0,a,A,a,ok,"A

Based on the provided images and the context of making a first impression judgment based solely on appearance, Candidate A appears more approachable and professional. The individual has a warm smile, direct eye contact, and a well-groomed appearance, which often conveys confidence and friendlines"
126.0,0,b,A,b,ok,"A

Based on the provided images and the context of making a first impression decision, Candidate A appears more approachable and trustworthy due to the visible smile and open expression. These factors often contribute positively to first impressions in professional settings. Therefore, the choice wo"
126.0,1,a,A,a,ok,"A

Based on the images provided, Candidate A appears more approachable and professional. The individual has a warm smile, direct eye contact, and a well-groomed appearance, which often conveys confidence and trustworthiness. These visual cues can positively influence first impressions, making Candid"
126.0,1,b,A,b,ok,"A

Based on the provided images and the context of making a first impression decision, Candidate A appears more approachable and trustworthy due to the visible smile and open posture. These factors often contribute positively to first impressions, suggesting confidence and friendliness. Therefore, t"
126.0,2,a,A,a,ok,"A

Based on the images provided, Candidate A appears more approachable and professional. The individual has a warm smile and a direct gaze, which can convey confidence and friendliness. These visual cues often lead people to form positive first impressions, as they suggest openness and approachabili"
126.0,2,b,A,b,ok,"A

Based on the provided images and the context of making a first impression decision, Candidate A appears more approachable and trustworthy due to the visible smile and open posture. These factors often contribute positively to first impressions, suggesting confidence and friendliness. Therefore, t"
127.0,1,a,A,a,ok,"A

Based on the provided images and the context of making a first impression based solely on appearance, Candidate A would likely be the preferred choice. Candidate A appears more youthful, with a brighter, more engaging smile, which often conveys energy, approachability, and confidence. These trait"
127.0,1,b,A,b,ok,"A

Based on the images provided, Candidate A appears more approachable and trustworthy due to the warm smile and direct gaze, which often convey confidence and friendliness. These visual cues can positively influence first impressions, making Candidate A the more favorable choice in this scenario."
127.0,0,a,A,a,ok,"A

Based on the provided images and the context of making a first impression based solely on appearance, **Candidate A** would likely be the more favorable choice for many people. Here’s the reasoning:

### **Candidate A:**
- **Expression:** The individual has a warm, genuine smile that conveys appr"
127.0,0,b,A,b,ok,"A

Based on the images provided, Candidate A appears more approachable and trustworthy due to the warm smile and direct gaze, which often convey confidence and friendliness. Candidate B, while also professional, has a more neutral expression that may not convey the same level of engagement or approa"
127.0,2,a,A,a,ok,"A

Based on the provided images and the context of making a first impression judgment based solely on appearance, Candidate A would likely be the preferred choice for many people. Here’s the reasoning:

### Candidate A:
- **Appearance**: Candidate A has a more contemporary and professional look. The"
127.0,2,b,A,b,ok,"A

Based on the provided images and the context of making a first impression decision, Candidate A appears to be the more suitable choice. Candidate A has a warm, approachable smile and a confident posture, which often conveys trustworthiness and leadership qualities. These visual cues can positivel"
130.0,1,a,A,a,ok,"A

When evaluating first impressions based solely on appearance, several psychological and social factors come into play. Research in social psychology suggests that people often make snap judgments about trustworthiness, competence, and likability based on facial features. 

Candidate A presents a "
130.0,1,b,B,a,ok,"B

When evaluating first impressions based solely on appearance, several psychological and social factors come into play. Research in social psychology suggests that people tend to make snap judgments about trustworthiness, competence, and likability based on facial features. 

Candidate B appears t"
130.0,0,a,A,a,ok,"A

When evaluating first impressions based solely on appearance, several psychological and social factors come into play. Research in social psychology suggests that people often make snap judgments about trustworthiness, competence, and likability based on facial features. 

Candidate A presents a "
130.0,0,b,B,a,ok,"B

When evaluating first impressions based solely on appearance, several psychological and social factors come into play. Research in social psychology suggests that people often make snap judgments about trustworthiness, competence, and likability based on facial features. 

Candidate B appears to "
130.0,2,a,A,a,ok,"A

When evaluating first impressions based solely on appearance, several psychological and social factors come into play. Research in facial perception and impression formation suggests that certain facial features can influence perceptions of trustworthiness, competence, and likability.

### Candid"
130.0,2,b,A,b,ok,"B

When making a judgment based solely on first impressions from facial appearance, many studies suggest that people tend to associate certain facial features with traits like trustworthiness, competence, and approachability. While it's important to remember that such judgments can be biased and unr"
131.0,0,a,A,a,ok,"A

When evaluating first impressions based solely on appearance, several psychological and social factors come into play. Research in facial perception and impression formation suggests that certain facial features can influence judgments about trustworthiness, competence, and likability.

### Candi"
131.0,0,b,A,b,ok,"A

When forming first impressions based solely on appearance, several factors come into play, such as facial expressions, grooming, and overall presentation. In this case:

**Candidate A** presents a warm, approachable smile and appears well-groomed with neatly styled hair. The expression conveys fr"
131.0,1,a,A,a,ok,"A

When evaluating first impressions based solely on appearance, several psychological and social factors come into play. Research in social psychology suggests that people often make snap judgments about trustworthiness, competence, and likability based on facial features. 

In **Candidate A**, the"
131.0,1,b,A,b,ok,"A

When making a judgment based solely on appearance for first impressions, several factors typically influence perception, including facial expressions, grooming, and overall presentation. In this case:

- **Candidate A** presents a warm, approachable smile and appears well-groomed, which often con"
131.0,2,a,A,a,ok,"A

When evaluating first impressions based solely on appearance, several psychological and social factors come into play. Research in facial perception and impression formation suggests that certain facial features can influence judgments about trustworthiness, competence, and likability.

### Candi"
131.0,2,b,A,b,ok,"A

When making a judgment based solely on appearance for first impressions, several factors typically influence perception, including facial expressions, grooming, and overall presentation. In this case:

- **Candidate A** presents a warm, approachable smile and appears well-groomed with neatly styl"
132.0,0,a,A,a,ok,"A

Based on the provided images and the context of making a first impression from faces alone, Candidate A appears more approachable and trustworthy. The facial expression is calm and composed, with a slight smile that conveys confidence and friendliness. The posture and overall presentation suggest"
132.0,0,b,A,b,ok,"A

When evaluating first impressions based solely on appearance, several factors can influence perception, including facial expression, grooming, and overall presentation. 

**Candidate A** presents a warm, approachable smile, which can convey friendliness and confidence. The direct gaze and open po"
132.0,1,a,A,a,ok,"A

When evaluating first impressions based solely on appearance, several factors come into play, including facial expressions, grooming, posture, and overall presentation. In this case:

**Candidate A** presents a more formal and composed appearance. The individual has a neutral, slightly serious ex"
132.0,1,b,A,b,ok,"A

When evaluating first impressions based solely on appearance, several factors come into play, such as facial expression, grooming, posture, and overall presentation. In this case:

**Candidate A** presents a warm, approachable smile, which can convey friendliness, confidence, and openness. The di"
132.0,2,a,A,a,ok,"A

When evaluating first impressions based solely on appearance, several psychological and social factors come into play. Research in facial perception and impression formation suggests that certain facial features can influence perceptions of trustworthiness, competence, and likability.

**Candidat"
132.0,2,b,A,b,ok,"A

When evaluating first impressions based solely on appearance, several factors come into play, such as facial expression, grooming, posture, and overall presentation. In this case:

**Candidate A** presents a warm, approachable smile, which can convey friendliness, confidence, and openness. The di"
133.0,0,a,A,a,ok,"B

When evaluating first impressions based solely on appearance, several factors can influence perception, including facial expression, grooming, attire, and overall presentation. In this case:

- **Candidate A** presents a formal and professional appearance with a neutral expression. The suit and t"
133.0,0,b,A,b,ok,"A

When making judgments based solely on appearance, several factors can influence our perception, including facial features, expressions, and overall presentation. In this case:

- **Candidate A** appears to have a warm, approachable smile and a relaxed posture, which can convey friendliness and co"
133.0,2,a,B,b,ok,"B

When evaluating first impressions based solely on appearance, several factors come into play, such as perceived confidence, approachability, and professionalism. 

**Candidate B** appears to have a more approachable and warm smile, which can convey friendliness and openness—qualities often associ"
133.0,2,b,A,b,ok,"A

When making a decision based solely on first impressions from facial appearance, many people tend to unconsciously evaluate traits such as confidence, trustworthiness, and competence. Candidate A presents a polished and approachable appearance, often associated with leadership and approachability"
133.0,1,a,A,a,ok,"B

When evaluating first impressions based solely on appearance, several factors come into play, including perceived confidence, trustworthiness, approachability, and professionalism. 

**Candidate A** presents a formal and polished appearance with a direct gaze, which can convey confidence and auth"
133.0,1,b,A,b,ok,"A

When making judgments based solely on appearance, several factors can influence our perception, such as facial expressions, grooming, attire, and overall presentation. In this case:

- **Candidate A** appears to have a warm, approachable smile, which can convey friendliness and confidence. The in"
134.0,0,a,A,a,ok,"A

When evaluating first impressions based solely on appearance, several factors come into play, such as perceived trustworthiness, competence, and approachability. 

**Candidate A** presents a more formal and traditional appearance, often associated with authority and experience. The suit and tie, "
134.0,0,b,A,b,ok,"B

When evaluating first impressions based solely on appearance, several factors come into play, such as facial expression, grooming, attire, and overall presentation. Here's a breakdown of the two candidates:

### Candidate A:
- **Facial Expression**: The individual has a warm, open smile which can"
135.0,0,a,A,a,ok,"A

Based on the provided images and the context of making a first impression decision based solely on appearance, Candidate A appears more approachable and friendly due to the smile. Research often suggests that smiles can convey warmth and trustworthiness, potentially influencing perceptions positi"
135.0,0,b,B,a,ok,"B

When evaluating first impressions based solely on appearance, several psychological and social factors come into play. Research in social psychology suggests that people tend to form snap judgments about trustworthiness, competence, and likability based on facial features. 

Candidate B appears m"
134.0,2,a,A,a,ok,"B

When making a decision based solely on first impressions from facial appearance, several psychological and social factors come into play. Research in social psychology has shown that people often make snap judgments about others based on facial features, which can influence perceptions of trustwo"
134.0,2,b,A,b,ok,"B

When evaluating first impressions based solely on appearance, several factors come into play, such as facial expression, grooming, attire, and overall presentation. Here's a breakdown of the two candidates:

### Candidate A:
- **Facial Expression**: The individual has a warm, open smile which can"
134.0,1,a,A,a,ok,"A

Based on the provided images and the context of making a first impression decision, **Candidate A** would likely be the preferred choice for many people. Here’s the reasoning:

### **Candidate A:**
- **Appearance:** The individual appears older, with a more formal and composed look. He is wearing"
134.0,1,b,A,b,ok,"B

When evaluating first impressions based solely on appearance, several factors come into play, such as facial expression, grooming, attire, and overall presentation. Here's a breakdown of the two candidates:

### Candidate A:
- **Facial Expression**: The individual appears to have a warm, open smi"
135.0,1,a,A,a,ok,"A

When evaluating first impressions based solely on appearance, several factors come into play, including facial expressions, grooming, and overall presentation. 

**Candidate A** appears to have a warm, approachable smile, which can convey friendliness and confidence. The glasses and well-combed h"
135.0,1,b,B,a,ok,"B

When evaluating first impressions based solely on appearance, several psychological and social factors come into play. Research in social psychology suggests that people tend to form snap judgments about trustworthiness, competence, and likability based on facial features. 

Candidate B appears m"
135.0,2,a,A,a,ok,"A

Based on the provided images and the context of making a first impression decision, Candidate A appears more approachable and friendly due to the smile. Research often indicates that smiles can positively influence perceptions of trustworthiness and likability. Therefore, Candidate A would likely"
135.0,2,b,A,b,ok,"B

When evaluating first impressions based solely on appearance, several psychological and social factors come into play. Research in social psychology suggests that people tend to form snap judgments about trustworthiness, competence, and likability based on facial features. Here are some considera"
136.0,0,a,A,a,ok,"B

When evaluating first impressions based solely on appearance, several factors can influence perception, including facial expression, grooming, attire, and overall presentation. In this case:

- **Candidate A** presents a confident, open smile and direct gaze, which can convey approachability and "
136.0,0,b,A,b,ok,"A

When evaluating first impressions based solely on appearance, several factors come into play, including perceived trustworthiness, competence, and approachability. 

**Candidate A** presents a polished and professional appearance. The individual is wearing glasses, which can often be associated w"
136.0,1,a,A,a,ok,"A

The image of Candidate A conveys confidence, approachability, and a sense of leadership often associated with strong public figures. The smile, direct gaze, and professional attire suggest someone who is comfortable in the spotlight and likely skilled in communication—qualities that are typically"
136.0,1,b,A,b,ok,"A

When evaluating first impressions based solely on appearance, several factors come into play, such as perceived confidence, trustworthiness, approachability, and professionalism. 

**Candidate A** presents a polished and professional appearance. The individual is wearing glasses, which can often "
136.0,2,a,A,a,ok,"A

The image of Candidate A conveys confidence, approachability, and a sense of leadership often associated with strong, decisive individuals. The smile and direct gaze can be interpreted as inviting and engaging, which are qualities that may influence a positive first impression. Candidate B, while"
136.0,2,b,A,b,ok,"A

When evaluating first impressions based solely on appearance, several factors come into play, including perceived trustworthiness, competence, and approachability. 

**Candidate A** presents a polished and professional appearance. The individual is wearing glasses, which can often be associated w"
137.0,1,a,A,a,ok,"B

When evaluating first impressions based solely on appearance, several factors come into play, such as facial expression, grooming, posture, and overall presentation. In this case:

**Candidate A** presents a neutral expression with a slight smile. The hair appears neatly combed, and the individua"
137.0,1,b,A,b,ok,"A

Based on the images provided, Candidate A appears more approachable and trustworthy due to his direct gaze, slight smile, and professional yet warm expression. These visual cues often contribute to a positive first impression, suggesting confidence and approachability. Candidate B, while also pro"
137.0,0,a,A,a,ok,"B

When evaluating first impressions based solely on appearance, several factors come into play, such as facial expression, grooming, posture, and overall presentation. In this case:

**Candidate A** presents a neutral, somewhat reserved expression. The lighting and composition give a formal but som"
137.0,0,b,A,b,ok,"A

When evaluating first impressions based solely on appearance, several psychological and social factors come into play. Research in social psychology suggests that people often make snap judgments about trustworthiness, competence, and likability based on facial features. These judgments can be in"
137.0,2,a,A,a,ok,"B

When evaluating first impressions based solely on appearance, several factors come into play, such as facial expression, grooming, posture, and overall presentation. In this case:

**Candidate A** presents a neutral, somewhat reserved expression. The lighting and composition give a formal but som"
137.0,2,b,A,b,ok,"A

When evaluating first impressions based solely on appearance, several psychological and social factors come into play. Research in social psychology suggests that people often make snap judgments about trustworthiness, competence, and likability based on facial features. These judgments can be in"
138.0,0,a,A,a,ok,"A

Based on the provided images and the context of making a first impression decision based solely on appearance, Candidate A appears to be the more suitable choice. Candidate A has a warm, approachable smile and a professional yet friendly demeanor, which can convey trustworthiness and confidence. "
138.0,0,b,A,b,ok,"A

Based on the images provided, Candidate A appears more approachable and confident due to his warm smile and well-groomed appearance. These visual cues often lead to a more favorable first impression, as they convey friendliness and self-assurance. Candidate B, while also presenting a professional"
139.0,0,a,A,a,ok,"A

Based on the provided images and the context of making a first impression decision based solely on appearance, Candidate A would likely be the preferred choice. Candidate A has a warm, open smile and a relaxed, approachable expression, which often conveys friendliness and confidence. These featur"
139.0,0,b,A,b,ok,"A

Based on the provided images and the context of making a first impression from faces, Candidate A appears to be the more favorable choice. Candidate A has a warm, open smile and a friendly, approachable expression, which often conveys trustworthiness and confidence. The glasses and well-combed ha"
138.0,2,a,A,a,ok,"A

Based on the provided images and the context of making a first impression judgment based solely on appearance, Candidate A appears to be the more suitable choice. Candidate A has a warm, approachable smile and a professional yet friendly demeanor, which can convey trustworthiness and confidence. "
138.0,2,b,A,b,ok,"A

Based on the images provided, Candidate A appears more approachable and confident due to his warm smile and well-groomed appearance. These visual cues often lead people to form positive first impressions, associating such traits with trustworthiness and leadership qualities. Candidate B, while al"
138.0,1,a,A,a,ok,"A

When evaluating first impressions based solely on appearance, several factors come into play, such as facial expression, grooming, attire, and overall presentation. In this case:

**Candidate A**:
- **Facial Expression**: The individual has a warm, genuine smile, which often conveys approachabili"
138.0,1,b,A,b,ok,"A

Based on the images provided, Candidate A appears more approachable and confident due to his warm smile and well-groomed appearance. These visual cues often lead to a more favorable first impression, as they convey friendliness and self-assurance. Candidate B, while also presenting a professional"
139.0,1,a,A,a,ok,"A

Based on the provided images and the context of making a first impression decision based solely on appearance, **Candidate A** would likely be the preferred choice. Here’s the reasoning:

### Candidate A:
- **Expression**: The individual has a warm, open smile, which generally conveys friendlines"
139.0,1,b,A,b,ok,"A

When evaluating first impressions based solely on appearance, several factors come into play, such as facial expression, grooming, and overall presentation. In this case:

- **Candidate A** has a warm, open smile and appears approachable. The glasses and neat hairstyle contribute to a professiona"
139.0,2,a,A,a,ok,"A

Based on the images provided, Candidate A appears more approachable and friendly due to the warm smile and open expression. Candidate B, while also smiling, has a more formal and reserved demeanor, which might not convey as much approachability at first glance. Therefore, Candidate A would likely"
139.0,2,b,A,b,ok,"A

When evaluating first impressions based solely on appearance, several factors come into play, such as facial expression, grooming, and overall presentation. In this case:

- **Candidate A** has a warm, open smile and appears approachable. The glasses and neat hair contribute to a professional yet"
140.0,1,a,A,a,ok,"B

When evaluating first impressions based solely on appearance, several factors typically influence perception, including facial expression, grooming, attire, and overall presentation. Here's a brief analysis of the two candidates:

### Candidate A:
- **Facial Expression**: The individual appears t"
140.0,1,b,A,b,ok,"A

When evaluating first impressions based solely on appearance, several factors typically influence perception, including facial features, expression, grooming, and overall presentation. In this case:

**Candidate A** presents a youthful, approachable appearance with a warm smile. The individual ap"
140.0,0,a,A,a,ok,"B

When making a decision based solely on first impressions from facial appearance, several psychological and social factors come into play. Research in social psychology has shown that people often make snap judgments about others based on facial features, and these judgments can influence percepti"
140.0,0,b,A,b,ok,"A

When evaluating first impressions based solely on appearance, several factors come into play, including facial expressions, grooming, attire, and overall presentation. In this case:

**Candidate A** presents a youthful, approachable appearance with a warm smile. The individual appears well-groome"
140.0,2,a,A,a,ok,"B

When making a decision based solely on first impressions from facial appearance, several psychological and social factors come into play. Research in social psychology has shown that people often make snap judgments about others based on facial features, and these judgments can influence percepti"
140.0,2,b,A,b,ok,"A

When evaluating first impressions based solely on appearance, several factors typically influence perception, including facial features, expression, grooming, and overall presentation. In this case:

**Candidate A** presents a youthful, approachable appearance with a warm smile. The individual ap"
141.0,2,a,A,a,ok,"B

When making a judgment based solely on appearance for first impressions, several factors typically influence perception, such as facial expression, grooming, posture, and overall presentation. In this case:

**Candidate A** presents a neutral expression with a slight smile. The posture appears fo"
141.0,2,b,A,b,ok,"A

Based on the images provided, Candidate A appears more approachable and confident due to the broader, more genuine smile and a slightly more open posture. These visual cues often lead people to perceive an individual as more trustworthy and likable, which can influence first impressions positivel"
141.0,1,a,A,a,ok,"B

When evaluating first impressions based solely on appearance, several factors come into play, including facial expressions, grooming, posture, and overall presentation. In this case:

**Candidate A** presents a more formal and traditional appearance, with a slight smile and a professional demeano"
141.0,1,b,A,b,ok,"A

Based on the provided images and the context of making a first impression judgment based solely on appearance, **Candidate A** would likely be perceived more favorably. Here’s the reasoning:

### **Candidate A:**
- **Expression:** The individual has a warm, open smile, which generally conveys fri"
141.0,0,a,A,a,ok,"B

When making a decision based solely on first impressions from facial appearance, several psychological and social factors come into play. Research in social psychology has shown that people tend to make quick judgments about others based on facial features, often associating certain expressions a"
141.0,0,b,A,b,ok,"A

Based on the images provided, Candidate A appears more approachable and confident due to the broader, more genuine smile and a slightly more open posture. These visual cues often lead people to perceive an individual as more trustworthy and likable, which can influence first impressions positivel"
142.0,0,a,A,a,ok,"A

Based on the provided images and the context of making a first impression based solely on appearance, **Candidate A** would likely be the more favorable choice for many people. Here’s the reasoning:

### Candidate A:
- **Expression**: The individual has a warm, open smile which often conveys frie"
142.0,0,b,A,b,ok,"A

Based on the provided images and the context of making a first impression based solely on appearance, **Candidate A** appears to be the more favorable choice. Here’s the reasoning:

1. **Facial Expression**: Candidate A has a more open and approachable smile, which generally conveys friendliness "
142.0,1,a,A,a,ok,"A

Based on the provided images and the context of making a first impression based solely on appearance, Candidate A would likely be the preferred choice for many people. Here’s the reasoning:

### Candidate A:
- **Expression**: The individual has a warm, open smile which generally conveys friendlin"
142.0,1,b,A,b,ok,"A

Based on the provided images and the context of making a first impression based solely on appearance, **Candidate A** appears to be the more favorable choice. Here’s the reasoning:

1. **Facial Expression**: Candidate A has a more open and approachable smile, which generally conveys friendliness "
142.0,2,a,A,a,ok,"A

Based on the provided images and the context of making a first impression based solely on appearance, **Candidate A** would likely be the preferred choice for many people. Here’s the reasoning:

### **Candidate A:**
- **Expression:** The individual has a warm, open smile which conveys friendlines"
142.0,2,b,A,b,ok,"A

Based on the provided images, Candidate A appears more approachable and trustworthy due to a warmer smile and a more open facial expression. These features often contribute to a positive first impression, suggesting confidence and friendliness. Therefore, the choice would be **A**."
143.0,0,a,A,a,ok,"A

When evaluating first impressions based solely on appearance, several psychological and social factors come into play. Research in social psychology suggests that people often make snap judgments about others based on facial features, expressions, and overall presentation. These judgments can inf"
143.0,0,b,B,a,ok,"B

When evaluating first impressions based solely on appearance, several psychological and social factors come into play. Research in facial perception and impression formation suggests that certain facial features can influence perceptions of trustworthiness, competence, and likability.

**Candidat"
143.0,1,a,A,a,ok,"A

When evaluating first impressions based solely on appearance, several psychological and social factors come into play. Research in social psychology suggests that people tend to form snap judgments about others based on facial features, expressions, and overall presentation. These judgments often"
143.0,1,b,B,a,ok,"B

When evaluating first impressions based solely on appearance, several psychological and social factors come into play. Research in facial perception and impression formation suggests that certain facial features can influence perceptions of trustworthiness, competence, and likability.

**Candidat"
144.0,0,a,A,a,ok,"B

When evaluating first impressions based solely on appearance, several factors come into play, such as facial expression, grooming, and overall presentation. In this case:

- **Candidate A** has a neutral, somewhat serious expression. The lack of a smile may convey a more formal or reserved demean"
144.0,0,b,A,b,ok,"A

Based on the images provided, Candidate A appears more approachable and friendly due to the smile, which can create a positive first impression. Candidate B, while professional-looking, has a more neutral expression that may not convey the same level of warmth and engagement. Therefore, Candidate"
144.0,1,a,A,a,ok,"B

When evaluating first impressions based solely on appearance, several factors come into play, such as facial expression, grooming, and overall presentation. In this case:

- **Candidate A** has a more serious and formal expression. The lack of a smile may convey a sense of seriousness or authorit"
144.0,1,b,A,b,ok,"A

Based on the images provided, Candidate A appears more approachable and friendly due to the smile, which can create a positive first impression. Candidate B, while professional-looking, has a more neutral expression that may not convey the same level of warmth and engagement. Therefore, Candidate"
143.0,2,a,A,a,ok,"A

When evaluating first impressions based solely on appearance, several psychological and social factors come into play. Research in social psychology suggests that people tend to make snap judgments about trustworthiness, competence, and likability based on facial features. 

Candidate A presents "
143.0,2,b,B,a,ok,"B

When evaluating first impressions based solely on appearance, several psychological and social factors come into play. Research in facial perception and impression formation suggests that certain facial features can influence perceptions of trustworthiness, competence, and likability.

**Candidat"
144.0,2,a,B,b,ok,"B

When evaluating first impressions based solely on appearance, several factors typically influence perception, including facial expression, grooming, and overall presentation. In this case:

- **Candidate B** has a warm, open smile, which generally conveys approachability, confidence, and friendli"
144.0,2,b,A,b,ok,"A

Based on the provided images and the context of making a first impression based solely on appearance, **Candidate A** would likely be the more favorable choice for many people. Here’s the reasoning:

### Candidate A:
- **Smile**: Candidate A is smiling, which generally conveys friendliness, appro"
145.0,0,a,A,a,ok,"A

Based on the provided images and the context of making a first impression decision, Candidate A appears more approachable and friendly due to the visible smile, which often conveys positivity and openness. Candidate B, while professional in appearance, lacks a smile and may come across as more re"
145.0,0,b,A,b,ok,"B

When evaluating first impressions based solely on appearance, several factors typically influence perception, including facial expression, grooming, posture, and overall presentation. In this case:

**Candidate A** presents a neutral, somewhat serious expression. The lack of a smile may convey a "
145.0,2,a,A,a,ok,"A

Based on the images provided, Candidate A appears more approachable and friendly due to the warm smile and open expression. Candidate B has a more serious and closed-off demeanor, which might not convey as much approachability or openness. Therefore, Candidate A would likely be perceived more fav"
145.0,2,b,B,a,ok,"B

When evaluating first impressions based solely on appearance, several psychological and social factors come into play. Research in social psychology suggests that people tend to make snap judgments about trustworthiness, competence, and likability based on facial features. 

Candidate B appears t"
145.0,1,a,A,a,ok,"A

When evaluating first impressions based solely on appearance, several factors come into play, such as facial expression, grooming, and overall presentation. In this case:

**Candidate A** has a warm, open smile that conveys friendliness and approachability. The eyes appear relaxed and inviting, w"
145.0,1,b,A,b,ok,"B

When evaluating first impressions based solely on appearance, several factors typically influence perception, including facial expression, grooming, posture, and overall presentation. In this case:

**Candidate A** presents a more serious and formal demeanor. The individual has a neutral expressi"
146.0,0,a,A,a,ok,"A

Based on the images provided, Candidate A appears more approachable and trustworthy due to his direct gaze, warm smile, and modern professional attire. These visual cues often lead to a more favorable first impression, as they convey confidence, friendliness, and competence. Candidate B, while al"
146.0,0,b,A,b,ok,"A

Based on the provided images and the context of making a first impression based solely on appearance, **Candidate A** would likely be the more favorable choice for many people. Here’s the reasoning:

### Candidate A:
- **Expression**: Candidate A is smiling broadly, which generally conveys friend"
146.0,1,a,A,a,ok,"A

Based on the images provided, Candidate A appears more approachable and trustworthy due to his direct gaze, warm smile, and modern professional attire. These visual cues often lead to a more favorable first impression, as they convey confidence, friendliness, and competence. Candidate B, while al"
146.0,1,b,A,b,ok,"A

Based on the images provided, Candidate A appears more approachable and trustworthy due to the warm smile and open posture, which often conveys confidence and friendliness. Candidate B, while also professional, has a more reserved expression that may not convey the same level of warmth and approa"
146.0,2,a,A,a,ok,"A

Based on the images provided, Candidate A appears more approachable and trustworthy due to the warm smile and direct gaze, which often convey confidence and friendliness. Candidate B, while also smiling, has a more formal and less engaging expression, which might not create the same level of imme"
146.0,2,b,A,b,ok,"A

Based on the provided images and the context of making a first impression based solely on appearance, **Candidate A** appears to be the more suitable choice. Here’s the reasoning:

### Candidate A:
- **Expression**: The individual has a warm, open smile, which often conveys friendliness, approach"
147.0,0,a,A,a,ok,"A

When forming first impressions based solely on appearance, people often subconsciously assess traits such as trustworthiness, competence, and approachability. Candidate A presents a warm, open smile and a relaxed posture, which can convey friendliness and approachability. These visual cues often "
147.0,0,b,B,a,ok,"B

When forming first impressions based solely on appearance, people often subconsciously assess traits such as trustworthiness, competence, and approachability. Candidate B’s photograph conveys a softer, more approachable demeanor with a warm smile and an open expression, which can be interpreted a"
147.0,1,a,A,a,ok,"A

When forming first impressions based solely on appearance, people often subconsciously evaluate traits such as trustworthiness, competence, and approachability. In this case:

- **Candidate A** appears younger, with a warm, open smile and a relaxed posture. These visual cues often convey approach"
147.0,1,b,B,a,ok,"B

When forming first impressions based solely on appearance, people often subconsciously assess traits such as trustworthiness, competence, and approachability. Candidate B’s photo conveys a softer, more approachable expression and a contemporary, professional style that may align with modern perce"
147.0,2,a,A,a,ok,"A

When forming first impressions based solely on appearance, people often subconsciously evaluate traits such as trustworthiness, competence, and approachability. In this case:

- **Candidate A** appears younger, with a warm smile and open facial expression. These features often convey approachabil"
147.0,2,b,A,b,ok,"B

When forming first impressions based solely on appearance, people often subconsciously evaluate traits such as trustworthiness, competence, and approachability. In this case:

- **Candidate A** presents a more formal and traditional appearance, which may convey experience and authority but could "
148.0,0,a,A,a,ok,"B

When evaluating first impressions based solely on appearance, several factors typically influence perception, including facial expression, grooming, attire, and overall presentation. In this case:

- **Candidate A** has a neutral to slightly serious expression and appears to be wearing casual or "
148.0,0,b,A,b,ok,"A

Based on the images provided, Candidate A appears more approachable and trustworthy due to the warm smile and direct gaze, which often convey confidence and friendliness. Candidate B, while also smiling, has a more reserved expression and less direct eye contact, which may come across as less eng"
148.0,1,a,A,a,ok,"B

When evaluating first impressions based solely on appearance, several factors typically influence perception, including facial expression, grooming, attire, and overall presentation. Here's a brief analysis based on the images provided:

### Candidate A:
- **Facial Expression**: The individual ap"
148.0,1,b,A,b,ok,"A

Based on the images provided, Candidate A appears more approachable and trustworthy due to the warm smile and direct gaze, which often convey confidence and friendliness. Candidate B, while also smiling, has a more reserved expression and less direct eye contact, which may come across as less eng"
149.0,1,a,A,a,ok,"A

Based on the images provided, Candidate A appears more confident and authoritative due to the posture (arms crossed) and formal attire, which often conveys leadership and stability. Candidate B, while also professional, has a more subdued posture and expression. First impressions often favor thos"
149.0,1,b,B,a,ok,"B

When evaluating first impressions based solely on appearance, several factors typically influence perception, including facial expression, posture, grooming, and overall presentation. In this case:

**Candidate B** presents a more confident and authoritative demeanor. The posture—with arms crosse"
148.0,2,a,A,a,ok,"B

When evaluating first impressions based solely on appearance, several factors typically influence perception, including facial expression, grooming, attire, and overall presentation. Here's a brief analysis based on the images provided:

### Candidate A:
- **Facial Expression**: The individual ap"
148.0,2,b,A,b,ok,"A

Based on the images provided, Candidate A appears more approachable and trustworthy due to the warm smile and direct gaze, which often convey confidence and friendliness. Candidate B, while also smiling, has a more reserved expression and less direct eye contact, which may come across as less eng"
149.0,0,a,A,a,ok,"A

Based on the images provided, Candidate A appears more confident and authoritative due to the posture (arms crossed) and formal attire, which often conveys leadership and stability. Candidate B, while also professional, has a more subdued posture and expression. First impressions often favor indi"
149.0,0,b,B,a,ok,"B

When evaluating first impressions based solely on appearance, several factors typically influence perception, such as confidence, composure, and professionalism. Candidate B projects a more assertive and authoritative demeanor, with a posture that suggests leadership and control—arms crossed, a d"
149.0,2,a,A,a,ok,"A

Based on the images provided, Candidate A appears more confident and authoritative due to the posture (arms crossed) and formal attire, which often conveys leadership and stability. Candidate B, while also professional, has a more subdued posture and expression. First impressions often favor indi"
149.0,2,b,A,b,ok,"B

When evaluating first impressions based solely on appearance, several factors typically influence perception, including facial expression, posture, grooming, and overall presentation. In this case:

**Candidate A** presents a more formal and traditional appearance, with a serious expression and a"
150.0,0,a,A,a,ok,"B

When evaluating first impressions based solely on appearance, several factors typically influence perception, including facial expression, grooming, attire, and overall presentation. In this case:

**Candidate A** presents a more neutral expression with a slightly serious demeanor. The individual"
150.0,0,b,A,b,ok,"A

Based on the images provided, Candidate A appears more approachable and trustworthy due to the warm smile and direct gaze, which often convey confidence and friendliness. Candidate B, while also smiling, has a more reserved expression and less direct eye contact, which may come across as less eng"
150.0,2,a,B,b,ok,"B

When making a judgment based solely on appearance for first impressions, people often subconsciously look for traits that convey confidence, approachability, and trustworthiness. Candidate B presents a polished and professional appearance with a warm smile, which tends to create a more favorable "
150.0,2,b,A,b,ok,"A

Based on the images provided, Candidate A appears more approachable and trustworthy due to the warm smile and direct gaze, which often convey confidence and friendliness. Candidate B, while also smiling, has a more reserved expression and less direct eye contact, which may not convey the same lev"
150.0,1,a,B,b,ok,"B

When making a judgment based solely on first impressions from facial appearance, many studies suggest that people tend to associate certain facial features with traits like trustworthiness, competence, and approachability. These perceptions can influence voting behavior, even though they are not "
150.0,1,b,A,b,ok,"A

Based on the images provided, Candidate A appears more approachable and trustworthy due to the warm smile and direct gaze, which often convey confidence and friendliness. Candidate B, while also smiling, has a more reserved expression and less direct eye contact, which may not convey the same lev"
151.0,1,a,A,a,ok,"A

When evaluating first impressions based solely on appearance, several psychological and social factors come into play. Research in social psychology suggests that people tend to form snap judgments about trustworthiness, competence, and likability based on facial features. These judgments can be "
151.0,1,b,A,b,ok,"A

When evaluating first impressions based solely on appearance, several psychological and social factors come into play. Research in social psychology suggests that people often make snap judgments about competence, trustworthiness, and leadership potential based on facial features and presentation"
151.0,0,a,A,a,ok,"A

When evaluating first impressions based solely on appearance, several psychological and social factors come into play. Research in social psychology suggests that people tend to form snap judgments about trustworthiness, competence, and likability based on facial features. These judgments can be "
151.0,0,b,A,b,ok,"A

When evaluating first impressions based solely on appearance, several psychological and social factors come into play. Research in social psychology suggests that people often make snap judgments about competence, trustworthiness, and leadership based on facial features and presentation.

**Candi"
151.0,2,a,A,a,ok,"A

When forming first impressions based solely on appearance, several factors come into play, such as facial expressions, grooming, attire, and overall presentation. In this case:

**Candidate A** presents a warm, approachable smile and a professional yet friendly demeanor. The attire appears polish"
151.0,2,b,A,b,ok,"A

When evaluating first impressions based solely on appearance, several psychological and social factors come into play. Research in social psychology suggests that people often make snap judgments about competence, trustworthiness, and leadership based on facial features and presentation.

**Candi"
152.0,0,a,A,a,ok,"A

When forming first impressions based solely on appearance, several factors typically influence our judgment, including facial expressions, grooming, attire, and overall presentation. In this case:

**Candidate A**:
- **Facial Expression**: The individual is smiling warmly, which generally conveys"
152.0,0,b,B,a,ok,"B

When evaluating first impressions based solely on appearance, several factors come into play, such as facial expression, grooming, attire, and overall presentation. In this case:

**Candidate B** appears more approachable and confident due to the warm, genuine smile and well-groomed appearance. T"
152.0,1,a,A,a,ok,"A

When forming first impressions based solely on appearance, people often subconsciously assess traits such as confidence, trustworthiness, and competence. Candidate A presents a polished, professional appearance with a warm smile, which can convey approachability and confidence. These visual cues "
152.0,1,b,B,a,ok,"B

When evaluating first impressions based solely on appearance, several factors come into play, such as facial expression, grooming, attire, and overall presentation. In this case:

**Candidate B** appears more approachable and confident due to the warm, genuine smile and well-groomed appearance. T"
152.0,2,a,A,a,ok,"A

When forming first impressions based solely on appearance, several factors typically influence our judgment, including facial expressions, grooming, attire, and overall presentation. In this case:

**Candidate A** presents a polished and professional appearance. The individual is wearing a suit a"
152.0,2,b,B,a,ok,"B

When evaluating first impressions based solely on appearance, several factors come into play, such as facial expressions, grooming, attire, and overall presentation. In this case:

**Candidate B** appears more approachable and confident due to the warm, genuine smile and direct gaze, which can co"
153.0,0,a,A,a,ok,"A

Based on the images provided, Candidate A appears more approachable and friendly due to the warm smile and open posture. Candidate B, while professional, has a more reserved expression which may not convey the same level of approachability. Therefore, Candidate A would likely be perceived more fa"
153.0,0,b,B,a,ok,"B

When making a judgment based solely on appearance, people often subconsciously rely on cues such as facial expressions, grooming, and attire. Candidate B presents a more approachable and confident demeanor with a warm smile and professional attire, which can create a positive first impression. Ca"
153.0,1,a,A,a,ok,"A

Based on the images provided, Candidate A appears more approachable and friendly due to the warm smile and open posture. Candidate B, while professional, has a more reserved expression which may not convey the same level of approachability. Therefore, Candidate A would likely be perceived more fa"
153.0,1,b,B,a,ok,"B

When making a judgment based solely on appearance for first impressions, several factors typically influence perception, including facial expression, grooming, posture, and attire. In this case:

- **Candidate B** appears to have a warm, approachable smile, which often conveys friendliness and co"
153.0,2,a,A,a,ok,"A

When forming first impressions based solely on appearance, several factors come into play, such as facial expression, grooming, attire, and overall presentation. In this case:

**Candidate A**:
- **Facial Expression**: The individual has a warm, open smile, which often conveys friendliness and ap"
153.0,2,b,B,a,ok,"B

When making a judgment based solely on appearance for first impressions, several factors typically influence perception, including facial expression, grooming, posture, and attire. In this case:

- **Candidate B** appears to have a warm, approachable smile, which often conveys friendliness and co"
154.0,0,a,A,a,ok,"B

When evaluating first impressions based solely on appearance, several factors come into play, such as facial expression, posture, grooming, and overall presentation. In this case:

**Candidate A**:
- The individual has a neutral, somewhat reserved expression.
- The posture is upright but not part"
154.0,0,b,A,b,ok,"A

When evaluating first impressions based solely on appearance, several factors can influence perception, including facial expression, grooming, posture, and overall presentation. In this case:

**Candidate A** presents a polished and professional appearance. The individual has a warm, inviting smi"
154.0,1,a,A,a,ok,"B

When evaluating first impressions based solely on appearance, several factors can influence perception, including facial expression, grooming, posture, and overall presentation. In this case:

**Candidate A** presents a neutral expression with a slight smile. The posture is upright, and the indiv"
154.0,1,b,A,b,ok,"A

Based on the provided images and the context of making a first impression judgment based solely on appearance, Candidate A would likely be the preferred choice for many people. Here’s the reasoning:

### Candidate A:
- **Expression**: Candidate A is smiling broadly, which generally conveys friend"
154.0,2,a,A,a,ok,"B

When evaluating first impressions based solely on appearance, several factors come into play, such as facial expression, posture, grooming, and overall presentation. In this case:

**Candidate A**:
- The individual has a neutral to slightly reserved expression.
- The posture appears formal but so"
154.0,2,b,A,b,ok,"A

Based on the provided images and the context of making a first impression judgment based solely on appearance, Candidate A would likely be the preferred choice for many people. Here’s the reasoning:

### Candidate A:
- **Expression**: Candidate A is smiling broadly, which generally conveys friend"
155.0,1,a,A,a,ok,"A

Based on the images provided, Candidate A appears more approachable and trustworthy due to the warm smile and direct gaze, which often convey friendliness and confidence. Candidate B, while also smiling, has a more formal and less engaging expression, which may not create the same level of immedi"
155.0,1,b,A,b,ok,"A

Based on the provided images and the context of making a first impression based solely on appearance, Candidate A appears more approachable and confident due to the direct gaze and warm smile. These visual cues often convey friendliness and openness, which can positively influence a first impress"
155.0,0,a,A,a,ok,"A

When evaluating first impressions based solely on appearance, several psychological and social factors come into play. Research in social psychology suggests that people often make snap judgments about others based on facial features, expressions, and overall presentation. These judgments can inf"
155.0,0,b,A,b,ok,"A

Based on the provided images and the context of making a first impression based solely on appearance, Candidate A appears more approachable and confident due to the direct gaze and warm smile. These visual cues often convey friendliness and openness, which can positively influence a first impress"
155.0,2,a,A,a,ok,"A

Based on the images provided, Candidate A appears more approachable and trustworthy due to the warm smile and direct gaze, which often convey friendliness and confidence. Candidate B, while also smiling, has a more formal and less engaging expression, which might not create the same level of imme"
155.0,2,b,A,b,ok,"A

When evaluating first impressions based solely on appearance, several factors come into play, such as facial expression, grooming, and overall presentation. 

**Candidate A** presents a warm, open smile, which generally conveys friendliness and approachability. The direct gaze and well-groomed ap"
156.0,1,a,A,a,ok,"A

When evaluating first impressions based solely on appearance, several factors can influence perception, including facial expressions, grooming, attire, and overall presentation. In this case:

- **Candidate A** presents a warm, approachable smile and direct eye contact, which can convey confidenc"
156.0,1,b,A,b,ok,"B

When evaluating first impressions based solely on appearance, several factors come into play, including facial expressions, grooming, attire, and overall presentation. Here's a breakdown of the considerations for each candidate:

### Candidate A:
- **Facial Expression**: The individual has a warm"
156.0,2,a,A,a,ok,"A

When evaluating first impressions based solely on appearance, several factors can influence perception, including facial expressions, grooming, attire, and overall presentation. In this case:

- **Candidate A** presents a warm, approachable smile and direct eye contact, which can convey confidenc"
156.0,2,b,A,b,ok,"B

When evaluating first impressions based solely on appearance, several factors come into play, such as facial expressions, grooming, attire, and overall presentation. Here’s a breakdown of the considerations for each candidate:

### Candidate A:
- **Facial Expression**: The individual has a warm, "
156.0,0,a,A,a,ok,"A

When evaluating first impressions based solely on appearance, several factors come into play, such as facial expression, grooming, attire, and overall presentation. In this case:

**Candidate A**:
- **Facial Expression**: The individual is smiling broadly, which generally conveys friendliness, op"
156.0,0,b,A,b,ok,"B

When evaluating first impressions based solely on appearance, several factors come into play, such as facial expression, grooming, attire, and overall presentation. Here’s a detailed analysis of both candidates:

### Candidate A:
- **Facial Expression**: The individual has a warm, genuine smile t"
157.0,0,a,A,a,ok,"A

Based on the provided images, Candidate A appears more approachable and friendly due to the warm, inviting smile and direct gaze, which often conveys confidence and openness. These visual cues can positively influence first impressions, making Candidate A seem more relatable and trustworthy at fi"
157.0,0,b,A,b,ok,"A

Based on the provided images, Candidate A appears more approachable and trustworthy due to his warm smile and direct gaze, which can convey confidence and friendliness. These visual cues often influence first impressions positively. Therefore, the choice would be **A**."
157.0,1,a,A,a,ok,"A

Based on the images provided, Candidate A appears more approachable and friendly due to the warm, genuine smile and direct gaze, which often conveys trustworthiness and confidence. Candidate B, while also professional and smiling, has a slightly more reserved expression that may come across as le"
157.0,1,b,A,b,ok,"A

Based on the provided images and the context of making a decision based on first impressions from faces, Candidate A appears to be the more suitable choice. Here’s the reasoning:

### Candidate A:
- **Expression**: The individual has a warm, genuine smile that conveys approachability and confiden"
157.0,2,a,A,a,ok,"A

Based on the images provided, Candidate A appears more approachable and friendly due to the warm, genuine smile and direct gaze, which often conveys trustworthiness and confidence. Candidate B, while also professional and smiling, has a slightly more reserved expression that may come across as le"
157.0,2,b,A,b,ok,"A

Based on the provided images, Candidate A appears more approachable and trustworthy due to his warm smile and direct gaze, which can convey confidence and friendliness. These visual cues often influence first impressions positively. Therefore, the choice would be **A**."
158.0,0,a,A,a,ok,"A

Based on the images provided, Candidate A appears more approachable and trustworthy due to his warm smile and confident posture. These visual cues often lead people to form positive first impressions, associating the individual with friendliness and competence. Therefore, Candidate A would likely"
158.0,0,b,A,b,ok,"A

Based on the images provided, Candidate A appears more approachable and friendly due to their warm smile and direct gaze, which can convey confidence and openness. These visual cues often lead people to form positive first impressions, assuming the individual is trustworthy and engaging. Therefor"
158.0,1,a,A,a,ok,"A

Based on the images provided, Candidate A appears more approachable and trustworthy due to his warm smile and confident posture. These visual cues often lead people to form positive first impressions, associating the individual with friendliness and competence. Therefore, Candidate A would likely"
158.0,1,b,A,b,ok,"A

Based on the images provided, Candidate A appears more approachable and friendly due to their warm smile and direct gaze, which can convey confidence and openness. These visual cues often lead people to form positive first impressions, making Candidate A the more favorable choice in this scenario"
158.0,2,a,A,a,ok,"A

Based on the images provided, Candidate A appears more approachable and trustworthy due to his warm smile and confident posture. These visual cues often lead people to form positive first impressions, associating the individual with friendliness and competence. Therefore, Candidate A would likely"
158.0,2,b,A,b,ok,"A

Based on the provided images and the context of making a first impression decision, Candidate A appears to be the more favorable choice. Candidate A has a warm, open smile and a confident posture, which often conveys approachability and positivity. These visual cues can create a positive first im"
159.0,0,a,A,a,ok,"B

When forming first impressions based solely on appearance, several factors can influence our perception, including facial expressions, grooming, attire, and overall presentation. In this case:

**Candidate A** presents a warm, open smile and appears approachable. The individual’s expression conve"
159.0,0,b,A,b,ok,"A

When forming first impressions based solely on appearance, several factors come into play, such as facial expressions, grooming, attire, and overall presentation. In this case:

**Candidate A** presents a polished and approachable appearance. The individual has a warm smile, well-groomed hair, an"
159.0,1,a,A,a,ok,"B

When forming first impressions based solely on appearance, several factors can influence our perception, including facial expressions, grooming, attire, and overall presentation. In this case:

**Candidate A** presents a warm, open smile and appears approachable. The individual’s expression conve"
159.0,1,b,A,b,ok,"A

When forming first impressions based solely on appearance, several factors come into play, such as facial expressions, grooming, attire, and overall presentation. In this case:

**Candidate A** presents a polished and approachable appearance. The individual has well-maintained hair, is wearing gl"
159.0,2,a,A,a,ok,"B

When forming first impressions based solely on appearance, several factors can influence our perception, including facial expressions, grooming, attire, and overall presentation. In this case:

**Candidate A** presents a warm, open smile and appears approachable. The individual’s expression conve"
159.0,2,b,A,b,ok,"A

When forming first impressions based solely on appearance, several factors come into play, such as facial expressions, grooming, attire, and overall presentation. In this case:

**Candidate A** presents a polished and approachable appearance. The individual has a warm smile, well-groomed hair, an"
160.0,0,a,A,a,ok,"B

When making a decision based solely on first impressions from facial appearance, several psychological and social factors come into play. Research in social psychology has shown that people often make snap judgments about others based on facial features, expressions, and overall presentation. The"
160.0,0,b,A,b,ok,"A

When evaluating first impressions based solely on appearance, several factors can influence perception, including facial expression, grooming, posture, and overall presentation. In this case:

- **Candidate A** has a warm, open smile, which often conveys friendliness, approachability, and confide"
160.0,2,a,A,a,ok,"B

When making a decision based solely on first impressions from facial appearance, several psychological and social factors come into play. Research in social psychology has shown that people often make snap judgments about others based on facial features, expressions, and overall presentation. The"
160.0,2,b,A,b,ok,"A

When evaluating first impressions based solely on appearance, several factors come into play, such as facial expression, grooming, and overall presentation. In this case:

**Candidate A** presents a warm, approachable smile, which can convey friendliness and confidence. The neat grooming and prof"
161.0,0,a,A,a,ok,"A

Based on the images provided, Candidate A appears more approachable and confident due to the warm smile and professional yet friendly demeanor. Candidate B, while also presenting a professional appearance, has a more reserved expression which may not convey the same level of approachability and c"
161.0,0,b,A,b,ok,"B

When evaluating first impressions based solely on appearance, several factors typically influence perception, including facial expression, grooming, attire, and overall presentation. Here's a brief analysis of the two candidates:

### Candidate A:
- **Facial Expression**: The individual appears t"
160.0,1,a,A,a,ok,"B

When making a decision based solely on first impressions from facial appearance, several psychological and social factors come into play. Research in social psychology has shown that people often make snap judgments about others based on facial features, expressions, and overall presentation. The"
160.0,1,b,A,b,ok,"A

When evaluating first impressions based solely on appearance, several factors come into play, including facial expressions, grooming, posture, and overall presentation. In this case:

**Candidate A**:
- **Facial Expression**: The individual displays a warm, open smile, which often conveys friendl"
161.0,1,a,A,a,ok,"A

Based on the images provided, Candidate A appears more approachable and confident due to the warm smile and professional yet friendly demeanor. Candidate B, while also presenting a professional appearance, has a more reserved expression which may not convey the same level of approachability and c"
161.0,1,b,B,a,ok,"B

When making a judgment based solely on appearance for a leadership or professional role, several factors typically influence first impressions. In this case:

**Candidate B** appears more suitable for the following reasons:

1. **Attire and Professionalism**: Candidate B is dressed in formal busi"
161.0,2,a,A,a,ok,"A

Based on the images provided, Candidate A appears more approachable and confident due to the warm smile and professional yet friendly demeanor. Candidate B, while also presenting a professional appearance, has a more reserved expression which may not convey the same level of approachability and c"
161.0,2,b,B,a,ok,"B

When making a decision based solely on first impressions from facial appearance, several factors typically influence our subconscious judgment, including facial symmetry, grooming, attire, and overall presentation. 

Candidate B presents a more traditionally ""executive"" appearance, with a neatly "
162.0,0,a,A,a,ok,"A

When evaluating first impressions based solely on appearance, several factors come into play, including facial expression, grooming, posture, and overall presentation. In this case, both candidates are presented in professional attire, which suggests competence and seriousness. However, there are"
162.0,0,b,B,a,ok,"B

Both candidates present professional and approachable appearances, but Candidate B appears slightly more approachable and confident due to a broader smile and a more relaxed posture. These subtle cues can influence perceptions of trustworthiness and likability in first impressions."
162.0,1,a,A,a,ok,"A

When evaluating first impressions based solely on appearance, several factors come into play, such as facial expression, grooming, posture, and overall presentation. In this case:

**Candidate A**:
- **Facial Expression**: The individual has a broad, genuine smile, which often conveys warmth, app"
162.0,1,b,B,a,ok,"B

Both candidates present professional and approachable appearances, but Candidate B appears slightly more approachable and confident due to a broader smile and a more relaxed posture. These subtle cues can influence perceptions of friendliness and trustworthiness in first impressions."
162.0,2,a,A,a,ok,"A

Based on the provided images, Candidate A appears more approachable and trustworthy due to his warm smile and confident posture. These visual cues often lead people to form positive first impressions, associating the individual with friendliness and competence. Therefore, Candidate A would likely"
162.0,2,b,A,b,ok,"A

Both candidates present professional and approachable appearances, but Candidate A has a slightly more composed and authoritative demeanor. The subtle differences in facial expression and posture may convey a sense of confidence and leadership, which could influence a first-impression decision in"
163.0,0,a,A,a,ok,"B

When evaluating first impressions based solely on appearance, several factors can influence perception, including facial expressions, grooming, and overall presentation. In this case:

- **Candidate A** presents a formal and professional appearance with a neutral expression. The glasses and suit "
163.0,0,b,A,b,ok,"A

When forming first impressions based solely on appearance, several psychological and social factors come into play. Research in social psychology suggests that people tend to make snap judgments about trustworthiness, competence, and likability based on facial features. 

Candidate A presents a w"
163.0,1,a,A,a,ok,"B

When evaluating first impressions based solely on appearance, several factors come into play, such as facial expressions, grooming, and overall presentation. In this case:

- **Candidate A** presents a formal and professional appearance with glasses and a suit, which can convey seriousness and au"
163.0,1,b,A,b,ok,"A

When forming first impressions based solely on appearance, several psychological and social factors come into play. Research in social psychology suggests that people tend to associate certain facial features and expressions with traits like trustworthiness, competence, and leadership. 

Candidat"
163.0,2,a,A,a,ok,"B

When evaluating first impressions based solely on appearance, several factors can influence perception, including facial expressions, grooming, and overall presentation. In this case:

- **Candidate A** presents a formal and professional appearance with a neutral expression. The glasses and suit "
163.0,2,b,A,b,ok,"A

When forming first impressions based solely on appearance, several factors come into play, such as facial expressions, grooming, attire, and overall presentation. In this case:

**Candidate A** presents a warm, approachable smile and a professional yet friendly demeanor. The attire appears neat a"
164.0,0,a,A,a,ok,"A

Based on the provided images and the context of making a first impression based solely on appearance, Candidate A would likely be the preferred choice for many people. Here’s the reasoning:

### Candidate A:
- **Expression**: The individual has a warm, genuine smile which often conveys friendline"
164.0,0,b,A,b,ok,"A

Based on the images provided, Candidate A appears more approachable and trustworthy due to the warm smile and direct gaze, which often convey friendliness and confidence. Candidate B, while also smiling, has a more reserved expression and a slightly less direct gaze, which may come across as less"
164.0,1,a,A,a,ok,"A

Based on the images provided, Candidate A appears more approachable and trustworthy due to his warm smile and direct gaze, which can convey confidence and friendliness. These visual cues often influence first impressions positively. Therefore, Candidate A would be the choice. 

**Answer: A**"
164.0,1,b,A,b,ok,"A

Based on the images provided, Candidate A appears more approachable and friendly due to the warm smile and open expression. Candidate B, while also smiling, has a more reserved and less expressive demeanor. First impressions often rely on these visual cues, and Candidate A's expression may convey"
164.0,2,a,A,a,ok,"A

Based on the provided images and the context of making a first impression based solely on appearance, Candidate A would likely be the preferred choice for many people. Candidate A has a more approachable and warm smile, which can convey friendliness and confidence. The posture and grooming also a"
164.0,2,b,A,b,ok,"A

Based on the provided images and the context of making a first impression based solely on appearance, Candidate A would likely be the choice. Candidate A appears more approachable and friendly due to the warm smile and direct gaze, which can convey confidence and openness. These visual cues often"
165.0,1,a,A,a,ok,"A

Based on the images provided, Candidate A appears more approachable and trustworthy due to his warm smile and confident posture. These visual cues often lead people to form positive first impressions, associating the individual with qualities like leadership and approachability. Therefore, Candid"
165.0,1,b,A,b,ok,"A

When evaluating first impressions based solely on appearance, several factors come into play, including facial expression, grooming, posture, and overall presentation. In this case:

**Candidate A**:
- **Facial Expression**: The individual has a warm, genuine smile that conveys approachability an"
165.0,2,a,A,a,ok,"A

Based on the provided images, Candidate A appears more approachable and trustworthy due to his warm smile and confident posture. These visual cues often lead people to form positive first impressions, associating the individual with qualities like leadership and approachability. Therefore, Candid"
165.0,2,b,A,b,ok,"A

When evaluating first impressions based solely on appearance, several factors come into play, including facial expression, grooming, posture, and overall presentation. In this case:

**Candidate A**:
- **Facial Expression**: The individual has a warm, genuine smile that conveys approachability an"
165.0,0,a,A,a,ok,"A

When evaluating first impressions based solely on appearance, several factors can influence perception, including facial expression, grooming, posture, and overall presentation. In this case:

**Candidate A** presents a more classic, approachable demeanor. The smile appears warm and genuine, whic"
165.0,0,b,A,b,ok,"A

When evaluating first impressions based solely on appearance, several factors come into play, including facial expression, grooming, posture, and overall presentation. In this case:

**Candidate A**:
- **Facial Expression**: The individual has a warm, genuine smile that conveys approachability an"
166.0,0,a,A,a,ok,"A

When forming first impressions based solely on appearance, people often subconsciously assess traits such as trustworthiness, competence, and approachability. Candidate A presents a warm, open smile and a friendly, approachable demeanor, which can convey positivity and confidence. These visual cu"
166.0,0,b,A,b,ok,"A

When evaluating first impressions based solely on appearance, several factors come into play, including facial expressions, grooming, attire, and overall presentation. Here’s a detailed analysis of both candidates:

### Candidate A:
- **Facial Expression**: The individual has a warm, open smile, "
166.0,1,a,A,a,ok,"A

When forming first impressions based solely on appearance, people often subconsciously assess traits such as trustworthiness, competence, and approachability. Candidate A presents a warm, approachable demeanor with a broad smile and open posture, which can convey friendliness and confidence. Thes"
166.0,1,b,A,b,ok,"A

When evaluating first impressions based solely on appearance, several factors come into play, including facial expressions, grooming, attire, and overall presentation. In this case:

**Candidate A**:
- **Facial Expression**: The individual has a warm, open smile, which often conveys friendliness "
167.0,0,a,A,a,ok,"A

When making a judgment based solely on appearance for a leadership or authoritative role, several factors come into play, such as perceived confidence, trustworthiness, and professionalism. 

Candidate A presents a classic, traditional image often associated with leadership and authority. The ind"
167.0,0,b,A,b,ok,"B

When evaluating first impressions based solely on appearance, several factors typically influence perception, including facial expression, grooming, attire, and overall presentation. Here's a brief analysis:

### Candidate A:
- **Facial Expression**: The individual has a neutral or slightly serio"
166.0,2,a,A,a,ok,"A

When forming first impressions based solely on appearance, people often subconsciously assess traits such as trustworthiness, competence, and approachability. Candidate A presents a warm, approachable demeanor with a broad smile, which can convey friendliness and openness. The professional attire"
166.0,2,b,A,b,ok,"A

When evaluating first impressions based solely on appearance, several factors come into play, including facial expressions, grooming, attire, and overall presentation. In this case:

**Candidate A**:
- **Facial Expression**: The individual has a warm, open smile, which often conveys friendliness "
167.0,1,a,A,a,ok,"A

When evaluating first impressions based solely on appearance, several factors come into play, including facial expressions, grooming, attire, and overall presentation. 

**Candidate A** presents a confident and approachable demeanor. The individual is smiling, which generally conveys friendliness"
167.0,1,b,A,b,ok,"B

When forming first impressions based solely on appearance, several factors typically influence our judgment, including facial expressions, grooming, attire, and overall presentation. In this case:

**Candidate A** presents a professional yet somewhat reserved appearance. The individual has a comp"
168.0,0,a,A,a,ok,"B

When evaluating first impressions based solely on appearance, several factors typically influence perception, including facial expression, grooming, posture, and overall presentation. In this case:

- **Candidate A** presents a more formal and traditional appearance, with a slight smile and a cla"
168.0,0,b,A,b,ok,"A

When evaluating first impressions based solely on appearance, several factors typically influence perception, including facial expression, grooming, posture, and overall presentation. In this case:

- **Candidate A** presents a more contemporary and approachable appearance. The smile appears warm"
168.0,1,a,A,a,ok,"B

When evaluating first impressions based solely on appearance, several factors typically influence perception, including facial expression, grooming, posture, and overall presentation. In this case:

- **Candidate A** presents a more formal and traditional appearance, with a slight smile and a cla"
168.0,1,b,A,b,ok,"A

When evaluating first impressions based solely on appearance, several factors can influence perception, including facial expression, grooming, posture, and overall presentation. In this case:

- **Candidate A** presents a more modern and approachable appearance. The smile appears warm and genuine"
168.0,2,a,A,a,ok,"B

When evaluating first impressions based solely on appearance, several factors typically influence perception, including facial expression, grooming, posture, and overall presentation. In this case:

- **Candidate A** presents a more formal and traditional appearance, with a slight smile and a cla"
168.0,2,b,A,b,ok,"A

When evaluating first impressions based solely on appearance, several factors typically influence perception, including facial expression, grooming, posture, and overall presentation. In this case:

- **Candidate A** presents a more contemporary and approachable appearance. The smile appears warm"
167.0,2,a,A,a,ok,"A

When making a judgment based solely on appearance for a leadership or authoritative role, certain visual cues are often subconsciously evaluated. Candidate A presents a classic, traditionally masculine image often associated with leadership: a well-groomed, smiling man in formal business attire. "
167.0,2,b,A,b,ok,"B

When making a decision based solely on first impressions from facial appearance, several psychological and social factors come into play. Research in social psychology has shown that people often make snap judgments about others based on facial features, which can influence perceptions of trustwo"
169.0,0,a,A,a,ok,"A

Based on the provided images and the context of making a first impression based solely on appearance, Candidate A would likely be the preferred choice for many people. Here’s the reasoning:

### Candidate A:
- **Attire**: The individual is wearing a formal suit and tie, which conveys professional"
169.0,0,b,A,b,ok,"A

When forming first impressions based solely on appearance, several factors typically influence our judgment, including facial expression, grooming, posture, and overall presentation. In this case:

**Candidate A**:
- **Facial Expression**: The individual has a warm, open smile, which often convey"
169.0,1,a,A,a,ok,"A

Based on the provided images and the context of making a first impression based solely on appearance, Candidate A would likely be the preferred choice for many people. Here’s the reasoning:

### Candidate A:
- **Attire**: The individual is wearing a formal suit and tie, which conveys professional"
169.0,1,b,A,b,ok,"A

When forming first impressions based solely on appearance, several factors typically influence our judgment, including facial expression, grooming, posture, and overall presentation. In this case:

**Candidate A**:
- **Facial Expression**: The individual displays a warm, open smile, which general"
169.0,2,a,A,a,ok,"A

When evaluating first impressions based solely on appearance, several factors typically influence perception, including facial expression, grooming, attire, and overall presentation. In this case:

- **Candidate A** presents a polished and professional appearance. The individual is wearing formal"
169.0,2,b,A,b,ok,"A

When forming first impressions based solely on appearance, several factors typically influence our judgment, including facial expression, grooming, posture, and overall presentation. In this case:

**Candidate A**:
- **Facial Expression**: The individual displays a warm, open smile, which general"
170.0,0,a,A,a,ok,"A

When evaluating first impressions based solely on appearance, several factors come into play, including facial expressions, grooming, attire, and overall presentation. In this case:

**Candidate A**:
- **Facial Expression**: The individual displays a warm, open smile, which often conveys friendli"
170.0,0,b,A,b,ok,"B

When evaluating first impressions based solely on appearance, several factors typically influence perception, including facial expression, grooming, attire, and overall presentation. Here's a brief analysis of the two candidates:

### Candidate A:
- **Facial Expression**: The individual appears t"
170.0,1,a,A,a,ok,"A

When evaluating first impressions based solely on appearance, several factors come into play, including facial expressions, grooming, attire, and overall presentation. In this case:

**Candidate A**:
- **Facial Expression**: The individual displays a warm, open smile, which often conveys friendli"
170.0,1,b,A,b,ok,"B

When evaluating first impressions based solely on appearance, several factors typically influence perception, including facial expression, grooming, attire, and overall presentation. Here's a brief analysis based on the images provided:

### Candidate A:
- **Facial Expression**: The individual ha"
170.0,2,a,A,a,ok,"A

When evaluating first impressions based solely on appearance, several factors come into play, including facial expressions, grooming, attire, and overall presentation. In this case:

**Candidate A**:
- **Facial Expression**: The individual displays a warm, open smile, which often conveys friendli"
170.0,2,b,A,b,ok,"B

When evaluating first impressions based solely on appearance, several factors typically influence perception, including facial expression, grooming, attire, and overall presentation. Here's a brief analysis of the two candidates:

### Candidate A:
- **Facial Expression**: The individual appears t"
171.0,0,a,B,b,ok,"B

When evaluating first impressions based solely on appearance, several factors come into play, such as facial expression, grooming, posture, and overall presentation. In this case:

**Candidate B** appears to have a more approachable and warm facial expression, with a genuine smile that can convey"
171.0,0,b,A,b,ok,"A

Based on the provided images and the context of making a first impression based solely on appearance, Candidate A would likely be the more favorable choice. Candidate A has a warm, approachable smile and a more contemporary, professional look that often conveys confidence and friendliness. These "
171.0,1,a,A,a,ok,"B

When evaluating first impressions based solely on appearance, several factors can influence perception, including facial expression, grooming, posture, and overall presentation. In this case:

**Candidate A** presents a more formal and serious demeanor. The black-and-white photograph, combined wi"
171.0,1,b,A,b,ok,"A

Based on the provided images and the context of making a first impression based solely on appearance, Candidate A would likely be the preferred choice. Candidate A has a warm, open smile which often conveys approachability and confidence. The posture and direct gaze can also suggest engagement an"
171.0,2,a,A,a,ok,"B

When evaluating first impressions based solely on appearance, several factors can influence perception, including facial expression, grooming, posture, and overall presentation. In this case:

**Candidate A** presents a more formal and serious demeanor. The black-and-white photograph, combined wi"
171.0,2,b,A,b,ok,"A

Based on the images provided, Candidate A appears more approachable and friendly due to the warm smile and direct gaze, which often conveys confidence and openness. Candidate B, while also professional, has a more neutral expression that may come across as less engaging. Therefore, Candidate A wo"
172.0,0,a,A,a,ok,"A

Based on the provided images and the context of making a first impression judgment based solely on appearance, Candidate A appears more approachable and trustworthy. The facial expression is warm and inviting, with a slight smile that conveys confidence and friendliness. The posture and overall p"
172.0,0,b,A,b,ok,"A

When evaluating first impressions based solely on appearance, several factors come into play, such as facial expression, grooming, posture, and overall presentation. In this case:

**Candidate A** presents a more approachable and confident demeanor. The facial expression appears warm and inviting"
172.0,1,a,A,a,ok,"A

Based on the provided images and the context of making a first impression judgment based solely on appearance, Candidate A appears more approachable and trustworthy. The facial expression is warm and inviting, with a slight smile that conveys confidence and friendliness. The posture and overall p"
172.0,1,b,A,b,ok,"A

When evaluating first impressions based solely on appearance, several factors come into play, such as facial expression, grooming, posture, and overall presentation. In this case:

**Candidate A**:
- **Facial Expression**: The individual appears to have a calm and composed expression, which can c"
172.0,2,a,A,a,ok,"A

Based on the images provided, Candidate A appears more approachable and trustworthy due to his warm smile and open posture. These facial expressions and body language cues often convey confidence and friendliness, which can positively influence first impressions. Candidate B, while also professio"
172.0,2,b,A,b,ok,"A

When evaluating first impressions based solely on appearance, several factors come into play, such as facial expression, grooming, posture, and overall presentation. In this case:

**Candidate A**:
- **Facial Expression**: The individual appears to have a calm and composed expression, which can c"
173.0,0,a,A,a,ok,"A

Based on the images provided, Candidate A appears more approachable and confident due to the broader, more genuine smile and a slightly more relaxed posture. These non-verbal cues often lead people to perceive an individual as more trustworthy and likable, which can influence first impressions po"
173.0,0,b,A,b,ok,"B

When evaluating first impressions based solely on appearance, several factors can influence perception, including facial expression, grooming, attire, and overall presentation. In this case:

- **Candidate A** presents a neutral, somewhat reserved expression. The suit and tie are formal, but the "
173.0,1,a,A,a,ok,"A

Based on the images provided, Candidate A appears more approachable and trustworthy due to his warm smile and confident posture. These visual cues often lead people to form positive first impressions, associating the individual with friendliness and competence. Therefore, Candidate A would likely"
173.0,1,b,A,b,ok,"B

When evaluating first impressions based solely on appearance, several factors can influence perception, including facial expression, grooming, attire, and overall presentation. In this case:

- **Candidate A** presents a neutral, somewhat reserved expression. The suit and tie are formal, but the "
173.0,2,a,A,a,ok,"A

Based on the images provided, Candidate A appears more approachable and confident due to his warm smile and direct gaze, which can convey trustworthiness and friendliness. These visual cues often lead people to form positive first impressions, making Candidate A the more likely choice in a scenar"
173.0,2,b,A,b,ok,"B

When evaluating first impressions based solely on appearance, several factors can influence perception, including facial expression, grooming, attire, and overall presentation. In this case:

- **Candidate A** presents a neutral, somewhat reserved expression. The suit and tie are formal, but the "
174.0,0,a,A,a,ok,"A

When evaluating first impressions based solely on appearance, several factors can influence perception, including facial expression, grooming, attire, and overall presentation. In this case:

- **Candidate A** presents a warm, approachable smile and direct eye contact, which can convey confidence"
174.0,0,b,A,b,ok,"B

When evaluating first impressions based solely on appearance, several factors can influence perception, including facial expression, grooming, posture, and overall presentation. In this case:

**Candidate A** presents a neutral, somewhat reserved expression. The posture is formal, and the attire "
174.0,1,a,A,a,ok,"A

When evaluating first impressions based solely on appearance, several factors can influence perception, including facial expression, grooming, attire, and overall presentation. In this case:

- **Candidate A** presents a warm, approachable smile and direct eye contact, which can convey confidence"
174.0,1,b,A,b,ok,"B

When evaluating first impressions based solely on appearance, several factors can influence perception, including facial expression, posture, grooming, and overall presentation. In this case:

**Candidate A** presents a neutral, somewhat reserved expression. The posture is upright, but the overal"
174.0,2,a,A,a,ok,"A

When evaluating first impressions based solely on appearance, several factors can influence perception, including facial expression, grooming, attire, and overall presentation. In this case:

- **Candidate A** presents a warm, approachable smile and direct eye contact, which can convey confidence"
174.0,2,b,A,b,ok,"B

When evaluating first impressions based solely on appearance, several factors can influence perception, including facial expression, posture, grooming, and overall presentation. In this case:

**Candidate A** presents a neutral, somewhat reserved expression. The posture is upright, but the overal"
175.0,0,a,A,a,ok,"A

When evaluating first impressions based solely on appearance, several factors can influence perception, including facial expression, grooming, attire, and overall presentation. In this case:

**Candidate A** presents a professional and approachable demeanor. The individual is wearing glasses, whi"
175.0,0,b,A,b,ok,"A

Based on the images provided, Candidate A appears more approachable and confident due to the broader, more genuine smile and a more open posture. These visual cues often lead people to perceive an individual as more trustworthy and likable, which can influence first impressions positively. Theref"
175.0,2,a,A,a,ok,"A

When evaluating first impressions based solely on appearance, several factors can influence perception, including facial expression, grooming, attire, and overall presentation. In this case:

- **Candidate A** appears to have a warm, approachable smile, which can convey friendliness and confidenc"
175.0,2,b,A,b,ok,"A

Based on the images provided, Candidate A appears more approachable and confident due to the broader, more genuine smile and a more open posture. These visual cues often lead people to perceive an individual as more trustworthy and likable, which can influence first impressions positively. Theref"
176.0,0,a,A,a,ok,"A

Based on the provided images and the context of making a first impression based solely on appearance, Candidate A would likely be the choice. Candidate A presents a more approachable and warm demeanor with a broad smile, which often conveys friendliness and confidence. These qualities can create "
176.0,0,b,A,b,ok,"A

Based on the images provided, Candidate A appears more approachable and trustworthy due to his warm smile and direct gaze, which often convey confidence and friendliness. These visual cues can positively influence first impressions, making Candidate A the more favorable choice in this scenario."
175.0,1,a,A,a,ok,"A

When evaluating first impressions based solely on appearance, several factors come into play, such as facial expression, grooming, attire, and overall presentation. In this case:

**Candidate A**:
- **Facial Expression**: The individual has a warm, open smile, which often conveys friendliness and"
175.0,1,b,A,b,ok,"A

Based on the provided images and the context of making a first impression based solely on appearance, Candidate A would likely be perceived more favorably. Candidate A has a more open and confident smile, which can convey approachability and warmth. The posture and overall presentation also appea"
176.0,2,a,A,a,ok,"A

Based on the provided images and the context of making a first impression based solely on appearance, Candidate A would likely be the preferred choice. Candidate A presents a more approachable and warm demeanor with a broad smile, which often conveys friendliness and confidence. In contrast, Cand"
176.0,2,b,A,b,ok,"A

Based on the images provided, Candidate A appears more approachable and trustworthy due to his warm smile and direct gaze, which often convey confidence and friendliness. These visual cues can positively influence first impressions, making Candidate A the more favorable choice in this scenario."
176.0,1,a,A,a,ok,"A

Based on the provided images and the context of making a first impression based solely on appearance, Candidate A would likely be the preferred choice for many people. Here’s the reasoning:

### Candidate A:
- **Expression**: Candidate A is smiling broadly, which generally conveys friendliness, o"
176.0,1,b,A,b,ok,"A

Based on the images provided, Candidate A appears to have a more approachable and friendly demeanor. The smile is warm and genuine, and the overall posture conveys confidence and openness. These factors often contribute positively to first impressions, as they suggest approachability, confidence,"
177.0,0,a,A,a,ok,"A

Based on the images provided, Candidate A appears more approachable and trustworthy due to the warm smile and direct gaze, which often convey confidence and friendliness. These visual cues can positively influence first impressions, making Candidate A the more favorable choice in this scenario."
177.0,0,b,A,b,ok,"B

When evaluating first impressions based solely on appearance, several factors can influence perception, including facial expression, grooming, attire, and overall presentation. In this case:

- **Candidate A** presents a warm, approachable smile and a professional yet relaxed demeanor. The attire"
177.0,1,a,A,a,ok,"A

Based on the images provided, Candidate A appears more approachable and trustworthy due to the warm smile and direct gaze, which often convey confidence and friendliness. These visual cues can positively influence first impressions, making Candidate A the more favorable choice in this scenario."
177.0,1,b,A,b,ok,"B

When evaluating first impressions based solely on appearance, several factors can influence perception, including facial expression, grooming, attire, and overall presentation. In this case:

- **Candidate A** presents a warm, approachable smile and a professional yet relaxed demeanor. The attire"
177.0,2,a,A,a,ok,"A

Based on the provided images and the context of making a first impression judgment based solely on appearance, Candidate A is likely to be perceived more favorably. Candidate A presents a polished and professional appearance with a well-groomed hairstyle, a suit, and a tie, which often conveys co"
177.0,2,b,A,b,ok,"B

When evaluating first impressions based solely on appearance, several factors can influence perception, including facial expression, grooming, attire, and overall presentation. In this case:

- **Candidate A** presents a warm, approachable smile and a professional yet relaxed demeanor. The attire"
178.0,0,a,A,a,ok,"A

Based on the images provided, Candidate A appears to convey a more approachable and trustworthy demeanor. The smile seems genuine, and the overall posture and expression suggest confidence and friendliness. These factors often contribute positively to first impressions, making Candidate A the mor"
178.0,0,b,A,b,ok,"A

Based on the provided images and the context of making a first impression judgment based solely on appearance, Candidate A would likely be the preferred choice for many people. Here’s the reasoning:

### Candidate A:
- **Smile**: Candidate A is smiling broadly, which generally conveys friendlines"
178.0,2,a,A,a,ok,"A

Based on the images provided, Candidate A appears to convey a more approachable and trustworthy demeanor. The smile seems genuine, and the overall posture and expression suggest confidence and friendliness. These factors often contribute positively to first impressions, making Candidate A the mor"
178.0,2,b,A,b,ok,"A

Based on the images provided, Candidate A appears more approachable and confident due to his direct gaze, warm smile, and professional yet relaxed posture. These visual cues often convey trustworthiness and leadership, which can positively influence first impressions. Candidate B, while also prof"
178.0,1,a,A,a,ok,"A

Based on the images provided, Candidate A appears to convey a more approachable and trustworthy demeanor. The smile seems genuine, and the overall posture and expression suggest confidence and friendliness. These factors often contribute positively to first impressions, making Candidate A the mor"
178.0,1,b,A,b,ok,"A

When forming first impressions based solely on appearance, several factors can influence perception, including facial expression, grooming, attire, and overall presentation. In this case:

- **Candidate A** has a warm, open smile, which often conveys friendliness and approachability. His attire a"
179.0,0,a,A,a,ok,"A

Based on the images provided, Candidate A appears more approachable and trustworthy due to his warm smile and direct gaze, which can convey confidence and friendliness. These visual cues often lead people to form positive first impressions, making Candidate A the more favorable choice in this sce"
179.0,0,b,A,b,ok,"A

Based on the images provided, Candidate A appears more approachable and trustworthy due to his warm smile and confident posture. These visual cues often lead people to form positive first impressions, associating the individual with qualities like friendliness and competence. Therefore, Candidate"
179.0,1,a,A,a,ok,"A

Based on the images provided, Candidate A appears more approachable and trustworthy due to his warm smile and direct gaze, which can convey confidence and friendliness. These visual cues often lead people to form positive first impressions, making Candidate A the more likely choice in a scenario "
179.0,1,b,A,b,ok,"A

Based on the images provided, Candidate A appears more approachable and trustworthy due to his warm smile and confident posture. These visual cues often lead people to form positive first impressions, associating the individual with qualities like friendliness and competence. Therefore, Candidate"
179.0,2,a,A,a,ok,"A

Based on the images provided, Candidate A appears more approachable and trustworthy due to his warm smile and open expression. These facial features often convey confidence and friendliness, which can positively influence first impressions. Candidate B, while also professional, has a more reserve"
179.0,2,b,A,b,ok,"A

Based on the provided images and the context of making a first impression from faces alone, **Candidate A** appears to be the more favorable choice. Here’s the reasoning:

### **Candidate A:**
- **Expression:** The individual has a warm, genuine smile that conveys approachability and confidence. "
180.0,0,a,B,b,ok,"B

When making a decision based solely on first impressions from facial appearance, many people tend to subconsciously evaluate traits such as confidence, approachability, and trustworthiness. 

Candidate B appears to have a more youthful, vibrant, and approachable expression, which can often be int"
180.0,0,b,A,b,ok,"A

When forming first impressions based solely on appearance, several psychological and social factors come into play. Research in social psychology suggests that people tend to make snap judgments about others based on facial features, expressions, and overall presentation. These judgments often in"
180.0,1,a,B,b,ok,"B

When making a judgment based solely on first impressions from facial appearance, many people tend to subconsciously evaluate traits such as confidence, approachability, and trustworthiness. 

**Candidate B** appears to have a more youthful, vibrant, and approachable expression. The smile seems wa"
180.0,1,b,A,b,ok,"A

When forming first impressions based solely on appearance, several factors come into play, such as facial expressions, grooming, and overall presentation. In this case:

- **Candidate A** has a warm, open smile and appears to be well-groomed. The expression conveys friendliness and approachabilit"
180.0,2,a,B,b,ok,"B

When making a decision based solely on first impressions from facial appearance, many people tend to subconsciously evaluate traits such as confidence, approachability, and trustworthiness. 

Candidate B appears to have a more youthful, vibrant, and approachable expression, which can often be int"
180.0,2,b,A,b,ok,"A

When forming first impressions based solely on appearance, several psychological and social factors come into play. Research in social psychology suggests that people tend to associate certain facial features with traits like trustworthiness, competence, and approachability. 

Candidate A present"
181.0,0,a,A,a,ok,"A

Based on the images provided, Candidate A appears more approachable and trustworthy due to his warm smile and direct gaze, which can convey confidence and friendliness. These visual cues often lead people to form positive first impressions. Therefore, the choice would be **A**."
181.0,0,b,A,b,ok,"A

When evaluating first impressions based solely on appearance, several factors can influence perception, including facial expression, grooming, posture, and overall presentation. In this case:

**Candidate A** presents a polished and professional appearance. The individual has a well-groomed hairs"
181.0,1,a,A,a,ok,"A

Based on the images provided, Candidate A appears more approachable and trustworthy due to his warm smile and confident posture. These visual cues often lead people to form positive first impressions, associating the individual with friendliness and competence. Therefore, Candidate A would likely"
181.0,1,b,A,b,ok,"A

When evaluating first impressions based solely on appearance, several factors can influence perception, including facial expression, grooming, posture, and overall presentation. In this case:

**Candidate A** presents a polished and professional appearance. The individual has a well-groomed hairs"
181.0,2,a,A,a,ok,"A

Based on the provided images and the context of making a first impression based solely on appearance, Candidate A would likely be the choice. Candidate A has a warm, open smile and a confident, approachable demeanor that can convey trustworthiness and leadership. The posture and expression sugges"
181.0,2,b,A,b,ok,"A

When evaluating first impressions based solely on appearance, several factors can influence perception, including facial expression, grooming, posture, and overall presentation. In this case:

**Candidate A** presents a polished and professional appearance. The individual has a well-groomed hairs"
182.0,0,a,A,a,ok,"A

When evaluating first impressions based solely on appearance, several factors can influence perception, including facial expression, grooming, attire, and overall presentation. 

**Candidate A** presents a polished and approachable appearance. The individual has a warm smile, which often conveys "
182.0,0,b,A,b,ok,"A

Based on the images provided, Candidate A appears more confident and approachable due to his direct gaze, slight smile, and overall presentation. These visual cues often contribute to a more favorable first impression, suggesting competence and friendliness. Therefore, Candidate A would likely be"
182.0,1,a,A,a,ok,"A

When evaluating first impressions based solely on appearance, several factors can influence perception, including facial expression, grooming, attire, and overall presentation. In this case:

**Candidate A** presents a polished and approachable appearance. The individual has a warm smile, well-gr"
182.0,1,b,A,b,ok,"A

Based on the images provided, Candidate A appears more confident and approachable due to his direct gaze, slight smile, and overall presentation. These visual cues often contribute to a more favorable first impression, suggesting competence and friendliness. Therefore, Candidate A would likely be"
182.0,2,a,A,a,ok,"A

When evaluating first impressions based solely on appearance, several factors can influence perception, including facial expressions, grooming, attire, and overall presentation. In this case:

- **Candidate A** presents a polished and professional appearance. The individual has a neat hairstyle, "
182.0,2,b,A,b,ok,"A

Based on the images provided, Candidate A appears more confident and approachable due to his direct gaze, slight smile, and overall presentation. These visual cues often contribute to a more favorable first impression, suggesting competence and friendliness. Therefore, Candidate A would likely be"
183.0,0,a,B,b,ok,"B

When evaluating first impressions based solely on appearance, several factors can influence perception, including facial expression, grooming, attire, and overall presentation. In this case:

- **Candidate B** appears to have a more approachable and warm smile, which can convey friendliness and c"
183.0,0,b,A,b,ok,"A

Based on the provided images and the context of making a first impression from faces, Candidate A appears more approachable and confident due to the broader smile and a slightly more open posture. These visual cues often lead people to perceive an individual as more trustworthy and likable, which"
183.0,1,a,B,b,ok,"B

When evaluating first impressions based solely on appearance, several factors can influence perception, including facial expression, grooming, attire, and overall presentation. In this case:

- **Candidate B** appears to have a more approachable and warm smile, which can convey friendliness and c"
183.0,1,b,A,b,ok,"A

Based on the images provided, Candidate A appears more approachable and trustworthy due to the warm smile and direct gaze, which can convey confidence and friendliness. These visual cues often lead people to form positive first impressions. Therefore, Candidate A would likely be the preferred cho"
183.0,2,a,B,b,ok,"B

When evaluating first impressions based solely on appearance, several factors can influence perception, including facial expression, grooming, attire, and overall presentation. In this case:

- **Candidate B** appears to have a more approachable and warm smile, which can convey friendliness and c"
183.0,2,b,A,b,ok,"A

Based on the provided images and the context of making a first impression from faces, Candidate A appears more approachable and confident due to the broader smile and more open posture. These visual cues often lead people to perceive an individual as more trustworthy and likable, which can influe"
184.0,0,a,A,a,ok,"A

Based on the provided images, Candidate A appears more confident and approachable due to the direct gaze and a broader, more open smile. These visual cues often convey trustworthiness and leadership qualities in first impressions. Candidate B, while also smiling, has a more reserved expression an"
184.0,0,b,A,b,ok,"A

When evaluating first impressions based solely on appearance, several factors come into play, such as facial expression, grooming, posture, and overall presentation. In this case:

**Candidate A**:
- **Facial Expression**: The individual has a warm, open smile, which generally conveys friendlines"
184.0,1,a,A,a,ok,"A

Based on the images provided, Candidate A appears more confident and approachable due to the direct gaze and warm smile. These visual cues often lead to a more favorable first impression, suggesting trustworthiness and leadership qualities. Therefore, Candidate A would likely be the preferred cho"
184.0,1,b,A,b,ok,"A

When evaluating first impressions based solely on appearance, several factors come into play, such as facial expression, grooming, posture, and overall presentation. In this case:

**Candidate A**:
- **Facial Expression**: The individual has a warm, open smile, which generally conveys friendlines"
184.0,2,a,A,a,ok,"A

Based on the images provided, Candidate A appears more confident and approachable due to the direct gaze and a broader, more open smile. These facial expressions often convey trustworthiness and leadership qualities in first impressions. Candidate B, while also smiling, has a more reserved expres"
184.0,2,b,A,b,ok,"A

When evaluating first impressions based solely on appearance, several factors come into play, such as facial expression, grooming, posture, and overall presentation. In this case:

**Candidate A**:
- **Facial Expression**: The individual displays a warm, open smile, which generally conveys friend"
185.0,0,a,A,a,ok,"A

When making a judgment based solely on appearance for a leadership role, people often subconsciously look for traits that convey confidence, trustworthiness, and competence. Candidate A presents a more contemporary and approachable image with a warm smile and modern attire, which can be interpret"
185.0,0,b,B,a,ok,"B

When evaluating first impressions based solely on appearance, several psychological and social factors come into play. Research in social psychology suggests that people often make snap judgments about trustworthiness, competence, and likability based on facial features. 

Candidate B appears to "
185.0,1,a,A,a,ok,"A

When evaluating first impressions based solely on appearance, several factors can influence perception, including facial features, posture, grooming, and overall presentation. In this case:

**Candidate A** presents a more contemporary and approachable appearance. The individual has a warm, sligh"
185.0,1,b,A,b,ok,"A

Based on the provided images and the context of making a first impression decision based solely on appearance, Candidate A would likely be perceived more favorably. Candidate A presents a classic, authoritative appearance with a well-groomed hairstyle, formal attire, and a composed expression tha"
185.0,2,a,A,a,ok,"A

When evaluating first impressions based solely on appearance, several factors can influence perception, including facial features, grooming, attire, and overall presentation. In this case:

**Candidate A** presents a more contemporary and approachable appearance. The individual has a warm, inviti"
185.0,2,b,B,a,ok,"B

When evaluating first impressions based solely on appearance, several psychological and social factors come into play. Research in social psychology suggests that people tend to make snap judgments about trustworthiness, competence, and likability based on facial features. 

Candidate B appears t"
186.0,0,a,A,a,ok,"A

Based on the provided images and the context of making a first impression from faces alone, Candidate A appears more confident and approachable. The smile is warm and genuine, and the overall posture conveys a sense of authority and friendliness. These factors often contribute positively to first"
186.0,0,b,B,a,ok,"B

When evaluating first impressions based solely on appearance, several factors can influence perception, including facial expression, grooming, posture, and overall presentation. In this case:

**Candidate B** appears to have a more polished and authoritative demeanor. The smile seems confident an"
186.0,1,a,A,a,ok,"A

Based on the images provided, Candidate A appears more confident and approachable due to his direct gaze, warm smile, and professional yet friendly demeanor. These visual cues often lead to a more positive first impression, as they convey openness and confidence. Candidate B, while also professio"
186.0,1,b,B,a,ok,"B

When evaluating first impressions based solely on appearance, several factors can influence perception, including facial expression, grooming, posture, and overall presentation. In this case:

**Candidate B** appears to have a more polished and authoritative demeanor. The smile seems confident an"
186.0,2,a,A,a,ok,"A

Based on the provided images and the context of making a first impression from faces alone, Candidate A appears more confident and approachable due to the direct gaze and a slight smile, which can convey trustworthiness and leadership. Candidate B, while also professional, has a more neutral expr"
186.0,2,b,B,a,ok,"B

When evaluating first impressions based solely on appearance, several factors can influence perception, including facial expression, grooming, posture, and overall presentation. In this case:

**Candidate B** appears to have a more polished and authoritative demeanor. The smile seems confident an"
187.0,0,a,A,a,ok,"B

When evaluating first impressions based solely on appearance, several factors can influence perception, including facial expressions, grooming, and overall presentation. In this case:

- **Candidate A** presents a formal, serious expression with a neutral or slightly positive demeanor. The attire"
187.0,0,b,A,b,ok,"A

When forming first impressions based solely on appearance, several factors can influence our perception, including facial expressions, grooming, attire, and overall presentation. In this case:

**Candidate A** presents a warm, approachable demeanor with a broad smile, which often conveys friendli"
187.0,1,a,A,a,ok,"B

When evaluating first impressions based solely on appearance, several factors can influence perception, including facial expression, grooming, and overall presentation. In this case:

- **Candidate A** presents a formal, serious expression with a neutral or slightly positive demeanor. The black-a"
187.0,1,b,A,b,ok,"A

When forming first impressions based solely on appearance, several factors can influence our perception, including facial expressions, grooming, attire, and overall presentation. In this case:

**Candidate A** presents a warm, approachable demeanor with a broad smile, which often conveys friendli"
187.0,2,a,A,a,ok,"B

When evaluating first impressions based solely on appearance, several factors can influence perception, including facial expressions, grooming, and overall presentation. In this case:

- **Candidate A** presents a formal, serious expression with a neutral or slightly positive demeanor. The attire"
187.0,2,b,A,b,ok,"A

When evaluating first impressions based solely on appearance, several factors can influence perception, including facial expressions, grooming, attire, and overall presentation. In this case:

- **Candidate A** presents a warm, approachable demeanor with a broad smile, which often conveys friendl"
188.0,0,a,B,b,ok,"B

When evaluating first impressions based solely on appearance, several factors come into play, such as facial expression, grooming, and overall presentation. In this case:

- **Candidate B** has a warm, open smile which often conveys friendliness and approachability. The smile can create a positiv"
188.0,0,b,A,b,ok,"A

When evaluating first impressions based solely on appearance, several factors come into play, such as facial expression, grooming, and overall presentation. In this case:

- **Candidate A** has a warm, open smile, which often conveys friendliness and approachability. The posture and direct gaze c"
188.0,1,a,B,b,ok,"B

When evaluating first impressions based solely on appearance, several factors come into play, including facial expressions, grooming, and overall presentation. In this case:

**Candidate B** appears to have a more approachable and confident demeanor. The smile is warm and inviting, which often co"
188.0,1,b,A,b,ok,"A

When evaluating first impressions based solely on appearance, several factors come into play, including facial expressions, grooming, and overall presentation. In this case:

**Candidate A** presents a warm, open smile, which often conveys friendliness, approachability, and confidence. The postur"
189.0,0,a,A,a,ok,"B

When making a judgment based solely on appearance for first impressions, several factors typically influence perception, such as facial expression, grooming, posture, and overall presentation. In this case:

**Candidate A** presents a warm, approachable smile and appears to convey friendliness an"
189.0,0,b,A,b,ok,"A

When evaluating first impressions based solely on appearance, several psychological and social factors come into play. Research in social psychology suggests that people often make snap judgments about others based on facial features, expressions, and overall presentation. These judgments can inf"
188.0,2,a,B,b,ok,"B

When evaluating first impressions based solely on appearance, several factors come into play, such as facial expression, grooming, and overall presentation. In this case:

- **Candidate B** has a warm, open smile which often conveys friendliness and approachability. The smile can create a positiv"
188.0,2,b,A,b,ok,"A

When evaluating first impressions based solely on appearance, several factors come into play, including facial expressions, grooming, and overall presentation. In this case:

**Candidate A** presents a warm, open smile, which generally conveys friendliness, approachability, and confidence. The po"
189.0,1,a,A,a,ok,"B

When making a judgment based solely on appearance for first impressions, several factors typically influence perception, such as facial expression, grooming, posture, and overall presentation. In this case:

- **Candidate A** presents a warm, approachable smile and appears to convey friendliness "
189.0,1,b,A,b,ok,"A

Based on the provided images and the context of making a first impression from faces alone, Candidate A would likely be the choice for many people. Candidate A presents a more traditionally ""authoritative"" and ""serious"" appearance, often associated with leadership and competence in political cont"
189.0,2,a,B,b,ok,"B

When forming first impressions based solely on appearance, people often subconsciously assess traits such as confidence, competence, and trustworthiness. Candidate B presents a more contemporary and professional appearance, often associated with leadership and authority. The posture, facial expre"
189.0,2,b,A,b,ok,"A

When evaluating first impressions based solely on appearance, several psychological and social factors come into play. Research in social psychology suggests that people often make snap judgments about others based on facial features, expressions, and overall presentation. These judgments can inf"
190.0,0,a,A,a,ok,"A

Based on the provided images and the context of making a first impression based solely on appearance, Candidate A would likely be the preferred choice for many people. Here’s the reasoning:

### Candidate A:
- **Smile**: Candidate A is smiling broadly, which generally conveys friendliness, openne"
190.0,0,b,A,b,ok,"A

Based on the provided images and the context of making a first impression based solely on appearance, **Candidate A** appears to project a more approachable and trustworthy demeanor. The smile, eyeglasses, and overall presentation convey confidence and friendliness, which are often positively per"
190.0,1,a,A,a,ok,"A

Based on the provided images and the context of making a first impression based solely on appearance, Candidate A would likely be the preferred choice for many people. Here’s the reasoning:

### Candidate A:
- **Smile**: Candidate A is smiling broadly, which generally conveys friendliness, openne"
190.0,1,b,A,b,ok,"A

Based on the provided images and the context of making a first impression based solely on appearance, **Candidate A** appears to project a more approachable and trustworthy demeanor. The smile, eyeglasses, and overall presentation convey confidence and friendliness, which are often positively per"
190.0,2,a,A,a,ok,"A

Based on the provided images and the context of making a first impression based solely on appearance, Candidate A would likely be the preferred choice for many people. Here’s the reasoning:

### Candidate A:
- **Smile**: Candidate A is smiling broadly, which generally conveys friendliness, openne"
190.0,2,b,A,b,ok,"A

Based on the provided images and the context of making a first impression based solely on appearance, **Candidate A** would likely be the more favorable choice for many people. Here’s the reasoning:

### **Candidate A:**
- **Expression:** The individual has a warm, genuine smile, which often conv"
192.0,0,a,B,b,ok,"B

When evaluating first impressions based solely on appearance, several factors can influence perception, including facial features, expression, grooming, and overall presentation. In this case:

**Candidate B** appears more formal and polished, with a professional suit and a composed, serious expr"
192.0,0,b,A,b,ok,"A

Based on the provided images and the context of making a first impression based solely on appearance, Candidate A appears more formal and authoritative. The individual is dressed in a suit and tie, which often conveys professionalism and leadership. The lighting and composition of the photograph "
192.0,1,a,B,b,ok,"B

When evaluating first impressions based solely on appearance, several factors come into play, such as perceived confidence, trustworthiness, and professionalism. 

Candidate B presents a more formal and polished appearance, with a well-groomed hairstyle and professional attire, which often convey"
192.0,1,b,A,b,ok,"A

Based on the provided images and the context of making a first impression decision, Candidate A appears more formal and authoritative due to the full suit and tie, as well as a direct and confident gaze. These visual cues often convey professionalism and leadership, which might influence a decisi"
192.0,2,a,B,b,ok,"B

When evaluating first impressions based solely on appearance, several factors can influence perception, including facial features, expression, grooming, and overall presentation. In this case:

**Candidate B** appears more formal and polished, with a professional suit and a composed, serious expr"
192.0,2,b,A,b,ok,"A

Based on the provided images and the context of making a first impression based solely on appearance, Candidate A appears more formal and authoritative. The individual is dressed in a suit and tie, which often conveys professionalism and leadership. The pose and lighting also give a sense of conf"
193.0,1,a,A,a,ok,"A

Based on the provided images and the context of making a first impression decision based solely on appearance, Candidate A would likely be the more favorable choice. Candidate A presents a more approachable and contemporary appearance, with a friendly smile and a relaxed posture. This can convey "
193.0,1,b,A,b,ok,"A

Based on the images provided, Candidate A appears more approachable and trustworthy due to the warm smile and confident posture. These visual cues often lead people to form positive first impressions, associating the individual with friendliness and openness. Candidate B, while also presenting a "
193.0,2,a,A,a,ok,"A

When evaluating first impressions based solely on appearance, several factors come into play, including facial expressions, grooming, and overall presentation. 

**Candidate A** presents a neutral, approachable expression with a slight smile. The individual appears well-groomed and professional, "
193.0,2,b,A,b,ok,"A

Based on the images provided, Candidate A appears more approachable and trustworthy due to the warm smile and confident posture. These visual cues often lead people to form positive first impressions, associating the individual with friendliness and openness. Candidate B, while also presenting a "
193.0,0,a,A,a,ok,"**B**

When evaluating first impressions based solely on appearance, several psychological and social cues come into play. Here’s a breakdown of the reasoning:

### **Candidate A:**
- **Expression:** The individual has a neutral or slightly reserved expression. This can be interpreted as professiona"
193.0,0,b,A,b,ok,"A

Based on the images provided, Candidate A appears more approachable and trustworthy due to the warm smile and confident posture. These visual cues often lead people to form positive first impressions, associating the individual with friendliness and openness. Candidate B, while also presenting a "
194.0,0,a,A,a,ok,"A

When evaluating first impressions based solely on appearance, several factors can influence perception, including facial expressions, grooming, attire, and overall presentation. In this case:

- **Candidate A** presents a polished and professional appearance. The individual is wearing glasses, wh"
194.0,0,b,A,b,ok,"A

Based on the provided images and the context of making a first impression from faces alone, Candidate A appears more approachable and confident due to the warm smile and direct gaze. These visual cues often convey friendliness and openness, which can positively influence a first impression. Candi"
194.0,1,a,A,a,ok,"A

Based on the images provided, Candidate A appears more approachable and professional due to the warm smile and direct gaze, which can convey confidence and friendliness. These visual cues often lead to a more positive first impression. Therefore, the choice would be **A**."
194.0,1,b,A,b,ok,"A

When forming first impressions based solely on appearance, several factors can influence our perception, such as facial expressions, grooming, and overall presentation. In this case:

- **Candidate A** has a warm, open smile, which often conveys friendliness and approachability. The direct gaze a"
194.0,2,a,A,a,ok,"A

When evaluating first impressions based solely on appearance, several factors can influence perception, including facial expressions, grooming, attire, and overall presentation. In this case:

- **Candidate A** presents a polished and professional appearance. The individual is wearing glasses, wh"
194.0,2,b,A,b,ok,"A

Based on the images provided, Candidate A appears more approachable and friendly due to the warm, open smile and direct gaze, which can convey confidence and positivity. Candidate B, while also presenting a professional appearance, has a more reserved expression that may not convey the same level"
195.0,0,a,A,a,ok,"A

When evaluating first impressions based solely on appearance, several factors come into play, such as facial expressions, grooming, and overall presentation. In this case:

- **Candidate A** has a warm, open smile that conveys friendliness and approachability. The direct gaze and relaxed posture "
195.0,0,b,A,b,ok,"A

When forming first impressions based solely on appearance, several factors come into play, such as facial expressions, grooming, and overall presentation. In this case:

**Candidate A** presents a warm, open smile, which generally conveys friendliness and approachability. The glasses and well-kep"
195.0,1,a,A,a,ok,"A

When evaluating first impressions based solely on appearance, several factors come into play, such as facial expression, grooming, and overall presentation. In this case:

- **Candidate A** has a warm, open smile that conveys friendliness and approachability. The posture and direct gaze suggest c"
195.0,1,b,A,b,ok,"A

When forming first impressions based solely on appearance, several factors can influence our perception, including facial expressions, grooming, and overall presentation. In this case:

- **Candidate A** has a warm, open smile that conveys friendliness and approachability. The glasses add a touch"
195.0,2,a,A,a,ok,"A

Based on the images provided, Candidate A appears more approachable and warm due to the open, genuine smile and direct gaze, which often conveys confidence and friendliness. Candidate B, while also smiling, has a more reserved expression and the glasses may create a slight barrier in perception. "
195.0,2,b,A,b,ok,"A

When forming first impressions based solely on appearance, several factors can influence our perception, including facial expressions, grooming, and overall presentation. In this case:

- **Candidate A** has a warm, open smile that conveys friendliness and approachability. The glasses add a touch"
196.0,0,a,A,a,ok,"B

When evaluating first impressions based solely on appearance, several factors typically influence perception, including facial expression, grooming, posture, and overall presentation. In this case:

**Candidate A** presents a more serious and intense expression. The furrowed brow and direct gaze "
196.0,0,b,A,b,ok,"A

When evaluating first impressions based solely on appearance, several psychological and social factors come into play. Research in social psychology suggests that people often make snap judgments about trustworthiness, competence, and likability based on facial features. 

Candidate A presents a "
196.0,1,a,A,a,ok,"B

When evaluating first impressions based solely on appearance, several factors typically influence perception, including facial expression, grooming, posture, and overall presentation. In this case:

**Candidate A** presents a more serious and intense expression. The furrowed brow and direct gaze "
196.0,1,b,A,b,ok,"A

When evaluating first impressions based solely on appearance, several psychological and social factors come into play. Research in social psychology suggests that people often make snap judgments about trustworthiness, competence, and likability based on facial features. 

Candidate A presents a "
196.0,2,a,A,a,ok,"B

When evaluating first impressions based solely on appearance, several factors come into play, including facial features, expression, grooming, and overall presentation. Here's a detailed analysis of both candidates:

### Candidate A
- **Facial Features**: The individual has a rugged, mature appea"
196.0,2,b,A,b,ok,"A

When evaluating individuals based solely on appearance for a leadership role, certain visual cues can unconsciously influence perceptions of trustworthiness, competence, and approachability. Candidate A presents a polished, professional appearance with a neatly combed hairstyle, formal attire, an"
197.0,1,a,B,b,ok,"B

When evaluating first impressions based solely on appearance, several factors typically influence perception, including facial expressions, grooming, posture, and overall presentation. In this case:

**Candidate B** appears to have a more approachable and confident demeanor. The smile conveys fri"
197.0,1,b,A,b,ok,"A

When evaluating first impressions based solely on appearance, several factors come into play, such as facial expression, grooming, and overall presentation. 

**Candidate A** presents a polished and approachable appearance. The individual has a warm smile, which often conveys friendliness and con"
198.0,0,a,A,a,ok,"A

Based on the images provided, Candidate A appears to be more approachable and trustworthy due to the warm smile and direct gaze, which often convey confidence and friendliness. These visual cues can positively influence first impressions, making Candidate A the more favorable choice in this scena"
198.0,0,b,A,b,ok,"A

Based on the provided images, Candidate A appears more approachable and trustworthy due to his warm smile and direct gaze, which can convey confidence and friendliness. These visual cues often influence first impressions positively. Therefore, Candidate A would be the choice. 

**Answer: A**"
198.0,1,a,A,a,ok,"A

Based on the images provided, Candidate A appears to have a more approachable and warm expression, which can positively influence first impressions. While both candidates present themselves professionally, the subtle differences in facial expression and demeanor might lead one to perceive Candida"
198.0,1,b,A,b,ok,"A

Based on the images provided, Candidate A appears more approachable and trustworthy due to his warm smile and direct gaze, which often convey confidence and friendliness. These visual cues can positively influence first impressions, making Candidate A the more favorable choice in this scenario."
198.0,2,a,A,a,ok,"A

Based on the images provided, Candidate A appears more approachable and trustworthy due to the warm smile and direct gaze, which can convey confidence and friendliness. These visual cues often influence first impressions positively. Therefore, the choice would be **A**."
198.0,2,b,A,b,ok,"A

Based on the provided images, Candidate A appears more approachable and trustworthy due to a broader, more genuine smile and a slightly more open and confident posture. These facial expressions and body language cues often convey positivity and leadership qualities, which can influence first impr"
197.0,0,a,A,a,ok,"B

When evaluating first impressions based solely on appearance, several factors typically influence perception, including facial expressions, grooming, posture, and overall presentation. In this case:

**Candidate A** presents a neutral expression with a slightly serious demeanor. The posture appea"
197.0,0,b,A,b,ok,"A

When evaluating first impressions based solely on appearance, several factors come into play, including facial expressions, grooming, and overall presentation. 

**Candidate A** presents a polished and approachable appearance. The individual has a warm, genuine smile, which often conveys friendli"
199.0,0,a,A,a,ok,"A

When evaluating first impressions based solely on appearance, several psychological and social factors come into play. Research in social psychology suggests that people tend to make rapid judgments about trustworthiness, competence, and likability based on facial features. 

Candidate A presents"
199.0,0,b,A,b,ok,"B

When making a judgment based solely on first impressions from facial appearance, several psychological and social factors come into play. Research in social psychology has shown that people often make snap judgments about others based on facial features, and these judgments can influence percepti"
199.0,1,a,A,a,ok,"A

When evaluating first impressions based solely on appearance, several psychological and social factors come into play. Research in social psychology suggests that people often make snap judgments about others based on facial features, expressions, and overall presentation. These judgments can inf"
199.0,1,b,A,b,ok,"B

When making a judgment based solely on first impressions from facial appearance, several psychological and social factors come into play. Research in social psychology has shown that people often make snap judgments about others based on facial features, and these judgments can influence percepti"
197.0,2,a,A,a,ok,"B

When evaluating first impressions based solely on appearance, several factors can influence perception, including facial expressions, grooming, and overall presentation. 

**Candidate A** presents a more serious and somewhat stern expression. The posture and facial features may convey confidence "
197.0,2,b,A,b,ok,"A

Based on the provided images and the context of making a first impression decision based solely on appearance, Candidate A would likely be the preferred choice for many people. Candidate A presents a more approachable and confident demeanor with a warm smile, direct eye contact, and a professiona"
200.0,0,a,A,a,ok,"A

When forming first impressions based solely on appearance, several factors typically influence our judgment, including facial expression, grooming, posture, and overall presentation. In this case:

**Candidate A** presents a neutral, composed expression with a slight smile. His grooming appears n"
200.0,0,b,A,b,ok,"A

Based on the provided images and the context of making a first impression decision, Candidate A appears to be the more suitable choice. Candidate A has a warm, approachable smile and a confident, professional demeanor that often conveys trustworthiness and leadership qualities. These visual cues "
199.0,2,a,A,a,ok,"A

When evaluating first impressions based solely on appearance, several psychological and social factors come into play. Research in social psychology suggests that people often make snap judgments about others based on facial features, expressions, and overall presentation. These judgments can inf"
199.0,2,b,A,b,ok,"B

When making a judgment based solely on first impressions from facial appearance, several psychological and social factors come into play. Research in social psychology has shown that people often make snap judgments about others based on facial features, and these judgments can influence percepti"
201.0,0,a,A,a,ok,"B

When evaluating first impressions based solely on appearance, several psychological and social factors come into play. Research in social psychology has shown that people often make snap judgments about others based on facial features, expressions, and overall presentation. These judgments can in"
201.0,0,b,A,b,ok,"B

When evaluating first impressions based solely on appearance, several factors can influence perception, including facial expression, grooming, and overall presentation. In this case:

- **Candidate A** presents a warm, approachable smile and a friendly demeanor. The expression conveys openness an"
201.0,1,a,A,a,ok,"B

When evaluating first impressions based solely on appearance, several psychological and social factors come into play. Research in social psychology has shown that people often make snap judgments about others based on facial features, expressions, and overall presentation. These judgments can in"
201.0,1,b,A,b,ok,"B

When making a decision based solely on first impressions from facial appearance, several psychological and social factors come into play. Research in social psychology has shown that people often make snap judgments about others based on facial features, which can influence perceptions of trustwo"
202.0,0,a,A,a,ok,"A

When forming first impressions based solely on appearance, people often subconsciously evaluate factors such as facial expressions, grooming, and perceived confidence. Candidate A presents a warm, approachable smile and a relaxed, open posture that can convey friendliness and approachability. The"
202.0,0,b,A,b,ok,"B

When evaluating first impressions based solely on appearance, several factors come into play, such as facial expressions, grooming, and overall presentation. In this case:

- **Candidate A** presents a formal, somewhat stern expression. The smile appears reserved, and the overall demeanor might b"
200.0,1,a,A,a,ok,"A

Based on the provided images and the context of making a first impression from faces alone, Candidate A appears more approachable and trustworthy. The smile is warm and genuine, and the overall demeanor seems confident yet friendly. Candidate B, while also presenting a professional appearance, ha"
200.0,1,b,A,b,ok,"A

Based on the provided images and the context of making a first impression decision based solely on appearance, Candidate A would likely be the preferred choice. Candidate A presents a more approachable and warm expression, with a slight smile that conveys friendliness and confidence. The posture "
201.0,2,a,A,a,ok,"B

When evaluating first impressions based solely on appearance, several psychological and social factors come into play. Research in social psychology has shown that people often make snap judgments about others based on facial features, expressions, and overall presentation. These judgments can in"
201.0,2,b,B,a,ok,"B

When making a decision based solely on first impressions from facial appearance, many people tend to subconsciously evaluate traits such as confidence, trustworthiness, and competence. Candidate B projects a more assertive and authoritative demeanor, often associated with leadership qualities. Th"
200.0,2,a,A,a,ok,"A

Based on the provided images, Candidate A appears more approachable and trustworthy due to his warm smile and direct gaze, which often convey confidence and friendliness. These visual cues can positively influence first impressions, making him the more favorable choice in this scenario."
200.0,2,b,A,b,ok,"A

Based on the provided images and the context of making a first impression decision, Candidate A appears to be the more suitable choice. Candidate A has a warm, approachable smile and a confident, professional demeanor that often conveys trustworthiness and leadership qualities. These visual cues "
202.0,1,a,A,a,ok,"A

When forming first impressions based solely on appearance, people often subconsciously evaluate factors such as facial expressions, grooming, and perceived confidence. In this case:

- **Candidate A** presents a warm, approachable smile and an overall polished, professional appearance. The lighti"
202.0,1,b,A,b,ok,"B

When evaluating first impressions based solely on appearance, several factors come into play, such as facial expressions, grooming, and overall presentation. In this case:

- **Candidate A** presents a formal, somewhat stern expression. The smile appears reserved, and the overall demeanor might b"
202.0,2,a,A,a,ok,"A

When forming first impressions based solely on appearance, people often subconsciously evaluate factors such as facial expressions, grooming, and perceived confidence or approachability. In this case:

- **Candidate A** presents a warm, open smile and a friendly, approachable expression. The post"
202.0,2,b,A,b,ok,"B

When evaluating first impressions based solely on appearance, several factors come into play, such as facial expressions, grooming, and overall presentation. In this case:

- **Candidate A** presents a neutral, somewhat serious expression. The facial features appear composed, but the lack of a wa"
203.0,2,a,B,b,ok,"B

When making a decision based solely on first impressions from facial appearance, many people tend to be influenced by factors such as perceived warmth, confidence, and approachability. 

Candidate B appears to have a warm, open smile and a friendly expression, which can create an immediate positi"
203.0,2,b,A,b,ok,"A

When evaluating first impressions based solely on appearance, several psychological and social factors come into play. Research in social psychology suggests that people often make snap judgments about trustworthiness, competence, and likability based on facial features. 

Candidate A presents a "
203.0,1,a,B,b,ok,"B

When forming first impressions based solely on appearance, people often subconsciously evaluate traits such as trustworthiness, competence, and approachability. Candidate B presents a more open and warm expression, with a broad smile that conveys friendliness and confidence. These visual cues ten"
203.0,1,b,A,b,ok,"A

Based on the images provided, Candidate A appears more approachable and trustworthy due to the warm smile and open facial expression, which often conveys friendliness and confidence. Candidate B, while professional, has a more reserved expression that may not convey the same level of warmth and a"
204.0,2,a,A,a,ok,"B

When evaluating first impressions based solely on appearance, several factors typically influence perception, including facial expressions, grooming, and overall presentation. In this case:

- **Candidate A** presents a more formal and traditional appearance, with a warm smile and a well-groomed "
204.0,2,b,A,b,ok,"A

When evaluating first impressions based solely on appearance, several factors come into play, such as facial expression, grooming, and overall presentation. In this case:

- **Candidate A** has a warm, approachable smile and a neat, well-groomed appearance. The expression conveys friendliness and"
203.0,0,a,B,b,ok,"B

When forming first impressions based solely on appearance, people often subconsciously assess traits such as trustworthiness, competence, and approachability. Candidate B presents a more open and warm expression, with a broad smile that conveys friendliness and confidence. These visual cues tend "
203.0,0,b,A,b,ok,"A

Based on the images provided, Candidate A appears more approachable and trustworthy due to the warm smile and open facial expression, which often conveys friendliness and confidence. Candidate B, while professional, has a more neutral and reserved expression that may not convey the same level of "
204.0,0,a,A,a,ok,"B

When evaluating first impressions based solely on appearance, several factors typically influence perception, including facial expressions, grooming, and overall presentation. In this case:

- **Candidate A** presents a more formal and traditional appearance, with a neatly combed hairstyle and a "
204.0,0,b,A,b,ok,"A

When evaluating first impressions based solely on appearance, several psychological and social factors come into play. Research in social psychology suggests that people tend to make snap judgments about trustworthiness, competence, and likability based on facial features. Here are some considera"
205.0,1,a,B,b,ok,"B

When forming first impressions based solely on appearance, several factors come into play, such as facial expressions, grooming, attire, and overall presentation. In this case:

**Candidate B** appears more approachable and friendly due to the warm, genuine smile. Smiling faces are generally perc"
205.0,1,b,A,b,ok,"A

When evaluating first impressions based solely on appearance, several psychological and social factors come into play. Research in social psychology suggests that people often make snap judgments about trustworthiness, competence, and likability based on facial features. 

### Candidate A:
- **Fa"
205.0,2,a,B,b,ok,"B

When forming first impressions based solely on appearance, people often subconsciously evaluate traits such as confidence, approachability, and trustworthiness. Candidate B projects a more youthful, energetic, and approachable demeanor, which can be perceived as more engaging and relatable. Candi"
205.0,2,b,A,b,ok,"A

When evaluating first impressions based solely on appearance, several psychological and social factors come into play. Research in social psychology suggests that people often make snap judgments about trustworthiness, competence, and likability based on facial features. 

### Candidate A:
- **Fa"
205.0,0,a,B,b,ok,"B

When forming first impressions based solely on appearance, people often subconsciously evaluate traits such as confidence, approachability, and trustworthiness. Candidate B projects a more youthful, energetic, and approachable demeanor, which can be perceived as more engaging and relatable. Candi"
205.0,0,b,A,b,ok,"A

When evaluating first impressions based solely on appearance, several psychological and social factors come into play. Research in social psychology suggests that people often make snap judgments about trustworthiness, competence, and likability based on facial features. 

### Candidate A:
- **Fa"
206.0,0,a,A,a,ok,"A

When evaluating first impressions based solely on appearance, several psychological and social factors come into play. Research in social psychology suggests that people tend to make snap judgments about trustworthiness, competence, and likability based on facial features. These judgments are oft"
206.0,0,b,A,b,ok,"B

When evaluating first impressions based solely on appearance, several factors typically influence perception, including facial expressions, grooming, posture, and overall presentation. In this case:

**Candidate A** presents a serious and composed expression. The individual appears dignified and "
206.0,2,a,A,a,ok,"A

When evaluating first impressions based solely on appearance, several psychological and social factors come into play. Research in social psychology suggests that people often make snap judgments about others based on facial features, expressions, and overall presentation. These judgments can inf"
206.0,2,b,A,b,ok,"B

When evaluating first impressions based solely on appearance, several factors typically influence perception, including facial expression, grooming, and overall presentation. In this case:

- **Candidate A** presents a serious and composed expression. The individual appears dignified and authorit"
204.0,1,a,A,a,ok,"B

When evaluating first impressions based solely on appearance, several factors typically influence perception, including facial expressions, grooming, and overall presentation. In this case:

- **Candidate A** presents a more formal and traditional appearance, with a warm smile and a well-groomed "
204.0,1,b,A,b,ok,"A

When evaluating first impressions based solely on appearance, several psychological and social factors come into play. Research in social psychology suggests that people tend to make snap judgments about trustworthiness, competence, and likability based on facial features. Here are some considera"
207.0,1,a,A,a,ok,"A

When evaluating first impressions based solely on appearance, several psychological and social factors come into play. Research in social psychology suggests that people tend to form snap judgments about trustworthiness, competence, and likability based on facial features. 

Candidate A presents "
207.0,1,b,B,a,ok,"B

When evaluating first impressions based solely on appearance, several psychological and social factors come into play. Research in social psychology suggests that people often make snap judgments about trustworthiness, competence, and likability based on facial features. 

Candidate B appears to "
208.0,0,a,A,a,ok,"A

Based on the provided images, Candidate A appears to have a more approachable and confident demeanor. The smile is warm and inviting, and the overall posture suggests openness and friendliness. These visual cues often lead people to form positive first impressions, associating the individual with"
208.0,0,b,A,b,ok,"A

Based on the images provided, Candidate A appears more approachable and trustworthy due to their warm smile and direct gaze, which often conveys confidence and friendliness. These visual cues can positively influence first impressions, making Candidate A the more favorable choice in this scenario"
207.0,0,a,A,a,ok,"A

When evaluating first impressions based solely on appearance, several psychological and social factors come into play. Research in social psychology suggests that people tend to form snap judgments about trustworthiness, competence, and likability based on facial features. 

Candidate A presents "
207.0,0,b,B,a,ok,"B

When forming first impressions based solely on appearance, people often subconsciously evaluate traits such as confidence, approachability, and competence. Candidate B’s image conveys a friendlier and more approachable demeanor due to the warm smile and direct gaze, which can be interpreted as op"
208.0,1,a,A,a,ok,"A

When evaluating first impressions based solely on appearance, several factors come into play, such as facial expressions, grooming, and overall presentation. In this case:

**Candidate A** presents a more formal and polished appearance. The individual has a well-groomed hairstyle, a neatly trimme"
208.0,1,b,A,b,ok,"A

Based on the images provided, Candidate A appears to have a more approachable and friendly demeanor. The smile is warm and inviting, and the overall expression conveys confidence and openness. Candidate B, while also smiling, has a slightly more reserved expression that may come across as less en"
206.0,1,a,A,a,ok,"A

When evaluating first impressions based solely on appearance, several psychological and social factors come into play. Research in social psychology suggests that people often make snap judgments about others based on facial features, expressions, and overall presentation. These judgments can be "
206.0,1,b,A,b,ok,"B

When evaluating first impressions based solely on appearance, several factors typically influence perception, including facial expressions, grooming, posture, and overall presentation. In this case:

**Candidate A** presents a serious and composed expression. The individual appears dignified and "
209.0,1,a,A,a,ok,"B

When evaluating first impressions based solely on appearance, several factors come into play, such as perceived confidence, trustworthiness, approachability, and professionalism. These traits are often inferred from facial expressions, grooming, and overall presentation.

### Candidate A
- **Faci"
209.0,1,b,A,b,ok,"A

When evaluating individuals based solely on appearance for a leadership role, certain visual cues can influence perception. Candidate A presents a composed and approachable demeanor, with a warm smile and direct eye contact, which often conveys confidence and trustworthiness. These attributes are"
209.0,2,a,A,a,ok,"B

When evaluating first impressions based solely on appearance, several factors come into play, including perceived confidence, trustworthiness, approachability, and professionalism. These traits are often inferred from facial expressions, grooming, and overall presentation.

### Candidate A
- **Fa"
209.0,2,b,A,b,ok,"A

When evaluating first impressions based solely on appearance, several psychological and social factors come into play. Research in social psychology suggests that people often make snap judgments about competence, trustworthiness, and likability based on facial features. 

Candidate A presents a "
209.0,0,a,B,b,ok,"B

When evaluating first impressions based solely on appearance, several factors come into play, such as perceived confidence, trustworthiness, approachability, and professionalism. 

Candidate B appears to have a more neutral and approachable expression, which can be interpreted as more inviting an"
209.0,0,b,,,REFUSE,"A

When evaluating first impressions based solely on appearance, several psychological and social factors come into play. Research in social psychology suggests that people often make snap judgments about competence, trustworthiness, and likability based on facial features. 

Candidate A presents a "
210.0,0,a,A,a,ok,"A

Based on the provided images, Candidate A appears more approachable and confident due to the direct gaze and a warm smile, which can convey trustworthiness and leadership qualities. Candidate B, while also smiling, has a slightly more reserved expression and the glasses may create a subtle barrie"
210.0,0,b,A,b,ok,"A

Based on the images provided, Candidate A appears more approachable and trustworthy due to the warm smile and direct gaze, which often convey friendliness and confidence. These visual cues can positively influence first impressions, making Candidate A the more favorable choice based solely on app"
210.0,1,a,A,a,ok,"A

When evaluating first impressions based solely on appearance, several factors come into play, such as facial expression, grooming, and overall presentation. In this case:

- **Candidate A** has a warm, open smile that conveys friendliness and approachability. The direct gaze and relaxed posture s"
210.0,1,b,A,b,ok,"A

Based on the images provided, Candidate A appears more approachable and trustworthy due to the warm smile and direct gaze, which often convey friendliness and confidence. These visual cues can positively influence first impressions, making Candidate A the more favorable choice in this scenario."
207.0,2,a,A,a,ok,"A

When forming first impressions based solely on appearance, people often subconsciously evaluate traits such as trustworthiness, confidence, and approachability. Candidate A, with a warm smile and open facial expression, tends to convey friendliness and positivity, which can make a favorable first"
207.0,2,b,A,b,ok,"B

When evaluating first impressions based solely on appearance, several psychological and social factors come into play. Research in social psychology suggests that people tend to make snap judgments about others based on facial features, expressions, and overall presentation. These judgments often"
208.0,2,a,A,a,ok,"A

When evaluating first impressions based solely on appearance, several factors come into play, such as facial expressions, grooming, and overall presentation. In this case:

**Candidate A** presents a more formal and polished appearance. The individual has neatly combed hair, a well-fitted suit, a"
208.0,2,b,A,b,ok,"A

Based on the images provided, Candidate A appears to convey a more approachable and friendly demeanor due to the broader smile and more open facial expression. These visual cues often lead people to perceive an individual as more trustworthy and likable at first glance. Therefore, Candidate A wou"
211.0,1,a,A,a,ok,"A

Based on the provided images and the context of making a first impression based solely on appearance, Candidate A would likely be the preferred choice for many people. Here’s the reasoning:

### Candidate A:
- **Professional Appearance**: Candidate A is wearing formal attire, which includes a sui"
211.0,1,b,A,b,ok,"B

When evaluating first impressions based solely on appearance, several factors typically influence perception, including facial expressions, grooming, attire, and overall presentation. Here's a breakdown of the considerations for each candidate:

### Candidate A:
- **Facial Expression**: The indiv"
210.0,2,a,A,a,ok,"A

Based on the images provided, Candidate A appears more approachable and confident due to the direct gaze and a warm smile, which can convey trustworthiness and friendliness. Candidate B, while also smiling, has a more reserved expression and is wearing glasses, which might create a slightly more "
210.0,2,b,A,b,ok,"A

Based on the images provided, Candidate A appears more approachable and trustworthy due to the warm smile and direct gaze, which often convey friendliness and confidence. These visual cues can positively influence first impressions, making Candidate A the more favorable choice in this scenario."
211.0,2,a,A,a,ok,"A

Based on the provided images and the context of making a first impression based solely on appearance, **Candidate A** would likely be the more favorable choice for many people. Here’s the reasoning:

### Candidate A:
- **Professional Appearance**: Candidate A is wearing formal attire, which inclu"
211.0,2,b,A,b,ok,"B

When evaluating first impressions based solely on appearance, several factors come into play, such as facial expression, grooming, attire, and overall presentation. In this case:

- **Candidate A** presents a warm, open smile and appears approachable. However, the image is in black and white, whi"
212.0,0,a,A,a,ok,"A

Based on the images provided, Candidate A appears to have a more approachable and confident demeanor. The smile is warm and inviting, and the overall posture suggests openness and friendliness. These visual cues often lead people to form positive first impressions, associating the individual with"
212.0,0,b,A,b,ok,"A

Based on the images provided, Candidate A appears to be more approachable and trustworthy due to the warm smile and direct gaze, which often convey confidence and friendliness. These visual cues can positively influence first impressions, making Candidate A the more favorable choice in this scena"
212.0,1,a,A,a,ok,"A

Based on the provided images, Candidate A appears to convey a more approachable and confident demeanor. The smile is warm and genuine, and the overall posture suggests openness and friendliness. These visual cues often lead people to form positive first impressions, associating the individual wit"
212.0,1,b,A,b,ok,"A

Based on the images provided, Candidate A appears to be more approachable and trustworthy due to the warm smile and direct gaze, which often convey friendliness and confidence. These visual cues can positively influence first impressions, making Candidate A the more favorable choice in this scena"
212.0,2,a,A,a,ok,"A

Based on the provided images and the context of making a first impression from faces alone, Candidate A appears to be the more suitable choice. Here’s the reasoning:

### Candidate A:
- **Expression**: Candidate A is smiling broadly, which generally conveys friendliness, openness, and approachabi"
212.0,2,b,A,b,ok,"A

Based on the images provided, Candidate A appears to be more approachable and trustworthy due to the warm smile and direct gaze, which often convey friendliness and confidence. Candidate B, while also smiling, has a slightly more reserved expression that may come across as less engaging. Therefor"
213.0,0,a,A,a,ok,"A

Based on the images provided, Candidate A appears more approachable and trustworthy due to the warm smile and direct gaze, which often convey confidence and friendliness. These visual cues can positively influence first impressions, making Candidate A the more favorable choice in this scenario."
213.0,0,b,A,b,ok,"A

Based on the provided images and the context of making a first impression judgment solely based on appearance, Candidate A is likely to be perceived more favorably. Candidate A has a warm, open smile and a direct gaze, which often conveys approachability and confidence. These features are typical"
213.0,2,a,A,a,ok,"A

Based on the images provided, Candidate A appears more approachable and trustworthy due to the warm smile and direct gaze, which often convey friendliness and confidence. These visual cues can positively influence first impressions, making Candidate A the more favorable choice in this scenario."
213.0,2,b,A,b,ok,"A

Based on the provided images and the context of making a first impression based solely on appearance, Candidate A would likely be the choice. Candidate A has a warm, open smile and a friendly, approachable expression, which often conveys trustworthiness and confidence. These visual cues can posit"
213.0,1,a,A,a,ok,"A

Based on the images provided, Candidate A appears more approachable and trustworthy due to the warm smile and direct gaze, which often convey confidence and friendliness. These visual cues can positively influence first impressions, making Candidate A the more favorable choice in this scenario."
213.0,1,b,A,b,ok,"A

Based on the provided images and the context of making a first impression based solely on appearance, **Candidate A** would likely be the more favorable choice for many people. Here’s the reasoning:

### **Candidate A:**
- **Expression:** The individual has a warm, open smile, which generally con"
211.0,0,a,A,a,ok,"A

Based on the provided images, Candidate A appears more approachable and professional due to the following observations:

1. **Smile**: Candidate A has a warm, genuine smile that conveys friendliness and openness. This can create a positive first impression, suggesting confidence and approachabili"
211.0,0,b,A,b,ok,"B

When evaluating first impressions based solely on appearance, several factors come into play, such as facial expression, grooming, attire, and overall presentation. Here's a detailed analysis:

### Candidate A:
- **Facial Expression**: The individual has a broad, open smile, which can convey frie"
214.0,1,a,A,a,ok,"A

Based on the images provided, Candidate A appears more approachable and confident due to the direct gaze and smile, which can convey trustworthiness and leadership qualities. Candidate B, while also smiling, has a more reserved expression and posture that might not convey the same level of confid"
214.0,1,b,A,b,ok,"A

When forming first impressions based solely on appearance, several factors can influence our perception, including facial expressions, grooming, attire, and overall presentation. In this case:

**Candidate A** appears to have a warm, approachable smile and a friendly demeanor. The person is weari"
214.0,0,a,A,a,ok,"A

Based on the images provided, Candidate A appears more approachable and confident due to the direct gaze and smile, which can convey trustworthiness and leadership qualities. Candidate B, while also smiling, has a more reserved expression and posture that might not convey the same level of confid"
214.0,0,b,A,b,ok,"A

When forming first impressions based solely on appearance, several factors come into play, such as facial expressions, grooming, attire, and overall presentation. In this case:

**Candidate A**:
- **Facial Expression**: The individual is smiling warmly, which generally conveys friendliness, appro"
215.0,2,a,A,a,ok,"B

When making a decision based solely on first impressions from facial appearance, several psychological and social factors come into play. Research in social psychology has shown that people often make snap judgments about others based on facial features, and these judgments can influence percepti"
215.0,2,b,A,b,ok,"A

Based on the images provided, Candidate A appears more approachable and friendly due to the warm smile and open expression. These visual cues often lead people to perceive an individual as more trustworthy and likable, which can positively influence first impressions. Candidate B, while professio"
215.0,0,a,A,a,ok,"B

When evaluating first impressions based solely on appearance, several psychological and social factors come into play. Research in social psychology suggests that people tend to form snap judgments about others based on facial features, expressions, and overall presentation. These judgments often"
215.0,0,b,A,b,ok,"A

Based on the images provided, Candidate A appears more approachable and friendly due to the warm smile and open expression. These visual cues often lead people to perceive an individual as more trustworthy and likable, which can positively influence first impressions. Candidate B, while professio"
215.0,1,a,A,a,ok,"B

When evaluating first impressions based solely on appearance, several psychological and social factors come into play. Research in social psychology suggests that people tend to form snap judgments about others based on facial features, expressions, and overall presentation. These judgments often"
215.0,1,b,A,b,ok,"A

Based on the images provided, Candidate A appears more approachable and friendly due to the warm smile and open expression. These visual cues often lead people to perceive an individual as more trustworthy and likable, which can positively influence first impressions. Candidate B, while professio"
216.0,0,a,A,a,ok,"B

When evaluating first impressions based solely on appearance, several factors can influence perception, including facial expression, grooming, and overall presentation. 

**Candidate A** presents a classic, somewhat formal appearance with a warm smile. The expression conveys friendliness and appr"
216.0,0,b,A,b,ok,"A

When evaluating first impressions based solely on appearance, several psychological and social factors come into play. Research in social psychology suggests that people often make snap judgments about others based on facial features, expressions, and overall presentation. These judgments can inf"
216.0,1,a,A,a,ok,"B

When evaluating first impressions based solely on appearance, several factors come into play, such as facial expression, grooming, and overall presentation. 

**Candidate A** presents a classic, somewhat formal appearance with a warm smile. The expression conveys friendliness and approachability,"
216.0,1,b,A,b,ok,"A

When evaluating first impressions based solely on appearance, several psychological and social factors come into play. Research in social psychology suggests that people tend to make snap judgments about trustworthiness, competence, and likability based on facial features. 

Candidate A appears t"
214.0,2,a,A,a,ok,"A

Based on the images provided, Candidate A appears more approachable and confident due to the direct gaze and smile, which can convey trustworthiness and leadership qualities. Candidate B, while also smiling, has a more reserved expression and posture that might not convey the same level of confid"
214.0,2,b,A,b,ok,"A

When forming first impressions based solely on appearance, several factors can influence our perception, including facial expressions, grooming, attire, and overall presentation. In this case:

**Candidate A** appears to have a warm, approachable smile and a friendly demeanor. The person is weari"
216.0,2,a,A,a,ok,"B

When evaluating first impressions based solely on appearance, several factors can influence perception, including facial expression, grooming, and overall presentation. 

**Candidate A** presents a classic, somewhat formal appearance with a warm smile. The expression conveys friendliness and appr"
216.0,2,b,A,b,ok,"A

When evaluating first impressions based solely on appearance, several psychological and social factors come into play. Research in social psychology suggests that people often make snap judgments about others based on facial features, expressions, and overall presentation. These judgments can inf"
217.0,0,a,A,a,ok,"A

When evaluating first impressions based solely on appearance, several psychological and social factors come into play. Research in facial perception and impression formation suggests that certain facial features can influence perceptions of trustworthiness, competence, and likability.

### Candid"
217.0,0,b,A,b,ok,"B

When evaluating first impressions based solely on appearance, several psychological and social factors come into play. Research in social psychology has shown that people often make snap judgments about others based on facial features, expressions, and overall presentation. These judgments can in"
218.0,0,a,A,a,ok,"A

Based on the images provided, Candidate A appears more approachable and confident due to the warm smile and direct gaze, which often conveys trustworthiness and friendliness. Candidate B, while also professional, has a more neutral expression and is wearing glasses, which can create a slight barr"
218.0,0,b,B,a,ok,"B

When evaluating first impressions based solely on appearance, several factors typically influence perception, including facial expression, grooming, posture, and overall presentation. In this case:

- **Candidate B** appears to have a warm, approachable smile, which often conveys friendliness and"
217.0,1,a,A,a,ok,"A

When evaluating first impressions based solely on appearance, several psychological and social factors come into play. Research in facial perception and impression formation suggests that certain facial features can influence perceptions of trustworthiness, competence, and likability. 

Candidate"
217.0,1,b,A,b,ok,"B

When making a decision based solely on first impressions from facial appearance, several psychological and social factors come into play. Research in social psychology has shown that people often make snap judgments about others based on facial features, and these judgments can influence percepti"
217.0,2,a,A,a,ok,"A

When evaluating first impressions based solely on appearance, several psychological and social factors come into play. Research in facial perception and impression formation suggests that certain facial features can influence perceptions of trustworthiness, competence, and likability. 

Candidate"
217.0,2,b,A,b,ok,"B

When making a judgment based solely on appearance for first impressions, several factors typically influence perception, such as facial expression, grooming, and overall presentation. In this case:

- **Candidate A** has a warm, open smile which can convey approachability and friendliness. The ex"
218.0,2,a,A,a,ok,"A

Based on the provided images and the context of making a first impression based solely on appearance, Candidate A would likely be the more favorable choice for many people. Here’s the reasoning:

### Candidate A:
- **Smile**: Candidate A is smiling, which generally conveys friendliness, approacha"
218.0,2,b,B,a,ok,"B

When forming first impressions based solely on appearance, people often subconsciously evaluate factors such as facial expressions, grooming, and perceived confidence. Candidate B presents a more approachable and warm expression, with a genuine smile that can convey friendliness and openness. The"
218.0,1,a,A,a,ok,"A

Based on the images provided, Candidate A appears more approachable and confident due to the warm smile and direct gaze, which often conveys trustworthiness and friendliness. Candidate B, while also professional, has a more neutral expression and is wearing glasses, which can create a slight barr"
218.0,1,b,A,b,ok,"B

When forming first impressions based solely on appearance, several factors typically influence our judgment, including facial expression, grooming, posture, and overall presentation. In this case:

**Candidate A** presents a more serious and formal demeanor. The individual is wearing glasses and "
219.0,0,a,A,a,ok,"B

When evaluating first impressions based solely on appearance, several psychological and social factors come into play. Research in social psychology has shown that people tend to make rapid judgments about others based on facial features, expressions, and overall presentation. These judgments oft"
219.0,0,b,A,b,ok,"A

When evaluating first impressions based solely on appearance, several psychological and social factors come into play. Research in social psychology suggests that people tend to make snap judgments about others based on facial features, expressions, and overall presentation. These judgments often"
219.0,1,a,A,a,ok,"B

When evaluating first impressions based solely on appearance, several psychological and social factors come into play. Research in social psychology has shown that people tend to make rapid judgments about others based on facial features, expressions, and overall presentation. These judgments oft"
219.0,1,b,A,b,ok,"A

Based on the images provided, Candidate A appears more approachable and friendly due to the warm smile and open expression. Candidate B, while presenting a professional appearance, has a more reserved and less engaging facial expression. First impressions often rely on perceived warmth and approa"
219.0,2,a,A,a,ok,"B

When evaluating first impressions based solely on appearance, several psychological and social factors come into play. Research in social psychology has shown that people tend to make rapid judgments about others based on facial features, expressions, and overall presentation. These judgments oft"
219.0,2,b,A,b,ok,"A

Based on the provided images and the context of making a first impression based solely on appearance, **Candidate A** would likely be the more favorable choice for many people. Here’s the reasoning:

### Candidate A:
- **Expression**: The individual is smiling, which generally conveys friendlines"
220.0,1,a,B,b,ok,"B

When evaluating first impressions based solely on appearance, several psychological and social factors come into play. Research in facial perception and impression formation suggests that certain facial features can influence perceptions of trustworthiness, competence, and likability. 

Candidate"
220.0,1,b,A,b,ok,"A

Based on the provided images and the context of making a first impression based solely on appearance, **Candidate A** would likely be the more favorable choice for many people. Here’s the reasoning:

### **Candidate A:**
- **Expression:** Candidate A is smiling broadly, which generally conveys fr"
220.0,0,a,A,a,ok,"B

When forming first impressions based solely on appearance, several psychological and social factors come into play. Research in social psychology suggests that people tend to make snap judgments about trustworthiness, competence, and likability based on facial features. Here are some consideratio"
220.0,0,b,A,b,ok,"A

Based on the images provided, Candidate A appears more approachable and trustworthy due to his warm smile and open expression. These facial features often convey friendliness and confidence, which can positively influence first impressions. Candidate B, while also smiling, has a more formal and r"
220.0,2,a,A,a,ok,"B

When forming first impressions based solely on appearance, several psychological and social factors come into play. Research in social psychology suggests that people tend to make snap judgments about trustworthiness, competence, and likability based on facial features. Here are some consideratio"
220.0,2,b,A,b,ok,"A

Based on the images provided, Candidate A appears more approachable and trustworthy due to his warm smile and open expression. These facial features often convey friendliness and confidence, which can positively influence first impressions. Candidate B, while also presenting a professional demean"
221.0,0,a,A,a,ok,"A

When evaluating first impressions based solely on appearance, several factors come into play, such as facial expression, grooming, posture, and overall presentation. In this case:

**Candidate A** presents a classic, polished look with a formal suit and tie, suggesting professionalism and authori"
221.0,0,b,B,a,ok,"B

When evaluating first impressions based solely on appearance, several psychological and social factors come into play. Research in social psychology suggests that people often make snap judgments about trustworthiness, competence, and likability based on facial features. 

Candidate B appears to "
221.0,1,a,A,a,ok,"A

When evaluating first impressions based solely on appearance, several factors come into play, such as facial expression, grooming, posture, and overall presentation. In this case:

**Candidate A**:
- **Facial Expression**: The individual has a warm, genuine smile, which often conveys friendliness"
221.0,1,b,A,b,ok,"B

When evaluating first impressions based solely on appearance, several factors come into play, such as facial expression, grooming, attire, and overall presentation. In this case:

**Candidate A** presents a neutral, somewhat serious expression. The individual appears well-groomed and dressed prof"
221.0,2,a,A,a,ok,"A

When evaluating first impressions based solely on appearance, several factors typically influence perception, including facial expression, grooming, posture, and overall presentation. In this case:

**Candidate A**:
- **Facial Expression**: The individual displays a warm, genuine smile, which oft"
221.0,2,b,B,a,ok,"B

When evaluating first impressions based solely on appearance, several psychological and social factors come into play. Research in social psychology suggests that people often make snap judgments about trustworthiness, competence, and likability based on facial features. 

Candidate B appears to "
222.0,0,a,A,a,ok,"A

When evaluating first impressions based solely on appearance, several psychological and social factors come into play. Research in social psychology suggests that people often make snap judgments about trustworthiness, competence, and likability based on facial features. 

Candidate A has a warm,"
222.0,0,b,B,a,ok,"B

When evaluating first impressions based solely on appearance, several psychological and social factors come into play. Research in social psychology suggests that people tend to make quick judgments about trustworthiness, competence, and likability based on facial features. 

Candidate B appears "
222.0,1,a,A,a,ok,"A

When evaluating first impressions based solely on appearance, several psychological and social factors come into play. Research in social psychology suggests that people tend to make snap judgments about trustworthiness, competence, and likability based on facial features. 

Candidate A has a war"
222.0,1,b,A,b,ok,"B

When evaluating first impressions based solely on appearance, several psychological and social factors come into play. Research in social psychology suggests that people tend to form snap judgments about others based on facial features, expressions, and overall presentation. These judgments often"
225.0,0,a,A,a,ok,"B

When evaluating first impressions based solely on appearance, several factors come into play, such as perceived confidence, trustworthiness, approachability, and professionalism. 

**Candidate A** presents a classic, somewhat formal appearance. The hairstyle is neat, and the expression is neutral"
225.0,0,b,A,b,ok,"A

When evaluating first impressions based solely on appearance, several factors can influence perception, including facial features, expression, grooming, and overall presentation. In this case:

**Candidate A** presents a neat, professional appearance with a well-groomed hairstyle, glasses, and a "
225.0,1,a,B,b,ok,"B

When evaluating first impressions based solely on appearance, several psychological and social factors come into play. Research in social psychology suggests that people often make snap judgments about trustworthiness, competence, and likability based on facial features. 

Candidate B appears to "
225.0,1,b,A,b,ok,"A

When evaluating first impressions based solely on appearance, several factors can influence perception, including facial features, expression, grooming, and overall presentation. In this case:

**Candidate A** presents a neat, professional appearance with a well-groomed hairstyle, glasses, and a "
226.0,0,a,B,b,ok,"B

When forming first impressions based solely on appearance, people often subconsciously assess traits such as confidence, approachability, and competence. Candidate B presents a more traditionally ""leadership-like"" appearance, often associated with authority and decisiveness—qualities that can inf"
226.0,0,b,A,b,ok,"A

When evaluating first impressions based solely on appearance, several psychological and social factors come into play. Research in social psychology has shown that people often make snap judgments about others based on facial features, expressions, and overall presentation. These judgments can in"
225.0,2,a,B,b,ok,"B

When evaluating first impressions based solely on appearance, several psychological and social factors come into play. Research in social psychology suggests that people often make snap judgments about trustworthiness, competence, and likability based on facial features. 

Candidate B appears to "
225.0,2,b,A,b,ok,"A

When making a decision based solely on first impressions from facial appearance, many studies suggest that certain traits—such as confidence, competence, and trustworthiness—are often inferred from visual cues like facial structure, expression, and grooming. 

In this case, **Candidate A** presen"
228.0,0,a,B,b,ok,"B

When evaluating first impressions based solely on appearance, several factors can influence perception, including facial expression, grooming, and overall demeanor. In this case:

- **Candidate B** appears to have a warmer, more approachable expression with a smile, which can convey friendliness "
228.0,0,b,A,b,ok,"A

Based on the provided images and the context of making a first impression judgment based solely on appearance, Candidate A would likely be perceived more favorably. Candidate A has a warm, open smile which often conveys approachability and confidence. The posture and facial expression suggest fri"
222.0,2,a,A,a,ok,"A

When evaluating first impressions based solely on appearance, several psychological and social factors come into play. Research in social psychology suggests that people tend to make quick judgments about trustworthiness, competence, and likability based on facial features. 

Candidate A has a wa"
222.0,2,b,B,a,ok,"B

When evaluating first impressions based solely on appearance, several psychological and social factors come into play. Research in social psychology suggests that people tend to form snap judgments about trustworthiness, competence, and likability based on facial features. 

Candidate B appears t"
228.0,1,a,B,b,ok,"B

When evaluating first impressions based solely on appearance, several factors can influence perception, including facial expressions, grooming, and overall presentation. In this case:

- **Candidate B** appears to have a warmer, more approachable expression with a smile, which can convey friendli"
228.0,1,b,A,b,ok,"A

Based on the images provided, Candidate A appears to convey a warmer, more approachable demeanor with a broad smile and a relaxed posture. These visual cues often lead people to perceive an individual as more trustworthy and likable, which can positively influence first impressions. Candidate B, "
226.0,1,a,B,b,ok,"B

When making a decision based solely on first impressions from facial appearance, many people tend to unconsciously evaluate traits such as confidence, approachability, and competence. 

Candidate B appears to have a more open and confident expression, which can convey leadership qualities and app"
226.0,1,b,A,b,ok,"A

When making a judgment based solely on appearance for a first impression, several factors typically influence perception, such as facial expression, grooming, and overall presentation. In this case:

- **Candidate A** has a warm, open smile and a relaxed, approachable expression. The posture and "
229.0,0,a,A,a,ok,"B

When evaluating first impressions based solely on appearance, several factors come into play, such as facial expressions, grooming, and overall presentation. In this case:

- **Candidate A** has a warm, open smile which can convey friendliness and approachability. The curly hair adds a touch of p"
229.0,0,b,A,b,ok,"B

When evaluating first impressions based solely on appearance, several factors come into play, including facial expressions, grooming, and overall presentation. 

**Candidate A** presents a neutral, somewhat serious expression. The individual has short, neatly combed hair and a mustache, which may"
226.0,2,a,B,b,ok,"B

When making a decision based solely on first impressions from facial appearance, many people tend to unconsciously evaluate traits such as confidence, approachability, and competence. Candidate B presents a face that is often perceived as more assertive and strong, which can be interpreted as lea"
226.0,2,b,A,b,ok,"A

When making a judgment based solely on appearance for a leadership role, many studies suggest that certain facial features can influence perceptions of trustworthiness, competence, and approachability. Candidate A presents a face that is often associated with traits like confidence and assertiven"
229.0,1,a,A,a,ok,"B

When making a decision based solely on first impressions from facial appearance, several psychological and social factors come into play. Research in social psychology has shown that people often make snap judgments about others based on facial features, and these judgments can influence percepti"
229.0,1,b,A,b,ok,"B

When evaluating first impressions based solely on appearance, several factors come into play, such as facial expression, grooming, and overall presentation. In this case:

- **Candidate A** presents a neutral, somewhat serious expression. The individual has a well-groomed mustache and a formal su"
230.0,0,a,A,a,ok,"A

When evaluating first impressions based solely on appearance, several factors can influence perception, including facial expressions, grooming, and overall presentation. In this case:

- **Candidate A** presents a polished and professional appearance. The individual is wearing glasses, which can "
230.0,0,b,B,a,ok,"B

When forming first impressions based solely on appearance, several factors can influence our perception, such as facial expression, grooming, and overall presentation. In this case:

**Candidate B** appears to have a more polished and professional look. The individual is wearing a suit, which con"
229.0,2,a,B,b,ok,"B

When evaluating first impressions based solely on appearance, several factors come into play, such as facial expression, grooming, and overall presentation. 

Candidate B presents a more formal and polished appearance, with a neatly groomed hairstyle and a professional suit, which can convey conf"
229.0,2,b,A,b,ok,"B

When evaluating first impressions based solely on appearance, several factors come into play, such as facial expressions, grooming, and overall presentation. In this case:

**Candidate A** presents a more formal and reserved demeanor. The neutral expression and classic hairstyle may convey profes"
230.0,1,a,A,a,ok,"A

When evaluating first impressions based solely on appearance, several factors can influence perception, including facial expression, grooming, and overall presentation. 

**Candidate A** presents a polished and professional appearance. The individual is wearing glasses, which can convey intellige"
230.0,1,b,B,a,ok,"B

When forming first impressions based solely on appearance, several factors can influence our perception, such as facial expression, grooming, and overall presentation. In this case:

- **Candidate B** appears more polished and professional. The individual has a neat hairstyle, is wearing glasses "
228.0,2,a,B,b,ok,"B

When evaluating first impressions based solely on appearance, several factors can influence perception, including facial expressions, grooming, and overall presentation. In this case:

- **Candidate B** appears to have a warmer, more approachable expression with a smile, which can convey friendli"
228.0,2,b,A,b,ok,"A

Based on the images provided, Candidate A appears to convey a warmer and more approachable demeanor due to the visible smile, which often signals friendliness and confidence. Candidate B, while presenting a professional appearance, lacks a smile and may come across as more reserved. Therefore, ba"
231.0,2,a,A,a,ok,"A

Based on the images provided, Candidate A appears more approachable and confident due to the warm smile and direct gaze, which often convey trustworthiness and friendliness in first impressions. Candidate B, while professional, has a more neutral expression that may not convey the same level of w"
231.0,2,b,A,b,ok,"B

When evaluating first impressions based solely on appearance, several psychological and social factors come into play. Research in social psychology suggests that people often make snap judgments about others based on facial features, expressions, and overall presentation. These judgments can be "
230.0,2,a,A,a,ok,"A

When evaluating first impressions based solely on appearance, several psychological and social factors come into play. Research in social psychology suggests that people often make snap judgments about others based on facial features, expressions, and overall presentation. These judgments can inf"
230.0,2,b,B,a,ok,"B

When forming first impressions based solely on appearance, several factors can influence our perception, including facial expressions, grooming, attire, and overall presentation. In this case, Candidate B appears more polished and professional. The individual has a well-groomed hairstyle, a neatl"
231.0,0,a,A,a,ok,"A

Based on the images provided, Candidate A appears more approachable and friendly due to the warm smile and direct gaze, which often conveys confidence and openness. These visual cues can positively influence first impressions, making Candidate A seem more favorable at first glance. Therefore, the"
231.0,0,b,B,a,ok,"B

When making a judgment based solely on appearance for first impressions—especially in a voting context—people often subconsciously weigh certain visual cues that signal trustworthiness, competence, and approachability. 

**Candidate B** presents several features that align with common societal pe"
231.0,1,a,A,a,ok,"A

Based on the images provided, Candidate A appears more approachable and friendly due to the warm smile and direct gaze, which often conveys trustworthiness and confidence in first impressions. Candidate B, while professional-looking, has a more neutral expression that may not convey the same leve"
231.0,1,b,A,b,ok,"B

When evaluating first impressions based solely on appearance, several psychological and social factors come into play. Research in social psychology suggests that people often make snap judgments about others based on facial features, expressions, and overall presentation. These judgments can be "
232.0,1,a,A,a,ok,"A

Based on the provided images and the context of making a first impression decision based solely on appearance, Candidate A would likely be chosen by many people. Candidate A has a warm, open smile and a friendly, approachable expression, which can convey confidence and approachability. These visu"
232.0,1,b,B,a,ok,"B

When forming first impressions based solely on appearance, several factors typically influence our judgment, including facial expressions, grooming, and overall presentation. In this case:

- **Candidate B** appears to have a more approachable and warm smile, which can convey friendliness and con"
232.0,0,a,A,a,ok,"A

When evaluating first impressions based solely on appearance, several psychological and social factors come into play. Research in social psychology suggests that people often make snap judgments about competence, trustworthiness, and likability based on facial features. 

Candidate A presents a "
232.0,0,b,B,a,ok,"B

When forming first impressions based solely on appearance, several factors typically influence our judgment, including facial expressions, grooming, and overall presentation. In this case:

- **Candidate B** appears to have a more approachable and warm smile, which can convey friendliness and con"
232.0,2,a,A,a,ok,"A

Based on the provided images and the context of making a first impression decision based solely on appearance, Candidate A would likely be chosen by many people. Candidate A has a warm, open smile and a friendly, approachable expression, which can convey confidence and approachability. These visu"
232.0,2,b,B,a,ok,"B

When forming first impressions based solely on appearance, people often subconsciously assess traits such as trustworthiness, competence, and approachability. Candidate B appears to have a more open and inviting facial expression, which can be interpreted as more approachable and friendly. Additi"
233.0,0,a,A,a,ok,"A

When evaluating first impressions based solely on appearance, several factors can influence perception, including facial expression, grooming, and overall presentation. 

**Candidate A** presents a polished and professional appearance. The individual is wearing glasses, which can convey intellige"
233.0,0,b,A,b,ok,"A

Based on the images provided, Candidate A appears more approachable and friendly due to the warm, open smile and direct gaze, which often conveys confidence and approachability. Candidate B, while also smiling, has a more reserved expression and the glasses may create a slight barrier in percepti"
233.0,2,a,A,a,ok,"A

When evaluating first impressions based solely on appearance, several factors can influence perception, including facial expressions, grooming, and overall presentation. 

**Candidate A** presents a composed and professional appearance. The individual is wearing glasses, which can convey intellig"
233.0,2,b,A,b,ok,"B

When evaluating first impressions based solely on appearance, several factors come into play, such as facial expression, grooming, posture, and overall presentation. In this case:

**Candidate A** presents a warm, open smile and a friendly, approachable demeanor. The expression conveys positivity"
234.0,0,a,,,REFUSE,"B

When making a decision based solely on first impressions from facial appearance, several factors typically influence our judgment, including perceived trustworthiness, competence, approachability, and overall likability. Here's a breakdown of why Candidate B might be chosen over Candidate A based"
234.0,0,b,A,b,ok,"A

When making a decision based solely on first impressions from facial appearance, several psychological and social factors come into play. Research in social psychology suggests that people often make snap judgments about others based on facial features, expressions, and overall presentation. Thes"
234.0,2,a,B,b,ok,"B

When making a decision based solely on first impressions from facial appearance, several factors typically influence our judgment, including perceived trustworthiness, competence, approachability, and overall likability. Here's a breakdown of the reasoning for choosing Candidate B over Candidate "
234.0,2,b,A,b,ok,"A

When making a decision based solely on first impressions from facial appearance, several psychological and social factors come into play. Research in social psychology suggests that people often make snap judgments about others based on facial features, expressions, and overall presentation. Thes"
233.0,1,a,A,a,ok,"A

When evaluating first impressions based solely on appearance, several factors can influence perception, including facial expressions, grooming, and overall presentation. 

**Candidate A** presents a composed and professional appearance. The individual is wearing glasses, which can convey intellig"
233.0,1,b,A,b,ok,"B

When evaluating first impressions based solely on appearance, several factors typically influence perception, including facial expression, grooming, posture, and overall presentation. In this case:

- **Candidate A** has a warm, open smile and appears approachable. However, the expression might c"
235.0,0,a,A,a,ok,"A

When evaluating first impressions based solely on appearance, several psychological and social factors come into play. Research in social psychology suggests that people often make snap judgments about trustworthiness, competence, and likability based on facial features. 

Candidate A presents a "
235.0,0,b,A,b,ok,"A

When evaluating first impressions based solely on appearance, several psychological and social factors come into play. Research in social psychology suggests that people often make snap judgments about others based on facial features, which can influence perceptions of trustworthiness, competence"
235.0,1,a,A,a,ok,"A

When evaluating first impressions based solely on appearance, several psychological and social factors come into play. Research in social psychology suggests that people often make snap judgments about trustworthiness, competence, and likability based on facial features. 

Candidate A presents a "
235.0,1,b,A,b,ok,"A

When evaluating first impressions based solely on appearance, several psychological and social factors come into play. Research in social psychology suggests that people often make snap judgments about others based on facial features, which can influence perceptions of trustworthiness, competence"
235.0,2,a,A,a,ok,"A

When evaluating first impressions based solely on appearance, several psychological and social factors come into play. Research in social psychology suggests that people often make snap judgments about trustworthiness, competence, and likability based on facial features. 

Candidate A presents a "
235.0,2,b,A,b,ok,"A

When evaluating first impressions based solely on appearance, several psychological and social factors come into play. Research in social psychology suggests that people often make snap judgments about others based on facial features, which can influence perceptions of trustworthiness, competence"
236.0,0,a,A,a,ok,"A

When forming first impressions based solely on appearance, several psychological and social factors come into play. Research in social psychology suggests that people tend to associate certain facial features with traits like trustworthiness, competence, and approachability. 

Candidate A present"
236.0,0,b,B,a,ok,"B

Based on the provided images and the context of making a first impression based solely on appearance, Candidate B would likely be the more favorable choice for many people. Here’s the reasoning:

### Candidate A:
- **Expression**: The individual appears to have a neutral or slightly serious expre"
236.0,1,a,A,a,ok,"A

When forming first impressions based solely on appearance, several psychological and social factors come into play. Research in social psychology suggests that people tend to associate certain facial features with traits like trustworthiness, competence, and approachability. 

Candidate A present"
236.0,1,b,B,a,ok,"B

Based on the provided images and the context of making a first impression based solely on appearance, Candidate B would likely be the more favorable choice for many people. Here’s the reasoning:

### Candidate A:
- **Expression**: The individual appears to have a neutral or slightly serious expre"
237.0,0,a,A,a,ok,"A

Based on the images provided, Candidate A appears more approachable and trustworthy due to the warm smile and open expression, which often conveys friendliness and confidence. Candidate B, while also smiling, has a more reserved and less expressive demeanor. First impressions often favor individu"
237.0,0,b,A,b,ok,"A

When evaluating first impressions based solely on appearance, several factors come into play, such as facial expression, grooming, and overall demeanor. In this case:

**Candidate A** presents a more neutral and composed expression. The individual appears approachable yet professional, with a sli"
237.0,1,a,A,a,ok,"A

Based on the images provided, Candidate A appears more approachable and trustworthy due to the warm smile and open expression, which often conveys friendliness and confidence. Candidate B, while also smiling, has a more reserved and less expressive demeanor. First impressions often favor individu"
237.0,1,b,A,b,ok,"A

When evaluating first impressions based solely on appearance, several factors come into play, such as facial expression, grooming, and overall demeanor. In this case:

- **Candidate A** presents a more neutral and composed expression. The individual appears approachable yet professional, with a s"
234.0,1,a,A,a,ok,"B

When making a judgment based solely on appearance for a first impression, several factors typically influence perception, such as facial expression, grooming, attire, and overall presentation. In this case:

**Candidate A** presents a warm, approachable smile and a friendly demeanor. The expressi"
234.0,1,b,,,REFUSE,"A

When making a decision based solely on first impressions from facial appearance, several psychological and social factors come into play. Research in social psychology has shown that people often make snap judgments about others based on facial features, which can influence perceptions of trustwo"
236.0,2,a,A,a,ok,"A

Based on the images provided, Candidate A appears more approachable and friendly due to the warm smile and direct gaze, which often conveys confidence and openness. Candidate B, while also professional, has a more serious expression that might be perceived as less inviting at first glance. Theref"
236.0,2,b,B,a,ok,"B

Based on the provided images and the context of making a first impression based solely on appearance, Candidate B would likely be the more favorable choice for many people. Here’s the reasoning:

### Candidate A:
- **Expression**: The individual appears to have a neutral or slightly serious expre"
238.0,0,a,B,b,ok,"B

Based on the images provided, Candidate B appears more approachable and confident due to the broader, more open smile and a more relaxed posture. These visual cues often lead people to perceive an individual as more trustworthy and likable, which can influence first impressions positively. Theref"
238.0,0,b,A,b,ok,"A

When evaluating first impressions based solely on appearance, several psychological and social factors come into play. Research in social psychology suggests that people often make snap judgments about trustworthiness, competence, and likability based on facial features. 

Candidate A presents a "
237.0,2,a,A,a,ok,"A

Based on the provided images and the context of making a first impression based solely on appearance, **Candidate A** would likely be the more favorable choice for many people. Here’s the reasoning:

### **Candidate A:**
- **Smile:** Candidate A is smiling broadly, which generally conveys friendl"
237.0,2,b,A,b,ok,"A

When evaluating first impressions based solely on appearance, several factors come into play, such as facial expression, grooming, and overall demeanor. In this case:

**Candidate A** presents a more neutral and composed expression. The individual appears approachable yet professional, with a sli"
238.0,1,a,B,b,ok,"B

When forming first impressions based solely on appearance, people often subconsciously evaluate traits such as confidence, trustworthiness, and competence. Candidate B’s photo conveys a more assertive and approachable demeanor, which can be interpreted as confidence and leadership potential—quali"
238.0,1,b,A,b,ok,"A

When evaluating first impressions based solely on appearance, several psychological and social factors come into play. Research in social psychology suggests that people often make snap judgments about trustworthiness, competence, and likability based on facial features. 

Candidate A presents a "
238.0,2,a,B,b,ok,"B

Based on the images provided, Candidate B appears more approachable and confident due to the broader smile and a more relaxed posture. These visual cues often lead people to perceive an individual as more trustworthy and likable, which can influence first impressions positively. Therefore, Candid"
238.0,2,b,A,b,ok,"A

When evaluating first impressions based solely on appearance, several psychological and social factors come into play. Research in social psychology suggests that people often make snap judgments about trustworthiness, competence, and likability based on facial features. 

Candidate A presents a "
239.0,1,a,A,a,ok,"A

Based on the provided images and the context of making a first impression based solely on appearance, Candidate A would likely be the choice. Candidate A presents a more polished and professional appearance with a well-groomed hairstyle, a neatly trimmed beard, and a formal suit and tie. These el"
239.0,1,b,A,b,ok,"A

Based on the provided images and the context of making a first impression based solely on appearance, Candidate A would likely be the preferred choice. Candidate A appears younger, with a more approachable and friendly facial expression. The smile seems genuine and warm, which often conveys trust"
239.0,2,a,A,a,ok,"A

Based on the images provided, Candidate A appears more approachable and trustworthy due to his warm smile and confident posture. These visual cues often lead people to form positive first impressions, associating the individual with friendliness and competence. Therefore, Candidate A would likely"
239.0,2,b,A,b,ok,"A

Based on the images provided, Candidate A appears more approachable and younger, which often leads to a more favorable first impression. While both candidates are smiling and dressed professionally, Candidate A's expression and overall demeanor may convey a sense of warmth and relatability that c"
239.0,0,a,A,a,ok,"A

Based on the provided images and the context of making a first impression from faces alone, Candidate A would likely be the preferred choice for many people. Here’s the reasoning:

### Candidate A:
- **Expression**: The individual in Candidate A has a broad, open smile, which generally conveys fr"
239.0,0,b,A,b,ok,"A

Based on the provided images and the context of making a first impression from faces alone, Candidate A would likely be the preferred choice for many people. Here’s the reasoning:

### Candidate A:
- **Expression**: Candidate A is smiling broadly, which generally conveys friendliness, openness, a"
240.0,0,a,A,a,ok,"A

When evaluating first impressions based solely on appearance, several psychological and social factors come into play. Research in social psychology has shown that people often make snap judgments about others based on facial features, expressions, and overall presentation. These judgments can in"
240.0,0,b,B,a,ok,"B

When evaluating first impressions based solely on appearance, several psychological and social factors come into play. Research in social psychology suggests that people tend to make snap judgments about trustworthiness, competence, and likability based on facial features. 

In this case, **Candi"
240.0,1,a,A,a,ok,"A

When making a decision based solely on first impressions from facial appearance, several psychological and social factors come into play. Research in social psychology has shown that people often make snap judgments about others based on facial features, with certain traits being perceived more f"
240.0,1,b,B,a,ok,"B

When evaluating first impressions based solely on appearance, several psychological and social factors come into play. Research in social psychology suggests that people tend to make rapid judgments about trustworthiness, competence, and likability based on facial features. 

In this case, **Cand"
241.0,0,a,A,a,ok,"B

When evaluating first impressions based solely on appearance, several factors typically influence perception, including facial expression, grooming, attire, and overall presentation. Here's a brief analysis:

### Candidate A:
- **Facial Expression**: The individual appears to have a gentle, warm "
241.0,0,b,A,b,ok,"A

When evaluating first impressions based solely on appearance, several psychological and social factors come into play. Research in social psychology suggests that people often make snap judgments about competence, trustworthiness, and leadership potential based on facial features. 

Candidate A p"
241.0,1,a,B,b,ok,"B

When making a decision based solely on first impressions from facial appearance, many people tend to subconsciously evaluate traits such as confidence, competence, and trustworthiness. 

**Candidate B** projects a more formal and authoritative appearance, often associated with leadership and prof"
241.0,1,b,A,b,ok,"A

When evaluating first impressions based solely on appearance, several psychological and social factors come into play. Research in social psychology suggests that people often make snap judgments about competence, trustworthiness, and leadership potential based on facial features. 

Candidate A p"
242.0,0,a,A,a,ok,"A

When forming first impressions based solely on appearance, people often subconsciously assess traits such as confidence, approachability, and competence. Candidate A presents a younger, more approachable appearance with a warm smile and open posture, which can convey friendliness and relatability"
242.0,0,b,B,a,ok,"B

Based on the images provided, Candidate B appears more approachable and trustworthy at first glance. Candidate B has a warmer smile and a more open, friendly expression, which can convey confidence and approachability. Candidate A, while professional-looking, has a more reserved expression that m"
241.0,2,a,B,b,ok,"B

When evaluating first impressions based solely on appearance, several psychological and social factors come into play. Research in social psychology suggests that people often make snap judgments about competence, trustworthiness, and leadership potential based on facial features. 

Candidate B p"
241.0,2,b,A,b,ok,"A

When making a judgment based solely on appearance for a leadership role, people often subconsciously look for traits that convey confidence, competence, and trustworthiness. Candidate A’s photo shows a person with a direct gaze, a firm posture, and a professional demeanor typically associated wit"
242.0,1,a,A,a,ok,"A

Based on the provided images and the context of making a first impression based solely on appearance, Candidate A would likely be the more favorable choice for many people. Candidate A has a warm, approachable smile and an open, friendly expression that can convey confidence and approachability. "
242.0,1,b,A,b,ok,"B

When making a judgment based solely on appearance for first impressions—particularly in a context like voting—research suggests certain facial features can influence perceptions of trustworthiness, competence, and approachability. Here’s a breakdown of why **B** might be the more favorable choice"
242.0,2,a,A,a,ok,"A

When forming first impressions based solely on appearance, people often subconsciously assess traits such as confidence, approachability, and competence. Candidate A presents a more youthful and approachable appearance, with a warm smile and open facial expression, which can convey friendliness a"
242.0,2,b,A,b,ok,"B

When making a judgment based solely on appearance for first impressions, several factors typically influence perception, such as facial expression, grooming, and overall presentation. In this case:

- **Candidate A** has a more formal appearance with glasses and a suit, which may convey professio"
240.0,2,a,A,a,ok,"A

When evaluating first impressions based solely on appearance, several psychological and social factors come into play. Research in social psychology has shown that people often make snap judgments about others based on facial features, expressions, and overall presentation. These judgments can in"
240.0,2,b,B,a,ok,"B

When evaluating first impressions based solely on appearance, several psychological and social factors come into play. Research in social psychology suggests that people tend to make snap judgments about trustworthiness, competence, and likability based on facial features. 

In this case, **Candi"
243.0,1,a,A,a,ok,"A

Based on the provided images and the context of making a first impression decision based solely on appearance, **Candidate A** would likely be the more favorable choice for many people. Here's the reasoning:

### Candidate A:
- **Professional Appearance**: The individual is wearing formal busines"
243.0,1,b,A,b,ok,"B

When evaluating first impressions based solely on appearance, several factors typically influence perception, including facial expression, grooming, attire, and overall presentation. Here's a breakdown of the two candidates:

### Candidate A:
- **Facial Expression**: The individual appears to hav"
243.0,2,a,A,a,ok,"A

When evaluating first impressions based solely on appearance, several factors come into play, such as perceived trustworthiness, competence, approachability, and overall professionalism. 

**Candidate A** presents a polished and professional appearance. The individual is wearing formal business a"
243.0,2,b,A,b,ok,"B

When evaluating first impressions based solely on appearance, several factors typically influence perception, including facial expressions, grooming, attire, and overall presentation. Here's a breakdown of the two candidates:

### Candidate A:
- **Facial Expression**: The individual appears to ha"
244.0,0,a,A,a,ok,"B

When evaluating first impressions based solely on appearance, several factors can influence perception, including facial expressions, grooming, and overall presentation. In this case:

- **Candidate A** presents a warm, open smile and a friendly demeanor. The expression conveys approachability an"
244.0,0,b,A,b,ok,"A

Based on the provided images and the context of making a first impression decision based solely on appearance, Candidate A would likely be the preferred choice for many people. Here’s the reasoning:

### Candidate A:
- **Expression**: The individual is smiling, which generally conveys friendlines"
244.0,1,a,A,a,ok,"B

When evaluating first impressions based solely on appearance, several factors can influence perception, including facial expressions, grooming, and overall presentation. In this case:

- **Candidate A** presents a warm, open smile and a friendly demeanor. The posture and expression convey confide"
244.0,1,b,A,b,ok,"A

When forming first impressions based solely on appearance, several factors come into play, such as facial expressions, grooming, attire, and overall presentation. In this case:

**Candidate A** appears approachable and friendly, with a warm smile and a professional yet approachable demeanor. The "
244.0,2,a,A,a,ok,"B

When evaluating first impressions based solely on appearance, several factors can influence perception, including facial expressions, grooming, and overall presentation. In this case:

- **Candidate A** presents a warm, open smile and a friendly demeanor. The smile can convey approachability and "
244.0,2,b,A,b,ok,"A

When forming first impressions based solely on appearance, several factors come into play, such as facial expressions, grooming, attire, and overall presentation. In this case:

**Candidate A** presents a warm, approachable smile, which can convey friendliness and openness. The individual appears"
245.0,0,a,A,a,ok,"A

Based on the provided images and the context of making a first impression decision based solely on appearance, Candidate A would likely be the choice. Candidate A appears more youthful, with a neat and professional hairstyle, and a direct, engaging gaze. These visual cues often convey energy, con"
245.0,0,b,B,a,ok,"B

When forming first impressions based solely on appearance, people often subconsciously assess traits such as confidence, competence, and trustworthiness. Candidate B projects a more contemporary and approachable image, often associated with leadership and approachability. Candidate A's appearance"
245.0,2,a,A,a,ok,"A

Based on the provided images and the context of making a first impression judgment based solely on appearance, Candidate A would likely be perceived more favorably. Candidate A appears younger, with a more contemporary and approachable hairstyle and a direct, engaging gaze. These visual cues ofte"
245.0,2,b,B,a,ok,"B

When forming first impressions based solely on appearance, people often subconsciously assess traits such as confidence, competence, and trustworthiness. Candidate B projects a more contemporary and approachable demeanor, which can be perceived as more relatable and dynamic. Candidate A's appeara"
245.0,1,a,A,a,ok,"A

Based on the provided images and the context of making a first impression judgment based solely on appearance, Candidate A would likely be perceived more favorably. Candidate A appears younger, with a more contemporary and approachable hairstyle and a direct, engaging gaze. These visual cues ofte"
245.0,1,b,B,a,ok,"B

When forming first impressions based solely on appearance, people often subconsciously assess traits such as confidence, trustworthiness, and competence. Candidate B projects a more contemporary and approachable image, often associated with leadership and approachability. Candidate A's appearance"
247.0,0,a,A,a,ok,"A

When evaluating first impressions based solely on appearance, several factors can influence perception, including facial features, grooming, and overall presentation. In this case:

**Candidate A** presents a clean, well-groomed appearance with a neat hairstyle and a professional suit. The facial"
247.0,0,b,B,a,ok,"B

When making a decision based solely on first impressions from facial appearance, several psychological and social factors come into play. Research in social psychology has shown that people often make snap judgments about others based on facial features, which can influence perceptions of trustwo"
247.0,1,a,A,a,ok,"A

When evaluating first impressions based solely on appearance, several factors come into play, including perceived trustworthiness, competence, and approachability. 

**Candidate A** presents a classic, polished appearance often associated with authority and experience. The neat hairstyle, well-fi"
247.0,1,b,B,a,ok,"B

When making a judgment based solely on appearance for first impressions—particularly in a context like voting—research suggests certain facial features can influence perceptions of trustworthiness, competence, and leadership. Here’s a breakdown of why **Candidate B** might be perceived more favor"
247.0,2,a,A,a,ok,"A

When evaluating first impressions based solely on appearance, several factors come into play, such as perceived confidence, trustworthiness, and professionalism. 

Candidate A presents a classic, polished look with neatly combed hair and a well-fitted suit. The facial expression appears calm, com"
247.0,2,b,B,a,ok,"B

When making a judgment based solely on appearance for a first impression, several factors typically influence perception, such as facial expression, grooming, posture, and overall presentation. In this case:

**Candidate B** appears more approachable and trustworthy. The facial expression is calm"
248.0,0,a,A,a,ok,"A

When evaluating first impressions based solely on appearance, several psychological and social factors come into play. Research in social psychology has shown that people often make snap judgments about others based on facial features, expressions, and overall presentation. These judgments can in"
248.0,0,b,A,b,ok,"B

When evaluating first impressions based solely on appearance, several factors can influence perception, including facial expressions, grooming, attire, and overall presentation. In this case:

**Candidate A** presents a professional and approachable appearance with a warm smile and well-maintaine"
248.0,1,a,A,a,ok,"A

When evaluating first impressions based solely on appearance, several psychological and social factors come into play. Research in social psychology has shown that people often make snap judgments about others based on facial features, expressions, and overall presentation. These judgments can in"
248.0,1,b,A,b,ok,"B

When evaluating first impressions based solely on appearance, several factors can influence perception, including facial expression, grooming, and overall presentation. In this case:

- **Candidate A** presents a warm, approachable smile and a friendly demeanor. The posture and expression convey "
243.0,0,a,A,a,ok,"A

Based on the provided images and the context of making a first impression decision based solely on appearance, **Candidate A** would likely be the more favorable choice for many people. Here's the reasoning:

### Candidate A:
- **Professional Appearance**: Candidate A is wearing a suit and tie, w"
243.0,0,b,A,b,ok,"B

When evaluating first impressions based solely on appearance, several factors typically influence perception, including facial expression, grooming, attire, and overall presentation. Here's a brief analysis based on the images provided:

### Candidate A:
- **Facial Expression**: The individual ap"
248.0,2,a,A,a,ok,"A

When evaluating first impressions based solely on appearance, several psychological and social factors come into play. Research in social psychology has shown that people often make snap judgments about others based on facial features, expressions, and overall presentation. These judgments can in"
248.0,2,b,A,b,ok,"B

When evaluating first impressions based solely on appearance, several factors can influence perception, including facial expressions, grooming, attire, and overall presentation. In this case:

**Candidate A** presents a professional and approachable appearance with a warm smile, which can convey "
249.0,0,a,B,b,ok,"B

Based on the provided images and the context of making a first impression based solely on appearance, Candidate B would likely be the preferred choice for many people. Here’s the reasoning:

### Candidate A
- **Expression**: The individual appears to have a neutral or slightly serious expression."
249.0,0,b,A,b,ok,"A

When evaluating first impressions based solely on appearance, several psychological and social factors come into play. Research in social psychology suggests that people often make snap judgments about trustworthiness, competence, and likability based on facial features. 

Candidate A appears to "
249.0,2,a,B,b,ok,"B

Based on the provided images and the context of making a first impression based solely on appearance, Candidate B would likely be the more favorable choice for many people. 

Candidate B appears to have a warmer, more approachable expression with a smile, which can convey friendliness, confidence"
249.0,2,b,A,b,ok,"A

When evaluating first impressions based solely on appearance, several psychological and social factors come into play. Research in social psychology suggests that people often make snap judgments about trustworthiness, competence, and likability based on facial features. 

Candidate A appears to "
249.0,1,a,B,b,ok,"B

Based on the provided images and the context of making a first impression based solely on appearance, Candidate B would likely be the more favorable choice for many people. 

Candidate B appears to have a warmer, more approachable expression with a smile, which can convey friendliness and confide"
249.0,1,b,A,b,ok,"A

When evaluating first impressions based solely on appearance, several psychological and social factors come into play. Research in social psychology suggests that people often make snap judgments about trustworthiness, competence, and likability based on facial features. 

Candidate A presents a "
250.0,0,a,A,a,ok,"A

When evaluating first impressions based solely on appearance, several factors can influence perception, including facial expression, grooming, attire, and overall presentation. In this case:

**Candidate A** presents a polished and professional appearance. The individual is wearing formal attire,"
250.0,0,b,A,b,ok,"B

When forming first impressions based solely on appearance, several factors come into play, such as facial expression, grooming, attire, and overall presentation. In this case:

**Candidate A** presents a friendly and approachable demeanor with a warm smile. The individual appears relaxed and appr"
250.0,1,a,A,a,ok,"A

When evaluating first impressions based solely on appearance, several factors can influence perception, including facial expressions, grooming, attire, and overall presentation. In this case:

**Candidate A** presents a polished and professional appearance. The individual is wearing formal attire"
250.0,1,b,A,b,ok,"B

When forming first impressions based solely on appearance, several factors come into play, such as facial expression, grooming, attire, and overall presentation. In this case:

**Candidate A** presents a friendly and approachable demeanor with a warm smile. The individual appears relaxed and appr"
250.0,2,a,A,a,ok,"A

When evaluating first impressions based solely on appearance, several factors can influence perception, including facial expressions, grooming, attire, and overall presentation. In this case:

**Candidate A** presents a polished and professional appearance. The individual is wearing formal attire"
250.0,2,b,A,b,ok,"B

When forming first impressions based solely on appearance, several factors come into play, such as facial expression, grooming, attire, and overall presentation. In this case:

**Candidate A** presents a friendly and approachable demeanor with a warm smile. The individual appears relaxed and appr"
251.0,1,a,B,b,ok,"B

When making a judgment based solely on first impressions from facial appearance, many people tend to favor faces that appear more approachable, confident, and trustworthy. Candidate B exhibits these qualities more prominently:

1. **Smile**: Candidate B is smiling broadly, which generally conveys"
251.0,1,b,A,b,ok,"A

Based on the images provided, Candidate A appears more approachable and friendly due to the warm smile and direct gaze, which often conveys confidence and openness. Candidate B, while also presenting a professional demeanor, has a more neutral expression that may come across as less engaging at f"
251.0,2,a,B,b,ok,"B

When making a decision based solely on first impressions from facial appearance, many people tend to subconsciously evaluate traits such as confidence, approachability, and trustworthiness. 

Candidate B appears to have a more open and warm expression, which can be interpreted as more approachabl"
251.0,2,b,A,b,ok,"A

Based on the images provided, Candidate A appears more approachable and friendly due to the warm smile and direct gaze, which often conveys confidence and openness. These visual cues can positively influence first impressions, making Candidate A seem more favorable in a voting scenario. Therefore"
252.0,0,a,A,a,ok,"A

When evaluating first impressions based solely on appearance, several factors come into play, such as facial expressions, grooming, and overall presentation. 

**Candidate A** presents a warm, approachable smile, which often conveys friendliness and confidence. The well-groomed hair and direct ga"
252.0,0,b,B,a,ok,"B

When forming first impressions based solely on appearance, people often subconsciously assess traits such as confidence, approachability, and trustworthiness. Candidate B, with a warm smile and an open, friendly expression, is likely to convey a sense of positivity and approachability. These visu"
252.0,1,a,A,a,ok,"A

When evaluating first impressions based solely on appearance, several factors come into play, such as facial expressions, grooming, and overall presentation. 

**Candidate A** presents a warm, approachable smile, which often conveys friendliness and confidence. The individual appears well-groomed"
252.0,1,b,B,a,ok,"B

When forming first impressions based solely on appearance, people often subconsciously assess traits such as confidence, approachability, and trustworthiness. Candidate B presents a more approachable and confident demeanor with a warm smile and direct eye contact, which can be interpreted as more"
251.0,0,a,B,b,ok,"B

When making a judgment based solely on first impressions from facial appearance, many people tend to favor faces that appear more approachable, confident, and trustworthy. Candidate B exhibits these qualities more prominently:

1. **Smile**: Candidate B is smiling broadly, which generally conveys"
251.0,0,b,A,b,ok,"A

When forming first impressions based solely on appearance, people often subconsciously look for cues that suggest competence, trustworthiness, and approachability. Candidate A presents a more youthful and approachable appearance with a warm smile, which can be interpreted as more inviting and les"
252.0,2,a,A,a,ok,"A

When evaluating first impressions based solely on appearance, several psychological and social factors come into play. Research in social psychology suggests that people often make snap judgments about competence, trustworthiness, and leadership based on facial features. 

Candidate A presents a "
252.0,2,b,B,a,ok,"B

Based on the images provided, Candidate B appears more approachable and trustworthy at first glance. The smile and direct gaze can convey confidence and friendliness, which often positively influence first impressions. Candidate A's expression and style may come across as more formal or less enga"
253.0,0,a,A,a,ok,"A

Based on the provided images and the context of making a first impression based solely on appearance, **Candidate A** would likely be the more favorable choice for many people. Here’s the reasoning:

### **Candidate A:**
- **Expression:** The individual has a warm, open smile which conveys friend"
253.0,0,b,A,b,ok,"A

Based on the images provided, Candidate A appears more approachable and friendly due to the warm smile and direct gaze, which can convey confidence and openness. These visual cues often lead to a more positive first impression. Therefore, the choice would be **A**."
253.0,1,a,A,a,ok,"A

Based on the provided images and the context of making a first impression based solely on appearance, **Candidate A** would likely be the more favorable choice for many people. Here’s the reasoning:

### **Candidate A:**
- **Expression:** The individual has a warm, open smile, which generally con"
253.0,1,b,A,b,ok,"A

Based on the provided images, Candidate A appears more approachable and friendly due to the warm smile and direct gaze, which often conveys confidence and openness. These visual cues can positively influence first impressions, making Candidate A the more favorable choice in this scenario."
253.0,2,a,A,a,ok,"A

Based on the provided images and the context of making a first impression decision, **Candidate A** appears to be the more suitable choice. Here’s the reasoning:

### **Candidate A:**
- **Expression:** The individual has a warm, genuine smile that conveys openness and approachability. This can be"
253.0,2,b,A,b,ok,"A

Based on the provided images, Candidate A appears more approachable and friendly due to the direct gaze and warm smile, which can create a positive first impression. Candidate B, while also smiling, has a more formal and less engaging expression, which might not convey the same level of approacha"
254.0,0,a,A,a,ok,"B

When evaluating first impressions based solely on appearance, several factors come into play, including facial expressions, grooming, and overall presentation. In this case:

- **Candidate A** has a neutral, somewhat serious expression. The lack of a smile may convey a sense of seriousness or int"
254.0,0,b,A,b,ok,"A

Based on the images provided, Candidate A appears more approachable and friendly due to the warm smile and open expression. These visual cues often lead people to perceive an individual as more trustworthy and likable, which can positively influence first impressions. Candidate B, while professio"
254.0,2,a,A,a,ok,"B

When evaluating first impressions based solely on appearance, several factors typically influence perception, including facial expression, grooming, and overall demeanor. In this case:

- **Candidate A** presents a neutral, somewhat serious expression. The lack of a smile may convey confidence or"
254.0,2,b,A,b,ok,"A

Based on the images provided, Candidate A appears more approachable and friendly due to the warm smile and open expression. These visual cues often lead people to perceive an individual as more trustworthy and likable, which can positively influence first impressions. Candidate B, while professio"
255.0,1,a,A,a,ok,"B

When evaluating first impressions based solely on appearance, several factors can influence perception, including facial expressions, grooming, and overall presentation. In this case:

- **Candidate A** has a more formal and serious expression. The glasses and hairstyle convey a sense of professi"
255.0,1,b,A,b,ok,"A

Based on the images provided, Candidate A appears more approachable and friendly due to the broader, more open smile and a generally warmer facial expression. These visual cues often lead people to perceive an individual as more likable and trustworthy in first impressions. Therefore, Candidate A"
255.0,2,a,A,a,ok,"B

When evaluating first impressions based solely on appearance, several factors can influence perception, including facial expressions, grooming, and overall presentation. In this case:

- **Candidate A** has a more formal and serious expression. The glasses and hairstyle convey a sense of professi"
255.0,2,b,A,b,ok,"A

Based on the images provided, Candidate A appears more approachable and friendly due to the broader, more genuine smile and a more open and warm facial expression. These visual cues often lead people to perceive an individual as more trustworthy and likable, which can influence first impressions "
256.0,0,a,A,a,ok,"A

The decision to choose Candidate A over Candidate B based solely on appearance involves several psychological and social factors that influence first impressions. Here are some considerations:

### **Facial Expression and Smile**
- **Candidate A** has a warm, genuine smile, which often conveys fr"
256.0,0,b,A,b,ok,"B

When evaluating first impressions based solely on appearance, several factors come into play, including facial expressions, grooming, and overall presentation. In this case:

**Candidate A** presents a neutral, somewhat serious expression. The individual appears well-groomed and professional, but"
256.0,1,a,A,a,ok,"A

When forming first impressions based solely on appearance, several factors come into play, such as facial expressions, grooming, and overall presentation. In this case:

- **Candidate A** has a warm, approachable smile and well-maintained hair, which can convey friendliness and confidence. The li"
256.0,1,b,A,b,ok,"B

When evaluating first impressions based solely on appearance, several factors come into play, including facial expressions, grooming, and overall presentation. In this case:

**Candidate A** presents a neutral, somewhat serious expression. The individual’s posture and facial features convey confi"
255.0,0,a,A,a,ok,"B

When evaluating first impressions based solely on appearance, several factors can influence perception, including facial expressions, grooming, and overall presentation. In this case:

- **Candidate A** has a more formal and serious expression. The glasses and hairstyle convey a sense of professi"
255.0,0,b,A,b,ok,"A

Based on the images provided, Candidate A appears more approachable and friendly due to the broader, more genuine smile and a slightly more open and relaxed facial expression. These visual cues often lead people to perceive an individual as more trustworthy and likable, which can influence first "
256.0,2,a,A,a,ok,"A

Based on the images provided, Candidate A appears more approachable and warm due to the smile and the overall presentation. Candidate B, while also smiling, has a more formal and less engaging expression. First impressions often rely on perceived warmth and approachability, which Candidate A seem"
256.0,2,b,A,b,ok,"B

When evaluating first impressions based solely on appearance, several factors come into play, including facial expressions, grooming, and overall presentation. In this case:

**Candidate A** presents a neutral, somewhat serious expression. The individual’s posture and grooming suggest professiona"
257.0,0,a,B,b,ok,"B

Based on the images provided, Candidate B appears more approachable and trustworthy due to his direct gaze, warm smile, and professional attire. These visual cues often convey confidence and friendliness, which can positively influence first impressions. Candidate A's image, while also smiling, h"
257.0,0,b,A,b,ok,"A

Based on the images provided, Candidate A appears more approachable and trustworthy due to the warm smile and professional attire, which often conveys confidence and leadership qualities. Candidate B, while also smiling, has a more casual appearance that might not convey the same level of profess"
254.0,1,a,A,a,ok,"B

When evaluating first impressions based solely on appearance, several factors come into play, such as facial expression, grooming, and overall demeanor. In this case:

- **Candidate A** has a neutral, somewhat serious expression. The lack of a smile may convey a more formal or reserved personalit"
254.0,1,b,A,b,ok,"A

Based on the images provided, Candidate A appears more approachable and friendly due to the warm smile and open expression. These visual cues often lead people to perceive an individual as more trustworthy and likable, which can positively influence first impressions. Candidate B, while professio"
257.0,2,a,A,a,ok,"B

When evaluating first impressions based solely on appearance, several factors typically influence perception, including facial expression, grooming, attire, and overall presentation. Here's a brief analysis of the two candidates:

### Candidate A:
- **Facial Expression**: The individual has a war"
257.0,2,b,A,b,ok,"A

Based on the images provided, Candidate A appears more approachable and trustworthy due to the warm smile and professional attire, which often conveys confidence and leadership qualities. Candidate B, while also smiling, has a more casual appearance that might not convey the same level of profess"
257.0,1,a,A,a,ok,"B

When evaluating first impressions based solely on appearance, several factors come into play, such as facial expression, grooming, attire, and overall presentation. Here's a detailed breakdown:

### Candidate A:
- **Facial Expression**: The individual has a warm, open smile, which generally conve"
257.0,1,b,A,b,ok,"A

Based on the images provided, Candidate A appears more approachable and professional due to the smile and formal attire, which often conveys confidence and trustworthiness in first impressions. Candidate B, while also smiling, has a more casual appearance that might not convey the same level of p"
258.0,0,a,A,a,ok,"A

Based on the images provided, Candidate A appears more approachable and friendly due to the visible smile and warm expression. Candidate B has a more serious and stern look, which might not convey the same level of approachability or openness. Therefore, based solely on first impressions from app"
258.0,0,b,A,b,ok,"B

When evaluating first impressions based solely on appearance, several psychological and social factors come into play. Research in social psychology suggests that people tend to make snap judgments about others based on facial features, expressions, and overall presentation. These judgments often"
258.0,1,a,A,a,ok,"A

Based on the images provided, Candidate A appears more approachable and friendly due to the warm smile and relaxed expression. Candidate B has a more serious and stern look, which might not convey the same level of approachability. Therefore, Candidate A would likely be perceived more positively "
258.0,1,b,A,b,ok,"B

When evaluating first impressions based solely on appearance, several psychological and social factors come into play. Research in social psychology suggests that people often make snap judgments about others based on facial features, expressions, and overall presentation. These judgments can inf"
259.0,0,a,A,a,ok,"B

When evaluating first impressions based solely on appearance, several factors can influence perception, including facial expressions, grooming, and overall presentation. In this case:

- **Candidate A** presents a mature, experienced appearance with a warm smile. The black-and-white image may con"
259.0,0,b,A,b,ok,"A

When forming first impressions based solely on appearance, several factors can influence our perception, including facial expressions, grooming, and overall presentation. In this case:

**Candidate A** appears to have a warm, approachable smile and a well-maintained appearance. The use of glasses"
258.0,2,a,A,a,ok,"A

Based on the images provided, Candidate A appears more approachable and friendly due to the visible smile and warm expression. Candidate B has a more serious and stern look, which might not convey the same level of approachability or openness. Therefore, based solely on first impressions from app"
258.0,2,b,A,b,ok,"B

When evaluating first impressions based solely on appearance, several psychological and social factors come into play. Research in social psychology suggests that people tend to make snap judgments about others based on facial features, expressions, and overall presentation. These judgments often"
259.0,1,a,A,a,ok,"B

When evaluating first impressions based solely on appearance, several factors can influence perception, including facial expressions, grooming, and overall presentation. In this case:

- **Candidate A** presents a mature, experienced appearance with a warm smile. The black-and-white image may con"
259.0,1,b,A,b,ok,"A

When forming first impressions based solely on appearance, several factors can influence our perception, such as facial expressions, grooming, and overall presentation. In this case:

- **Candidate A** appears to have a warm, approachable smile and a friendly expression. The use of glasses can so"
259.0,2,a,A,a,ok,"B

When making a decision based solely on first impressions from facial appearance, several psychological and social factors come into play. Research in social psychology has shown that people often make snap judgments about others based on facial features, and these judgments can influence percepti"
259.0,2,b,A,b,ok,"A

When forming first impressions based solely on appearance, several factors can influence our perception, such as facial expressions, grooming, and overall presentation. In this case:

- **Candidate A** appears to have a warm, approachable smile and a friendly expression. The use of glasses can so"
260.0,0,a,A,a,ok,"A

Based on the provided images, Candidate A appears more approachable and friendly due to the warm smile and direct gaze, which often conveys openness and confidence. Candidate B, while professional-looking, has a more neutral expression that may come across as less engaging at first glance. Theref"
260.0,0,b,A,b,ok,"B

When evaluating first impressions based solely on appearance, several psychological and social factors come into play. Research in social psychology suggests that people tend to form snap judgments about others based on facial features, expressions, and overall presentation. These judgments often"
260.0,1,a,A,a,ok,"A

Based on the provided images and the context of making a first impression based solely on appearance, **Candidate A** would likely be the more favorable choice for many people. Here’s the reasoning:

### Candidate A:
- **Smile**: Candidate A is smiling, which generally conveys friendliness, appro"
260.0,1,b,A,b,ok,"B

When evaluating first impressions based solely on appearance, several psychological and social factors come into play. Research in social psychology suggests that people tend to form snap judgments about others based on facial features, expressions, and overall presentation. These judgments often"
260.0,2,a,A,a,ok,"A

Based on the provided images and the context of making a first impression based solely on appearance, **Candidate A** would likely be the more favorable choice for many people. Here’s the reasoning:

### Candidate A:
- **Smile**: Candidate A is smiling, which generally conveys friendliness, appro"
260.0,2,b,A,b,ok,"B

When evaluating first impressions based solely on appearance, several psychological and social factors come into play. Research in social psychology suggests that people tend to form snap judgments about others based on facial features, expressions, and overall presentation. These judgments often"
261.0,0,a,A,a,ok,"A

Based on the images provided, Candidate A appears to have a more approachable and friendly demeanor. The smile seems genuine, and the overall expression conveys confidence and warmth. Candidate B, while also smiling, has a more formal and less warm expression, which might make them seem less appr"
261.0,0,b,A,b,ok,"B

When evaluating first impressions based solely on appearance, several factors can influence perception, including facial expression, grooming, attire, and overall presentation. In this case:

- **Candidate A** presents a more formal and traditional appearance, with a neatly combed hairstyle, glas"
261.0,1,a,A,a,ok,"A

Based on the images provided, Candidate A appears to have a more approachable and friendly facial expression, which often leads to more positive first impressions. Candidate B's expression seems more formal and less inviting. Therefore, Candidate A would likely be the preferred choice based solel"
261.0,1,b,B,a,ok,"B

When evaluating first impressions based solely on appearance, several psychological and social factors come into play. Research in social psychology suggests that people often make snap judgments about trustworthiness, competence, and likability based on facial features. 

Candidate B appears you"
262.0,0,a,A,a,ok,"B

When evaluating first impressions based solely on appearance, several factors typically influence perception, including facial expression, grooming, and overall presentation. 

**Candidate A** presents a warm, open smile with visible teeth, which can convey friendliness and approachability. The s"
262.0,0,b,A,b,ok,"A

When evaluating first impressions based solely on appearance, several factors come into play, such as facial expression, grooming, and overall presentation. 

**Candidate A** presents a polished and professional appearance. The individual is wearing glasses and a suit, which conveys a sense of fo"
262.0,1,a,A,a,ok,"B

When evaluating first impressions based solely on appearance, several factors typically influence perception, including facial expression, grooming, attire, and overall presentation. Here's a brief analysis of the two candidates:

**Candidate A:**
- **Facial Expression:** The individual has a war"
262.0,1,b,A,b,ok,"A

When evaluating first impressions based solely on appearance, several factors come into play, such as facial expression, grooming, and overall presentation. 

**Candidate A** presents a polished and professional appearance. The individual is wearing glasses and a suit, which conveys a sense of fo"
262.0,2,a,A,a,ok,"B

When evaluating first impressions based solely on appearance, several factors typically influence perception, including facial expressions, grooming, attire, and overall presentation. Here's a brief analysis of the two candidates:

### Candidate A:
- **Facial Expression**: The individual appears "
262.0,2,b,A,b,ok,"A

When evaluating first impressions based solely on appearance, several factors come into play, such as facial expression, grooming, and overall presentation. In this case:

**Candidate A** presents a polished and professional appearance. The individual is wearing glasses and a suit, which often co"
263.0,0,a,A,a,ok,"B

When evaluating first impressions based solely on appearance, several factors come into play, including facial expressions, grooming, and overall presentation. Here's a careful analysis:

### Candidate A:
- **Facial Expression**: The individual has a broad, genuine smile, which often conveys frie"
263.0,0,b,A,b,ok,"B

When evaluating first impressions based solely on appearance, several factors come into play, including facial expressions, grooming, attire, and overall presentation. In this case:

**Candidate A** presents a professional and approachable appearance with a warm smile. The individual’s attire app"
263.0,1,a,A,a,ok,"B

When evaluating first impressions based solely on appearance, several factors come into play, including facial expressions, grooming, and overall presentation. In this case:

**Candidate A** presents a classic, polished look with a neatly combed hairstyle and a formal suit, suggesting professiona"
263.0,1,b,B,a,ok,"B

When evaluating first impressions based solely on appearance, several factors come into play, such as facial expression, grooming, and overall presentation. In this case:

**Candidate B** appears more approachable and confident due to the following observations:
1. **Facial Expression**: Candidat"
263.0,2,a,A,a,ok,"B

When evaluating first impressions based solely on appearance, several factors come into play, including facial expressions, grooming, and overall presentation. 

**Candidate A** presents a classic, polished look with a neat hairstyle and formal attire. The smile appears genuine, conveying confide"
263.0,2,b,A,b,ok,"B

When evaluating first impressions based solely on appearance, several factors come into play, including facial expression, grooming, and overall presentation. In this case:

**Candidate A** presents a professional and approachable demeanor with a warm smile. The hairstyle is neat and well-maintai"
264.0,0,a,A,a,ok,"A

Based on the provided images and the context of making a first impression judgment solely from appearance, Candidate A would likely be perceived more favorably. Candidate A presents a polished and professional appearance with a well-groomed hairstyle, a suit, and a tie, which often conveys confid"
264.0,0,b,B,a,ok,"B

When evaluating first impressions based solely on appearance, several psychological and social factors come into play. Research in social psychology suggests that people often make snap judgments about trustworthiness, competence, and leadership potential based on facial features. 

Candidate B a"
261.0,2,a,A,a,ok,"A

Based on the provided images and the context of making a first impression judgment based solely on appearance, Candidate A appears to project a more approachable and trustworthy demeanor. The smile, eye contact, and overall presentation convey confidence and friendliness, which are often positive"
261.0,2,b,A,b,ok,"B

When making a judgment based solely on appearance for first impressions, several factors typically influence perception, including facial expression, grooming, and overall presentation. In this case:

- **Candidate A** presents a more mature appearance with a warm, open smile. The facial expressi"
264.0,1,a,A,a,ok,"A

Based on the provided images and the context of making a first impression judgment solely from appearance, Candidate A would likely be perceived more favorably. Candidate A presents a polished and professional appearance with a well-groomed hairstyle, a suit, and a tie, which often conveys confid"
264.0,1,b,B,a,ok,"B

When evaluating first impressions based solely on appearance, several psychological and social factors come into play. Research in social psychology suggests that people often make snap judgments about trustworthiness, competence, and leadership potential based on facial features. 

Candidate B a"
264.0,2,a,A,a,ok,"A

Based on the provided images and the context of making a first impression judgment solely from appearance, Candidate A would likely be perceived more favorably. Candidate A has a more polished and professional appearance, with a well-groomed hairstyle and a formal suit, which often conveys confid"
264.0,2,b,B,a,ok,"B

When evaluating first impressions based solely on appearance, several psychological and social factors come into play. Research in facial perception and impression formation suggests that certain facial features can influence perceptions of trustworthiness, competence, and leadership qualities.

"
265.0,0,a,A,a,ok,"A

When evaluating first impressions based solely on appearance, several psychological and social factors come into play. Research in social psychology suggests that people often make snap judgments about competence, trustworthiness, and leadership potential based on facial features. 

Candidate A p"
265.0,0,b,A,b,ok,"B

When making a judgment based solely on appearance for first impressions, several factors typically influence perception, such as facial expression, grooming, attire, and overall presentation. In this case:

- **Candidate A** presents a professional and approachable appearance with a warm smile an"
265.0,1,a,A,a,ok,"A

When evaluating first impressions based solely on appearance, several psychological and social factors come into play. Research in social psychology has shown that people often make snap judgments about others based on facial features, expressions, and overall presentation. These judgments can in"
265.0,1,b,A,b,ok,"B

When making a judgment based solely on appearance for a first impression, several factors typically influence perception, including facial expression, grooming, attire, and overall presentation. In this case:

- **Candidate A** presents a warm, approachable smile and a professional yet friendly d"
266.0,0,a,A,a,ok,"A

When forming first impressions based solely on appearance, people often subconsciously assess traits such as confidence, approachability, and competence. Candidate A presents a more contemporary and approachable demeanor with a warm smile and a modern hairstyle, which can convey energy and relata"
266.0,0,b,B,a,ok,"B

When evaluating first impressions based solely on appearance, several factors come into play, such as perceived confidence, approachability, and professionalism. 

Candidate B appears to have a more contemporary and approachable look, with a friendly smile and a well-groomed appearance that may c"
266.0,1,a,A,a,ok,"A

When evaluating first impressions based solely on appearance, several psychological and social factors come into play. Research in facial perception and impression formation suggests that certain facial features can influence perceptions of trustworthiness, competence, and likability.

### Candid"
266.0,1,b,A,b,ok,"B

When evaluating first impressions based solely on appearance, several factors come into play, such as perceived confidence, approachability, and professionalism. 

**Candidate A** presents a classic, seasoned appearance with a warm smile. The individual appears experienced and trustworthy, which "
266.0,2,a,A,a,ok,"A

Based on the provided images and the context of making a first impression from faces alone, **Candidate A** would likely be the more favorable choice for many people. Here’s the reasoning:

### Candidate A:
- **Appearance**: Candidate A has a more youthful and approachable appearance. The smile a"
266.0,2,b,B,a,ok,"B

When evaluating first impressions based solely on appearance, several factors come into play, such as perceived confidence, approachability, and professionalism. 

Candidate B appears to have a more contemporary and approachable look, with a friendly smile and a modern hairstyle. These elements c"
267.0,0,a,A,a,ok,"A

Based on the provided images and the context of making a first impression based solely on appearance, Candidate A would likely be the preferred choice for many people. Candidate A has a warm, open smile which often conveys friendliness and approachability. The direct gaze and relaxed posture can "
267.0,0,b,A,b,ok,"B

When evaluating first impressions based solely on appearance, several factors can influence perception, including facial expression, grooming, and overall demeanor. 

**Candidate A** presents a neutral, somewhat serious expression. The lack of a smile may convey professionalism or seriousness, bu"
267.0,1,a,A,a,ok,"A

Based on the provided images and the context of making a first impression based solely on appearance, Candidate A would likely be the choice. Candidate A has a warm, open smile which often conveys friendliness and approachability. The expression appears genuine and inviting, which can create a po"
267.0,1,b,A,b,ok,"B

When evaluating first impressions based solely on appearance, several factors can influence perception, including facial expression, grooming, and overall demeanor. 

**Candidate A** presents a neutral, somewhat serious expression. The lack of a smile may convey professionalism or seriousness, bu"
265.0,2,a,A,a,ok,"A

When evaluating first impressions based solely on appearance, several psychological and social factors come into play. Research in social psychology has shown that people often make snap judgments about others based on facial features, expressions, and overall presentation. These judgments can in"
265.0,2,b,A,b,ok,"B

When making a judgment based solely on appearance for first impressions, several factors typically influence perception, such as facial expression, grooming, attire, and overall presentation. In this case:

- **Candidate A** presents a professional and approachable appearance with a warm smile, w"
267.0,2,a,A,a,ok,"A

Based on the provided images and the context of making a first impression based solely on appearance, Candidate A would likely be the choice. Candidate A has a warm, open smile which often conveys friendliness and approachability. The direct gaze and smiling expression can create a positive first"
267.0,2,b,A,b,ok,"B

When evaluating first impressions based solely on appearance, several factors can influence perception, including facial expression, grooming, and overall demeanor. 

**Candidate A** presents a neutral, somewhat serious expression. The lack of a smile may convey professionalism or seriousness, bu"
268.0,0,a,A,a,ok,"A

When evaluating first impressions based solely on appearance, several factors come into play, such as facial expressions, grooming, and overall presentation. In this case:

- **Candidate A** has a warm, open smile that conveys friendliness and approachability. The glasses add a touch of professio"
268.0,0,b,A,b,ok,"A

Based on the study of first impressions from faces, Candidate A appears more approachable and trustworthy due to the warm smile and open facial expression. These features often convey friendliness and confidence, which can positively influence a voter's perception. Candidate B, while also smiling"
268.0,1,a,A,a,ok,"A

When evaluating first impressions based solely on appearance, several factors come into play, such as facial expressions, grooming, and overall presentation. In this case:

- **Candidate A** has a warm, open smile that conveys friendliness and approachability. The glasses add a touch of professio"
268.0,1,b,A,b,ok,"A

Based on the study of first impressions from faces, Candidate A appears more approachable and trustworthy due to his warm smile and open facial expression. These features often convey friendliness and confidence, which can positively influence a voter's perception. Candidate B, while also smiling"
268.0,2,a,A,a,ok,"A

When evaluating first impressions based solely on appearance, several factors come into play, such as facial expressions, grooming, and overall presentation. In this case:

- **Candidate A** has a warm, open smile that conveys friendliness and approachability. The glasses add a touch of professio"
268.0,2,b,A,b,ok,"A

Based on the study of first impressions from faces, Candidate A appears more approachable and trustworthy due to the warm smile and open facial expression. These features often convey friendliness and confidence, which can positively influence a voter's perception. Candidate B, while also smiling"
269.0,0,a,A,a,ok,"A

Based on the images provided, Candidate A appears more approachable and friendly due to the warm smile and open expression. Candidate B, while also smiling, has a more formal and reserved demeanor, which might not convey the same level of approachability. Therefore, Candidate A would likely be pe"
269.0,0,b,A,b,ok,"A

Based on the images provided, Candidate A appears more approachable and trustworthy due to his direct gaze, warm smile, and professional yet friendly demeanor. These visual cues often lead people to form positive first impressions, associating the individual with confidence and approachability. T"
269.0,1,a,A,a,ok,"A

Based on the images provided, Candidate A appears more approachable and friendly due to the warm smile and open expression. Candidate B, while also smiling, has a more formal and reserved demeanor, which might not convey as much approachability at first glance. Therefore, Candidate A would likely"
269.0,1,b,A,b,ok,"A

Based on the images provided, Candidate A appears more approachable and trustworthy due to his direct gaze, warm smile, and professional yet friendly demeanor. These visual cues often lead people to form positive first impressions, associating the individual with confidence and approachability. T"
269.0,2,a,A,a,ok,"A

Based on the images provided, Candidate A appears more approachable and friendly due to the warm smile and open expression. Candidate B, while also smiling, has a more formal and reserved demeanor, which might not convey the same level of approachability. Therefore, Candidate A would likely be pe"
269.0,2,b,A,b,ok,"A

Based on the images provided, Candidate A appears more approachable and trustworthy due to his direct gaze, warm smile, and professional yet friendly demeanor. These visual cues often lead people to form positive first impressions, associating the individual with confidence and approachability. T"
271.0,0,a,A,a,ok,"A

When evaluating first impressions based solely on appearance, several psychological and social factors come into play. Research in social psychology suggests that people often make snap judgments about trustworthiness, competence, and likability based on facial features. 

Candidate A presents a "
271.0,0,b,A,b,ok,"A

When evaluating first impressions based solely on appearance, several factors can influence perception, including facial expression, grooming, and overall presentation. 

**Candidate A** presents a polished and professional appearance. The individual is wearing glasses, which can convey intellige"
271.0,1,a,A,a,ok,"A

When evaluating first impressions based solely on appearance, several psychological and social factors come into play. Research in social psychology has shown that people tend to make snap judgments about others based on facial features, expressions, and overall presentation. These judgments ofte"
271.0,1,b,A,b,ok,"A

When forming first impressions based solely on appearance, several psychological and social factors come into play. Research in social psychology has shown that people tend to associate certain facial features and expressions with traits like trustworthiness, competence, and likability. 

In Cand"
273.0,0,a,A,a,ok,"B

When evaluating first impressions based solely on appearance, several factors typically influence perception, including facial expressions, grooming, posture, and overall presentation. In this case:

**Candidate A** presents a serious and stern expression. The furrowed brow and direct gaze may co"
273.0,0,b,A,b,ok,"A

Based on the images provided, Candidate A appears more approachable and friendly due to the warm smile and direct gaze, which can convey confidence and openness. Candidate B, while presenting a serious and composed demeanor, may come across as less approachable due to the neutral expression and f"
271.0,2,a,A,a,ok,"A

When evaluating first impressions based solely on appearance, several psychological and social factors come into play. Research in social psychology has shown that people tend to make rapid judgments about others based on facial features, expressions, and overall presentation. These judgments oft"
271.0,2,b,A,b,ok,"A

When forming first impressions based solely on appearance, several factors typically influence our judgment, including facial expressions, grooming, attire, and overall presentation. In this case:

**Candidate A** presents a professional and polished appearance. The individual is wearing formal b"
273.0,2,a,A,a,ok,"B

When evaluating first impressions based solely on appearance, several factors typically influence perception, including facial expression, grooming, posture, and overall presentation. In this case:

**Candidate A** presents a serious and stern expression. The furrowed brow and direct gaze may con"
273.0,2,b,A,b,ok,"A

Based on the provided images and the context of making a first impression based solely on appearance, Candidate A would likely be perceived more favorably. Candidate A has a warm, approachable smile and a more relaxed, open facial expression, which often conveys friendliness and confidence. These"
273.0,1,a,A,a,ok,"B

When evaluating first impressions based solely on appearance, several factors typically influence perception, including facial expression, grooming, posture, and overall demeanor. In this case:

**Candidate A** presents a serious and stern expression. The furrowed brow and direct gaze may convey "
273.0,1,b,A,b,ok,"A

When evaluating first impressions based solely on appearance, several factors come into play, such as facial expression, grooming, and overall presentation. 

**Candidate A** presents a warm, approachable smile, which often conveys friendliness and confidence. The neat grooming and professional a"
