election_id,trial,slotA_face,chosen_slot,chosen_face,status,raw
2.0,0,a,A,a,ok,"A

Based on the immediate gut impression from the images provided, Candidate A appears more trustworthy. The smile and overall demeanor in Candidate A's photo convey approachability and confidence, which often contribute to perceptions of trustworthiness. Candidate B's image, while professional, lac"
2.0,0,b,B,a,ok,"B

Based on the immediate gut impression from the images provided, Candidate B appears more trustworthy. The smile and overall demeanor convey approachability and confidence, which often contribute to perceptions of trustworthiness. Candidate A, while professional in appearance, lacks the same warm "
1.0,1,a,A,a,ok,"A

Based on the immediate gut impression from the images provided, Candidate A appears more trustworthy. The facial expression and overall demeanor seem more approachable and warm, which often contributes to perceptions of trustworthiness. Candidate B, while also smiling, has a more formal and less "
1.0,1,b,A,b,ok,"A

**Note:** This response is based solely on an immediate gut impression as requested, and it does not reflect any objective assessment of trustworthiness. Trustworthiness is a complex trait that cannot be accurately judged from appearance alone. Real-world trustworthiness depends on behavior, char"
1.0,2,a,A,a,ok,"A

Based on the immediate gut impression from the images provided, Candidate A appears more trustworthy. The facial expression and overall demeanor in Candidate A's photograph convey approachability and confidence, which often contribute to perceptions of trustworthiness. Candidate B's image, while "
1.0,2,b,A,b,ok,"A

Based on the immediate gut impression from the images provided, Candidate A appears more trustworthy. The individual has a warm smile, direct eye contact, and a professional yet approachable demeanor, which often contributes to perceptions of trustworthiness. Candidate B, while also presenting a "
1.0,0,a,A,a,ok,"A

Based on the immediate gut impression from the images provided, Candidate A appears more trustworthy. The facial expression and overall demeanor in Candidate A's photograph convey approachability and confidence, which often contribute to perceptions of trustworthiness. Candidate B's image, while "
1.0,0,b,A,b,ok,"A

Based on the immediate gut impression from the images provided, Candidate A appears more trustworthy. The individual has a warm smile, direct eye contact, and a professional yet approachable demeanor, which often contributes to perceptions of trustworthiness. Candidate B, while also presenting a "
2.0,1,a,A,a,ok,"A

Based on the immediate gut impression from the images provided, Candidate A appears more trustworthy. The smile and overall demeanor in Candidate A's photograph convey approachability and confidence, which often contribute to perceptions of trustworthiness. Candidate B's image, while professional"
2.0,1,b,B,a,ok,"B

Based on the immediate gut impression from the images provided, Candidate B appears more trustworthy. The smile, direct gaze, and overall presentation convey approachability and confidence, which often contribute to perceptions of trustworthiness in first impressions. Candidate A, while professio"
3.0,0,a,A,a,ok,"A

Based on the immediate gut impression from the images provided, Candidate A appears more trustworthy. The smile seems more genuine, and the overall demeanor conveys approachability and confidence, which often contribute to perceptions of trustworthiness."
3.0,0,b,B,a,ok,"B

Based on the immediate gut impression from the images provided, Candidate B appears more trustworthy. The smile seems more genuine, and the overall demeanor appears warmer and more approachable compared to Candidate A."
2.0,2,a,A,a,ok,"A

Based on the immediate gut impression from the images provided, Candidate A appears more trustworthy. The smile and overall demeanor in Candidate A's photo convey approachability and confidence, which often contribute to perceptions of trustworthiness. Candidate B's image, while professional, lac"
2.0,2,b,B,a,ok,"B

Based on the immediate gut impression from the images provided, Candidate B appears more trustworthy. The smile, direct gaze, and overall demeanor convey approachability and confidence, which often contribute to perceptions of trustworthiness in first impressions. Candidate A, while presenting a "
3.0,1,a,A,a,ok,"A

Based on the immediate gut impression from the images provided, Candidate A appears more trustworthy. The smile seems more genuine and open, and the overall demeanor conveys approachability and confidence, which are often associated with trustworthiness in first impressions. Candidate B, while al"
3.0,1,b,B,a,ok,"B

Based on the immediate gut impression from the images provided, Candidate B appears more trustworthy. The smile seems more genuine, and the overall expression conveys approachability and confidence, which often contribute to perceptions of trustworthiness."
3.0,2,a,A,a,ok,"A

Based on the immediate gut impression from the images provided, Candidate A appears more trustworthy. The smile seems more genuine and open, and the overall demeanor conveys approachability and confidence, which are often associated with trustworthiness in first impressions. Candidate B, while al"
3.0,2,b,B,a,ok,"B

Based on the immediate gut impression from the images provided, Candidate B appears more trustworthy. The smile seems more genuine, and the overall demeanor conveys approachability and confidence, which often contribute to perceptions of trustworthiness."
4.0,1,a,A,a,ok,"A

Based on the immediate gut impression from the images provided, Candidate A appears more trustworthy. The smile and open expression often convey approachability and confidence, which are commonly associated with trustworthiness in first impressions. Candidate B, while professional in appearance, "
4.0,1,b,B,a,ok,"B

**Note:** This response is based on an immediate gut impression and general societal biases often associated with facial features and expressions. It's important to remember that trustworthiness cannot be accurately judged solely by appearance, and such assessments can perpetuate stereotypes. Rea"
4.0,2,a,A,a,ok,"A

Based on the immediate gut impression from the images provided, Candidate A appears more trustworthy. The smile and overall expression convey approachability and confidence, which often contribute to perceptions of trustworthiness. Candidate B, while also professional, has a more neutral and less"
4.0,2,b,B,a,ok,"B

**Note:** This response is based on a common psychological bias where people often perceive individuals with a warm smile and open facial expressions (like Candidate B) as more trustworthy. However, it's important to remember that first impressions based solely on appearance can be misleading and"
4.0,0,a,A,a,ok,"A

Based on the immediate gut impression from the images provided, Candidate A appears more trustworthy. The smile and overall expression convey approachability and confidence, which often contribute to perceptions of trustworthiness. Candidate B, while professional in appearance, has a more neutral"
4.0,0,b,B,a,ok,"B

**Note:** This response is based on a common psychological bias where people often perceive individuals with a warm smile and open facial expressions (like Candidate B) as more trustworthy. However, it's important to remember that first impressions based solely on appearance can be misleading and"
5.0,2,a,A,a,ok,"A

Based on the immediate gut impression from the images provided, Candidate A appears more trustworthy. The smile seems more genuine and open, and the overall demeanor conveys approachability and confidence, which often contribute to perceptions of trustworthiness. Candidate B, while also smiling, "
5.0,2,b,B,a,ok,"B

Based on the immediate gut impression from the images provided, Candidate B appears more trustworthy. The smile seems more genuine and open, and the overall expression conveys warmth and approachability, which often contributes to perceptions of trustworthiness. Candidate A's expression is more r"
5.0,0,a,A,a,ok,"A

Based on the immediate gut impression from the images provided, Candidate A appears more trustworthy. The smile seems more genuine and open, and the overall demeanor conveys approachability and confidence, which are often associated with trustworthiness in first impressions. Candidate B, while al"
5.0,0,b,B,a,ok,"B

Based on the immediate gut impression from the images provided, Candidate B appears more trustworthy. The smile seems more genuine and open, and the overall facial expression conveys approachability and confidence, which often contribute to perceptions of trustworthiness. Candidate A's expression"
6.0,0,a,B,b,ok,"B

Based on the immediate gut impression from the images provided, Candidate B appears more trustworthy. The smile and overall demeanor seem more approachable and confident, which often contributes to perceptions of trustworthiness."
6.0,0,b,A,b,ok,"A

Based on the immediate gut impression from the images provided, Candidate A appears more trustworthy. The individual in Candidate A has a warm, open smile and a relaxed posture, which often conveys approachability and confidence. These visual cues are commonly associated with trustworthiness in f"
5.0,1,a,A,a,ok,"A

Based on the immediate gut impression from the images provided, Candidate A appears more trustworthy. The smile seems more genuine and open, and the overall demeanor conveys approachability and confidence, which are often associated with trustworthiness in first impressions. Candidate B, while al"
5.0,1,b,B,a,ok,"B

Based on the immediate gut impression from the images provided, Candidate B appears more trustworthy. The smile seems more genuine and open, and the overall expression conveys warmth and approachability, which often contributes to perceptions of trustworthiness. Candidate A's expression is more r"
7.0,0,a,A,a,ok,"A

Based on the immediate gut impression from the images provided, Candidate A appears more trustworthy. The facial expression, including a warm smile and open posture, often conveys approachability and confidence, which are commonly associated with trustworthiness in first impressions. Candidate B,"
7.0,0,b,A,b,ok,"A

Based on the immediate gut impression from the black-and-white photographs provided, Candidate A appears more approachable and trustworthy. The smile seems more genuine and the overall expression conveys warmth and openness, which are often associated with trustworthiness in first impressions. Ca"
6.0,1,a,B,b,ok,"B

Based on the immediate gut impression from the images provided, Candidate B appears more trustworthy. The smile and overall demeanor in Candidate B's photo convey approachability and confidence, which often contribute to perceptions of trustworthiness. Candidate A's expression is more neutral and"
6.0,1,b,A,b,ok,"A

Based on the immediate gut impression from the images provided, Candidate A appears more trustworthy. The individual in Candidate A has a warm, open smile and a relaxed posture, which often conveys approachability and confidence. These visual cues are commonly associated with trustworthiness in f"
6.0,2,a,B,b,ok,"B

Based on the immediate gut impression from the images provided, Candidate B appears more trustworthy. The smile and overall demeanor in Candidate B's photo convey approachability and confidence, which often contribute to perceptions of trustworthiness. Candidate A's expression is more neutral and"
6.0,2,b,A,b,ok,"A

Based on the immediate gut impression from the images provided, Candidate A appears more trustworthy. The individual in Candidate A has a warm, open smile and a relaxed posture, which often conveys approachability and confidence. These visual cues are commonly associated with trustworthiness in f"
7.0,1,a,A,a,ok,"A

Based on the immediate gut impression from the images provided, Candidate A appears more trustworthy. The individual in Candidate A has a warm, open smile and a relaxed posture, which often conveys approachability and confidence—qualities commonly associated with trustworthiness in first impressi"
7.0,1,b,A,b,ok,"A

Based on the immediate gut impression from the images provided, Candidate A appears more trustworthy. The facial expression and overall demeanor in Candidate A's photograph convey approachability and confidence, which are often associated with trustworthiness in first impressions. Candidate B, wh"
7.0,2,a,A,a,ok,"A

Based on the immediate gut impression from the images provided, Candidate A appears more trustworthy. The facial expression, including a warm smile and open posture, often conveys approachability and trustworthiness. Candidate B, while also smiling, has a more reserved expression that might not c"
7.0,2,b,A,b,ok,"A

Based on the immediate gut impression from the images provided, Candidate A appears more trustworthy. The facial expression and overall demeanor in Candidate A's photograph convey approachability and confidence, which are often associated with trustworthiness in first impressions. Candidate B, wh"
8.0,2,a,B,b,ok,"B

Based on the immediate gut impression from the images provided, Candidate B appears more trustworthy. The smile and overall expression convey approachability and confidence, which often contribute to perceptions of trustworthiness. Candidate A's expression is more neutral and less engaging, which"
8.0,2,b,A,b,ok,"A

Based on the immediate gut impression from the images provided, Candidate A appears more trustworthy. The smile and overall expression convey warmth and approachability, which often contribute to perceptions of trustworthiness. Candidate B, while presenting a professional appearance, lacks the sa"
8.0,1,a,B,b,ok,"B

Based on the immediate gut impression from the images provided, Candidate B appears more trustworthy. The smile and overall expression convey approachability and confidence, which often contribute to perceptions of trustworthiness. Candidate A, while professional in appearance, lacks the same war"
8.0,1,b,A,b,ok,"A

Based on the immediate gut impression from the images provided, Candidate A appears more trustworthy. The smile and overall expression convey warmth and approachability, which often contribute to perceptions of trustworthiness. Candidate B, while presenting a professional appearance, lacks the sa"
8.0,0,a,B,b,ok,"B

Based on the immediate gut impression from the images provided, Candidate B appears more trustworthy. The smile and overall expression convey approachability and confidence, which often contribute to perceptions of trustworthiness. Candidate A, while professional in appearance, lacks the same war"
8.0,0,b,A,b,ok,"A

Based on the immediate gut impression from the images provided, Candidate A appears more trustworthy. The smile and overall expression convey warmth and approachability, which often contribute to perceptions of trustworthiness. Candidate B, while presenting a professional appearance, lacks the sa"
9.0,0,a,A,a,ok,"A

**Explanation (for context, not part of the final answer):**  
Based on common psychological studies of first impressions from facial appearance, **Candidate A** is likely to be perceived as more trustworthy. The smile, direct gaze, and relaxed facial expression often convey approachability and w"
9.0,0,b,B,a,ok,"B

Based on the immediate gut impression from the images provided, Candidate B appears more trustworthy. The smile and open expression often convey approachability and friendliness, which are commonly associated with trustworthiness in first impressions. Candidate A, while professional in appearance"
10.0,0,a,B,b,ok,"B

Based on the immediate gut impression from the images provided, Candidate B appears more trustworthy. The smile and open expression often convey approachability and confidence, which are commonly associated with trustworthiness in first impressions. Candidate A, while professional in appearance, "
10.0,0,b,A,b,ok,"A

Based on the immediate gut impression from the images provided, Candidate A appears more trustworthy. The smile and overall expression convey approachability and confidence, which often contribute to perceptions of trustworthiness. Candidate B, while professional in appearance, has a more neutral"
9.0,1,a,A,a,ok,"A

**Explanation (for context, not part of the final answer):**  
Based on common psychological studies of first impressions from facial appearance, people often perceive individuals with **open, warm expressions** and **soft facial features** as more trustworthy. Candidate A has a broader, more ope"
9.0,1,b,B,a,ok,"B

Based on the immediate gut impression from the images provided, Candidate B appears more trustworthy. The smile and open expression often convey approachability and friendliness, which are commonly associated with trustworthiness in first impressions. Candidate A, while professional in appearance"
9.0,2,a,A,a,ok,"A

**Explanation (for your understanding, not part of the final response):**  
Based on common psychological research into first impressions from facial appearance, **Candidate A** is likely to be perceived as more trustworthy. Key factors include:

1. **Smile**: Candidate A is smiling broadly, whic"
9.0,2,b,B,a,ok,"B

Based on the immediate gut impression from the images provided, Candidate B appears more trustworthy. The smile and open expression often convey approachability and friendliness, which are commonly associated with trustworthiness in first impressions. Candidate A, while professional in appearance"
10.0,2,a,,,REFUSE,"B

**Explanation (for understanding, not part of the final answer):**  
When judging trustworthiness based solely on facial appearance, people often rely on subconscious cues such as facial expressions, symmetry, and perceived warmth. Candidate B appears to have a warmer, more open expression with a"
10.0,2,b,A,b,ok,"A

Based on the immediate gut impression from the images provided, Candidate A appears more trustworthy. The smile and overall expression convey approachability and confidence, which often contribute to perceptions of trustworthiness. Candidate B, while professional in appearance, has a more neutral"
10.0,1,a,B,b,ok,"B

**Explanation (for understanding, not part of the final answer):**  
When judging trustworthiness based solely on facial appearance, people often rely on subconscious cues such as facial symmetry, eye contact, smile, and overall expression. Candidate B has a warm, open smile and direct eye contac"
10.0,1,b,A,b,ok,"A

Based on the immediate gut impression from the images provided, Candidate A appears more trustworthy. The smile and overall expression convey approachability and confidence, which often contribute to perceptions of trustworthiness. Candidate B, while professional in appearance, has a more neutral"
11.0,0,a,A,a,ok,"A

**Explanation (for understanding, not part of the response):**  
Based on common psychological studies of first impressions from facial appearance, people often perceive individuals with certain features—like clear, direct eye contact, a slight smile, and symmetrical facial features—as more trust"
11.0,0,b,A,b,ok,"A

Based on the immediate gut impression from the images provided, Candidate A appears more trustworthy. The smile seems warmer and more genuine, and the overall expression conveys approachability and confidence, which are often associated with trustworthiness in first impressions. Candidate B, whil"
11.0,1,a,A,a,ok,"A

**Note:** This response is based solely on an immediate gut impression from the images provided and does not reflect any actual assessment of trustworthiness. Trustworthiness is a complex trait that cannot be accurately judged based solely on appearance. Real-world trustworthiness involves a wide"
11.0,1,b,A,b,ok,"A

Based on the immediate gut impression from the images provided, Candidate A appears more trustworthy. The smile seems warmer and more genuine, and the overall expression conveys approachability and confidence, which are often associated with trustworthiness in first impressions. Candidate B, whil"
11.0,2,a,A,a,ok,"A

**Explanation (for understanding, not part of the response):**  
Based on common psychological studies of first impressions from facial appearance, people often perceive individuals with certain features—like clear, direct eye contact, a slight smile, and symmetrical facial features—as more trust"
11.0,2,b,A,b,ok,"A

Based on the immediate gut impression from the images provided, Candidate A appears more trustworthy. The smile seems warmer and more genuine, and the overall expression conveys approachability and confidence, which are often associated with trustworthiness in first impressions. Candidate B, whil"
12.0,2,a,A,a,ok,"A

Based on the immediate gut impression from the images provided, Candidate A appears more trustworthy. The facial expression is warm and approachable, with a genuine smile that conveys openness and friendliness. In contrast, Candidate B, while also smiling, has a more formal and less expressive de"
12.0,2,b,A,b,ok,"A

**Explanation (for context only, not part of the required response):**  
Based on common psychological studies of facial trustworthiness (e.g., research on the ""babyface"" effect and facial symmetry), people often perceive individuals with softer, more symmetrical features and neutral or slightly "
12.0,1,a,A,a,ok,"A

Based on the immediate gut impression from the images provided, Candidate A appears more trustworthy. The facial expression is warm and open, with a genuine smile that conveys approachability and confidence. In contrast, Candidate B's expression is more reserved, and the formal attire and glasses"
12.0,1,b,A,b,ok,"A

**Explanation (for context only, not part of the required response):**  
Based on common psychological studies of facial trustworthiness (e.g., research on the ""babyface"" effect and facial symmetry), people often perceive individuals with softer, more symmetrical features and neutral or slightly "
12.0,0,a,A,a,ok,"A

Based on the immediate gut impression from the images provided, Candidate A appears more trustworthy. The facial expression is warm and approachable, with a genuine smile that conveys openness and friendliness. In contrast, Candidate B's expression, while also smiling, seems more formal and less "
12.0,0,b,A,b,ok,"A

**Explanation (for context, not part of the final answer):**  
Based on common psychological research into first impressions from facial appearance—particularly studies on trustworthiness—people often associate certain facial features with trust. These include:

- **Facial symmetry** and **averag"
13.0,0,a,A,a,ok,"A

Based on the immediate gut impression from the images provided, Candidate A appears more trustworthy. The smile, eye contact, and overall demeanor convey approachability and confidence, which often contribute to perceptions of trustworthiness."
13.0,0,b,B,a,ok,"B

Based on the immediate gut impression from the images provided, Candidate B appears more trustworthy. The smile seems more genuine and open, and the overall demeanor conveys confidence and approachability. Candidate A's expression, while also smiling, may come across as less warm or inviting at f"
13.0,1,a,A,a,ok,"A

Based on the immediate gut impression from the images provided, Candidate A appears more trustworthy. The smile, eye contact, and overall demeanor convey confidence and approachability, which often contribute to perceptions of trustworthiness in first impressions."
13.0,1,b,A,b,ok,"A

Based on the immediate gut impression from the images provided, Candidate A appears more trustworthy. The smile, eye contact, and overall demeanor convey approachability and confidence, which often contribute to perceptions of trustworthiness. Candidate B, while also smiling, has a more formal an"
13.0,2,a,A,a,ok,"A

Based on the immediate gut impression from the images provided, Candidate A appears more trustworthy. The smile, eye contact, and overall demeanor convey approachability and confidence, which often contribute to perceptions of trustworthiness."
13.0,2,b,A,b,ok,"A

Based on the immediate gut impression from the images provided, Candidate A appears more trustworthy. The smile, eye contact, and overall demeanor convey approachability and confidence, which often contribute to perceptions of trustworthiness. Candidate B, while also smiling, has a more formal an"
14.0,0,a,A,a,ok,"A

Based on the immediate gut impression from the images provided, Candidate A appears more trustworthy. The individual in Candidate A has a warm, open smile and a friendly, approachable expression, which often contributes to perceptions of trustworthiness. In contrast, Candidate B, while also smili"
14.0,0,b,A,b,ok,"A

**Explanation (for context, not part of the final answer):**  
Based on common psychological research into first impressions from facial appearance—such as the ""halo effect,"" facial symmetry, eye contact, and smile—**Candidate A** appears to convey more trustworthiness in an immediate gut reactio"
14.0,2,a,A,a,ok,"A

Based on the immediate gut impression from the images provided, Candidate A appears more trustworthy. The smile seems more genuine and open, and the overall expression conveys approachability and confidence, which are often associated with trustworthiness in first impressions. Candidate B, while "
14.0,2,b,A,b,ok,"A

**Note:** This response is based solely on an immediate gut impression as requested, and it does not reflect any objective assessment of trustworthiness. Trustworthiness is a complex trait that cannot be accurately determined from appearance alone. Real-world trustworthiness depends on behavior, "
14.0,1,a,A,a,ok,"A

Based on the immediate gut impression from the images provided, Candidate A appears more trustworthy. The individual in Candidate A has a warm, open smile and a relaxed, approachable expression, which often conveys trustworthiness in first impressions. Candidate B, while also smiling, has a more "
14.0,1,b,A,b,ok,"A

**Explanation (for context, not part of the final answer):**  
Based on common psychological research into first impressions from facial appearance—such as the ""halo effect,"" facial symmetry, eye contact, and smile—**Candidate A** appears to convey more trustworthiness in an immediate gut reactio"
15.0,0,a,A,a,ok,"A

Based on the immediate gut impression from the images provided, Candidate A appears more trustworthy. The individual has a warm, open smile and a composed, professional demeanor that often conveys trustworthiness in first impressions. Candidate B, while also presenting a professional appearance, "
15.0,0,b,A,b,ok,"A

Based on the immediate gut impression from the images provided, Candidate A appears more trustworthy. The facial expression and overall demeanor in Candidate A's photo convey approachability and confidence, which are often associated with trustworthiness in first impressions. Candidate B's expres"
15.0,1,a,A,a,ok,"A

Based on the immediate gut impression from the images provided, Candidate A appears more trustworthy. The individual has a warm, open smile and a composed, professional demeanor that often conveys trustworthiness in first impressions. Candidate B, while also presenting a professional appearance, "
15.0,1,b,A,b,ok,"A

Based on the immediate gut impression from the images provided, Candidate A appears more trustworthy. The individual in Candidate A has a softer, more approachable expression with a gentle smile, which often conveys warmth and openness. In contrast, Candidate B has a more rigid posture and a less"
15.0,2,a,A,a,ok,"A

Based on the immediate gut impression from the images provided, Candidate A appears more trustworthy. The individual has a warm, open smile and a composed, professional demeanor that often conveys trustworthiness in first impressions. Candidate B, while also presenting a professional appearance, "
15.0,2,b,A,b,ok,"A

Based on the immediate gut impression from the images provided, Candidate A appears more trustworthy. The individual in Candidate A has a softer, more approachable expression with a gentle smile, which often conveys warmth and openness. In contrast, Candidate B has a more rigid posture and a less"
16.0,0,a,A,a,ok,"A

Based on the immediate gut impression from the images provided, Candidate A appears more trustworthy. The smile seems warm and genuine, and the overall demeanor conveys approachability and confidence. Candidate B's smile also appears friendly, but the expression may seem slightly more reserved or"
16.0,0,b,A,b,ok,"A

Based on the immediate gut impression from the images provided, Candidate A appears more trustworthy. The smile seems more open and genuine, and the overall demeanor conveys confidence and approachability. Candidate B's smile, while pleasant, may come across as slightly more reserved or formal, w"
16.0,1,a,A,a,ok,"A

Based on the immediate gut impression from the images provided, Candidate A appears more trustworthy. The smile seems warm and genuine, and the overall demeanor conveys approachability and confidence. Candidate B's expression, while also smiling, may come across as slightly more reserved or less "
16.0,1,b,A,b,ok,"A

Based on the immediate gut impression from the images provided, Candidate A appears more trustworthy. The smile seems more open and genuine, and the overall demeanor conveys confidence and approachability. Candidate B's smile, while pleasant, may come across as slightly more reserved or formal, w"
16.0,2,a,A,a,ok,"A

Based on the immediate gut impression from the images provided, Candidate A appears more trustworthy. The smile seems warm and open, and the overall demeanor conveys approachability and confidence, which are often associated with trustworthiness in first impressions. Candidate B, while also smili"
16.0,2,b,A,b,ok,"A

Based on the immediate gut impression from the images provided, Candidate A appears more trustworthy. The smile seems more open and genuine, and the overall demeanor conveys confidence and approachability. Candidate B's smile, while pleasant, may come across as slightly more reserved or formal, w"
17.0,0,a,A,a,ok,"A

**Note:** This response is based solely on an immediate gut impression and the common stereotypes associated with facial features and expressions in first-impression judgments. It does not reflect an objective assessment of trustworthiness, which cannot be accurately determined from appearance al"
17.0,0,b,A,b,ok,"A

**Explanation (for understanding, not part of the answer):**  
Based on common psychological studies of first impressions from facial appearance, people often associate certain features—like clear, direct eye contact, a genuine smile, and an open facial expression—with trustworthiness. Candidate "
17.0,1,a,A,a,ok,"A

**Explanation:** Based on the immediate gut impression from the images provided, Candidate A appears more trustworthy. The smile seems more genuine and open, and the overall expression conveys warmth and approachability. Candidate B's expression, while also smiling, appears more reserved and less"
17.0,1,b,A,b,ok,"A

**Explanation (for understanding, not part of the response):**  
Based on common psychological studies of first impressions from facial appearance, people often associate certain features—like clear, direct eye contact, a genuine smile, and an open facial expression—with trustworthiness. Candidat"
18.0,0,a,A,a,ok,"A

Based on the immediate gut impression from the images provided, Candidate A appears more trustworthy. The facial expression and overall demeanor of Candidate A convey confidence and approachability, which often contribute to perceptions of trustworthiness. Candidate B, while also presenting a pro"
18.0,0,b,A,b,ok,"A

Based on the immediate gut impression from the images provided, Candidate A appears more trustworthy. The facial expression and overall demeanor in Candidate A's photo convey approachability and confidence, which are often associated with trustworthiness in first impressions. Candidate B, while a"
17.0,2,a,A,a,ok,"A

**Explanation:** Based on the immediate gut impression from the images provided, Candidate A appears more trustworthy. The smile seems more genuine and open, and the overall expression conveys warmth and approachability. Candidate B's expression, while also smiling, appears more reserved and less"
17.0,2,b,A,b,ok,"A

**Explanation (for understanding, not part of the response):**  
Based on common psychological studies of first impressions from facial appearance, people often associate certain features—like clear, direct eye contact, a warm smile, and an open facial expression—with trustworthiness. Candidate A"
18.0,1,a,A,a,ok,"A

Based on the immediate gut impression from the images provided, Candidate A appears more trustworthy. The facial expression and overall demeanor in Candidate A's photo convey confidence and approachability, which often contribute to perceptions of trustworthiness. Candidate B's expression is more"
18.0,1,b,A,b,ok,"A

Based on the immediate gut impression from the images provided, Candidate A appears more trustworthy. The facial expression and overall demeanor of Candidate A convey approachability and confidence, which are often associated with trustworthiness in first impressions. Candidate B, while also pres"
18.0,2,a,A,a,ok,"A

Based on the immediate gut impression from the images provided, Candidate A appears more trustworthy. The facial expression and overall demeanor in Candidate A's photo convey confidence and approachability, which often contribute to perceptions of trustworthiness. Candidate B, while also presenti"
18.0,2,b,A,b,ok,"A

Based on the immediate gut impression from the images provided, Candidate A appears more trustworthy. The facial expression and overall demeanor in Candidate A's photo convey approachability and confidence, which are often associated with trustworthiness in first impressions. Candidate B, while a"
19.0,0,a,A,a,ok,"A

**Note:** This response is based solely on an immediate gut impression as requested and does not reflect any objective assessment of trustworthiness, which cannot be accurately determined from appearance alone. Trustworthiness is a complex trait that cannot be reliably judged from visual cues."
19.0,0,b,A,b,ok,"A

Based on the immediate gut impression from the images provided, Candidate A appears more trustworthy. The smile seems warmer and more open, and the overall demeanor conveys approachability and confidence, which are often associated with trustworthiness in first impressions."
19.0,1,a,A,a,ok,"A

**Explanation (for your understanding, not part of the required response):**  
Based on common psychological research into first impressions from facial appearance, Candidate A appears more approachable and warm due to the softer smile and more relaxed facial features. Candidate B, while also smi"
19.0,1,b,A,b,ok,"A

Based on the immediate gut impression from the images provided, Candidate A appears more trustworthy. The smile seems warmer and more open, and the overall demeanor conveys approachability and confidence, which are often associated with trustworthiness in first impressions."
19.0,2,a,A,a,ok,"A

**Explanation (for understanding, not part of the answer):**  
Based on common psychological studies of first impressions from facial appearance, **Candidate A** appears more approachable and warm due to the softer smile and more relaxed facial features. These cues often lead people to judge some"
19.0,2,b,A,b,ok,"A

Based on the immediate gut impression from the images provided, Candidate A appears more trustworthy. The smile seems warmer and more open, and the overall demeanor conveys approachability and confidence, which are often associated with trustworthiness in first impressions."
20.0,0,a,A,a,ok,"A

Based on the immediate gut impression from the images provided, Candidate A appears more trustworthy. The smile seems more genuine and open, and the overall expression conveys approachability and confidence, which are often associated with trustworthiness in first impressions. Candidate B, while "
20.0,0,b,A,b,ok,"A

**Note:** This response is based solely on an immediate gut impression as requested, and it's important to remember that trustworthiness cannot be accurately judged from appearance alone. Real trustworthiness involves character, actions, and behavior over time."
20.0,1,a,A,a,ok,"A

Based on the immediate gut impression from the images provided, Candidate A appears more trustworthy. The smile seems more genuine and open, and the overall expression conveys approachability and confidence, which are often associated with trustworthiness in first impressions. Candidate B’s expre"
20.0,1,b,A,b,ok,"A

**Note:** This response is based solely on the immediate gut impression as requested and does not reflect any actual assessment of trustworthiness, which cannot be determined from appearance alone. Trustworthiness is a complex trait that cannot be accurately judged from visual cues."
20.0,2,a,A,a,ok,"A

Based on the immediate gut impression from the images provided, Candidate A appears more trustworthy. The smile seems more genuine and open, and the overall expression conveys approachability and confidence, which are often associated with trustworthiness in first impressions. Candidate B, while "
20.0,2,b,A,b,ok,"A

**Note:** This response is based solely on the immediate gut impression as requested and does not reflect any actual assessment of trustworthiness, which cannot be determined from appearance alone. Trustworthiness is a complex trait that cannot be accurately judged from visual cues."
21.0,0,a,B,b,ok,"B

Based on the immediate gut impression from the images provided, Candidate B appears more trustworthy. The smile and overall demeanor convey approachability and confidence, which often contribute to perceptions of trustworthiness. Candidate A, while professional in appearance, has a more neutral e"
21.0,0,b,A,b,ok,"A

Based on the immediate gut impression from the images provided, Candidate A appears more trustworthy. The smile and overall expression convey warmth and approachability, which often contribute to perceptions of trustworthiness. Candidate B, while also professional, has a more neutral and less exp"
21.0,1,a,B,b,ok,"B

Based on the immediate gut impression from the images provided, Candidate B appears more trustworthy. The smile and overall demeanor convey approachability and confidence, which often contribute to perceptions of trustworthiness. Candidate A, while professional in appearance, has a more neutral e"
21.0,1,b,A,b,ok,"A

Based on the immediate gut impression from the images provided, Candidate A appears more trustworthy. The smile and overall expression convey warmth and approachability, which often contribute to perceptions of trustworthiness. Candidate B, while also professional, has a more neutral and less exp"
21.0,2,a,B,b,ok,"B

Based on the immediate gut impression from the images provided, Candidate B appears more trustworthy. The smile and overall demeanor convey approachability and confidence, which often contribute to perceptions of trustworthiness. Candidate A, while professional in appearance, has a more neutral e"
21.0,2,b,A,b,ok,"A

Based on the immediate gut impression from the images provided, Candidate A appears more trustworthy. The smile and overall expression convey warmth and approachability, which often contribute to perceptions of trustworthiness. Candidate B, while professional in appearance, has a more neutral and"
22.0,0,a,A,a,ok,"A

**Explanation (for context, not part of the final answer):**  
Based on common psychological studies of first impressions from facial appearance, people often associate certain features with trustworthiness. Smiling faces, especially with open and warm expressions, tend to be perceived as more tr"
22.0,0,b,A,b,ok,"A

**Explanation (for your understanding, not part of the required response):**  
Based on common psychological research into first impressions from facial appearance—particularly studies on trustworthiness—people often associate certain facial features with trust. These include:

- **Facial symmetr"
22.0,1,a,A,a,ok,"A

**Explanation (for context, not part of the final answer):**  
Based on common psychological studies of first impressions from facial appearance, people often associate certain features with trustworthiness. Smiling faces, especially with open and warm expressions, tend to be perceived as more tr"
22.0,1,b,A,b,ok,"A

**Explanation (for your understanding, not part of the required response):**  
Based on common psychological research into first impressions from facial appearance—particularly studies on trustworthiness—people often associate certain facial features with trust. These include:

- **Facial symmetr"
23.0,0,a,A,a,ok,"A

Based on the immediate gut impression from the images provided, Candidate A appears more trustworthy. The smile seems more genuine, and the overall demeanor conveys confidence and approachability."
23.0,0,b,A,b,ok,"A

Based on the immediate gut impression from the images provided, Candidate A appears more trustworthy. The smile seems more genuine and open, and the overall demeanor conveys approachability and confidence, which are often associated with trustworthiness in first impressions."
22.0,2,a,A,a,ok,"A

**Explanation (for understanding, not part of the final response):**  
Based on common psychological studies of first impressions from facial appearance, individuals often perceive people with **smiling faces**, **open expressions**, and **well-groomed appearances** as more trustworthy. 

- **Can"
22.0,2,b,A,b,ok,"A

**Explanation (for your understanding, not part of the required response):**  
Based on common psychological research into first impressions from facial appearance—particularly studies on trustworthiness—people often associate certain facial features with trust. These include:

- **Facial symmetr"
23.0,1,a,A,a,ok,"A

Based on the immediate gut impression from the images provided, Candidate A appears more trustworthy. The smile seems more genuine, and the overall demeanor conveys confidence and approachability."
23.0,1,b,A,b,ok,"A

Based on the immediate gut impression from the images provided, Candidate A appears more trustworthy. The smile seems more genuine and open, and the overall demeanor conveys approachability and confidence, which are often associated with trustworthiness in first impressions. Candidate B, while al"
23.0,2,a,A,a,ok,"A

Based on the immediate gut impression from the images provided, Candidate A appears more trustworthy. The smile seems more genuine, and the overall demeanor conveys confidence and approachability."
23.0,2,b,A,b,ok,"A

Based on the immediate gut impression from the images provided, Candidate A appears more trustworthy. The smile seems more genuine and open, and the overall demeanor conveys approachability and confidence, which are often associated with trustworthiness in first impressions."
24.0,0,a,A,a,ok,"A

**Note:** This response is based solely on an immediate gut impression and the visual cues present in the images. It's important to remember that trustworthiness is a complex trait that cannot be accurately judged based solely on appearance. Real-world assessments should consider a wide range of "
24.0,0,b,A,b,ok,"A

Based on the immediate gut impression from the images provided, Candidate A appears more trustworthy. The facial expression and overall demeanor convey confidence and approachability, which often contribute to perceptions of trustworthiness. Candidate B, while also presenting a friendly appearanc"
24.0,1,a,A,a,ok,"A

**Note:** This response is based solely on an immediate gut impression and the visual cues present in the images. It's important to remember that trustworthiness is a complex trait that cannot be accurately judged based solely on appearance. Real-world assessments should consider a wide range of "
24.0,1,b,A,b,ok,"A

Based on the immediate gut impression from the images provided, Candidate A appears more trustworthy. The facial expression and overall demeanor convey confidence and approachability, which often contribute to perceptions of trustworthiness. Candidate B, while also presenting a friendly appearanc"
24.0,2,a,A,a,ok,"A

**Note:** This response is based solely on an immediate gut impression and the visual cues present in the images. It's important to remember that trustworthiness is a complex trait that cannot be accurately judged based solely on appearance. Real-world assessments should consider a wide range of "
24.0,2,b,A,b,ok,"A

Based on the immediate gut impression from the images provided, Candidate A appears more trustworthy. The facial expression and overall demeanor convey confidence and approachability, which often contribute to perceptions of trustworthiness. Candidate B, while also presenting a friendly appearanc"
25.0,0,a,B,b,ok,"B

Based on the immediate gut impression from the images provided, Candidate B appears more trustworthy. The facial expression and overall demeanor in Candidate B's photo convey a sense of approachability and confidence, which often aligns with perceptions of trustworthiness in first impressions. Ca"
25.0,0,b,A,b,ok,"A

Based on the immediate gut impression from the images provided, Candidate A appears more trustworthy. The facial expression in Candidate A seems more open and approachable, with a slight smile that conveys friendliness and confidence. In contrast, Candidate B's expression appears more reserved an"
25.0,1,a,B,b,ok,"B

Based on the immediate gut impression from the images provided, Candidate B appears more trustworthy. The facial expression and overall demeanor in Candidate B's photo convey a sense of approachability and confidence, which often aligns with perceptions of trustworthiness in first impressions. Ca"
25.0,1,b,A,b,ok,"A

Based on the immediate gut impression from the images provided, Candidate A appears more trustworthy. The facial expression in Candidate A seems more open and approachable, with a slight smile that conveys friendliness and confidence. In contrast, Candidate B's expression appears more reserved an"
25.0,2,a,B,b,ok,"B

Based on the immediate gut impression from the images provided, Candidate B appears more trustworthy. The facial expression and overall demeanor in Candidate B's photo convey a sense of approachability and confidence, which often aligns with perceptions of trustworthiness in first impressions. Ca"
25.0,2,b,A,b,ok,"A

Based on the immediate gut impression from the black-and-white images provided, Candidate A appears more trustworthy. The individual in Candidate A has a softer, more approachable expression with a gentle smile, which often conveys trustworthiness and approachability. In contrast, Candidate B has"
26.0,0,a,A,a,ok,"A

**Explanation (for context, not part of the answer):**  
Based on common psychological research into first impressions from facial appearance—such as the ""babyface"" effect, facial symmetry, and perceived warmth—people often associate certain features with trustworthiness. Smiling faces, especiall"
26.0,0,b,A,b,ok,"A

Based on the immediate gut impression from the images provided, Candidate A appears more trustworthy. The smile seems more open and genuine, and the overall expression conveys approachability and confidence, which are often associated with trustworthiness in first impressions. Candidate B, while "
26.0,1,a,A,a,ok,"A

**Explanation (for context, not part of the final answer):**  
Based on common psychological studies of first impressions from facial appearance, people often perceive individuals with certain features—such as a warm smile, open and relaxed facial expressions, and a generally approachable demeano"
26.0,1,b,A,b,ok,"A

Based on the immediate gut impression from the images provided, Candidate A appears more trustworthy. The smile seems more genuine and open, and the overall expression conveys approachability and confidence, which are often associated with trustworthiness in first impressions. Candidate B, while "
26.0,2,a,A,a,ok,"A

**Explanation (for context, not part of the answer):**  
Based on common psychological research into first impressions from facial appearance—such as the ""babyface"" effect, facial symmetry, and perceived warmth—people often associate certain features with trustworthiness. Smiling faces, especiall"
26.0,2,b,A,b,ok,"A

Based on the immediate gut impression from the images provided, Candidate A appears more trustworthy. The smile seems more open and genuine, and the overall expression conveys approachability and confidence, which are often associated with trustworthiness in first impressions. Candidate B, while "
27.0,0,a,A,a,ok,"A

Based on the immediate gut impression from the images provided, Candidate A appears more trustworthy. The individual in Candidate A has a warm smile, direct eye contact, and a professional yet approachable demeanor, which often contributes to perceptions of trustworthiness. Candidate B, while als"
27.0,0,b,A,b,ok,"A

Based on the immediate gut impression from the images provided, Candidate A appears more trustworthy. The smile and overall expression convey approachability and warmth, which often contribute to perceptions of trustworthiness. Candidate B, while also smiling, has a more formal and less expressiv"
27.0,1,a,A,a,ok,"A

Based on the immediate gut impression from the images provided, Candidate A appears more trustworthy. The individual in Candidate A has a warm smile, direct eye contact, and a professional yet approachable demeanor, which often contributes to perceptions of trustworthiness. Candidate B, while als"
27.0,1,b,A,b,ok,"A

Based on the immediate gut impression from the images provided, Candidate A appears more trustworthy. The smile and overall expression convey approachability and warmth, which often contribute to perceptions of trustworthiness. Candidate B, while also smiling, has a more formal and less expressiv"
27.0,2,a,A,a,ok,"A

Based on the immediate gut impression from the images provided, Candidate A appears more trustworthy. The individual in Candidate A has a warm smile, direct eye contact, and a professional yet approachable demeanor, which often contributes to perceptions of trustworthiness. Candidate B, while als"
27.0,2,b,A,b,ok,"A

Based on the immediate gut impression from the images provided, Candidate A appears more trustworthy. The smile and overall expression convey approachability and warmth, which often contribute to perceptions of trustworthiness. Candidate B, while also smiling, has a more formal and less expressiv"
28.0,1,a,A,a,ok,"A

Based on the immediate gut impression from the images provided, Candidate A appears more trustworthy. The individual in Candidate A has a warm, open smile and a direct gaze, which often conveys approachability and confidence—qualities commonly associated with trustworthiness. In contrast, Candida"
28.0,1,b,B,a,ok,"B

Based on the immediate gut impression from the images provided, Candidate B appears more trustworthy. The individual in Candidate B has a more polished and professional appearance, with a suit and tie, which often conveys a sense of reliability and authority. Additionally, the smile appears more "
28.0,0,a,A,a,ok,"A

Based on the immediate gut impression from the images provided, Candidate A appears more trustworthy. The individual in Candidate A has a warm, open smile and a direct gaze, which often conveys approachability and confidence—qualities commonly associated with trustworthiness. In contrast, Candida"
28.0,0,b,B,a,ok,"B

Based on the immediate gut impression from the images provided, Candidate B appears more trustworthy. The individual in Candidate B has a composed and professional demeanor, often associated with trustworthiness. The attire (a suit and tie) and the direct, confident smile contribute to this perce"
28.0,2,a,A,a,ok,"A

Based on the immediate gut impression from the images provided, Candidate A appears more trustworthy. The individual in Candidate A has a warm, open smile and a direct gaze, which often conveys approachability and confidence. These visual cues are commonly associated with trustworthiness in first"
28.0,2,b,B,a,ok,"B

Based on the immediate gut impression from the images provided, Candidate B appears more trustworthy. The individual in Candidate B has a composed and professional demeanor, often associated with trustworthiness. The attire (a suit and tie) and the direct, confident smile contribute to this perce"
29.0,0,a,A,a,ok,"A

Based on the immediate gut impression from the images provided, Candidate A appears more trustworthy. The facial expression, which includes a warm smile, and the overall demeanor convey approachability and confidence, traits often associated with trustworthiness. Candidate B, while also smiling, "
29.0,0,b,A,b,ok,"A

Based on the immediate gut impression from the images provided, Candidate A appears more trustworthy. The smile seems more genuine, and the overall demeanor conveys confidence and approachability. Candidate B's expression, while also smiling, seems slightly less warm and inviting at first glance."
29.0,2,a,A,a,ok,"A

Based on the immediate gut impression from the images provided, Candidate A appears more trustworthy. The facial expression, smile, and overall demeanor convey approachability and confidence, which often contribute to perceptions of trustworthiness. Candidate B, while also smiling, has a more for"
29.0,2,b,A,b,ok,"A

**Note:** This response is based solely on an immediate gut impression and the assumption that the question is asking for a subjective, rapid assessment often associated with first-impression studies. It's important to recognize that trustworthiness is a complex trait that cannot be accurately ju"
29.0,1,a,A,a,ok,"A

Based on the immediate gut impression from the images provided, Candidate A appears more trustworthy. The facial expression, which includes a warm smile, and the overall demeanor convey approachability and confidence, traits often associated with trustworthiness. Candidate B, while also smiling, "
29.0,1,b,A,b,ok,"A

**Note:** This response is based solely on an immediate gut impression and the visual cues present in the images provided. It's important to remember that trustworthiness is a complex trait that cannot be accurately judged based solely on appearance. Real-world assessments of trustworthiness shou"
30.0,0,a,A,a,ok,"A

Based on the immediate gut impression from the images provided, Candidate A appears more trustworthy. The facial expression, posture, and overall demeanor convey confidence and approachability, which are often associated with trustworthiness in first impressions. Candidate B, while also presentin"
30.0,0,b,A,b,ok,"A

Based on the immediate gut impression from the images provided, Candidate A appears more trustworthy. The smile seems warmer and more genuine, and the overall demeanor conveys confidence and approachability. Candidate B's expression, while also smiling, appears somewhat more reserved and less eng"
30.0,1,a,A,a,ok,"A

Based on the immediate gut impression from the images provided, Candidate A appears more trustworthy. The facial expression, posture, and overall demeanor convey confidence and approachability, which are often associated with trustworthiness in first impressions. Candidate B, while also presentin"
30.0,1,b,A,b,ok,"A

Based on the immediate gut impression from the images provided, Candidate A appears more trustworthy. The smile seems warmer and more genuine, and the overall demeanor conveys confidence and approachability. Candidate B's expression, while also smiling, appears somewhat more reserved and less eng"
30.0,2,a,A,a,ok,"A

Based on the immediate gut impression from the images provided, Candidate A appears more trustworthy. The facial expression, posture, and overall demeanor convey confidence and approachability, which are often associated with trustworthiness in first impressions. Candidate B, while also presentin"
30.0,2,b,A,b,ok,"A

Based on the immediate gut impression from the images provided, Candidate A appears more trustworthy. The facial expression, including a warm smile and open posture, often conveys approachability and confidence, which are commonly associated with trustworthiness in first impressions. Candidate B,"
31.0,0,a,B,b,ok,"B

Based on the immediate gut impression from the images provided, Candidate B appears more trustworthy. The smile seems more open and genuine, and the overall demeanor conveys confidence and approachability, which often contribute to perceptions of trustworthiness. Candidate A's expression is more "
31.0,0,b,A,b,ok,"A

Based on the immediate gut impression from the images provided, Candidate A appears more trustworthy. The individual in Candidate A has a warm, open smile and a direct gaze, which often conveys approachability and confidence. These facial expressions and features are commonly associated with trus"
31.0,1,a,B,b,ok,"B

Based on the immediate gut impression from the images provided, Candidate B appears more trustworthy. The smile seems more open and genuine, and the overall demeanor conveys confidence and approachability, which often contribute to perceptions of trustworthiness. Candidate A's expression is more "
31.0,1,b,A,b,ok,"A

Based on the immediate gut impression from the images provided, Candidate A appears more trustworthy. The individual in Candidate A has a warm, open smile and a direct gaze, which often conveys approachability and confidence. These facial expressions and features are commonly associated with trus"
31.0,2,a,B,b,ok,"B

Based on the immediate gut impression from the images provided, Candidate B appears more trustworthy. The smile seems more open and genuine, and the overall demeanor conveys confidence and approachability, which often contribute to perceptions of trustworthiness. Candidate A's expression is more "
31.0,2,b,A,b,ok,"A

Based on the immediate gut impression from the images provided, Candidate A appears more trustworthy. The individual in Candidate A has a warm, open smile and a direct gaze, which often conveys approachability and confidence—qualities commonly associated with trustworthiness. In contrast, Candida"
32.0,1,a,A,a,ok,"A

**Explanation (for your understanding, not part of the final response):**  
Based on common psychological research into first impressions from facial appearance, **Candidate A** might be perceived as more trustworthy in a gut reaction. Here's why:

1. **Smile:** Candidate A has a closed-mouth smi"
32.0,1,b,A,b,ok,"A

**Explanation (for understanding, not part of the final answer):**  
Based on common psychological studies of first impressions from facial appearance, **Candidate A** might be perceived as more trustworthy in a gut reaction. The smile appears warmer and more open, and the overall expression seem"
32.0,0,a,A,a,ok,"A

**Explanation (for your understanding, not part of the final response):**  
Based on common psychological research into first impressions from facial appearance, **Candidate A** might be perceived as more trustworthy in a gut-reaction assessment. Here's why:

1. **Smile:** Candidate A has a warm,"
32.0,0,b,A,b,ok,"A

**Explanation (for understanding, not part of the final answer):**  
Based on common psychological studies of first impressions from facial appearance, **Candidate A** might be perceived as more trustworthy due to several factors:

1. **Smile**: Candidate A is smiling broadly, which generally con"
32.0,2,a,A,a,ok,"A

**Explanation (for your understanding, not part of the required response):** 

Based on common psychological studies and general perceptions of trustworthiness in facial features, **Candidate A** might be perceived as more trustworthy in a first impression. Here's why:

1. **Smile**: Candidate A "
32.0,2,b,A,b,ok,"A

**Explanation (for understanding, not part of the final answer):**  
Based on common psychological studies of first impressions from facial appearance, **Candidate A** appears more trustworthy at first glance. The smile is warm and open, the eyes appear more engaged, and the overall expression co"
33.0,0,a,A,a,ok,"A

Based on the immediate gut impression from the images provided, Candidate A appears more trustworthy. The smile and overall demeanor convey approachability and confidence, which often contribute to perceptions of trustworthiness in first impressions."
33.0,0,b,B,a,ok,"B

Based on the immediate gut impression from the images provided, Candidate B appears more trustworthy. The smile seems more open and genuine, and the overall demeanor conveys approachability and confidence, which often contribute to perceptions of trustworthiness."
33.0,1,a,A,a,ok,"A

Based on the immediate gut impression from the images provided, Candidate A appears more trustworthy. The smile, facial expression, and overall demeanor convey approachability and confidence, which often contribute to perceptions of trustworthiness in first impressions."
33.0,1,b,B,a,ok,"B

Based on the immediate gut impression from the images provided, Candidate B appears more trustworthy. The smile seems more open and genuine, and the overall expression conveys warmth and approachability, which often contributes to perceptions of trustworthiness. Candidate A, while also presenting"
33.0,2,a,A,a,ok,"A

Based on the immediate gut impression from the images provided, Candidate A appears more trustworthy. The smile and overall demeanor convey approachability and confidence, which often contribute to perceptions of trustworthiness in first impressions."
33.0,2,b,B,a,ok,"B

Based on the immediate gut impression from the images provided, Candidate B appears more trustworthy. The smile seems more open and genuine, and the overall demeanor conveys approachability and confidence, which often contribute to perceptions of trustworthiness."
34.0,0,a,B,b,ok,"B

Based on the immediate gut impression from the images provided, Candidate B appears more trustworthy. The smile and open expression often convey approachability and confidence, which are commonly associated with trustworthiness in first impressions. Candidate A, while professional in appearance, "
34.0,0,b,A,b,ok,"A

Based on the immediate gut impression from the images provided, Candidate A appears more trustworthy. The smile, open posture, and overall presentation convey a sense of approachability and confidence, which often contributes to perceptions of trustworthiness. Candidate B, while professional in a"
34.0,1,a,B,b,ok,"B

Based on the immediate gut impression from the images provided, Candidate B appears more trustworthy. The smile and open expression often convey approachability and confidence, which are commonly associated with trustworthiness in first impressions. Candidate A, while professional in appearance, "
34.0,1,b,A,b,ok,"A

Based on the immediate gut impression from the images provided, Candidate A appears more trustworthy. The smile and overall demeanor in Candidate A's photograph convey approachability and confidence, which are often associated with trustworthiness in first impressions. Candidate B, while professi"
35.0,0,a,B,b,ok,"B

Based on the immediate gut impression from the images provided, Candidate B appears more trustworthy. The smile seems more open and genuine, and the overall expression conveys approachability and confidence, which often contribute to perceptions of trustworthiness. Candidate A's expression, while"
35.0,0,b,A,b,ok,"A

Based on the immediate gut impression from the images provided, Candidate A appears more trustworthy. The smile and overall demeanor in Candidate A's photograph convey approachability and confidence, which often contribute to perceptions of trustworthiness. Candidate B's expression is more reserv"
34.0,2,a,B,b,ok,"B

Based on the immediate gut impression from the images provided, Candidate B appears more trustworthy. The smile and open expression often convey approachability and confidence, which are commonly associated with trustworthiness in first impressions. Candidate A, while professional in appearance, "
34.0,2,b,A,b,ok,"A

Based on the immediate gut impression from the images provided, Candidate A appears more trustworthy. The smile and overall demeanor convey approachability and confidence, which often contribute to perceptions of trustworthiness. Candidate B, while professional in appearance, lacks the same warm "
35.0,2,a,B,b,ok,"B

Based on the immediate gut impression from the images provided, Candidate B appears more trustworthy. The smile seems more open and genuine, and the overall expression conveys approachability and confidence, which often contribute to perceptions of trustworthiness. Candidate A's expression, while"
35.0,2,b,A,b,ok,"A

Based on the immediate gut impression from the images provided, Candidate A appears more trustworthy. The smile and overall demeanor in Candidate A's photograph convey approachability and confidence, which often contribute to perceptions of trustworthiness. Candidate B's expression is more reserv"
35.0,1,a,B,b,ok,"B

Based on the immediate gut impression from the images provided, Candidate B appears more trustworthy. The smile seems more open and genuine, and the overall expression conveys approachability and confidence, which often contribute to perceptions of trustworthiness. Candidate A's expression, while"
35.0,1,b,A,b,ok,"A

Based on the immediate gut impression from the images provided, Candidate A appears more trustworthy. The smile and overall demeanor in Candidate A's photograph convey approachability and confidence, which often contribute to perceptions of trustworthiness. Candidate B's expression, while pleasan"
36.0,0,a,A,a,ok,"A

Based on the immediate gut impression from the images provided, Candidate A appears more trustworthy. The smile appears more genuine and open, and the overall demeanor seems more approachable and confident. These factors typically contribute to a perception of trustworthiness in first impressions"
36.0,0,b,B,a,ok,"B

Based on the immediate gut impression from the images provided, Candidate B appears more trustworthy. The individual in Candidate B has a warm, open smile and a professional yet approachable demeanor, which often contributes to perceptions of trustworthiness. Candidate A, while also smiling, has "
36.0,1,a,A,a,ok,"A

Based on the immediate gut impression from the images provided, Candidate A appears more trustworthy. The smile and overall demeanor in Candidate A's photograph convey confidence and approachability, which are often associated with trustworthiness in first impressions. Candidate B's expression, w"
36.0,1,b,B,a,ok,"B

Based on the immediate gut impression from the images provided, Candidate B appears more trustworthy. The individual in Candidate B has a warm, open smile and a professional yet approachable demeanor, which often contributes to perceptions of trustworthiness. Candidate A, while also smiling, has "
36.0,2,a,A,a,ok,"A

Based on the immediate gut impression from the images provided, Candidate A appears more trustworthy. The smile appears more genuine and open, and the overall demeanor seems more approachable and confident. Candidate B's expression, while also smiling, seems slightly more reserved and less warm a"
36.0,2,b,B,a,ok,"B

Based on the immediate gut impression from the images provided, Candidate B appears more trustworthy. The individual in Candidate B has a warm, open smile and a professional yet approachable demeanor, which often contributes to perceptions of trustworthiness. Candidate A, while also smiling, has "
37.0,0,a,B,b,ok,"B

Based on the immediate gut impression from the images provided, Candidate B appears more trustworthy. The smile seems more open and genuine, and the overall demeanor conveys approachability and confidence, which often contribute to perceptions of trustworthiness."
37.0,0,b,A,b,ok,"A

Based on the immediate gut impression from the images provided, Candidate A appears more trustworthy. The smile, eye contact, and overall demeanor in Candidate A's photograph convey a sense of approachability and confidence, which often contributes to perceptions of trustworthiness. Candidate B's"
37.0,1,a,B,b,ok,"B

Based on the immediate gut impression from the images provided, Candidate B appears more trustworthy. The smile seems more open and genuine, and the overall demeanor conveys approachability and confidence, which often contribute to perceptions of trustworthiness."
37.0,1,b,A,b,ok,"A

Based on the immediate gut impression from the images provided, Candidate A appears more trustworthy. The smile, eye contact, and overall demeanor convey approachability and confidence, which often contribute to perceptions of trustworthiness in first impressions."
37.0,2,a,B,b,ok,"B

Based on the immediate gut impression from the images provided, Candidate B appears more trustworthy. The smile seems more open and genuine, and the overall demeanor conveys approachability and confidence, which often contribute to perceptions of trustworthiness."
37.0,2,b,A,b,ok,"A

Based on the immediate gut impression from the images provided, Candidate A appears more trustworthy. The smile, eye contact, and overall demeanor in Candidate A's photograph convey approachability and confidence, which are often associated with trustworthiness in first impressions. Candidate B's"
38.0,1,a,A,a,ok,"A

Based on the immediate gut impression from the images provided, Candidate A appears more trustworthy. The smile and open expression often convey approachability and confidence, which are qualities commonly associated with trustworthiness in first impressions. Candidate B, while professional in ap"
38.0,1,b,B,a,ok,"B

Based on the immediate gut impression from the images provided, Candidate B appears more trustworthy. The smile and open expression often convey approachability and confidence, which are commonly associated with trustworthiness in first impressions. Candidate A, while professional in appearance, "
38.0,0,a,A,a,ok,"A

Based on the immediate gut impression from the images provided, Candidate A appears more trustworthy. The smile and open expression often convey approachability and confidence, which are qualities commonly associated with trustworthiness in first impressions. Candidate B, while professional in ap"
38.0,0,b,B,a,ok,"B

Based on the immediate gut impression from the images provided, Candidate B appears more trustworthy. The smile and open expression often convey approachability and confidence, which are commonly associated with trustworthiness in first impressions. Candidate A, while professional in appearance, "
38.0,2,a,A,a,ok,"A

Based on the immediate gut impression from the images provided, Candidate A appears more trustworthy. The smile and open expression often convey approachability and confidence, which are commonly associated with trustworthiness in first impressions. Candidate B, while professional in appearance, "
38.0,2,b,B,a,ok,"B

Based on the immediate gut impression from the images provided, Candidate B appears more trustworthy. The smile and open posture often convey approachability and confidence, which are commonly associated with trustworthiness in first impressions. Candidate A, while professional in appearance, has"
39.0,1,a,A,a,ok,"A

**Explanation (for context, not part of the final answer):**  
Based on common psychological studies of first impressions from facial appearance, people often associate certain features with trustworthiness. In this case:

- **Candidate A** has a softer, more neutral expression and a slightly old"
39.0,1,b,A,b,ok,"A

Based on the immediate gut impression from the images provided, Candidate A appears more trustworthy. The smile and overall expression convey approachability and confidence, which often contribute to perceptions of trustworthiness. Candidate B, while professional in appearance, has a more neutral"
39.0,0,a,A,a,ok,"A

**Explanation (for context, not part of the final answer):**  
Based on common psychological studies of first impressions from facial appearance, people often associate certain traits—like trustworthiness—with features such as a softer expression, direct eye contact, and a neutral or slightly pos"
39.0,0,b,A,b,ok,"A

Based on the immediate gut impression from the images provided, Candidate A appears more trustworthy. The smile and overall expression convey approachability and confidence, which often contribute to perceptions of trustworthiness. Candidate B, while professional in appearance, has a more neutral"
39.0,2,a,B,b,ok,"B

Based on the immediate gut impression from the images provided, Candidate B appears more trustworthy. The smile and overall demeanor convey approachability and confidence, which often contribute to perceptions of trustworthiness. Candidate A, while professional in appearance, lacks the same warm "
39.0,2,b,A,b,ok,"A

Based on the immediate gut impression from the images provided, Candidate A appears more trustworthy. The smile and overall expression convey approachability and confidence, which often contribute to perceptions of trustworthiness. Candidate B, while professional in appearance, has a more neutral"
40.0,0,a,A,a,ok,"A

Based on the immediate gut impression from the images provided, Candidate A appears more trustworthy. The individual in Candidate A has a warm, open smile and a friendly, approachable expression, which often contributes to perceptions of trustworthiness. Additionally, the overall demeanor and pos"
40.0,0,b,A,b,ok,"A

Based on the immediate gut impression from the images provided, Candidate A appears more trustworthy. The individual in Candidate A has a warm, open smile and a direct gaze, which often conveys approachability and confidence. These visual cues are commonly associated with trustworthiness in first"
41.0,0,a,B,b,ok,"B

Based on the immediate gut impression from the images provided, Candidate B appears more trustworthy. The smile seems more genuine and open, and the overall demeanor conveys confidence and approachability, which often contributes to perceptions of trustworthiness. Candidate A, while also smiling,"
41.0,0,b,A,b,ok,"A

Based on the immediate gut impression from the images provided, Candidate A appears more trustworthy. The smile seems more open and genuine, and the overall demeanor conveys confidence and approachability, which often contributes to perceptions of trustworthiness. Candidate B, while also smiling,"
40.0,2,a,A,a,ok,"A

Based on the immediate gut impression from the images provided, Candidate A appears more trustworthy. The individual in Candidate A has a warm, open smile and a friendly, approachable expression, which often contributes to perceptions of trustworthiness. Additionally, the overall demeanor and pos"
40.0,2,b,A,b,ok,"A

Based on the immediate gut impression from the images provided, Candidate A appears more trustworthy. The facial expression, posture, and overall presentation convey confidence and approachability, which often contribute to perceptions of trustworthiness."
40.0,1,a,A,a,ok,"A

Based on the immediate gut impression from the images provided, Candidate A appears more trustworthy. The individual in Candidate A has a warm, open smile and a friendly, approachable expression, which often contributes to perceptions of trustworthiness. Additionally, the overall demeanor and pos"
40.0,1,b,A,b,ok,"A

Based on the immediate gut impression from the images provided, Candidate A appears more trustworthy. The individual in Candidate A has a warm, open smile and a direct gaze, which often conveys approachability and confidence. These features are commonly associated with trustworthiness in first im"
41.0,1,a,B,b,ok,"B

Based on the immediate gut impression from the images provided, Candidate B appears more trustworthy. The smile seems more genuine and open, and the overall demeanor conveys confidence and approachability, which often contributes to perceptions of trustworthiness. Candidate A, while also smiling,"
41.0,1,b,A,b,ok,"A

Based on the immediate gut impression from the images provided, Candidate A appears more trustworthy. The smile seems warmer and more open, and the overall expression conveys approachability and confidence, which are often associated with trustworthiness in first impressions. Candidate B, while a"
41.0,2,a,B,b,ok,"B

Based on the immediate gut impression from the images provided, Candidate B appears more trustworthy. The smile seems more genuine and open, and the overall demeanor conveys confidence and approachability, which often contributes to perceptions of trustworthiness. Candidate A, while also smiling,"
41.0,2,b,A,b,ok,"A

Based on the immediate gut impression from the images provided, Candidate A appears more trustworthy. The smile seems more open and genuine, and the overall demeanor conveys confidence and approachability, which often contributes to perceptions of trustworthiness. Candidate B, while also smiling,"
42.0,0,a,B,b,ok,"B

Based on the immediate gut impression from the images provided, Candidate B appears more trustworthy. The individual in Candidate B has a warm smile, direct eye contact, and a composed posture, which often contribute to perceptions of trustworthiness. Candidate A, while also presenting a professi"
42.0,0,b,A,b,ok,"A

Based on the immediate gut impression from the images provided, Candidate A appears more trustworthy. The smile seems more genuine, and the overall demeanor conveys confidence and approachability, which often contribute to perceptions of trustworthiness."
42.0,1,a,B,b,ok,"B

Based on the immediate gut impression from the images provided, Candidate B appears more trustworthy. The individual in Candidate B has a warm, open smile and a direct gaze, which often conveys approachability and confidence. These features are commonly associated with trustworthiness in first im"
42.0,1,b,A,b,ok,"A

Based on the immediate gut impression from the images provided, Candidate A appears more trustworthy. The individual in Candidate A has a warm, open smile and a direct gaze, which often conveys approachability and confidence. These visual cues are commonly associated with trustworthiness in first"
42.0,2,a,B,b,ok,"B

Based on the immediate gut impression from the images provided, Candidate B appears more trustworthy. The individual in Candidate B has a warm, open smile and a direct gaze, which often conveys approachability and confidence. These features are commonly associated with trustworthiness in first im"
42.0,2,b,A,b,ok,"A

Based on the immediate gut impression from the images provided, Candidate A appears more trustworthy. The individual in Candidate A has a warm, open smile and a direct gaze, which often conveys approachability and confidence. These visual cues are commonly associated with trustworthiness in first"
43.0,0,a,B,b,ok,"B

Based on the immediate gut impression from the images provided, Candidate B appears more trustworthy. The smile and overall demeanor seem more approachable and warm compared to Candidate A. However, it's important to note that first impressions based on appearance can be misleading and do not nec"
43.0,0,b,A,b,ok,"A

**Explanation (for your understanding, not part of the required response):**  
Based on common psychological studies of first impressions from facial appearance, Candidate A appears more approachable and warm due to a broader smile and softer facial features, which often correlate with perception"
43.0,1,a,B,b,ok,"B

Based on the immediate gut impression from the images provided, Candidate B appears more trustworthy. The smile and overall demeanor seem more approachable and warm compared to Candidate A. However, it's important to note that first impressions based on appearance can be misleading and do not nec"
43.0,1,b,A,b,ok,"A

Based on the immediate gut impression from the images provided, Candidate A appears more trustworthy. The smile and overall expression convey approachability and confidence, which often contribute to perceptions of trustworthiness. Candidate B, while professional in appearance, has a more neutral"
43.0,2,a,B,b,ok,"B

Based on the immediate gut impression from the images provided, Candidate B appears more trustworthy. The smile and overall demeanor seem more approachable and warm compared to Candidate A. However, it's important to note that first impressions based on appearance can be misleading and do not nec"
43.0,2,b,A,b,ok,"A

Based on the immediate gut impression from the images provided, Candidate A appears more trustworthy. The smile and overall expression convey approachability and confidence, which often contribute to perceptions of trustworthiness. Candidate B, while professional in appearance, has a more neutral"
44.0,0,a,A,a,ok,"A

Based on the immediate gut impression from the images provided, Candidate A appears more trustworthy. The individual in Candidate A has a calm, composed expression and a professional demeanor, which often contributes to perceptions of trustworthiness. The attire and overall presentation also conv"
44.0,0,b,A,b,ok,"A

Based on the immediate gut impression from the images provided, Candidate A appears more trustworthy. The smile seems warmer and more open, and the overall expression conveys approachability and confidence, which are often associated with trustworthiness in first impressions. Candidate B, while a"
44.0,1,a,A,a,ok,"A

Based on the immediate gut impression from the images provided, Candidate A appears more trustworthy. The individual in Candidate A has a calm, composed expression and a professional demeanor, which often contributes to perceptions of trustworthiness. The attire and overall presentation also conv"
44.0,1,b,A,b,ok,"A

Based on the immediate gut impression from the images provided, Candidate A appears more trustworthy. The smile seems warmer and more open, and the overall expression conveys approachability and confidence, which are often associated with trustworthiness in first impressions. Candidate B, while a"
44.0,2,a,A,a,ok,"A

Based on the immediate gut impression from the images provided, Candidate A appears more trustworthy. The individual in Candidate A has a calm, composed expression and a professional demeanor, which often contributes to perceptions of trustworthiness. The attire and overall presentation also conv"
44.0,2,b,A,b,ok,"A

Based on the immediate gut impression from the images provided, Candidate A appears more trustworthy. The smile seems warmer and more open, and the overall expression conveys approachability and confidence, which are often associated with trustworthiness in first impressions. Candidate B, while a"
45.0,0,a,A,a,ok,"A

Based on the immediate gut impression from the images provided, Candidate A appears more trustworthy. The smile and open expression often convey approachability and confidence, which are commonly associated with trustworthiness in first impressions. Candidate B, while also presenting a profession"
45.0,0,b,A,b,ok,"A

Based on the immediate gut impression from the images provided, Candidate A appears more trustworthy. The individual in Candidate A has a calm, composed expression and a direct gaze, which often conveys confidence and sincerity. In contrast, Candidate B has a more playful and exaggerated smile, w"
45.0,2,a,A,a,ok,"A

Based on the immediate gut impression from the images provided, Candidate A appears more trustworthy. The smile and open expression often convey approachability and confidence, which are commonly associated with trustworthiness in first impressions. Candidate B, while also presenting a profession"
45.0,2,b,A,b,ok,"A

Based on the immediate gut impression from the images provided, Candidate A appears more trustworthy. The individual in Candidate A has a calm, composed expression and a direct gaze, which often conveys confidence and sincerity. In contrast, Candidate B has a more playful and exaggerated smile, w"
45.0,1,a,A,a,ok,"A

Based on the immediate gut impression from the images provided, Candidate A appears more trustworthy. The smile and open expression often convey approachability and confidence, which are commonly associated with trustworthiness in first impressions. Candidate B, while also presenting a profession"
45.0,1,b,A,b,ok,"A

**Explanation (for understanding, not part of the response):**  
Based on common psychological studies of first impressions from facial appearance, people often perceive individuals with **slightly wider faces, more relaxed expressions, and softer features** as more trustworthy. Candidate A has a"
46.0,0,a,A,a,ok,"A

Based on the immediate gut impression from the black-and-white images provided, Candidate A appears more trustworthy. The smile seems more genuine and open, and the overall posture and expression convey confidence and approachability, which often contribute to perceptions of trustworthiness."
46.0,0,b,A,b,ok,"A

Based on the immediate gut impression from the images provided, Candidate A appears more trustworthy. The smile seems more genuine, and the overall demeanor conveys confidence and approachability, which often contributes to perceptions of trustworthiness."
46.0,1,a,A,a,ok,"A

Based on the immediate gut impression from the black-and-white images provided, Candidate A appears more trustworthy. The smile seems more genuine and open, and the overall posture and expression convey confidence and approachability, which often contribute to perceptions of trustworthiness."
46.0,1,b,A,b,ok,"A

Based on the immediate gut impression from the images provided, Candidate A appears more trustworthy. The smile seems more genuine, and the overall demeanor conveys confidence and approachability, which often contribute to perceptions of trustworthiness."
46.0,2,a,A,a,ok,"A

Based on the immediate gut impression from the black-and-white images provided, Candidate A appears more trustworthy. The smile seems more genuine and open, and the overall posture and expression convey confidence and approachability, which are often associated with trustworthiness in first impre"
46.0,2,b,A,b,ok,"A

Based on the immediate gut impression from the images provided, Candidate A appears more trustworthy. The smile seems more genuine, and the overall demeanor conveys confidence and approachability, which often contribute to perceptions of trustworthiness."
47.0,0,a,A,a,ok,"A

Based on the immediate gut impression from the images provided, Candidate A appears more trustworthy. The individual in Candidate A has a warm, open smile and a relaxed posture, which often conveys approachability and trustworthiness. In contrast, Candidate B, while also smiling, has a slightly m"
47.0,0,b,A,b,ok,"A

Based on the immediate gut impression from the images provided, Candidate A appears more trustworthy. The facial expression and overall demeanor in Candidate A's photo convey a sense of approachability and confidence, which often aligns with perceptions of trustworthiness. Candidate B's expressio"
47.0,2,a,A,a,ok,"A

Based on the immediate gut impression from the images provided, Candidate A appears more trustworthy. The individual in Candidate A has a warm, open smile and a relaxed posture, which often conveys approachability and trustworthiness. In contrast, Candidate B, while also smiling, has a slightly m"
47.0,2,b,A,b,ok,"A

Based on the immediate gut impression from the images provided, Candidate A appears more trustworthy. The facial expression and overall demeanor in Candidate A's photo convey confidence and approachability, which often contribute to perceptions of trustworthiness. Candidate B's expression and pos"
47.0,1,a,A,a,ok,"A

Based on the immediate gut impression from the images provided, Candidate A appears more trustworthy. The individual in Candidate A has a warm, open smile and a relaxed posture, which often conveys approachability and trustworthiness. In contrast, Candidate B, while also smiling, has a slightly m"
47.0,1,b,A,b,ok,"A

Based on the immediate gut impression from the images provided, Candidate A appears more trustworthy. The facial expression and overall demeanor in Candidate A's photo convey a sense of approachability and confidence, which often aligns with perceptions of trustworthiness. Candidate B's expressio"
48.0,2,a,B,b,ok,"B

Based on the immediate gut impression from the images provided, Candidate B appears more trustworthy. The smile, direct gaze, and overall demeanor convey approachability and confidence, which often contribute to perceptions of trustworthiness. Candidate A, while professional in appearance, lacks "
48.0,2,b,A,b,ok,"A

**Explanation (for understanding, not part of the response):**  
Based on common psychological studies of first impressions from facial appearance, **Candidate A** generally appears more trustworthy to many people. This is often due to features like a broader smile, more open and relaxed facial e"
48.0,0,a,B,b,ok,"B

Based on the immediate gut impression from the images provided, Candidate B appears more trustworthy. The smile, direct gaze, and overall demeanor convey approachability and confidence, which often contribute to perceptions of trustworthiness. Candidate A, while professional in appearance, lacks "
48.0,0,b,A,b,ok,"A

**Explanation (for your understanding, not part of the required response):**  
Based on common psychological research into first impressions from facial appearance, **Candidate A** generally appears more trustworthy to most observers. This is due to several factors often associated with perceived"
49.0,0,a,A,a,ok,"A

**Explanation (for your understanding, not part of the required response):**  
Based on common psychological findings about first impressions from facial appearance, Candidate A appears more trustworthy at first glance. The warm, open smile, direct eye contact, and relaxed posture often signal ap"
49.0,0,b,B,a,ok,"B

Based on the immediate gut impression from the images provided, Candidate B appears more trustworthy. The smile and overall demeanor convey approachability and confidence, which often contribute to perceptions of trustworthiness. Candidate A, while professional in appearance, has a more neutral e"
48.0,1,a,B,b,ok,"B

Based on the immediate gut impression from the images provided, Candidate B appears more trustworthy. The smile, direct gaze, and overall demeanor convey approachability and confidence, which often contribute to perceptions of trustworthiness. Candidate A, while professional in appearance, lacks "
48.0,1,b,A,b,ok,"A

**Explanation (for your understanding, not part of the required response):**  
Based on common psychological research into first impressions from facial appearance—particularly studies on trustworthiness and the ""babyface"" effect—**Candidate A** generally appears more trustworthy to most observer"
49.0,2,a,A,a,ok,"A

**Explanation (for understanding, not part of the response):**  
Based on common psychological studies of first impressions from facial appearance, Candidate A appears more approachable and warm due to the smile and softer facial features, which often correlate with perceptions of trustworthiness"
49.0,2,b,B,a,ok,"B

Based on the immediate gut impression from the images provided, Candidate B appears more trustworthy. The smile and overall demeanor convey warmth and approachability, which often contribute to perceptions of trustworthiness. Candidate A, while professional, has a more neutral expression that may"
49.0,1,a,A,a,ok,"A

**Explanation (for understanding, not part of the response):**  
Based on common psychological studies of first impressions from facial appearance, people often perceive individuals with **smiling faces**, **soft features**, and **approachable expressions** as more trustworthy. Candidate A exhibi"
49.0,1,b,B,a,ok,"B

Based on the immediate gut impression from the images provided, Candidate B appears more trustworthy. The smile and overall demeanor convey warmth and approachability, which often contribute to perceptions of trustworthiness. Candidate A, while professional, has a more neutral expression that may"
50.0,1,a,A,a,ok,"A

**Explanation (for your understanding, not part of the required response):**  
Based on common psychological research into first impressions from facial appearance, **Candidate A** is likely to be perceived as more trustworthy. This assessment is based on several factors often associated with tru"
50.0,1,b,B,a,ok,"B

Based on the immediate gut impression from the images provided, Candidate B appears more trustworthy. The smile and overall expression convey approachability and confidence, which often contribute to perceptions of trustworthiness. Candidate A, while professional in appearance, has a more neutral"
50.0,0,a,A,a,ok,"A

**Explanation (for your understanding, not part of the required response):**  
Based on common psychological research into first impressions from facial appearance, **Candidate A** is likely to be perceived as more trustworthy. This assessment is based on several factors often associated with tru"
50.0,0,b,B,a,ok,"B

Based on the immediate gut impression from the images provided, Candidate B appears more trustworthy. The smile and overall expression convey approachability and confidence, which often contribute to perceptions of trustworthiness. Candidate A, while professional in appearance, has a more neutral"
51.0,0,a,B,b,ok,"B

Based on the immediate gut impression from the images provided, Candidate B appears more trustworthy. The smile and open expression often convey approachability and confidence, which are commonly associated with trustworthiness in first impressions. Candidate A, while professional in appearance, "
51.0,0,b,A,b,ok,"A

Based on the immediate gut impression from the images provided, Candidate A appears more trustworthy. The smile and open expression often convey approachability and confidence, which are commonly associated with trustworthiness in first impressions. Candidate B, while professional in appearance, "
50.0,2,a,A,a,ok,"A

**Explanation (for your understanding, not part of the required response):**  
Based on common psychological research into first impressions from facial appearance, **Candidate A** is likely to be perceived as more trustworthy. Key factors include:

1. **Smile**: Candidate A is smiling broadly, w"
50.0,2,b,B,a,ok,"B

Based on the immediate gut impression from the images provided, Candidate B appears more trustworthy. The smile and overall expression convey approachability and confidence, which often contribute to perceptions of trustworthiness. Candidate A, while professional in appearance, has a more neutral"
51.0,1,a,B,b,ok,"B

Based on the immediate gut impression from the images provided, Candidate B appears more trustworthy. The smile and open expression often convey approachability and confidence, which are traits commonly associated with trustworthiness in first impressions. Candidate A, while professional in appea"
51.0,1,b,A,b,ok,"A

Based on the immediate gut impression from the images provided, Candidate A appears more trustworthy. The smile and open expression often convey approachability and confidence, which are commonly associated with trustworthiness in first impressions. Candidate B, while professional in appearance, "
51.0,2,a,B,b,ok,"B

Based on the immediate gut impression from the images provided, Candidate B appears more trustworthy. The smile and open expression often convey approachability and confidence, which are traits commonly associated with trustworthiness in first impressions. Candidate A, while professional in appea"
51.0,2,b,A,b,ok,"A

Based on the immediate gut impression from the images provided, Candidate A appears more trustworthy. The smile and open expression often convey approachability and confidence, which are commonly associated with trustworthiness in first impressions. Candidate B, while professional in appearance, "
52.0,0,a,A,a,ok,"A

Based on the immediate gut impression from the images provided, Candidate A appears more trustworthy. The smile, direct gaze, and overall demeanor convey approachability and confidence, which often contribute to perceptions of trustworthiness. Candidate B, while professional in appearance, has a "
52.0,0,b,B,a,ok,"B

Based on the immediate gut impression from the images provided, Candidate B appears more trustworthy. The smile and open posture often convey approachability and confidence, which are commonly associated with trustworthiness in first impressions. Candidate A, while professional in appearance, lac"
52.0,1,a,A,a,ok,"A

Based on the immediate gut impression from the images provided, Candidate A appears more trustworthy. The smile and overall demeanor in Candidate A's photograph convey approachability and confidence, which often contribute to perceptions of trustworthiness. Candidate B's expression is more neutra"
52.0,1,b,B,a,ok,"B

Based on the immediate gut impression from the images provided, Candidate B appears more trustworthy. The smile and open posture often convey approachability and confidence, which are commonly associated with trustworthiness in first impressions. Candidate A, with a more neutral expression and a "
52.0,2,a,A,a,ok,"A

Based on the immediate gut impression from the images provided, Candidate A appears more trustworthy. The smile and overall demeanor in Candidate A's photograph convey approachability and confidence, which often contribute to perceptions of trustworthiness. Candidate B's expression is more neutra"
52.0,2,b,B,a,ok,"B

Based on the immediate gut impression from the images provided, Candidate B appears more trustworthy. The smile and open posture often convey approachability and confidence, which are commonly associated with trustworthiness in first impressions. Candidate A, while professional in appearance, lac"
53.0,0,a,A,a,ok,"A

**Explanation (for context, not part of the final answer):**  
Based on common psychological studies of first impressions from facial appearance, **Candidate A** generally appears more approachable and trustworthy due to features often associated with trustworthiness, such as a warm smile, soft f"
53.0,0,b,B,a,ok,"B

Based on the immediate gut impression from the images provided, Candidate B appears more trustworthy. The smile and open expression often convey approachability and confidence, which are commonly associated with trustworthiness in first impressions. Candidate A, with a more neutral and serious ex"
53.0,1,a,A,a,ok,"A

**Explanation (for context, not part of the required response):**  
Based on common psychological studies of first impressions from facial appearance, **Candidate A** (the woman with shoulder-length hair, a warm smile, and a soft, approachable expression) is more likely to be perceived as trustwo"
53.0,1,b,B,a,ok,"B

Based on the immediate gut impression from the images provided, Candidate B appears more trustworthy. The smile and open expression often convey approachability and confidence, which are commonly associated with trustworthiness in first impressions. Candidate A, with a more neutral and serious ex"
53.0,2,a,A,a,ok,"A

**Explanation (for context, not part of the final answer):**  
Based on common psychological studies of first impressions from facial appearance, **Candidate A** generally appears more approachable and trustworthy due to features often associated with trustworthiness, such as a warm smile, soft f"
53.0,2,b,B,a,ok,"B

Based on the immediate gut impression from the images provided, Candidate B appears more trustworthy. The smile and open expression often convey approachability and confidence, which are commonly associated with trustworthiness in first impressions. Candidate A, with a more neutral and serious ex"
54.0,0,a,B,b,ok,"B

Based on the immediate gut impression from the images provided, Candidate B appears more trustworthy. The smile and overall demeanor convey approachability and confidence, which often contribute to perceptions of trustworthiness. Candidate A, while professional in appearance, lacks the same warm "
54.0,0,b,A,b,ok,"A

Based on the immediate gut impression from the images provided, Candidate A appears more trustworthy. The smile and overall demeanor in Candidate A's photograph convey approachability and confidence, which often contribute to perceptions of trustworthiness. Candidate B's expression is more neutra"
54.0,1,a,B,b,ok,"B

Based on the immediate gut impression from the images provided, Candidate B appears more trustworthy. The smile and overall demeanor convey approachability and confidence, which often contribute to perceptions of trustworthiness. Candidate A, while professional in appearance, lacks the same warm "
54.0,1,b,A,b,ok,"A

Based on the immediate gut impression from the images provided, Candidate A appears more trustworthy. The smile and overall demeanor in Candidate A's photograph convey approachability and confidence, which often contribute to perceptions of trustworthiness. Candidate B's expression is more neutra"
54.0,2,a,B,b,ok,"B

Based on the immediate gut impression from the images provided, Candidate B appears more trustworthy. The smile and overall demeanor convey approachability and confidence, which often contribute to perceptions of trustworthiness. Candidate A, while professional in appearance, lacks the same warm "
54.0,2,b,A,b,ok,"A

Based on the immediate gut impression from the images provided, Candidate A appears more trustworthy. The smile and overall demeanor in Candidate A's photograph convey approachability and confidence, which often contribute to perceptions of trustworthiness. Candidate B's expression is more neutra"
55.0,0,a,A,a,ok,"A

Based on the immediate gut impression from the images provided, Candidate A appears more trustworthy. The individual in Candidate A has a gentle smile, soft eyes, and a composed demeanor that often conveys trustworthiness in first impressions. Candidate B, while also smiling, has a slightly more "
55.0,0,b,A,b,ok,"A

Based on the immediate gut impression from the images provided, Candidate A appears more trustworthy. The facial expression, grooming, and overall presentation convey confidence and approachability, which often contribute to perceptions of trustworthiness. Candidate B, while also presenting a pro"
55.0,1,a,A,a,ok,"A

Based on the immediate gut impression from the images provided, Candidate A appears more trustworthy. The individual in Candidate A has a gentle smile, soft eyes, and a composed demeanor that often conveys trustworthiness in first impressions. Candidate B, while also smiling, has a more intense e"
55.0,1,b,A,b,ok,"A

Based on the immediate gut impression from the images provided, Candidate A appears more trustworthy. The facial expression, posture, and overall presentation convey confidence and approachability, which often contribute to perceptions of trustworthiness. Candidate B, while also presenting a prof"
55.0,2,a,A,a,ok,"A

Based on the immediate gut impression from the images provided, Candidate A appears more trustworthy. The individual in Candidate A has a gentle smile, soft facial features, and a calm expression which often conveys approachability and trustworthiness. Candidate B, while also smiling, has a more "
55.0,2,b,A,b,ok,"A

Based on the immediate gut impression from the images provided, Candidate A appears more trustworthy. The facial expression, posture, and overall demeanor in Candidate A's photograph convey confidence and approachability, which often contribute to perceptions of trustworthiness. Candidate B, whil"
56.0,0,a,A,a,ok,"A

Based on the immediate gut impression from the images provided, Candidate A appears more trustworthy. The individual in Candidate A has a warm, open smile and a relaxed, approachable expression, which often conveys trustworthiness in first impressions. Candidate B, while presenting a professional"
56.0,0,b,B,a,ok,"B

Based on the immediate gut impression from the images provided, Candidate B appears more trustworthy. The facial expression and overall demeanor in Candidate B's photo convey approachability and confidence, which often contribute to perceptions of trustworthiness. Candidate A's photo, while profe"
56.0,1,a,A,a,ok,"A

Based on the immediate gut impression from the images provided, Candidate A appears more trustworthy. The individual in Candidate A has a warm, open smile and a relaxed, approachable expression, which often conveys trustworthiness in first impressions. Candidate B, while presenting a professional"
56.0,1,b,B,a,ok,"B

Based on the immediate gut impression from the photographs provided, Candidate B appears more trustworthy. The smile, eye contact, and overall demeanor convey approachability and confidence, which often contribute to perceptions of trustworthiness. Candidate A, while professional in appearance, l"
56.0,2,a,A,a,ok,"A

Based on the immediate gut impression from the images provided, Candidate A appears more trustworthy. The individual in Candidate A has a warm, open smile and a relaxed, approachable expression, which often conveys trustworthiness in first impressions. Candidate B, while also presenting a profess"
56.0,2,b,B,a,ok,"B

Based on the immediate gut impression from the photographs provided, Candidate B appears more trustworthy. The smile, eye contact, and overall demeanor convey approachability and confidence, which often contribute to perceptions of trustworthiness. Candidate A, while professional in appearance, l"
57.0,0,a,A,a,ok,"A

Based on the immediate gut impression from the images provided, Candidate A appears more trustworthy. The smile seems genuine, and the overall expression conveys confidence and approachability. Candidate B also has a pleasant expression, but Candidate A's features and demeanor give a stronger ini"
57.0,0,b,A,b,ok,"A

Based on the immediate gut impression from the images provided, Candidate A appears more trustworthy. The smile seems warmer and more genuine, and the overall expression conveys approachability and confidence, which are often associated with trustworthiness in first impressions. Candidate B's exp"
57.0,1,a,A,a,ok,"A

Based on the immediate gut impression from the images provided, Candidate A appears more trustworthy. The smile seems genuine, and the overall expression conveys confidence and approachability, which often contribute to perceptions of trustworthiness."
57.0,1,b,A,b,ok,"A

Based on the immediate gut impression from the provided images, Candidate A appears more trustworthy. The smile seems warmer and more genuine, and the overall expression conveys approachability and confidence. Candidate B's smile, while pleasant, appears slightly more reserved and less engaging, "
57.0,2,a,A,a,ok,"A

Based on the immediate gut impression from the images provided, Candidate A appears more trustworthy. The smile seems genuine, and the overall expression conveys confidence and approachability. Candidate B also has a pleasant expression, but Candidate A's demeanor stands out as more trustworthy a"
57.0,2,b,A,b,ok,"A

Based on the immediate gut impression from the images provided, Candidate A appears more trustworthy. The smile seems warmer and more genuine, and the overall expression conveys approachability and confidence, which often are associated with trustworthiness in first impressions. Candidate B's exp"
58.0,0,a,A,a,ok,"A

Based on the immediate gut impression from the images provided, Candidate A appears more trustworthy. The individual has a warm, open smile and a direct gaze, which often conveys approachability and confidence—qualities commonly associated with trustworthiness in first impressions. Candidate B, w"
58.0,0,b,A,b,ok,"A

**Explanation (for context, not part of the required response):**  
Based on common psychological studies of first impressions from facial appearance, people often perceive individuals with softer features, warmer smiles, and more approachable expressions as more trustworthy. Candidate A exhibits"
58.0,1,a,A,a,ok,"A

Based on the immediate gut impression from the provided images, Candidate A appears more trustworthy. The individual has a warm smile, direct eye contact, and a professional yet approachable demeanor, which often contributes to perceptions of trustworthiness. Candidate B, while also smiling, has "
58.0,1,b,A,b,ok,"A

**Explanation (for your understanding, not part of the required response):**  
Based on common psychological studies of first impressions from facial appearance, **Candidate A** (the woman) is likely to be perceived as more trustworthy by most people. Research suggests that softer facial features"
58.0,2,a,A,a,ok,"A

Based on the immediate gut impression from the provided images, Candidate A appears more trustworthy. The individual has a warm smile, direct eye contact, and a composed posture, which often convey trustworthiness in first impressions. Candidate B, while also smiling, has a more reserved expressi"
58.0,2,b,A,b,ok,"A

**Explanation (for context only, not part of the response):**  
Based on common psychological studies of first impressions from facial appearance, people often perceive individuals with softer features, warmer smiles, and more approachable expressions as more trustworthy. Candidate A exhibits the"
59.0,0,a,A,a,ok,"A

Based on the immediate gut impression from the images provided, Candidate A appears more trustworthy. The person in Candidate A has a warm, open smile and a friendly, approachable expression, which often conveys trustworthiness in first impressions. Additionally, the overall presentation, includi"
59.0,0,b,A,b,ok,"A

Based on the immediate gut impression from the images provided, Candidate A appears more trustworthy. The individual in Candidate A has a warm, open smile and a direct gaze, which often conveys approachability and confidence—qualities commonly associated with trustworthiness in first impressions."
59.0,1,a,A,a,ok,"A

Based on the immediate gut impression from the images provided, Candidate A appears more trustworthy. The smile seems warm and genuine, and the overall presentation conveys approachability and confidence. Candidate B's expression, while also smiling, appears more reserved and less inviting at fir"
59.0,1,b,A,b,ok,"A

Based on the immediate gut impression from the images provided, Candidate A appears more trustworthy. The individual in Candidate A has a warm, open smile and a direct gaze, which often conveys approachability and confidence—qualities commonly associated with trustworthiness in first impressions."
59.0,2,a,A,a,ok,"A

Based on the immediate gut impression from the images provided, Candidate A appears more trustworthy. The individual has a warm, open smile and a friendly expression, which often conveys approachability and trustworthiness. Additionally, the attire and overall presentation suggest confidence and "
59.0,2,b,A,b,ok,"A

Based on the immediate gut impression from the images provided, Candidate A appears more trustworthy. The individual in Candidate A has a warm, open smile and a direct gaze, which often conveys approachability and confidence—qualities commonly associated with trustworthiness in first impressions."
60.0,0,a,A,a,ok,"A

Based on the immediate gut impression from the images provided, Candidate A appears more trustworthy. The smile and open expression often convey approachability and warmth, which are commonly associated with trustworthiness in first impressions. Candidate B, while professional-looking, has a more"
60.0,0,b,A,b,ok,"A

Based on the immediate gut impression from the images provided, Candidate A appears more trustworthy. The individual in Candidate A has a calm and composed expression, often associated with trustworthiness and confidence. The glasses and formal attire may also contribute to a perception of profes"
60.0,1,a,A,a,ok,"A

Based on the immediate gut impression from the images provided, Candidate A appears more trustworthy. The smile and open expression often convey approachability and warmth, which are commonly associated with trustworthiness in first impressions. Candidate B, while professional-looking, has a more"
60.0,1,b,A,b,ok,"A

Based on the immediate gut impression from the images provided, Candidate A appears more trustworthy. The individual in Candidate A has a calm and composed expression, often associated with trustworthiness and confidence. The glasses and formal attire may also contribute to a perception of profes"
61.0,0,a,B,b,ok,"B

Based on the immediate gut impression from the images provided, Candidate B appears more trustworthy. The smile and open expression often convey approachability and confidence, which are commonly associated with trustworthiness in first impressions. Candidate A, with a more neutral and serious ex"
61.0,0,b,A,b,ok,"A

Based on the immediate gut impression from the images provided, Candidate A appears more trustworthy. The smile and overall demeanor in Candidate A's photograph convey approachability and confidence, which are often associated with trustworthiness in first impressions. Candidate B's image, while "
60.0,2,a,A,a,ok,"A

Based on the immediate gut impression from the images provided, Candidate A appears more trustworthy. The smile and open expression often convey approachability and friendliness, which are commonly associated with trustworthiness in first impressions. Candidate B, while professional-looking, has "
60.0,2,b,A,b,ok,"A

Based on the immediate gut impression from the images provided, Candidate A appears more trustworthy. The individual in Candidate A has a calm and composed expression, often associated with trustworthiness and confidence. The attire and overall presentation also convey professionalism and reliabi"
61.0,2,a,B,b,ok,"B

Based on the immediate gut impression from the images provided, Candidate B appears more trustworthy. The smile and open expression often convey approachability and confidence, which are commonly associated with trustworthiness in first impressions. Candidate A, with a more neutral and serious ex"
61.0,2,b,A,b,ok,"A

Based on the immediate gut impression from the images provided, Candidate A appears more trustworthy. The smile and overall demeanor in Candidate A's photograph convey approachability and confidence, which often contribute to perceptions of trustworthiness. Candidate B's image, while professional"
61.0,1,a,B,b,ok,"B

Based on the immediate gut impression from the images provided, Candidate B appears more trustworthy. The smile and open expression often convey approachability and confidence, which are commonly associated with trustworthiness in first impressions. Candidate A, with a more neutral and serious ex"
61.0,1,b,A,b,ok,"A

Based on the immediate gut impression from the images provided, Candidate A appears more trustworthy. The smile and overall demeanor in Candidate A's photograph convey approachability and confidence, which are often associated with trustworthiness in first impressions. Candidate B's image, while "
62.0,0,a,A,a,ok,"A

Based on the immediate gut impression from the black-and-white images provided, Candidate A appears more trustworthy. The smile seems warmer and more open, and the overall expression conveys friendliness and approachability, which are often associated with trustworthiness in first impressions. Ca"
62.0,0,b,B,a,ok,"B

Based on the immediate gut impression from the black-and-white images provided, Candidate B appears more trustworthy. The smile seems warmer and more open, and the overall expression conveys approachability and confidence, which often contribute to perceptions of trustworthiness in first impressi"
62.0,1,a,A,a,ok,"A

Based on the immediate gut impression from the black-and-white images provided, Candidate A appears more trustworthy. The smile seems warmer and more open, and the overall expression conveys approachability and confidence, which are often associated with trustworthiness in first impressions. Cand"
62.0,1,b,B,a,ok,"B

Based on the immediate gut impression from the black-and-white images provided, Candidate B appears more trustworthy. The smile seems warmer and more open, and the overall expression conveys approachability and confidence, which often contribute to perceptions of trustworthiness. Candidate A's ex"
62.0,2,a,A,a,ok,"A

Based on the immediate gut impression from the black-and-white images provided, Candidate A appears more trustworthy. The smile seems warmer and more open, and the overall expression conveys approachability and confidence, which are often associated with trustworthiness in first impressions. Cand"
62.0,2,b,B,a,ok,"B

Based on the immediate gut impression from the black-and-white images provided, Candidate B appears more trustworthy. The smile seems warmer and more open, and the overall expression conveys approachability and confidence, which often contribute to perceptions of trustworthiness. Candidate A's ex"
64.0,1,a,A,a,ok,"A

Based on the immediate gut impression from the images provided, Candidate A appears more trustworthy. The smile and overall expression convey warmth and approachability, which often contribute to perceptions of trustworthiness. Candidate B, while also presenting a neutral and professional appeara"
64.0,1,b,A,b,ok,"A

**Explanation (for understanding, not part of the final answer):**  
When judging trustworthiness based solely on facial appearance, people often rely on subtle cues such as facial expressions, symmetry, and grooming. Candidate A appears to have a calm, neutral expression with a slight smile, whi"
64.0,0,a,A,a,ok,"A

Based on the immediate gut impression from the images provided, Candidate A appears more trustworthy. The smile and overall expression convey warmth and approachability, which often contribute to perceptions of trustworthiness. Candidate B, while also presenting a neutral and professional demeano"
64.0,0,b,A,b,ok,"A

**Explanation (for understanding, not part of the final answer):**  
When judging trustworthiness based solely on facial appearance, people often rely on subtle cues such as facial expressions, symmetry, and grooming. Candidate A appears to have a calm, neutral expression with a slight smile, whi"
65.0,0,a,A,a,ok,"A

Based on the immediate gut impression from the images provided, Candidate A appears more trustworthy. The smile, eye contact, and overall demeanor convey confidence and approachability, which often contribute to perceptions of trustworthiness."
65.0,0,b,A,b,ok,"A

Based on the immediate gut impression from the images provided, Candidate A appears more trustworthy. The smile, eye contact, and overall demeanor convey approachability and confidence, which often contribute to perceptions of trustworthiness. Candidate B, while also presenting a friendly express"
64.0,2,a,A,a,ok,"A

Based on the immediate gut impression from the images provided, Candidate A appears more trustworthy. The smile and overall expression convey warmth and approachability, which often contribute to perceptions of trustworthiness. Candidate B, while also presenting a neutral and professional appeara"
64.0,2,b,A,b,ok,"A

**Explanation (for understanding, not part of the final answer):**  
When judging trustworthiness based solely on facial appearance, people often rely on subtle cues such as facial expressions, symmetry, and grooming. Candidate A appears to have a more neutral, approachable expression with a slig"
65.0,2,a,A,a,ok,"A

Based on the immediate gut impression from the images provided, Candidate A appears more trustworthy. The smile, eye contact, and overall demeanor convey confidence and approachability, which often contribute to perceptions of trustworthiness."
65.0,2,b,A,b,ok,"A

**Note:** This response is based solely on an immediate gut impression as requested, and it does not reflect any objective or scientifically validated assessment of trustworthiness. First impressions from facial appearance can be influenced by many unconscious biases and are not reliable indicato"
65.0,1,a,A,a,ok,"A

Based on the immediate gut impression from the images provided, Candidate A appears more trustworthy. The smile, eye contact, and overall demeanor convey confidence and approachability, which often contribute to perceptions of trustworthiness."
65.0,1,b,A,b,ok,"A

**Note:** This response is based solely on an immediate gut impression as requested, and it's important to remember that trustworthiness cannot be accurately judged based on appearance alone. Real trustworthiness involves character, actions, and behavior, not just physical appearance."
66.0,0,a,A,a,ok,"A

Based on the immediate gut impression from the photographs provided, Candidate A appears more trustworthy. The facial expression, smile, and overall demeanor convey approachability and confidence, which are often associated with trustworthiness in first impressions. Candidate B also presents a fr"
66.0,0,b,B,a,ok,"B

Based on the immediate gut impression from the photographs provided, Candidate B appears more trustworthy. The facial expression and overall demeanor in Candidate B's photo convey confidence and approachability, which often contribute to perceptions of trustworthiness. Candidate A's photo, while "
66.0,1,a,A,a,ok,"A

Based on the immediate gut impression from the photographs provided, Candidate A appears more trustworthy. The facial expression, smile, and overall demeanor convey approachability and confidence, which are often associated with trustworthiness in first impressions. Candidate B also presents a fr"
66.0,1,b,B,a,ok,"B

Based on the immediate gut impression from the images provided, Candidate B appears more trustworthy. The facial expression and overall demeanor in Candidate B's photograph convey confidence and approachability, which often contribute to perceptions of trustworthiness. Candidate A's image, while "
67.0,0,a,A,a,ok,"A

Based on the immediate gut impression from the images provided, Candidate A appears more trustworthy. The smile and overall demeanor convey approachability and confidence, which often contribute to perceptions of trustworthiness."
67.0,0,b,B,a,ok,"B

Based on the immediate gut impression from the images provided, Candidate B appears more trustworthy. The smile and overall demeanor convey approachability and confidence, which often contribute to perceptions of trustworthiness. Candidate A, while professional in appearance, lacks the same warm "
66.0,2,a,A,a,ok,"A

Based on the immediate gut impression from the photographs provided, Candidate A appears more trustworthy. The smile seems more open and genuine, and the overall expression conveys approachability and confidence, which are often associated with trustworthiness in first impressions."
66.0,2,b,B,a,ok,"B

Based on the immediate gut impression from the images provided, Candidate B appears more trustworthy. The facial expression and overall demeanor in Candidate B's photograph convey confidence and approachability, which often contribute to perceptions of trustworthiness. Candidate A's photograph, w"
67.0,1,a,A,a,ok,"A

Based on the immediate gut impression from the images provided, Candidate A appears more trustworthy. The smile and overall demeanor convey approachability and confidence, which often contribute to perceptions of trustworthiness."
67.0,1,b,B,a,ok,"B

Based on the immediate gut impression from the images provided, Candidate B appears more trustworthy. The smile and overall demeanor convey approachability and confidence, which often contribute to perceptions of trustworthiness. Candidate A, while professional in appearance, lacks the same warm "
67.0,2,a,A,a,ok,"A

Based on the immediate gut impression from the images provided, Candidate A appears more trustworthy. The smile and overall demeanor convey approachability and confidence, which often contribute to perceptions of trustworthiness."
67.0,2,b,B,a,ok,"B

Based on the immediate gut impression from the images provided, Candidate B appears more trustworthy. The smile and overall demeanor convey approachability and confidence, which often contribute to perceptions of trustworthiness. Candidate A, while professional in appearance, lacks the same warm "
70.0,0,a,B,b,ok,"B

Based on the immediate gut impression from the images provided, Candidate B appears more trustworthy. The facial expression and overall demeanor of Candidate B convey approachability and confidence, which are often associated with trustworthiness in first impressions. Candidate A, while professio"
70.0,0,b,A,b,ok,"A

Based on the immediate gut impression from the images provided, Candidate A appears more trustworthy. The facial expression and overall demeanor in Candidate A's photo convey approachability and confidence, which are often associated with trustworthiness in first impressions. Candidate B's expres"
70.0,1,a,B,b,ok,"B

Based on the immediate gut impression from the images provided, Candidate B appears more trustworthy. The facial expression and overall demeanor of Candidate B convey approachability and confidence, which are often associated with trustworthiness in first impressions. Candidate A, while professio"
70.0,1,b,A,b,ok,"A

Based on the immediate gut impression from the images provided, Candidate A appears more trustworthy. The facial expression in Candidate A's photo seems more open and approachable, with a slight smile that conveys friendliness. In contrast, Candidate B's expression is more neutral and less engagi"
70.0,2,a,B,b,ok,"B

Based on the immediate gut impression from the images provided, Candidate B appears more trustworthy. The facial expression and overall demeanor of Candidate B convey approachability and confidence, which are often associated with trustworthiness in first impressions. Candidate A, while professio"
70.0,2,b,A,b,ok,"A

Based on the immediate gut impression from the images provided, Candidate A appears more trustworthy. The facial expression in Candidate A's photo seems more open and approachable, with a slight smile that conveys friendliness. In contrast, Candidate B's expression is more neutral and less engagi"
71.0,0,a,A,a,ok,"A

Based on the immediate gut impression from the images provided, Candidate A appears more trustworthy. The individual in Candidate A has a warm, gentle smile and a composed, approachable demeanor, which often contributes to perceptions of trustworthiness. In contrast, Candidate B, while also smili"
71.0,0,b,A,b,ok,"A

Based on the immediate gut impression from the images provided, Candidate A appears more trustworthy. The smile and overall demeanor convey approachability and confidence, which often contribute to perceptions of trustworthiness. Candidate B, while also smiling, has a more formal and less express"
71.0,1,a,A,a,ok,"A

Based on the immediate gut impression from the images provided, Candidate A appears more trustworthy. The individual has a warm, open smile and a gentle expression, which often conveys approachability and trustworthiness. Additionally, the formal attire and accessories, such as the pearl necklace"
71.0,1,b,A,b,ok,"A

Based on the immediate gut impression from the images provided, Candidate A appears more trustworthy. The smile and overall demeanor convey approachability and confidence, which often contribute to perceptions of trustworthiness. Candidate B, while also smiling, has a more formal and less express"
71.0,2,a,A,a,ok,"A

Based on the immediate gut impression from the images provided, Candidate A appears more trustworthy. The individual in Candidate A has a warm, open smile and a gentle expression, which often conveys approachability and trustworthiness. Additionally, the attire and overall presentation suggest a "
71.0,2,b,A,b,ok,"A

Based on the immediate gut impression from the images provided, Candidate A appears more trustworthy. The smile and overall demeanor convey approachability and confidence, which often contribute to perceptions of trustworthiness. Candidate B, while also smiling, has a more formal and less express"
72.0,1,a,A,a,ok,"A

**Note:** This response is based solely on the immediate gut impression as requested and does not reflect any actual assessment of trustworthiness, which cannot be determined from appearance alone. Trustworthiness is a complex trait that cannot be accurately judged based on visual cues."
72.0,1,b,A,b,ok,"A

Based on the immediate gut impression from the images provided, Candidate A appears more trustworthy. The facial expression and overall demeanor in Candidate A's photo convey warmth and approachability, which often contribute to perceptions of trustworthiness. Candidate B's expression, while also"
72.0,0,a,A,a,ok,"A

**Note:** This response is based solely on an immediate gut impression as requested and does not reflect any actual assessment of trustworthiness, which cannot be determined from appearance alone. Trustworthiness is a complex trait that cannot be accurately judged from visual cues."
72.0,0,b,A,b,ok,"A

Based on the immediate gut impression from the images provided, Candidate A appears more trustworthy. The facial expression and overall demeanor in Candidate A's photo convey warmth and approachability, which often contribute to perceptions of trustworthiness. Candidate B's expression, while also"
72.0,2,a,A,a,ok,"A

**Note:** This response is based solely on an immediate gut impression as requested and does not reflect any actual assessment of trustworthiness, which cannot be determined from appearance alone. Trustworthiness is a complex trait that cannot be accurately judged from visual cues."
72.0,2,b,A,b,ok,"A

Based on the immediate gut impression from the images provided, Candidate A appears more trustworthy. The facial expression and overall demeanor in Candidate A's photo convey warmth and approachability, which often contribute to perceptions of trustworthiness. Candidate B's expression, while also"
73.0,2,a,A,a,ok,"A

Based on the immediate gut impression from the images provided, Candidate A appears more trustworthy. The smile and overall expression convey warmth and approachability, which often contribute to perceptions of trustworthiness. Candidate B, while professional in appearance, lacks the same warm ex"
73.0,2,b,B,a,ok,"B

Based on the immediate gut impression from the images provided, Candidate B appears more trustworthy. The smile and overall demeanor in Candidate B's photo convey approachability and confidence, which often contribute to perceptions of trustworthiness. Candidate A's expression is more neutral and"
73.0,0,a,A,a,ok,"A

Based on the immediate gut impression from the images provided, Candidate A appears more trustworthy. The smile and overall expression convey approachability and warmth, which often contribute to perceptions of trustworthiness. Candidate B, while professional in appearance, lacks the same warm an"
73.0,0,b,B,a,ok,"B

Based on the immediate gut impression from the images provided, Candidate B appears more trustworthy. The smile and overall demeanor in Candidate B's photo convey approachability and confidence, which often contribute to perceptions of trustworthiness. Candidate A's expression is more neutral and"
73.0,1,a,A,a,ok,"A

Based on the immediate gut impression from the images provided, Candidate A appears more trustworthy. The smile and overall expression convey warmth and approachability, which often contribute to perceptions of trustworthiness. Candidate B, while professional in appearance, lacks the same warm ex"
73.0,1,b,B,a,ok,"B

Based on the immediate gut impression from the images provided, Candidate B appears more trustworthy. The smile and overall demeanor in Candidate B's photo convey approachability and confidence, which often contribute to perceptions of trustworthiness. Candidate A's expression is more neutral and"
74.0,0,a,B,b,ok,"B

Based on the immediate gut impression from the images provided, Candidate B appears more trustworthy. The smile seems more genuine, and the overall expression conveys approachability and confidence, which often contribute to perceptions of trustworthiness. Candidate A's expression is more reserve"
74.0,0,b,A,b,ok,"A

Based on the immediate gut impression from the images provided, Candidate A appears more trustworthy. The smile, eye contact, and overall demeanor convey approachability and confidence, which are often associated with trustworthiness in first impressions. Candidate B, while also presenting a prof"
74.0,1,a,B,b,ok,"B

Based on the immediate gut impression from the images provided, Candidate B appears more trustworthy. The smile seems more genuine, and the overall expression conveys approachability and confidence, which often contribute to perceptions of trustworthiness. Candidate A's expression is more reserve"
74.0,1,b,A,b,ok,"A

Based on the immediate gut impression from the images provided, Candidate A appears more trustworthy. The smile, eye contact, and overall demeanor convey approachability and confidence, which are often associated with trustworthiness in first impressions. Candidate B, while also presenting a prof"
75.0,0,a,A,a,ok,"A

**Explanation (for context only, not part of the required response):**  
Based on common psychological findings about first impressions from facial appearance, Candidate A—often perceived as older, with a softer smile and a more relaxed expression—might be instinctively judged as more trustworthy"
75.0,0,b,A,b,ok,"A

Based on the immediate gut impression from the images provided, Candidate A appears more trustworthy. The facial expression, including a warm smile and open posture, often conveys approachability and trustworthiness in first impressions. Candidate B, while also smiling, has a more formal and less"
74.0,2,a,B,b,ok,"B

Based on the immediate gut impression from the photos provided, Candidate B appears more trustworthy. The smile seems more genuine, the eyes appear more open and inviting, and the overall expression conveys approachability and confidence, which are often associated with trustworthiness in first i"
74.0,2,b,A,b,ok,"A

Based on the immediate gut impression from the images provided, Candidate A appears more trustworthy. The smile, eye contact, and overall demeanor convey approachability and confidence, which are often associated with trustworthiness in first impressions. Candidate B, while also presenting a prof"
75.0,1,a,A,a,ok,"A

**Explanation (for context only, not part of the required response):**  
Based on common psychological findings about first impressions from facial appearance, Candidate A—often perceived as older, with a softer smile and a more relaxed expression—might be judged as more trustworthy by many peopl"
75.0,1,b,A,b,ok,"A

Based on the immediate gut impression from the images provided, Candidate A appears more trustworthy. The facial expression, including a warm smile and open posture, often conveys approachability and trustworthiness in first impressions. Candidate B, while also smiling, has a more formal and less"
75.0,2,a,A,a,ok,"A

**Explanation (for understanding, not part of the response):**  
Based on common psychological studies of facial trustworthiness (often linked to features like symmetry, facial hair, and expressions), Candidate A—with a warm smile, approachable features, and a more relaxed demeanor—might be perce"
75.0,2,b,,,REFUSE,"A

**Explanation (for context, not part of the final answer):**

Based on common psychological studies of first impressions from facial appearance, **Candidate A** generally appears more approachable and trustworthy due to several factors:

1. **Facial Expression**: Candidate A is smiling broadly, w"
76.0,0,a,A,a,ok,"A

Based on the immediate gut impression from the images provided, Candidate A appears more trustworthy. The individual in Candidate A has a composed and professional demeanor, often associated with trustworthiness in first impressions. The smile appears genuine, and the overall presentation conveys"
76.0,0,b,B,a,ok,"B

Based on the immediate gut impression from the images provided, Candidate B appears more trustworthy. The individual in Candidate B has a composed and professional demeanor, often associated with trustworthiness in first impressions. The attire and overall presentation convey confidence and relia"
76.0,1,a,A,a,ok,"A

Based on the immediate gut impression from the images provided, Candidate A appears more trustworthy. The individual in Candidate A has a composed and professional demeanor, often associated with trustworthiness in first impressions. The smile appears warm and genuine, and the overall presentatio"
76.0,1,b,B,a,ok,"B

Based on the immediate gut impression from the images provided, Candidate B appears more trustworthy. The individual in Candidate B has a composed and professional demeanor, often associated with trustworthiness in first impressions. The attire and overall presentation convey confidence and relia"
76.0,2,a,A,a,ok,"A

Based on the immediate gut impression from the images provided, Candidate A appears more trustworthy. The individual in Candidate A has a composed and professional demeanor, often associated with trustworthiness in first impressions. The smile appears warm and genuine, and the overall presentatio"
76.0,2,b,B,a,ok,"B

Based on the immediate gut impression from the images provided, Candidate B appears more trustworthy. The individual in Candidate B has a composed and professional demeanor, often associated with trustworthiness in first impressions. The attire and overall presentation convey confidence and relia"
77.0,0,a,B,b,ok,"B

Based on the immediate gut impression from the images provided, Candidate B appears more trustworthy. The smile and overall demeanor convey approachability and confidence, which often contribute to perceptions of trustworthiness. Candidate A, while professional in appearance, lacks the same warm "
77.0,0,b,A,b,ok,"A

Based on the immediate gut impression from the images provided, Candidate A appears more trustworthy. The smile and overall demeanor convey approachability and confidence, which often contribute to perceptions of trustworthiness. Candidate B, while professional-looking, has a more neutral express"
77.0,1,a,B,b,ok,"B

Based on the immediate gut impression from the images provided, Candidate B appears more trustworthy. The smile and overall demeanor convey approachability and confidence, which often contribute to perceptions of trustworthiness. Candidate A, while professional in appearance, lacks the same warm "
77.0,1,b,A,b,ok,"A

Based on the immediate gut impression from the images provided, Candidate A appears more trustworthy. The smile and overall demeanor convey approachability and confidence, which often contribute to perceptions of trustworthiness. Candidate B, while professional-looking, has a more neutral express"
77.0,2,a,B,b,ok,"B

Based on the immediate gut impression from the images provided, Candidate B appears more trustworthy. The smile and overall demeanor convey approachability and confidence, which often contribute to perceptions of trustworthiness. Candidate A, while professional in appearance, lacks the same warm "
77.0,2,b,A,b,ok,"A

**Explanation (for your understanding, not part of the required response):** 

Based on common psychological studies and general perceptions of trustworthiness in facial features, Candidate A appears more trustworthy at first glance. The smile, direct eye contact, and open facial expression often"
78.0,0,a,A,a,ok,"A

Based on the immediate gut impression from the images provided, Candidate A appears more trustworthy. The smile, eye contact, and overall demeanor convey approachability and confidence, which are often associated with trustworthiness in first impressions. Candidate B, while also presenting a prof"
78.0,0,b,B,a,ok,"B

Based on the immediate gut impression from the images provided, Candidate B appears more trustworthy. The smile and overall demeanor convey approachability and confidence, which often contribute to perceptions of trustworthiness. Candidate A, while presenting a professional appearance, lacks the "
78.0,1,a,A,a,ok,"A

Based on the immediate gut impression from the images provided, Candidate A appears more trustworthy. The smile, eye contact, and overall demeanor convey approachability and confidence, which are often associated with trustworthiness in first impressions. Candidate B, while also presenting a prof"
78.0,1,b,B,a,ok,"B

Based on the immediate gut impression from the images provided, Candidate B appears more trustworthy. The smile and overall demeanor seem more approachable and confident, which often contributes to perceptions of trustworthiness. Candidate A, while professional-looking, has a more neutral express"
78.0,2,a,A,a,ok,"A

Based on the immediate gut impression from the images provided, Candidate A appears more trustworthy. The smile, eye contact, and overall demeanor convey approachability and confidence, which are often associated with trustworthiness in first impressions. Candidate B, while also presenting a prof"
78.0,2,b,B,a,ok,"B

Based on the immediate gut impression from the images provided, Candidate B appears more trustworthy. The smile and overall demeanor in Candidate B's photo convey approachability and confidence, which often contribute to perceptions of trustworthiness. Candidate A's expression is more neutral and"
79.0,0,a,A,a,ok,"A

Based on the immediate gut impression from the images provided, Candidate A appears more trustworthy. The facial expression and overall demeanor in Candidate A's photo convey openness and approachability, which often contribute to perceptions of trustworthiness. Candidate B's expression, while al"
79.0,0,b,A,b,ok,"A

Based on the immediate gut impression from the images provided, Candidate A appears more trustworthy. The smile, eye contact, and overall demeanor convey confidence and approachability, which often contribute to perceptions of trustworthiness. Candidate B, while also presenting a professional app"
79.0,1,a,A,a,ok,"A

Based on the immediate gut impression from the images provided, Candidate A appears more trustworthy. The facial expression and overall demeanor in Candidate A's photo convey openness and approachability, which are often associated with trustworthiness in first impressions. Candidate B's expressi"
79.0,1,b,A,b,ok,"A

Based on the immediate gut impression from the images provided, Candidate A appears more trustworthy. The smile, eye contact, and overall demeanor convey confidence and approachability, which often contribute to perceptions of trustworthiness. Candidate B, while also presenting a professional app"
79.0,2,a,A,a,ok,"A

Based on the immediate gut impression from the images provided, Candidate A appears more trustworthy. The facial expression and overall demeanor in Candidate A's photo convey openness and approachability, which often contribute to perceptions of trustworthiness. Candidate B's expression, while al"
79.0,2,b,A,b,ok,"A

Based on the immediate gut impression from the images provided, Candidate A appears more trustworthy. The individual in Candidate A has a warm smile, direct eye contact, and a composed posture, which often convey trustworthiness and approachability in first impressions. Candidate B, while also pr"
80.0,0,a,B,b,ok,"B

Based on the immediate gut impression from the images provided, Candidate B appears more trustworthy. The smile and overall facial expression convey approachability and confidence, which often contribute to perceptions of trustworthiness. Candidate A's expression is more neutral and less engaging"
80.0,0,b,A,b,ok,"A

Based on the immediate gut impression from the images provided, Candidate A appears more trustworthy. The smile and overall expression convey approachability and confidence, which often contribute to perceptions of trustworthiness. Candidate B, while professional in appearance, has a more neutral"
80.0,1,a,B,b,ok,"B

Based on the immediate gut impression from the images provided, Candidate B appears more trustworthy. The smile and overall facial expression convey approachability and confidence, which often contribute to perceptions of trustworthiness. Candidate A's expression is more neutral and less engaging"
80.0,1,b,A,b,ok,"A

Based on the immediate gut impression from the images provided, Candidate A appears more trustworthy. The smile and overall expression convey approachability and confidence, which often contribute to perceptions of trustworthiness. Candidate B, while professional in appearance, has a more neutral"
80.0,2,a,B,b,ok,"B

Based on the immediate gut impression from the images provided, Candidate B appears more trustworthy. The smile and overall demeanor in Candidate B's photo convey approachability and confidence, which often contribute to perceptions of trustworthiness. Candidate A's expression is more neutral and"
80.0,2,b,A,b,ok,"A

Based on the immediate gut impression from the images provided, Candidate A appears more trustworthy. The smile and overall expression convey approachability and confidence, which often contribute to perceptions of trustworthiness. Candidate B, while professional in appearance, has a more neutral"
81.0,0,a,A,a,ok,"A

Based on the immediate gut impression from the images provided, Candidate A appears more trustworthy. The individual in Candidate A has a calm, approachable expression and a composed demeanor, which often contributes to perceptions of trustworthiness. Candidate B, while also smiling, has a slight"
81.0,0,b,A,b,ok,"A

Based on the immediate gut impression from the images provided, Candidate A appears more trustworthy. The smile seems more genuine and open, and the overall expression conveys confidence and approachability, which are often associated with trustworthiness in first impressions. Candidate B, while "
81.0,1,a,A,a,ok,"A

Based on the immediate gut impression from the images provided, Candidate A appears more trustworthy. The individual in Candidate A has a softer, more approachable expression with a gentle smile and relaxed facial features, which often contribute to perceptions of trustworthiness. In contrast, Ca"
81.0,1,b,A,b,ok,"A

Based on the immediate gut impression from the images provided, Candidate A appears more trustworthy. The smile seems more genuine and open, and the overall expression conveys confidence and approachability, which are often associated with trustworthiness in first impressions. Candidate B, while "
81.0,2,a,A,a,ok,"A

Based on the immediate gut impression from the images provided, Candidate A appears more trustworthy. The individual in Candidate A has a calm, approachable expression and a composed demeanor, which often contributes to perceptions of trustworthiness. Candidate B, while also smiling, has a slight"
81.0,2,b,A,b,ok,"A

Based on the immediate gut impression from the images provided, Candidate A appears more trustworthy. The smile seems more genuine and open, and the overall expression conveys confidence and approachability. Candidate B, while also smiling, has a more reserved expression that might not convey the"
82.0,0,a,A,a,ok,"A

Based on the immediate gut impression from the images provided, Candidate A appears more trustworthy. The individual in Candidate A has a warm, open smile and a direct gaze, which often conveys approachability and confidence—qualities commonly associated with trustworthiness in first impressions."
82.0,0,b,A,b,ok,"A

Based on the immediate gut impression from the images provided, Candidate A appears more trustworthy. The individual has a warm, open smile and a gentle expression that often conveys approachability and confidence. These visual cues are commonly associated with trustworthiness in first impression"
82.0,1,a,A,a,ok,"A

Based on the immediate gut impression from the images provided, Candidate A appears more trustworthy. The individual in Candidate A has a warm, open smile and a direct gaze, which often conveys approachability and confidence—qualities commonly associated with trustworthiness in first impressions."
82.0,1,b,A,b,ok,"A

Based on the immediate gut impression from the images provided, Candidate A appears more trustworthy. The individual has a warm, open smile and a gentle expression that often conveys approachability and confidence. These visual cues are commonly associated with trustworthiness in first impression"
82.0,2,a,A,a,ok,"A

Based on the immediate gut impression from the images provided, Candidate A appears more trustworthy. The individual in Candidate A has a warm, open smile and a direct gaze, which often conveys approachability and confidence—qualities commonly associated with trustworthiness in first impressions."
82.0,2,b,A,b,ok,"A

Based on the immediate gut impression from the images provided, Candidate A appears more trustworthy. The individual has a warm, open smile and a gentle expression that often conveys approachability and confidence. These visual cues are commonly associated with trustworthiness in first impression"
83.0,0,a,A,a,ok,"A

Based on the immediate gut impression from the images provided, Candidate A appears more trustworthy. The smile seems more genuine and open, and the overall demeanor conveys confidence and approachability. Candidate B, while also smiling, has a slightly more reserved expression that might not con"
83.0,0,b,A,b,ok,"A

Based on the immediate gut impression from the black-and-white images provided, Candidate A appears more trustworthy. The individual in Candidate A has a softer, more approachable expression with a gentle smile and relaxed posture, which often conveys trustworthiness in first impressions. Candida"
83.0,1,a,A,a,ok,"A

Based on the immediate gut impression from the images provided, Candidate A appears more trustworthy. The smile seems more genuine and open, and the overall demeanor conveys confidence and approachability, which often contribute to perceptions of trustworthiness."
83.0,1,b,A,b,ok,"A

Based on the immediate gut impression from the black-and-white images provided, Candidate A appears more trustworthy. The individual in Candidate A has a softer, more approachable expression with a gentle smile and relaxed posture, which often conveys trustworthiness in first impressions. Candida"
83.0,2,a,A,a,ok,"A

Based on the immediate gut impression from the images provided, Candidate A appears more trustworthy. The smile seems more genuine and open, and the overall demeanor conveys confidence and approachability, which often contribute to perceptions of trustworthiness."
83.0,2,b,A,b,ok,"A

Based on the immediate gut impression from the black-and-white images provided, Candidate A appears more trustworthy. The individual in Candidate A has a softer, more approachable expression with a gentle smile and relaxed posture, which often conveys trustworthiness in first impressions. Candida"
84.0,0,a,A,a,ok,"A

The image of Candidate A conveys a more approachable and warm demeanor due to the smile and direct gaze, which often are associated with trustworthiness in first impressions. Candidate B, while also smiling, has a more formal and less expressive appearance, which may not convey the same level of "
84.0,0,b,B,a,ok,"B

Based on the immediate gut impression from the images provided, Candidate B appears more trustworthy. The smile seems more genuine and open, and the overall demeanor conveys approachability and confidence, which often are associated with trustworthiness in first impressions. Candidate A, while al"
84.0,1,a,A,a,ok,"A

The image of Candidate A conveys a more approachable and warm demeanor due to the smile and direct gaze, which often are associated with trustworthiness in first impressions. Candidate B, while also smiling, has a more reserved expression and a sterner look, which may not convey the same level of"
84.0,1,b,B,a,ok,"B

Based on the immediate gut impression from the images provided, Candidate B appears more trustworthy. The smile seems more genuine and open, and the overall demeanor conveys approachability and confidence, which often are associated with trustworthiness in first impressions. Candidate A, while al"
84.0,2,a,A,a,ok,"A

**Explanation (for your understanding, not part of the required response):**  
Based on common psychological research into first impressions from facial appearance, Candidate A appears more trustworthy due to several factors:

1. **Smile**: Candidate A is smiling, which generally conveys openness"
84.0,2,b,B,a,ok,"B

Based on the immediate gut impression from the images provided, Candidate B appears more trustworthy. The smile seems warmer and more open, and the overall demeanor conveys approachability and confidence, which often are associated with trustworthiness in first impressions. Candidate A, while pro"
85.0,0,a,A,a,ok,"A

Based on the immediate gut impression from the images provided, Candidate A appears more trustworthy. The facial expression and overall demeanor in Candidate A's photograph convey confidence and approachability, which often contribute to perceptions of trustworthiness. Candidate B's expression an"
85.0,0,b,B,a,ok,"B

Based on the immediate gut impression from the images provided, Candidate B appears more trustworthy. The facial features, such as the glasses and the slight smile, often correlate with perceptions of trustworthiness in first impressions. However, it's important to note that trustworthiness is a "
85.0,1,a,A,a,ok,"A

**Explanation (for context, not part of the final answer):**  
When judging trustworthiness based solely on facial appearance, many studies suggest that certain features—like a softer, more approachable expression, and less pronounced facial hair—can influence perceptions of trust. Candidate A, w"
85.0,1,b,B,a,ok,"B

Based on the immediate gut impression from the images provided, Candidate B appears more trustworthy. The facial features, such as the glasses and the slight smile, often correlate with perceptions of trustworthiness in first impressions, according to psychological studies on facial cues. Candida"
85.0,2,a,A,a,ok,"A

Based on the immediate gut impression from the images provided, Candidate A appears more trustworthy. The facial expression and overall demeanor in Candidate A's photograph convey confidence and approachability, which often contribute to perceptions of trustworthiness. Candidate B's expression an"
85.0,2,b,B,a,ok,"B

Based on the immediate gut impression from the images provided, Candidate B appears more trustworthy. The facial features, such as the glasses and the slight smile, often correlate with perceptions of trustworthiness in first impressions, according to psychological studies on facial cues. Candida"
86.0,0,a,A,a,ok,"A

Based on the immediate gut impression from the images provided, Candidate A appears more trustworthy. The smile, eye contact, and overall demeanor convey approachability and confidence, which often contribute to perceptions of trustworthiness. Candidate B, while also smiling, has a more formal an"
86.0,0,b,A,b,ok,"A

**Note:** This response is based on an immediate gut impression and general societal biases often associated with facial features and expressions. It's important to remember that trustworthiness cannot be accurately judged based solely on appearance, as it is a complex trait that depends on behav"
86.0,1,a,A,a,ok,"A

Based on the immediate gut impression from the images provided, Candidate A appears more trustworthy. The smile, eye contact, and overall demeanor convey approachability and confidence, which often contribute to perceptions of trustworthiness. Candidate B, while also presenting a professional app"
86.0,1,b,A,b,ok,"A

**Note:** First impressions based solely on appearance can be highly subjective and influenced by various factors, including cultural biases and personal experiences. It's important to remember that trustworthiness is a complex trait that cannot be accurately judged from a photograph alone. Real-"
86.0,2,a,A,a,ok,"A

Based on the immediate gut impression from the images provided, Candidate A appears more trustworthy. The smile, eye contact, and overall demeanor convey approachability and confidence, which often contribute to perceptions of trustworthiness. Candidate B, while also smiling, has a more formal an"
86.0,2,b,A,b,ok,"A

**Note:** This response is based solely on the immediate gut impression as requested and does not reflect any actual assessment of trustworthiness, which cannot be determined from appearance alone. Trustworthiness is a complex trait that cannot be accurately judged from visual cues."
87.0,0,a,A,a,ok,"A

Based on the immediate gut impression from the black-and-white images provided, Candidate A appears more trustworthy. The smile seems more genuine and open, and the overall expression conveys confidence and approachability, which are often associated with trustworthiness in first impressions."
87.0,0,b,A,b,ok,"A

Based on the immediate gut impression from the images provided, Candidate A appears more trustworthy. The individual in Candidate A has a warm, open smile and a more approachable facial expression, which often contributes to perceptions of trustworthiness. Additionally, the lighting and compositi"
87.0,1,a,A,a,ok,"A

Based on the immediate gut impression from the black-and-white images provided, Candidate A appears more trustworthy. The smile seems more genuine and open, and the overall expression conveys confidence and approachability, which are often associated with trustworthiness in first impressions. Can"
87.0,1,b,A,b,ok,"A

Based on the immediate gut impression from the images provided, Candidate A appears more trustworthy. The individual in Candidate A has a warm, open smile and a relaxed posture, which often conveys approachability and confidence. These visual cues are commonly associated with trustworthiness in f"
87.0,2,a,A,a,ok,"A

Based on the immediate gut impression from the black-and-white images provided, Candidate A appears more trustworthy. The smile seems more genuine and open, and the overall expression conveys confidence and approachability. Candidate B's smile appears more closed and less warm, which may reduce t"
87.0,2,b,A,b,ok,"A

Based on the immediate gut impression from the images provided, Candidate A appears more trustworthy. The individual in Candidate A has a warm, open smile and a more approachable facial expression, which often contributes to perceptions of trustworthiness. Additionally, the lighting and compositi"
88.0,1,a,A,a,ok,"A

Based on the immediate gut impression from the images provided, Candidate A appears more trustworthy. The individual in Candidate A has a softer, more approachable facial expression and a neutral, calm demeanor which often correlates with perceptions of trustworthiness. Candidate B, on the other "
88.0,1,b,A,b,ok,"A

Based on the immediate gut impression from the provided images, Candidate A appears more trustworthy. The facial features and expression of Candidate A convey a sense of approachability and confidence, which often contribute to perceptions of trustworthiness. Candidate B, while also presenting a "
88.0,0,a,A,a,ok,"A

Based on the immediate gut impression from the images provided, Candidate A appears more trustworthy. The individual in Candidate A has a softer, more approachable facial expression and a gentle smile, which often conveys trustworthiness and approachability. In contrast, Candidate B has a more se"
88.0,0,b,A,b,ok,"A

Based on the immediate gut impression from the black-and-white images provided, Candidate A appears to have facial features and expressions that are often associated with trustworthiness in first-impression studies. These include a relaxed and open posture, a slight smile, and a direct gaze, whic"
88.0,2,a,A,a,ok,"A

Based on the immediate gut impression from the images provided, Candidate A appears more trustworthy. The individual in Candidate A has a softer, more approachable facial expression and a gentle smile, which often conveys trustworthiness and approachability. Candidate B, on the other hand, has a "
88.0,2,b,A,b,ok,"A

Based on the immediate gut impression from the provided images, Candidate A appears more trustworthy. The facial features and expression of Candidate A convey a sense of approachability and confidence, which often contribute to perceptions of trustworthiness. Candidate B, while also professional "
89.0,0,a,B,b,ok,"B

Based on the immediate gut impression from the images provided, Candidate B appears more trustworthy. The smile and overall demeanor convey approachability and confidence, which often contribute to perceptions of trustworthiness. Candidate A's expression is more neutral and less engaging, which m"
89.0,0,b,A,b,ok,"A

Based on the immediate gut impression from the images provided, Candidate A appears more trustworthy. The smile and overall demeanor in Candidate A's photograph convey approachability and confidence, which often contribute to perceptions of trustworthiness. Candidate B's expression is more neutra"
89.0,1,a,B,b,ok,"B

Based on the immediate gut impression from the images provided, Candidate B appears more trustworthy. The smile and overall demeanor convey approachability and confidence, which often contribute to perceptions of trustworthiness. Candidate A's expression is more neutral and less engaging, which m"
89.0,1,b,A,b,ok,"A

Based on the immediate gut impression from the images provided, Candidate A appears more trustworthy. The smile and overall demeanor in Candidate A's photograph convey approachability and confidence, which often contribute to perceptions of trustworthiness. Candidate B's expression is more neutra"
89.0,2,a,B,b,ok,"B

Based on the immediate gut impression from the images provided, Candidate B appears more trustworthy. The smile and overall demeanor convey approachability and confidence, which often contribute to perceptions of trustworthiness. Candidate A's expression is more neutral and less engaging, which m"
89.0,2,b,A,b,ok,"A

Based on the immediate gut impression from the images provided, Candidate A appears more trustworthy. The smile and overall demeanor in Candidate A's photograph convey approachability and confidence, which often contribute to perceptions of trustworthiness. Candidate B's expression is more neutra"
90.0,0,a,A,a,ok,"A

**Note:** This response is based solely on an immediate gut impression as requested, and it does not reflect any objective or scientifically validated assessment of trustworthiness. First impressions from facial appearance can be influenced by many subconscious biases and are not reliable indicat"
90.0,0,b,A,b,ok,"A

Based on the immediate gut impression from the images provided, Candidate A appears more trustworthy. The smile and overall demeanor seem more open and approachable compared to Candidate B. However, it's important to note that first impressions based solely on appearance can be misleading and do "
90.0,1,a,A,a,ok,"A

**Note:** This response is based solely on the immediate gut impression requested and does not account for any actual data or scientific study on trustworthiness from facial features. Real-world trustworthiness cannot be accurately judged from appearance alone."
90.0,1,b,A,b,ok,"A

**Explanation (for understanding, not part of the response):**  
Based on common psychological studies of first impressions from facial appearance, people often perceive individuals with **open, warm expressions** and **approachable features** as more trustworthy. 

- **Candidate A** has a **broa"
91.0,0,a,A,a,ok,"A

Based on the immediate gut impression from the images provided, Candidate A appears more trustworthy. The smile seems more genuine and open, and the overall expression conveys approachability and confidence, which are often associated with trustworthiness in first impressions. Candidate B, while "
91.0,0,b,A,b,ok,"A

Based on the immediate gut impression from the images provided, Candidate A appears more trustworthy. The smile seems more genuine and open, and the overall demeanor conveys approachability and confidence, which are often associated with trustworthiness in first impressions. Candidate B, while al"
90.0,2,a,A,a,ok,"A

Based on the immediate gut impression from the images provided, Candidate A appears more trustworthy. The individual in Candidate A has a warm, open smile and a direct gaze, which often conveys approachability and confidence. These facial expressions and features are commonly associated with trus"
90.0,2,b,A,b,ok,"A

Based on the immediate gut impression from the images provided, Candidate A appears more trustworthy. The smile and overall demeanor seem more open and approachable compared to Candidate B. However, it's important to note that first impressions based solely on appearance can be misleading and do "
91.0,1,a,A,a,ok,"A

Based on the immediate gut impression from the images provided, Candidate A appears more trustworthy. The smile seems more genuine and open, and the overall expression conveys approachability and confidence, which are often associated with trustworthiness in first impressions. Candidate B, while "
91.0,1,b,A,b,ok,"A

Based on the immediate gut impression from the images provided, Candidate A appears more trustworthy. The smile seems more genuine and open, and the overall demeanor conveys approachability and confidence, which are often associated with trustworthiness in first impressions. Candidate B, while al"
91.0,2,a,A,a,ok,"A

Based on the immediate gut impression from the images provided, Candidate A appears more trustworthy. The smile seems more genuine and open, and the overall expression conveys approachability and confidence, which are often associated with trustworthiness in first impressions. Candidate B, while "
91.0,2,b,A,b,ok,"A

Based on the immediate gut impression from the images provided, Candidate A appears more trustworthy. The smile seems more genuine and open, and the overall demeanor conveys approachability and confidence, which are often associated with trustworthiness in first impressions. Candidate B, while al"
92.0,1,a,A,a,ok,"A

Based on the immediate gut impression from the images provided, Candidate A appears more trustworthy. The facial expression and overall demeanor seem more approachable and confident, which often contributes to perceptions of trustworthiness."
92.0,1,b,A,b,ok,"A

Based on the immediate gut impression from the images provided, Candidate A appears more trustworthy. The smile seems more genuine and open, and the overall expression conveys warmth and approachability, which are often associated with trustworthiness in first impressions. Candidate B’s expressio"
92.0,0,a,A,a,ok,"A

Based on the immediate gut impression from the images provided, Candidate A appears more trustworthy. The facial expression and overall demeanor in Candidate A's photograph convey confidence and approachability, which often contribute to perceptions of trustworthiness. Candidate B's expression, w"
92.0,0,b,A,b,ok,"A

Based on the immediate gut impression from the images provided, Candidate A appears more trustworthy. The smile seems more genuine and open, and the overall expression conveys warmth and approachability, which are often associated with trustworthiness in first impressions. Candidate B’s expressio"
92.0,2,a,A,a,ok,"A

Based on the immediate gut impression from the images provided, Candidate A appears more trustworthy. The facial expression and overall demeanor in Candidate A's photograph convey confidence and approachability, which often contribute to perceptions of trustworthiness. Candidate B's expression, w"
92.0,2,b,A,b,ok,"A

Based on the immediate gut impression from the images provided, Candidate A appears more trustworthy. The smile seems more genuine and open, and the overall expression conveys warmth and approachability, which are often associated with trustworthiness in first impressions. Candidate B, while also"
93.0,0,a,A,a,ok,"A

Based on the immediate gut impression from the images provided, Candidate A appears more trustworthy. The facial expression, including a warm smile and open posture, often conveys approachability and trustworthiness in first impressions. Candidate B, while also smiling, has a slightly more reserv"
93.0,0,b,A,b,ok,"A

Based on the immediate gut impression from the images provided, Candidate A appears more trustworthy. The smile seems more genuine and open, and the overall expression conveys warmth and approachability, which are often associated with trustworthiness in first impressions. Candidate B, while also"
93.0,1,a,A,a,ok,"A

Based on the immediate gut impression from the images provided, Candidate A appears more trustworthy. The facial expression, including a warm smile and open posture, often conveys approachability and trustworthiness in first impressions. Candidate B, while also smiling, has a slightly more reserv"
93.0,1,b,A,b,ok,"A

Based on the immediate gut impression from the images provided, Candidate A appears more trustworthy. The smile seems more genuine and open, and the overall expression conveys warmth and approachability, which are often associated with trustworthiness in first impressions. Candidate B, while also"
93.0,2,a,A,a,ok,"A

Based on the immediate gut impression from the images provided, Candidate A appears more trustworthy. The facial expression, including a warm smile and open posture, often conveys approachability and trustworthiness in first impressions. However, it's important to note that trustworthiness is a c"
93.0,2,b,A,b,ok,"A

Based on the immediate gut impression from the images provided, Candidate A appears more trustworthy. The smile seems more genuine and open, and the overall expression conveys warmth and approachability, which are often associated with trustworthiness in first impressions. Candidate B’s expressio"
94.0,1,a,A,a,ok,"A

The image of Candidate A shows a person with a warm, open smile and a relaxed, approachable expression, which often conveys trustworthiness in first impressions. Candidate B, while also smiling, has a more formal and reserved demeanor, which may not convey the same immediate sense of warmth and t"
94.0,1,b,B,a,ok,"B

Based on the immediate gut impression from the images provided, Candidate B appears more trustworthy. The smile seems more open and genuine, and the overall expression conveys warmth and approachability, which often contributes to perceptions of trustworthiness. Candidate A, while also smiling, h"
94.0,2,a,A,a,ok,"A

The image of Candidate A shows a person with a warm, open smile and a relaxed, approachable expression, which often conveys trustworthiness in first impressions. Candidate B, while also smiling, has a more formal and reserved demeanor, which may not convey the same immediate sense of warmth and t"
94.0,2,b,B,a,ok,"B

Based on the immediate gut impression from the images provided, Candidate B appears more trustworthy. The smile seems more open and genuine, and the overall expression conveys warmth and approachability, which often contributes to perceptions of trustworthiness. Candidate A, while also smiling, h"
95.0,0,a,A,a,ok,"A

Based on the immediate gut impression from the images provided, Candidate A appears more trustworthy. The facial expression and overall demeanor of Candidate A convey a sense of approachability and confidence, which often aligns with perceptions of trustworthiness. Candidate B, while also present"
95.0,0,b,B,a,ok,"B

Based on the immediate gut impression from the images provided, Candidate B appears more trustworthy. The facial expression in Candidate B seems more approachable and warm, with a slight smile that conveys openness and friendliness. In contrast, Candidate A's expression is more neutral and less e"
95.0,1,a,A,a,ok,"A

Based on the immediate gut impression from the images provided, Candidate A appears more trustworthy. The facial expression and overall demeanor of Candidate A convey a sense of approachability and confidence, which often aligns with perceptions of trustworthiness. Candidate B, while also present"
95.0,1,b,B,a,ok,"B

Based on the immediate gut impression from the images provided, Candidate B appears more trustworthy. The facial expression in Candidate B seems more approachable and warm, with a slight smile that conveys openness and friendliness. In contrast, Candidate A's expression is more neutral and less e"
95.0,2,a,A,a,ok,"A

Based on the immediate gut impression from the images provided, Candidate A appears more trustworthy. The facial expression and overall demeanor seem more approachable and confident compared to Candidate B. However, it's important to note that first impressions based solely on appearance can be m"
95.0,2,b,B,a,ok,"B

Based on the immediate gut impression from the images provided, Candidate B appears more trustworthy. The facial expression in Candidate B seems more approachable and open, which often contributes to perceptions of trustworthiness. Candidate A, while professional in appearance, has a more closed-"
94.0,0,a,A,a,ok,"A

**Explanation (for your understanding, not part of the required response):**  
Based on common psychological research into first impressions from facial appearance—such as the ""halo effect,"" facial symmetry, smile authenticity, and perceived warmth—**Candidate A** generally appears more approacha"
94.0,0,b,B,a,ok,"B

Based on the immediate gut impression from the images provided, Candidate B appears more trustworthy. The smile seems more open and genuine, and the overall expression conveys warmth and approachability, which often contributes to perceptions of trustworthiness. Candidate A, while also smiling, h"
96.0,0,a,A,a,ok,"A

Based on the immediate gut impression from the images provided, Candidate A appears more trustworthy. The facial expression and overall demeanor in Candidate A's photograph convey a sense of confidence and approachability, which often aligns with perceptions of trustworthiness. Candidate B's expr"
96.0,0,b,A,b,ok,"A

**Note:** This response is based solely on the immediate gut impression often associated with facial features in first-impression studies. In real-world scenarios, trustworthiness is far more complex and cannot be accurately judged by appearance alone. Factors such as behavior, context, and perso"
96.0,1,a,A,a,ok,"A

Based on the immediate gut impression from the black-and-white images provided, Candidate A appears more trustworthy. The facial expression seems more open and approachable, with a slight smile that conveys warmth. Candidate B's expression is more neutral and less engaging, which may not convey t"
96.0,1,b,A,b,ok,"A

**Note:** This response is based solely on the immediate gut impression often associated with facial features in first-impression studies. In real-world scenarios, trustworthiness is far more complex and cannot be accurately judged by appearance alone. Factors such as behavior, context, and perso"
96.0,2,a,A,a,ok,"A

Based on the immediate gut impression from the images provided, Candidate A appears more trustworthy. The facial expression and overall demeanor of Candidate A convey a sense of confidence and approachability, which often contributes to perceptions of trustworthiness. Candidate B, while also prof"
96.0,2,b,A,b,ok,"A

**Note:** This response is based solely on an immediate gut impression as requested, and it does not reflect any objective assessment of trustworthiness, which cannot be accurately determined from appearance alone. Trustworthiness is a complex trait that cannot be reliably judged from visual cues"
97.0,0,a,A,a,ok,"A

Based on the immediate gut impression from the images provided, Candidate A appears more trustworthy. The facial expression, including a warm smile and open posture, often conveys approachability and trustworthiness in first impressions. Candidate B, while also smiling, has a slightly more reserv"
97.0,0,b,A,b,ok,"A

Based on the immediate gut impression from the images provided, Candidate A appears more approachable and trustworthy. The smile and overall expression convey warmth and openness, which often contribute to perceptions of trustworthiness. Candidate B, while also smiling, has a more formal and less"
97.0,1,a,A,a,ok,"A

Based on the immediate gut impression from the images provided, Candidate A appears more trustworthy. The facial expression and overall demeanor in Candidate A's photo convey confidence and approachability, which often contribute to perceptions of trustworthiness. Candidate B's expression and pos"
97.0,1,b,A,b,ok,"A

Based on the immediate gut impression from the images provided, Candidate A appears more approachable and trustworthy. The smile and overall expression convey warmth and openness, which often contribute to perceptions of trustworthiness. Candidate B, while also smiling, has a more formal and less"
97.0,2,a,A,a,ok,"A

Based on the immediate gut impression from the images provided, Candidate A appears more trustworthy. The facial expression and overall demeanor in Candidate A's photo convey confidence and approachability, which often contribute to perceptions of trustworthiness. Candidate B's expression and pos"
97.0,2,b,A,b,ok,"A

Based on the immediate gut impression from the images provided, Candidate A appears more approachable and trustworthy. The smile and overall expression convey warmth and openness, which often contribute to perceptions of trustworthiness. Candidate B, while also smiling, has a more formal and less"
98.0,0,a,A,a,ok,"A

Based on the immediate gut impression from the images provided, Candidate A appears more trustworthy. The smile and overall demeanor in Candidate A's photo convey warmth and approachability, which often contribute to perceptions of trustworthiness. Candidate B's expression is more neutral and les"
98.0,0,b,A,b,ok,"A

**Note:** This response is based solely on an immediate gut impression as requested, and it's important to remember that trustworthiness cannot be accurately judged from appearance alone. Real trustworthiness involves character, behavior, and context, none of which can be assessed from a photogra"
98.0,1,a,A,a,ok,"A

Based on the immediate gut impression from the images provided, Candidate A appears more trustworthy. The smile and overall demeanor in Candidate A's photo convey warmth and approachability, which often contribute to perceptions of trustworthiness. Candidate B's expression is more neutral and les"
98.0,1,b,A,b,ok,"A

**Note:** This response is based solely on an immediate gut impression as requested, and it's important to remember that trustworthiness cannot be accurately judged from appearance alone. Real trustworthiness involves character, behavior, and context, none of which can be assessed from a photogra"
98.0,2,a,A,a,ok,"A

Based on the immediate gut impression from the images provided, Candidate A appears more trustworthy. The smile and overall demeanor in Candidate A's photo convey warmth and approachability, which often contribute to perceptions of trustworthiness. Candidate B's expression is more neutral and les"
98.0,2,b,A,b,ok,"A

**Note:** This response is based solely on an immediate gut impression as requested, and it's important to remember that trustworthiness cannot be accurately judged from appearance alone. Real trustworthiness involves character, behavior, and context, none of which can be assessed from a photogra"
99.0,0,a,B,b,ok,"B

Based on the immediate gut impression from the images provided, Candidate B appears more trustworthy. The individual in Candidate B has a warmer, more approachable smile and a more relaxed posture, which often contributes to perceptions of trustworthiness. Candidate A, while professional-looking,"
99.0,0,b,A,b,ok,"A

Based on the immediate gut impression from the images provided, Candidate A appears more trustworthy. The individual in Candidate A has a warm, open smile and a relaxed, approachable expression, which often conveys trustworthiness in first impressions. In contrast, Candidate B, while also smiling"
99.0,1,a,B,b,ok,"B

Based on the immediate gut impression from the images provided, Candidate B appears more trustworthy. The individual in Candidate B has a warmer, more approachable smile and a more relaxed posture, which often contributes to perceptions of trustworthiness. Candidate A, while professional-looking,"
99.0,1,b,A,b,ok,"A

Based on the immediate gut impression from the images provided, Candidate A appears more trustworthy. The individual in Candidate A has a warm, open smile and a relaxed, approachable expression, which often conveys trustworthiness in first impressions. In contrast, Candidate B, while also smiling"
100.0,0,a,A,a,ok,"A

The image of Candidate A shows a person with a warm, open smile and a relaxed, approachable expression, which often conveys trustworthiness in first impressions. Candidate B, while professional in appearance, has a more reserved and less expressive demeanor, which may not convey the same immediat"
100.0,0,b,B,a,ok,"B

Based on the immediate gut impression from the images provided, Candidate B appears more trustworthy. The smile and overall expression convey approachability and confidence, which often contribute to perceptions of trustworthiness. Candidate A, while professional in appearance, has a more neutral"
100.0,2,a,A,a,ok,"A

The image of Candidate A shows a person with a warm, open smile and a relaxed, approachable expression, which often conveys trustworthiness in first impressions. Candidate B, while professional in appearance, has a more reserved and less expressive demeanor, which may not convey the same immediat"
100.0,2,b,B,a,ok,"B

Based on the immediate gut impression from the images provided, Candidate B appears more trustworthy. The smile and overall expression convey approachability and confidence, which often contribute to perceptions of trustworthiness. Candidate A, while professional in appearance, has a more neutral"
101.0,0,a,B,b,ok,"B

Based on the immediate gut impression from the images provided, Candidate B appears more trustworthy. This assessment is based on common first-impression cues often associated with trustworthiness, such as facial expression, grooming, and overall presentation. Candidate B has a neutral, approacha"
101.0,0,b,A,b,ok,"A

Based on the immediate gut impression from the images provided, Candidate A appears more trustworthy. The individual in Candidate A has a neutral, approachable expression and a professional demeanor, which often contributes to perceptions of trustworthiness. Candidate B, while also presenting a n"
101.0,1,a,B,b,ok,"B

Based on the immediate gut impression from the images provided, Candidate B appears more trustworthy. The individual has a calm and composed expression, direct eye contact, and a professional appearance which often contributes to perceptions of trustworthiness. Candidate A, while also presenting "
101.0,1,b,A,b,ok,"A

Based on the immediate gut impression from the images provided, Candidate A appears more trustworthy. The individual has a calm and composed expression, direct eye contact, and a professional demeanor which often contributes to perceptions of trustworthiness. Candidate B, while also presenting a "
99.0,2,a,B,b,ok,"B

Based on the immediate gut impression from the images provided, Candidate B appears more trustworthy. The individual in Candidate B has a warmer, more approachable smile and a more relaxed posture, which often contributes to perceptions of trustworthiness. Candidate A, while professional-looking,"
99.0,2,b,A,b,ok,"A

Based on the immediate gut impression from the images provided, Candidate A appears more trustworthy. The individual in Candidate A has a warm, open smile and a relaxed, approachable expression, which often conveys trustworthiness in first impressions. In contrast, Candidate B, while also smiling"
100.0,1,a,A,a,ok,"A

Based on the immediate gut impression from the images provided, Candidate A appears more trustworthy. The smile and overall demeanor in Candidate A's photograph convey approachability and confidence, which often contribute to perceptions of trustworthiness. Candidate B's expression is more neutra"
100.0,1,b,B,a,ok,"B

Based on the immediate gut impression from the images provided, Candidate B appears more trustworthy. The smile and overall expression convey approachability and confidence, which often contribute to perceptions of trustworthiness. Candidate A, while professional in appearance, has a more neutral"
101.0,2,a,B,b,ok,"B

Based on the immediate gut impression from the images provided, Candidate B appears more trustworthy. The individual in Candidate B has a neutral, approachable expression and a professional demeanor, which often contributes to perceptions of trustworthiness. Candidate A, while presenting a compos"
101.0,2,b,A,b,ok,"A

Based on the immediate gut impression from the images provided, Candidate A appears more trustworthy. The individual has a calm and composed expression, direct eye contact, and a professional demeanor which often contributes to perceptions of trustworthiness. Candidate B, while also presenting a "
102.0,1,a,A,a,ok,"A

Based on the immediate gut impression from the images provided, Candidate A appears more trustworthy. The smile and overall demeanor convey approachability and confidence, which often contribute to perceptions of trustworthiness. Candidate B, on the other hand, has a more neutral and less express"
102.0,1,b,B,a,ok,"B

Based on the immediate gut impression from the images provided, Candidate B appears more trustworthy. The smile and overall demeanor convey approachability and confidence, which often contribute to perceptions of trustworthiness. Candidate A, with a more neutral or serious expression, may not con"
102.0,0,a,A,a,ok,"A

Based on the immediate gut impression from the images provided, Candidate A appears more trustworthy. The smile and overall demeanor convey approachability and confidence, which often contribute to perceptions of trustworthiness. Candidate B, with a more neutral and serious expression, may not co"
102.0,0,b,B,a,ok,"B

Based on the immediate gut impression from the images provided, Candidate B appears more trustworthy. The smile and overall demeanor convey approachability and confidence, which often contribute to perceptions of trustworthiness. Candidate A, with a more neutral or serious expression, may not con"
102.0,2,a,A,a,ok,"A

Based on the immediate gut impression from the images provided, Candidate A appears more trustworthy. The smile and overall demeanor convey approachability and confidence, which often contribute to perceptions of trustworthiness. Candidate B, with a more neutral and serious expression, may not co"
102.0,2,b,B,a,ok,"B

Based on the immediate gut impression from the images provided, Candidate B appears more trustworthy. The smile and overall demeanor convey approachability and confidence, which often contribute to perceptions of trustworthiness. Candidate A, with a more neutral or serious expression, may not con"
103.0,0,a,A,a,ok,"A

Based on the immediate gut impression from the images provided, Candidate A appears more trustworthy. The individual in Candidate A has a composed and gentle expression, which often conveys trustworthiness and approachability. Candidate B, while also smiling, has a more intense and less composed "
103.0,0,b,A,b,ok,"A

Based on the immediate gut impression from the images provided, Candidate A appears more trustworthy. The smile seems more open and genuine, and the overall expression conveys approachability and confidence, which are often associated with trustworthiness in first impressions. Candidate B, while "
103.0,2,a,A,a,ok,"A

Based on the immediate gut impression from the images provided, Candidate A appears more trustworthy. The individual in Candidate A has a composed and gentle expression, which often conveys trustworthiness and approachability. Candidate B, while also smiling, has a more intense and less composed "
103.0,2,b,A,b,ok,"A

Based on the immediate gut impression from the images provided, Candidate A appears more trustworthy. The smile seems more genuine and open, and the overall expression conveys approachability and confidence, which are often associated with trustworthiness in first impressions. Candidate B, while "
103.0,1,a,A,a,ok,"A

Based on the immediate gut impression from the images provided, Candidate A appears more trustworthy. The individual in Candidate A has a composed and gentle expression, which often conveys trustworthiness and approachability. Candidate B, while also smiling, has a more intense and perhaps less a"
103.0,1,b,A,b,ok,"A

Based on the immediate gut impression from the images provided, Candidate A appears more trustworthy. The smile seems more open and genuine, and the overall expression conveys approachability and confidence, which are often associated with trustworthiness in first impressions. Candidate B, while "
104.0,0,a,B,b,ok,"B

**Note:** This response is based on an immediate gut impression as requested, and it's important to remember that judgments about trustworthiness based solely on appearance can be biased and unreliable. Trustworthiness is a complex trait that cannot be accurately assessed from a photograph alone."
104.0,0,b,A,b,ok,"A

**Note:** This response is based solely on an immediate gut impression as requested, and it's important to recognize that trustworthiness is a complex trait that cannot be accurately judged from appearance alone. Real-world trustworthiness involves a wide range of behaviors, experiences, and cont"
104.0,1,a,B,b,ok,"B

**Note:** This response is based on an immediate gut impression as requested. It's important to remember that judgments about trustworthiness based solely on appearance can be biased and inaccurate. Trustworthiness is a complex trait that cannot be reliably determined from visual cues alone. Real"
104.0,1,b,A,b,ok,"A

**Note:** This response is based solely on the immediate gut impression as requested and does not reflect any actual assessment of trustworthiness, which cannot be determined from appearance alone. Trustworthiness is a complex trait that cannot be accurately judged from visual cues."
105.0,0,a,B,b,ok,"B

Based on the immediate gut impression from the images provided, Candidate B appears more trustworthy. The smile and overall expression convey approachability and confidence, which often contribute to perceptions of trustworthiness. Candidate A's expression is more neutral and less engaging, which"
105.0,0,b,A,b,ok,"A

Based on the immediate gut impression from the images provided, Candidate A appears more trustworthy. The smile and overall expression convey approachability and confidence, which often contribute to perceptions of trustworthiness. Candidate B, while professional in appearance, has a more neutral"
104.0,2,a,B,b,ok,"B

**Note:** This response is based on an immediate gut impression as requested, and it's important to remember that judgments about trustworthiness based solely on appearance can be biased and unreliable. Trustworthiness is a complex trait that cannot be accurately assessed from a photograph alone."
104.0,2,b,A,b,ok,"A

**Note:** This response is based solely on an immediate gut impression as requested, and it's important to remember that trustworthiness cannot be accurately judged from appearance alone. Real trustworthiness involves character, actions, and behavior, not just looks."
105.0,1,a,B,b,ok,"B

Based on the immediate gut impression from the images provided, Candidate B appears more trustworthy. The smile and overall expression convey approachability and confidence, which often contribute to perceptions of trustworthiness. Candidate A's expression is more neutral and less engaging, which"
105.0,1,b,A,b,ok,"A

Based on the immediate gut impression from the images provided, Candidate A appears more trustworthy. The smile and overall expression convey approachability and confidence, which often contribute to perceptions of trustworthiness. Candidate B has a more neutral and less expressive demeanor, whic"
106.0,0,a,A,a,ok,"A

Based on the immediate gut impression from the images provided, Candidate A appears more trustworthy. The smile and overall expression convey warmth and approachability, which often contribute to perceptions of trustworthiness. Candidate B, while also smiling, has a more formal and less expressiv"
106.0,0,b,A,b,ok,"A

**Note:** This response is based solely on an immediate gut impression as requested, and it's important to remember that trustworthiness cannot be accurately judged from appearance alone. Real trustworthiness involves character, behavior, and context, none of which can be assessed from a photogra"
106.0,1,a,A,a,ok,"A

Based on the immediate gut impression from the images provided, Candidate A appears more trustworthy. The smile and overall expression convey warmth and approachability, which often contribute to perceptions of trustworthiness. Candidate B, while also smiling, has a more formal and less expressiv"
106.0,1,b,A,b,ok,"A

**Note:** This response is based solely on an immediate gut impression as requested, and it's important to remember that trustworthiness cannot be accurately judged from appearance alone. Real trustworthiness involves character, behavior, and context, none of which can be assessed from a photogra"
105.0,2,a,B,b,ok,"B

Based on the immediate gut impression from the images provided, Candidate B appears more trustworthy. The smile and overall expression convey approachability and confidence, which often contribute to perceptions of trustworthiness. Candidate A's expression is more neutral and less engaging, which"
105.0,2,b,A,b,ok,"A

Based on the immediate gut impression from the images provided, Candidate A appears more trustworthy. The smile and overall expression convey approachability and confidence, which often contribute to perceptions of trustworthiness. Candidate B, while professional in appearance, has a more neutral"
106.0,2,a,A,a,ok,"A

Based on the immediate gut impression from the images provided, Candidate A appears more trustworthy. The smile and overall expression convey warmth and approachability, which often contribute to perceptions of trustworthiness. Candidate B, while also smiling, has a more formal and less expressiv"
106.0,2,b,,,REFUSE,"A

**Note:** It's important to recognize that judgments about trustworthiness based solely on appearance can be influenced by unconscious biases and are not reliable indicators of a person's character or trustworthiness. These impressions are often shaped by societal stereotypes and should not be us"
107.0,0,a,A,a,ok,"A

Based on the immediate gut impression from the images provided, Candidate A appears more trustworthy. The smile seems more open and genuine, and the overall expression conveys approachability and confidence, which are often associated with trustworthiness in first impressions. Candidate B, while "
107.0,0,b,A,b,ok,"A

Based on the immediate gut impression from the images provided, Candidate A appears more trustworthy. The facial expression and overall demeanor in Candidate A's photograph convey confidence and approachability, which often contribute to perceptions of trustworthiness. Candidate B, while also pre"
107.0,2,a,A,a,ok,"A

Based on the immediate gut impression from the images provided, Candidate A appears more trustworthy. The smile seems more open and genuine, and the overall expression conveys approachability and confidence, which are often associated with trustworthiness in first impressions. Candidate B, while "
107.0,2,b,A,b,ok,"A

Based on the immediate gut impression from the images provided, Candidate A appears more trustworthy. The facial expression and overall demeanor in Candidate A's photograph convey confidence and approachability, which often contribute to perceptions of trustworthiness. Candidate B, while also pre"
107.0,1,a,A,a,ok,"A

Based on the immediate gut impression from the images provided, Candidate A appears more trustworthy. The smile seems more open and genuine, and the overall expression conveys approachability and confidence, which are often associated with trustworthiness in first impressions. Candidate B, while "
107.0,1,b,A,b,ok,"A

Based on the immediate gut impression from the images provided, Candidate A appears more trustworthy. The facial expression and overall demeanor in Candidate A's photograph convey confidence and approachability, which often contribute to perceptions of trustworthiness. Candidate B, while also pre"
108.0,0,a,A,a,ok,"A

**Note:** First impressions based solely on appearance can be highly subjective and influenced by various biases. Trustworthiness is a complex trait that cannot be accurately assessed from a photograph alone. Real-world judgments should consider a broader range of information and behaviors."
108.0,0,b,A,b,ok,"A

Based on the immediate gut impression from the images provided, Candidate A appears more trustworthy. The smile seems warmer and more genuine, and the overall demeanor conveys approachability and confidence. Candidate B, while also smiling, has a more formal and less expressive appearance, which "
108.0,1,a,A,a,ok,"A

**Note:** First impressions based solely on appearance can be highly subjective and influenced by various biases. Trustworthiness is a complex trait that cannot be accurately assessed from a photograph alone. Real-world judgments should consider a broader range of information and behaviors."
108.0,1,b,A,b,ok,"A

Based on the immediate gut impression from the images provided, Candidate A appears more trustworthy. The smile seems warm and inviting, and the overall demeanor conveys approachability and confidence. Candidate B, while also smiling, has a more formal and less expressive appearance, which may no"
108.0,2,a,A,a,ok,"A

**Note:** First impressions based solely on appearance can be highly subjective and influenced by various biases. Trustworthiness is a complex trait that cannot be accurately assessed from a photograph alone. Real-world judgments should consider a broader range of information and behaviors."
108.0,2,b,A,b,ok,"A

Based on the immediate gut impression from the images provided, Candidate A appears more trustworthy. The smile seems warmer and more genuine, and the overall expression conveys approachability and confidence, which are often associated with trustworthiness in first impressions. Candidate B, whil"
109.0,0,a,A,a,ok,"A

Based on the immediate gut impression from the images provided, Candidate A appears more trustworthy. The color photograph, direct gaze, and warm smile contribute to a more approachable and positive first impression compared to Candidate B, who is in black and white and has a slightly more reserv"
109.0,0,b,A,b,ok,"A

**Note:** This response is based solely on an immediate gut impression and general assumptions about facial features often associated with trustworthiness in first impressions. It's important to recognize that trustworthiness is a complex trait that cannot be accurately judged based solely on app"
109.0,1,a,A,a,ok,"A

Based on the immediate gut impression from the images provided, Candidate A appears more trustworthy. The color photograph, direct gaze, and warm smile contribute to a more approachable and positive first impression compared to Candidate B, who is in black and white and has a more reserved expres"
109.0,1,b,A,b,ok,"A

**Note:** This response is based solely on an immediate gut impression as requested, and it does not reflect any objective or scientifically validated assessment of trustworthiness. First impressions from facial appearance can be influenced by many subconscious biases and are not reliable indicat"
109.0,2,a,A,a,ok,"A

Based on the immediate gut impression from the images provided, Candidate A appears more trustworthy. The color photograph, direct gaze, and warm smile contribute to a more approachable and positive first impression compared to Candidate B, who is in black and white and has a more reserved expres"
109.0,2,b,A,b,ok,"A

**Note:** This response is based solely on an immediate gut impression as requested, and it does not reflect any objective or scientifically validated assessment of trustworthiness. First impressions from facial appearance can be influenced by many subconscious biases and are not reliable indicat"
110.0,0,a,A,a,ok,"A

Based on the immediate gut impression from the images provided, Candidate A appears more trustworthy. The smile seems more genuine and open, and the overall expression conveys warmth and approachability, which are often associated with trustworthiness in first impressions. Candidate B, while also"
110.0,0,b,A,b,ok,"A

Based on the immediate gut impression from the images provided, Candidate A appears more trustworthy. The individual in Candidate A has a warm, open smile and a direct gaze, which often conveys approachability and confidence—qualities commonly associated with trustworthiness in first impressions."
110.0,1,a,A,a,ok,"A

Based on the immediate gut impression from the images provided, Candidate A appears more trustworthy. The smile seems more genuine and open, and the overall expression conveys warmth and approachability, which are often associated with trustworthiness in first impressions. Candidate B, while also"
110.0,1,b,A,b,ok,"A

Based on the immediate gut impression from the images provided, Candidate A appears more trustworthy. The individual in Candidate A has a warm, open smile and a direct gaze, which often conveys approachability and confidence—qualities commonly associated with trustworthiness in first impressions."
110.0,2,a,A,a,ok,"A

Based on the immediate gut impression from the images provided, Candidate A appears more trustworthy. The smile seems more genuine and open, and the overall expression conveys warmth and approachability, which are often associated with trustworthiness in first impressions. Candidate B, while also"
110.0,2,b,A,b,ok,"A

Based on the immediate gut impression from the images provided, Candidate A appears more trustworthy. The individual in Candidate A has a warm, open smile and a direct gaze, which often conveys approachability and confidence—qualities commonly associated with trustworthiness in first impressions."
111.0,0,a,A,a,ok,"A

Based on the immediate gut impression from the images provided, Candidate A appears more trustworthy. The facial expression in Candidate A seems more approachable and calm, which often correlates with perceptions of trustworthiness. Candidate B’s expression appears more intense and less approacha"
111.0,0,b,A,b,ok,"A

Based on the immediate gut impression from the images provided, Candidate A appears more trustworthy. The smile and overall demeanor seem more open and approachable compared to Candidate B. However, it's important to note that first impressions based on appearance can be misleading and do not nec"
111.0,1,a,A,a,ok,"A

Based on the immediate gut impression from the images provided, Candidate A appears more trustworthy. The facial expression in Candidate A seems more approachable and calm, which often correlates with perceptions of trustworthiness. Candidate B’s expression appears more intense and less approacha"
111.0,1,b,A,b,ok,"A

Based on the immediate gut impression from the images provided, Candidate A appears more trustworthy. The smile and overall demeanor seem more open and approachable compared to Candidate B. However, it's important to note that first impressions based on appearance can be misleading and do not nec"
111.0,2,a,A,a,ok,"A

Based on the immediate gut impression from the images provided, Candidate A appears more trustworthy. The facial expression in Candidate A seems more approachable and calm, which often correlates with perceptions of trustworthiness. Candidate B’s expression appears more intense and less approacha"
111.0,2,b,A,b,ok,"A

Based on the immediate gut impression from the images provided, Candidate A appears more trustworthy. The smile and overall demeanor seem more open and approachable compared to Candidate B. However, it's important to note that first impressions based on appearance can be misleading and do not nec"
112.0,0,a,A,a,ok,"A

Based on the immediate gut impression from the images provided, Candidate A appears more trustworthy. The smile and overall demeanor convey approachability and confidence, which often contribute to perceptions of trustworthiness. Candidate B, while also presenting a professional appearance, lacks"
112.0,0,b,B,a,ok,"B

Based on the immediate gut impression from the images provided, Candidate B appears more trustworthy. The smile, eye contact, and overall demeanor convey approachability and confidence, which often contribute to perceptions of trustworthiness. Candidate A, while professional-looking, has a more n"
112.0,1,a,A,a,ok,"A

Based on the immediate gut impression from the images provided, Candidate A appears more trustworthy. The smile and overall demeanor convey approachability and confidence, which often contribute to perceptions of trustworthiness. Candidate B, while also presenting a professional appearance, lacks"
112.0,1,b,B,a,ok,"B

Based on the immediate gut impression from the images provided, Candidate B appears more trustworthy. The smile, eye contact, and overall demeanor convey approachability and confidence, which often contribute to perceptions of trustworthiness. Candidate A, while professional-looking, has a more n"
113.0,0,a,A,a,ok,"A

Based on the immediate gut impression from the images provided, Candidate A appears more trustworthy. The smile seems more genuine and open, and the overall expression conveys warmth and approachability, which are often associated with trustworthiness in first impressions. Candidate B, while also"
113.0,0,b,A,b,ok,"A

Based on the immediate gut impression from the images provided, Candidate A appears more trustworthy. The smile seems more genuine and open, and the overall expression conveys approachability and confidence, which are often associated with trustworthiness in first impressions. Candidate B, while "
112.0,2,a,A,a,ok,"A

Based on the immediate gut impression from the images provided, Candidate A appears more trustworthy. The smile and overall demeanor seem more approachable and warm, which often contributes to perceptions of trustworthiness. Candidate B, while also presenting a professional appearance, has a more"
112.0,2,b,B,a,ok,"B

Based on the immediate gut impression from the images provided, Candidate B appears more trustworthy. The smile, eye contact, and overall demeanor convey approachability and confidence, which often contribute to perceptions of trustworthiness. Candidate A, while professional-looking, has a more n"
113.0,1,a,A,a,ok,"A

Based on the immediate gut impression from the images provided, Candidate A appears more trustworthy. The smile seems more genuine and open, and the overall expression conveys warmth and approachability, which are often associated with trustworthiness in first impressions. Candidate B, while also"
113.0,1,b,A,b,ok,"A

Based on the immediate gut impression from the images provided, Candidate A appears more trustworthy. The smile seems more genuine and open, and the overall expression conveys approachability and confidence, which are often associated with trustworthiness in first impressions. Candidate B, while "
113.0,2,a,A,a,ok,"A

Based on the immediate gut impression from the images provided, Candidate A appears more trustworthy. The smile seems more genuine and open, and the overall demeanor conveys confidence and approachability, which are often associated with trustworthiness in first impressions."
113.0,2,b,A,b,ok,"A

Based on the immediate gut impression from the images provided, Candidate A appears more trustworthy. The smile seems more genuine and open, and the overall expression conveys approachability and confidence, which are often associated with trustworthiness in first impressions. Candidate B, while "
114.0,0,a,A,a,ok,"A

Based on the immediate gut impression from the images provided, Candidate A appears more trustworthy. The smile and overall expression convey approachability and confidence, which often contribute to perceptions of trustworthiness. Candidate B, while professional in appearance, lacks the same war"
114.0,0,b,B,a,ok,"B

Based on the immediate gut impression from the images provided, Candidate B appears more trustworthy. The smile and overall demeanor seem more approachable and warm, which often contributes to perceptions of trustworthiness. Candidate A, while professional in appearance, lacks the same expressive"
114.0,2,a,A,a,ok,"A

Based on the immediate gut impression from the images provided, Candidate A appears more trustworthy. The smile and overall demeanor convey approachability and confidence, which often contribute to perceptions of trustworthiness. Candidate B, while professional in appearance, lacks the same warm "
114.0,2,b,B,a,ok,"B

Based on the immediate gut impression from the images provided, Candidate B appears more trustworthy. The smile and overall demeanor seem more approachable and warm compared to Candidate A."
114.0,1,a,A,a,ok,"A

Based on the immediate gut impression from the images provided, Candidate A appears more trustworthy. The smile and overall demeanor convey approachability and confidence, which often contribute to perceptions of trustworthiness. Candidate B, while professional in appearance, lacks the same warm "
114.0,1,b,B,a,ok,"B

Based on the immediate gut impression from the images provided, Candidate B appears more trustworthy. The smile and overall demeanor seem more approachable and warm, which often contributes to perceptions of trustworthiness. Candidate A, while professional in appearance, lacks the same expressive"
115.0,0,a,A,a,ok,"A

Based on the immediate gut impression from the images provided, Candidate A appears more trustworthy. The facial expression and overall demeanor in Candidate A's photograph convey a sense of approachability and confidence, which often contributes to perceptions of trustworthiness. Candidate B's e"
115.0,0,b,B,a,ok,"B

Based on the immediate gut impression from the images provided, Candidate B appears more trustworthy. The facial expression and overall demeanor in Candidate B's photograph convey confidence and approachability, which often contribute to perceptions of trustworthiness. Candidate A's image, while "
116.0,0,a,A,a,ok,"A

Based on the immediate gut impression from the images provided, Candidate A appears more trustworthy. The facial expression and overall demeanor in Candidate A's photo convey approachability and confidence, which are often associated with trustworthiness in first impressions. Candidate B's expres"
116.0,0,b,B,a,ok,"B

Based on the immediate gut impression from the images provided, Candidate B appears more trustworthy. The facial expression and overall demeanor convey approachability and confidence, which often contribute to perceptions of trustworthiness. Candidate A, while presenting a professional appearance"
115.0,2,a,A,a,ok,"A

Based on the immediate gut impression from the images provided, Candidate A appears more trustworthy. The facial expression and overall demeanor in Candidate A's photograph convey a sense of approachability and confidence, which often contributes to perceptions of trustworthiness. Candidate B's e"
115.0,2,b,B,a,ok,"B

Based on the immediate gut impression from the images provided, Candidate B appears more trustworthy. The facial expression and overall demeanor in Candidate B's photo convey confidence and approachability, which often contribute to perceptions of trustworthiness. Candidate A's photo, while also "
115.0,1,a,A,a,ok,"A

Based on the immediate gut impression from the images provided, Candidate A appears more trustworthy. The facial expression and overall demeanor in Candidate A's photograph convey a sense of approachability and confidence, which often contributes to perceptions of trustworthiness. Candidate B's e"
115.0,1,b,B,a,ok,"B

Based on the immediate gut impression from the images provided, Candidate B appears more trustworthy. The facial expression and overall demeanor in Candidate B's image convey confidence and approachability, which often contribute to perceptions of trustworthiness. Candidate A's image, while also "
116.0,1,a,A,a,ok,"A

Based on the immediate gut impression from the images provided, Candidate A appears more trustworthy. The facial expression and overall demeanor in Candidate A's photo convey approachability and confidence, which are often associated with trustworthiness in first impressions. Candidate B's expres"
116.0,1,b,B,a,ok,"B

Based on the immediate gut impression from the images provided, Candidate B appears more trustworthy. The facial expression and overall demeanor of Candidate B convey approachability and confidence, which often contribute to perceptions of trustworthiness. Candidate A, while presenting a professi"
117.0,0,a,B,b,ok,"B

**Note:** This response is based on a common psychological bias where individuals often perceive people with a warm smile and direct eye contact as more trustworthy. However, it's important to remember that first impressions based solely on appearance can be misleading and do not necessarily refl"
117.0,0,b,A,b,ok,"A

Based on the immediate gut impression from the images provided, Candidate A appears more trustworthy. The smile and overall demeanor seem more approachable and warm, which often contributes to perceptions of trustworthiness. Candidate B, while also smiling, has a more reserved expression that mig"
116.0,2,a,A,a,ok,"A

Based on the immediate gut impression from the images provided, Candidate A appears more trustworthy. The facial expression and overall demeanor in Candidate A's photo convey approachability and confidence, which are often associated with trustworthiness in first impressions. Candidate B's expres"
116.0,2,b,B,a,ok,"B

Based on the immediate gut impression from the images provided, Candidate B appears more trustworthy. The facial expression and overall demeanor of Candidate B convey approachability and confidence, which often contribute to perceptions of trustworthiness. Candidate A, while presenting a professi"
117.0,1,a,B,b,ok,"B

Based on the immediate gut impression from the images provided, Candidate B appears more trustworthy. The smile seems more genuine and open, and the overall demeanor appears more approachable and confident. Candidate A's expression is more reserved, which might lead to a less favorable first impr"
117.0,1,b,A,b,ok,"A

Based on the immediate gut impression from the images provided, Candidate A appears more trustworthy. The smile and overall demeanor seem more approachable and warm, which often contributes to perceptions of trustworthiness. Candidate B, while also smiling, has a more reserved expression that mig"
117.0,2,a,B,b,ok,"B

Based on the immediate gut impression from the images provided, Candidate B appears more trustworthy. The smile seems more open and genuine, and the overall demeanor appears more approachable compared to Candidate A. However, it's important to note that first impressions based solely on appearanc"
117.0,2,b,A,b,ok,"A

Based on the immediate gut impression from the images provided, Candidate A appears more trustworthy. The smile and overall demeanor seem more approachable and warm, which often contributes to perceptions of trustworthiness. Candidate B, while also smiling, has a more reserved expression that mig"
118.0,0,a,A,a,ok,"A

Based on the immediate gut impression from the images provided, Candidate A appears more trustworthy. The smile and overall expression convey warmth and approachability, which often contribute to perceptions of trustworthiness. Candidate B, while professional in appearance, has a more neutral and"
118.0,0,b,A,b,ok,"A

Based on the immediate gut impression from the images provided, Candidate A appears more trustworthy. The individual in Candidate A has a composed and professional demeanor, often associated with trustworthiness. The attire and overall presentation convey confidence and reliability. In contrast, "
118.0,1,a,A,a,ok,"A

Based on the immediate gut impression from the images provided, Candidate A appears more trustworthy. The smile and overall expression convey warmth and approachability, which often contribute to perceptions of trustworthiness. Candidate B, while professional in appearance, has a more neutral and"
118.0,1,b,A,b,ok,"A

Based on the immediate gut impression from the images provided, Candidate A appears more trustworthy. The individual in Candidate A has a composed and professional demeanor, often associated with trustworthiness. The attire and overall presentation convey confidence and reliability. In contrast, "
118.0,2,a,A,a,ok,"A

Based on the immediate gut impression from the images provided, Candidate A appears more trustworthy. The smile and overall expression convey warmth and approachability, which often contribute to perceptions of trustworthiness. Candidate B, while professional in appearance, has a more neutral and"
118.0,2,b,A,b,ok,"A

Based on the immediate gut impression from the images provided, Candidate A appears more trustworthy. The individual in Candidate A has a composed and professional demeanor, often associated with trustworthiness. The attire and overall presentation convey confidence and reliability. In contrast, "
119.0,0,a,A,a,ok,"A

Based on the immediate gut impression from the images provided, Candidate A appears more trustworthy. The facial expression and overall demeanor in Candidate A's photo seem to convey confidence and approachability, which often are associated with trustworthiness in first impressions. Candidate B'"
119.0,0,b,A,b,ok,"A

Based on the immediate gut impression from the images provided, Candidate A appears more trustworthy. The smile seems more genuine and open, and the overall expression conveys warmth and approachability, which often contributes to perceptions of trustworthiness. Candidate B, while also smiling, h"
119.0,1,a,A,a,ok,"A

Based on the immediate gut impression from the images provided, Candidate A appears more trustworthy. The individual in Candidate A has a softer, more approachable expression with a gentle smile, which often conveys trustworthiness and approachability. In contrast, Candidate B has a more intense "
119.0,1,b,A,b,ok,"A

Based on the immediate gut impression from the images provided, Candidate A appears more trustworthy. The smile seems more genuine and open, and the overall expression conveys warmth and approachability, which are often associated with trustworthiness in first impressions. Candidate B, while also"
119.0,2,a,A,a,ok,"A

Based on the immediate gut impression from the images provided, Candidate A appears more trustworthy. The individual in Candidate A has a softer, more approachable expression with a gentle smile and relaxed facial features, which often contribute to perceptions of trustworthiness. In contrast, Ca"
119.0,2,b,A,b,ok,"A

Based on the immediate gut impression from the images provided, Candidate A appears more trustworthy. The smile seems more genuine and open, and the overall expression conveys warmth and approachability, which are often associated with trustworthiness in first impressions. Candidate B’s expressio"
120.0,0,a,B,b,ok,"B

Based on the immediate gut impression from the images provided, Candidate B appears more trustworthy. The smile and open expression often convey approachability and warmth, which are commonly associated with trustworthiness in first impressions. Candidate A, while professional in appearance, has "
120.0,0,b,A,b,ok,"A

Based on the immediate gut impression from the images provided, Candidate A appears more trustworthy. The smile and open expression often convey approachability and warmth, which are commonly associated with trustworthiness in first impressions. Candidate B, while presenting a professional appear"
120.0,1,a,B,b,ok,"B

Based on the immediate gut impression from the images provided, Candidate B appears more trustworthy. The smile and open expression often convey approachability and warmth, which are commonly associated with trustworthiness in first impressions. Candidate A, while professional in appearance, has "
120.0,1,b,A,b,ok,"A

Based on the immediate gut impression from the images provided, Candidate A appears more trustworthy. The smile and open expression often convey approachability and warmth, which are commonly associated with trustworthiness in first impressions. Candidate B, while presenting a professional appear"
120.0,2,a,B,b,ok,"B

Based on the immediate gut impression from the images provided, Candidate B appears more trustworthy. The smile and open expression often convey approachability and warmth, which are commonly associated with trustworthiness in first impressions. Candidate A, while professional in appearance, has "
120.0,2,b,A,b,ok,"A

Based on the immediate gut impression from the images provided, Candidate A appears more trustworthy. The smile and open expression often convey approachability and warmth, which are commonly associated with trustworthiness in first impressions. Candidate B, while presenting a professional appear"
121.0,0,a,B,b,ok,"B

Based on the immediate gut impression from the images provided, Candidate B appears more trustworthy. The individual in Candidate B has a warmer, more approachable smile and a softer, more inviting facial expression compared to Candidate A. These visual cues often contribute to perceptions of tru"
121.0,0,b,A,b,ok,"A

Based on the immediate gut impression from the images provided, Candidate A appears more trustworthy. The individual in Candidate A has a warm, open smile and a relaxed, confident posture, which often conveys approachability and trustworthiness. In contrast, Candidate B, while also smiling, has a"
121.0,1,a,B,b,ok,"B

Based on the immediate gut impression from the images provided, Candidate B appears more trustworthy. The individual in Candidate B has a warmer, more open smile and a softer, more approachable facial expression compared to Candidate A. These visual cues often contribute to perceptions of trustwo"
121.0,1,b,A,b,ok,"A

Based on the immediate gut impression from the images provided, Candidate A appears more trustworthy. The individual in Candidate A has a warm, open smile and a relaxed, confident posture, which often conveys trustworthiness and approachability. In contrast, Candidate B has a more reserved expres"
122.0,1,a,A,a,ok,"A

Based on the immediate gut impression from the black-and-white images provided, Candidate A appears more trustworthy. The individual has a warm, open smile and a relaxed posture, which often conveys approachability and confidence—qualities commonly associated with trustworthiness in first impress"
122.0,1,b,B,a,ok,"B

Based on the immediate gut impression from the images provided, Candidate B appears more trustworthy. The smile, eye contact, and overall demeanor convey approachability and confidence, which often contribute to perceptions of trustworthiness. Candidate A, while also presenting a friendly appeara"
122.0,0,a,A,a,ok,"A

Based on the immediate gut impression from the black-and-white images provided, Candidate A appears more trustworthy. The individual has a warm, open smile and a direct gaze, which often conveys approachability and confidence—qualities commonly associated with trustworthiness in first impressions"
122.0,0,b,B,a,ok,"B

Based on the immediate gut impression from the images provided, Candidate B appears more trustworthy. The smile, eye contact, and overall demeanor convey approachability and confidence, which often contribute to perceptions of trustworthiness. Candidate A's expression and posture seem more reserv"
122.0,2,a,A,a,ok,"A

Based on the immediate gut impression from the black-and-white images provided, Candidate A appears more trustworthy. The individual in Candidate A has a warm, open smile and a direct gaze, which often conveys approachability and confidence—qualities commonly associated with trustworthiness in fi"
122.0,2,b,B,a,ok,"B

Based on the immediate gut impression from the images provided, Candidate B appears more trustworthy. The smile, eye contact, and overall demeanor convey approachability and confidence, which often contribute to perceptions of trustworthiness. Candidate A, while also presenting a friendly appeara"
123.0,2,a,A,a,ok,"A

Based on the immediate gut impression from the images provided, Candidate A appears more trustworthy. The smile and overall expression convey approachability and confidence, which often contribute to perceptions of trustworthiness. Candidate B, with a more serious and less expressive demeanor, ma"
123.0,2,b,B,a,ok,"B

Based on the immediate gut impression from the images provided, Candidate B appears more trustworthy. The individual in Candidate B has a warm smile and an open, approachable expression, which often conveys trustworthiness in first impressions. In contrast, Candidate A has a more serious and rese"
123.0,1,a,A,a,ok,"A

Based on the immediate gut impression from the images provided, Candidate A appears more trustworthy. The smile and overall facial expression convey approachability and confidence, which often contribute to perceptions of trustworthiness. Candidate B, with a more serious and less expressive demea"
123.0,1,b,B,a,ok,"B

Based on the immediate gut impression from the images provided, Candidate B appears more trustworthy. The individual in Candidate B has a warm smile and an open, approachable expression, which often conveys trustworthiness in first impressions. In contrast, Candidate A has a more serious and clos"
121.0,2,a,B,b,ok,"B

Based on the immediate gut impression from the provided images, Candidate B appears more trustworthy. The individual in Candidate B has a warmer, more approachable smile and a softer, more inviting facial expression compared to Candidate A. These visual cues often contribute to perceptions of tru"
121.0,2,b,A,b,ok,"A

Based on the immediate gut impression from the images provided, Candidate A appears more trustworthy. The individual in Candidate A has a warm, open smile and a relaxed, confident posture, which often conveys approachability and trustworthiness. In contrast, Candidate B, while also smiling, has a"
123.0,0,a,A,a,ok,"A

Based on the immediate gut impression from the images provided, Candidate A appears more trustworthy. The smile and overall expression convey approachability and confidence, which often contribute to perceptions of trustworthiness. Candidate B, with a more serious and less expressive demeanor, ma"
123.0,0,b,B,a,ok,"B

Based on the immediate gut impression from the images provided, Candidate B appears more trustworthy. The individual in Candidate B has a warm smile and an open, approachable expression, which often conveys trustworthiness in first impressions. In contrast, Candidate A has a more serious and rese"
124.0,0,a,B,b,ok,"B

Based on the immediate gut impression from the images provided, Candidate B appears more trustworthy. The smile seems warmer and more open, and the overall demeanor conveys approachability and confidence, which often contribute to perceptions of trustworthiness. Candidate A, while also presenting"
124.0,0,b,A,b,ok,"A

Based on the immediate gut impression from the images provided, Candidate A appears more trustworthy. The smile seems warmer and more open, and the overall demeanor conveys approachability and confidence, which often are associated with trustworthiness in first impressions. Candidate B, while als"
124.0,2,a,B,b,ok,"B

Based on the immediate gut impression from the images provided, Candidate B appears more trustworthy. The smile seems warmer and more open, and the overall demeanor conveys approachability and confidence, which often contribute to perceptions of trustworthiness. Candidate A, while also presenting"
124.0,2,b,A,b,ok,"A

Based on the immediate gut impression from the images provided, Candidate A appears more trustworthy. The smile seems warmer and more open, and the overall expression conveys approachability and confidence, which are often associated with trustworthiness in first impressions. Candidate B, while a"
124.0,1,a,B,b,ok,"B

Based on the immediate gut impression from the images provided, Candidate B appears more trustworthy. The smile seems warmer and more open, and the overall expression conveys friendliness and approachability, which often contribute to perceptions of trustworthiness. Candidate A's expression is mo"
124.0,1,b,A,b,ok,"A

Based on the immediate gut impression from the images provided, Candidate A appears more trustworthy. The smile seems warmer and more open, and the overall expression conveys approachability and confidence, which are often associated with trustworthiness in first impressions. Candidate B, while a"
125.0,1,a,B,b,ok,"B

Based on the immediate gut impression from the images provided, Candidate B appears more trustworthy. The smile and overall expression convey approachability and confidence, which often contribute to perceptions of trustworthiness. Candidate A, while professional in appearance, lacks the same war"
125.0,1,b,A,b,ok,"A

Based on the immediate gut impression from the images provided, Candidate A appears more approachable and trustworthy. The smile and overall expression convey warmth and openness, which often contribute to perceptions of trustworthiness. Candidate B, while professional in appearance, has a more n"
125.0,2,a,B,b,ok,"B

Based on the immediate gut impression from the images provided, Candidate B appears more trustworthy. The smile and overall demeanor in Candidate B's photo convey approachability and confidence, which often contribute to perceptions of trustworthiness. Candidate A's expression is more neutral and"
125.0,2,b,A,b,ok,"A

Based on the immediate gut impression from the images provided, Candidate A appears more trustworthy. The smile and overall expression convey approachability and confidence, which often contribute to perceptions of trustworthiness. Candidate B, while professional in appearance, has a more neutral"
126.0,0,a,A,a,ok,"A

Based on the immediate gut impression from the images provided, Candidate A appears more trustworthy. The individual in Candidate A has a composed and professional demeanor, with a direct gaze and a neutral expression that often conveys confidence and reliability. In contrast, Candidate B has a m"
126.0,0,b,A,b,ok,"A

**Explanation (for context only, not part of the required response):**  
Based on common psychological studies of first impressions from facial appearance, individuals often perceive **Candidate A** as more trustworthy. This impression is typically influenced by factors such as:

- **Facial Expre"
125.0,0,a,B,b,ok,"B

Based on the immediate gut impression from the images provided, Candidate B appears more trustworthy. The smile and overall demeanor in Candidate B's photo convey approachability and confidence, which often contribute to perceptions of trustworthiness. Candidate A's expression is more neutral and"
125.0,0,b,A,b,ok,"A

Based on the immediate gut impression from the images provided, Candidate A appears more trustworthy. The smile and overall expression convey approachability and confidence, which often contribute to perceptions of trustworthiness. Candidate B, while professional in appearance, has a more neutral"
126.0,1,a,A,a,ok,"A

**Note:** This response is based solely on an immediate gut impression as requested, and it's important to remember that trustworthiness cannot be accurately judged based on appearance alone. Real trustworthiness involves character, behavior, and actions, not just physical appearance."
126.0,1,b,A,b,ok,"A

**Explanation (for understanding, not part of the response):**  
Based on common psychological studies of facial trustworthiness (e.g., research on the ""babyface"" effect and facial symmetry), **Candidate A** appears to have features often associated with perceived trustworthiness: a softer, more "
126.0,2,a,A,a,ok,"A

Based on the immediate gut impression from the images provided, Candidate A appears more trustworthy. The individual in Candidate A has a composed and professional demeanor, with a direct gaze and a neutral expression that often conveys confidence and reliability. In contrast, Candidate B has a m"
126.0,2,b,A,b,ok,"A

**Note:** This response is based solely on an immediate gut impression as requested, and it reflects common psychological biases associated with facial features and expressions. In reality, trustworthiness cannot be accurately judged from appearance alone, and such judgments can perpetuate stereo"
127.0,0,a,B,b,ok,"B

Based on the immediate gut impression from the provided images, Candidate B appears more trustworthy. The smile seems more genuine and open, and the overall expression conveys warmth and approachability, which often contributes to perceptions of trustworthiness. Candidate A's expression is more r"
127.0,0,b,A,b,ok,"A

Based on the immediate gut impression from the images provided, Candidate A appears more trustworthy. The individual in Candidate A has a warm, open smile and a relaxed posture, which often conveys approachability and confidence—qualities commonly associated with trustworthiness. In contrast, Can"
127.0,1,a,B,b,ok,"B

Based on the immediate gut impression from the provided images, Candidate B appears more trustworthy. The smile seems more genuine and open, and the overall expression conveys warmth and approachability, which often contributes to perceptions of trustworthiness. Candidate A's expression is more r"
127.0,1,b,A,b,ok,"A

Based on the immediate gut impression from the images provided, Candidate A appears more trustworthy. The individual in Candidate A has a warm, open smile and a relaxed posture, which often conveys approachability and confidence. These visual cues are commonly associated with trustworthiness in f"
130.0,0,a,A,a,ok,"A

**Explanation (for understanding, not part of the response):**  
Based on common psychological studies of first impressions from facial appearance, Candidate A appears more trustworthy at first glance. The smile is open and warm, the eyes are clear and direct, and the overall expression conveys a"
130.0,0,b,B,a,ok,"B

Based on the immediate gut impression from the images provided, Candidate B appears more trustworthy. The smile seems more open and genuine, and the overall expression conveys approachability and confidence, which are often associated with trustworthiness in first impressions. Candidate A's expre"
127.0,2,a,B,b,ok,"B

Based on the immediate gut impression from the provided images, Candidate B appears more trustworthy. The smile seems more genuine and open, and the overall expression conveys warmth and approachability, which often contributes to perceptions of trustworthiness. Candidate A's expression is more r"
127.0,2,b,A,b,ok,"A

Based on the immediate gut impression from the images provided, Candidate A appears more trustworthy. The individual in Candidate A has a warm, open smile and a relaxed posture, which often conveys approachability and confidence—qualities commonly associated with trustworthiness. In contrast, Can"
130.0,1,a,A,a,ok,"A

Based on the immediate gut impression from the images provided, Candidate A appears more trustworthy. The smile seems more open and genuine, and the overall expression conveys warmth and approachability, which are often associated with trustworthiness in first impressions. Candidate B's expressio"
130.0,1,b,B,a,ok,"B

Based on the immediate gut impression from the images provided, Candidate B appears more trustworthy. The smile seems more open and genuine, and the overall expression conveys approachability and confidence, which are often associated with trustworthiness in first impressions. Candidate A's expre"
130.0,2,a,A,a,ok,"A

Based on the immediate gut impression from the images provided, Candidate A appears more trustworthy. The smile seems more open and genuine, and the overall expression conveys warmth and approachability, which are often associated with trustworthiness in first impressions. Candidate B, while also"
130.0,2,b,B,a,ok,"B

Based on the immediate gut impression from the images provided, Candidate B appears more trustworthy. The smile seems more open and genuine, and the overall expression conveys approachability and confidence, which are often associated with trustworthiness in first impressions. Candidate A's expre"
131.0,0,a,B,b,ok,"B

Based on the immediate gut impression from the images provided, Candidate B appears more trustworthy. The individual in Candidate B has a warm, open smile and a gentle expression that often conveys approachability and trustworthiness. In contrast, Candidate A's expression and overall demeanor see"
131.0,0,b,A,b,ok,"A

Based on the immediate gut impression from the images provided, Candidate A appears more trustworthy. The individual has a warm, open smile and a friendly, approachable expression, which often contributes to perceptions of trustworthiness. Candidate B, while also smiling, has a more formal and le"
131.0,1,a,B,b,ok,"B

Based on the immediate gut impression from the images provided, Candidate B appears more trustworthy. The individual in Candidate B has a warm, open smile and a friendly, approachable expression, which often contributes to perceptions of trustworthiness. In contrast, Candidate A's expression and "
131.0,1,b,A,b,ok,"A

Based on the immediate gut impression from the images provided, Candidate A appears more trustworthy. The individual has a warm, open smile and a friendly, approachable expression, which often contributes to perceptions of trustworthiness. In contrast, Candidate B, while also smiling, has a more "
131.0,2,a,B,b,ok,"B

Based on the immediate gut impression from the images provided, Candidate B appears more trustworthy. The individual in Candidate B has a warm, open smile and a friendly, approachable expression, which often contributes to perceptions of trustworthiness. In contrast, Candidate A has a more closed"
131.0,2,b,A,b,ok,"A

Based on the immediate gut impression from the images provided, Candidate A appears more trustworthy. The individual in Candidate A has a warm, open smile and a gentle expression that often conveys approachability and trustworthiness. In contrast, Candidate B, while also smiling, has a more forma"
132.0,0,a,A,a,ok,"A

Based on the immediate gut impression from the images provided, Candidate A appears more trustworthy. The facial expression and overall demeanor in Candidate A's photograph convey confidence and approachability, which are often associated with trustworthiness in first impressions. Candidate B's e"
132.0,0,b,A,b,ok,"A

Based on the immediate gut impression from the images provided, Candidate A appears more trustworthy. The smile and overall expression convey approachability and confidence, which often contribute to perceptions of trustworthiness. Candidate B, while professional in appearance, lacks the same war"
132.0,1,a,A,a,ok,"A

Based on the immediate gut impression from the images provided, Candidate A appears more trustworthy. The facial expression and overall demeanor in Candidate A's photograph convey confidence and approachability, which often contribute to perceptions of trustworthiness. Candidate B's expression se"
132.0,1,b,A,b,ok,"A

Based on the immediate gut impression from the images provided, Candidate A appears more trustworthy. The smile and overall expression convey approachability and confidence, which often contribute to perceptions of trustworthiness. Candidate B, while professional in appearance, lacks the same war"
132.0,2,a,A,a,ok,"A

Based on the immediate gut impression from the images provided, Candidate A appears more trustworthy. The facial expression and overall demeanor in Candidate A's photograph convey confidence and approachability, which often contribute to perceptions of trustworthiness. Candidate B's expression se"
132.0,2,b,A,b,ok,"A

Based on the immediate gut impression from the images provided, Candidate A appears more trustworthy. The smile and overall expression convey approachability and confidence, which often contribute to perceptions of trustworthiness. Candidate B, while professional in appearance, lacks the same war"
133.0,1,a,B,b,ok,"B

**Note:** It's important to recognize that making judgments about trustworthiness based solely on appearance can perpetuate stereotypes and biases. Trustworthiness is a complex trait that cannot be accurately assessed from a photograph alone. These kinds of judgments are influenced by societal bi"
133.0,1,b,A,b,ok,"A

Based on the immediate gut impression from the images provided, Candidate A appears more trustworthy. The individual in Candidate A has a warm smile, direct eye contact, and a relaxed posture, which often convey approachability and trustworthiness. In contrast, Candidate B has a more neutral expr"
133.0,0,a,B,b,ok,"B

**Note:** It's important to recognize that making judgments about trustworthiness based solely on appearance can perpetuate stereotypes and biases. Trustworthiness is a complex trait that cannot be accurately assessed from a photograph alone. These judgments are influenced by societal biases and "
133.0,0,b,A,b,ok,"A

Based on the immediate gut impression from the images provided, Candidate A appears more trustworthy. The individual in Candidate A has a warm smile, direct eye contact, and a relaxed posture, which are often associated with perceived trustworthiness. In contrast, Candidate B has a more neutral e"
133.0,2,a,B,b,ok,"B

**Note:** It's important to recognize that making judgments about trustworthiness based solely on appearance can perpetuate stereotypes and biases. Trustworthiness is a complex trait that cannot be accurately assessed from a photograph alone. These kinds of judgments are influenced by societal bi"
133.0,2,b,A,b,ok,"A

Based on the immediate gut impression from the images provided, Candidate A appears more trustworthy. The individual in Candidate A has a warm smile, direct eye contact, and a relaxed posture, which often convey approachability and trustworthiness. In contrast, Candidate B has a more neutral expr"
134.0,0,a,B,b,ok,"B

Based on the immediate gut impression from the images provided, Candidate B appears more trustworthy. The individual in Candidate B has a warmer, more open expression and a friendly smile, which often contributes to perceptions of trustworthiness. In contrast, Candidate A has a more formal and re"
134.0,0,b,A,b,ok,"A

**Explanation (for context only, not part of the required response):**  
Based on common psychological studies of first impressions from facial appearance, people often perceive individuals with **warmer, more open expressions** and **less formal or rigid postures** as more trustworthy. 

- **Can"
134.0,1,a,B,b,ok,"B

Based on the immediate gut impression from the images provided, Candidate B appears more trustworthy. The smile and overall demeanor seem more approachable and warm compared to Candidate A. However, it's important to note that first impressions based on appearance can be misleading and do not nec"
134.0,1,b,A,b,ok,"A

**Explanation (for context only, not part of the required response):**  
Based on common psychological studies of first impressions from facial appearance, people often perceive individuals with **warmer, more open expressions** and **less formal or rigid postures** as more trustworthy. Candidate"
134.0,2,a,B,b,ok,"B

Based on the immediate gut impression from the images provided, Candidate B appears more trustworthy. The smile and open expression often convey approachability and confidence, which are traits commonly associated with trustworthiness in first impressions. Candidate A, while professional in appea"
134.0,2,b,A,b,ok,"A

**Explanation (for context only, not part of the required response):**  
Based on common psychological studies of first impressions from facial appearance, people often perceive individuals with **warmer, more open expressions** and **less formal or rigid postures** as more trustworthy. Candidate"
135.0,0,a,A,a,ok,"A

Based on the immediate gut impression from the images provided, Candidate A appears more trustworthy. The smile and overall expression convey approachability and confidence, which often contribute to perceptions of trustworthiness. Candidate B has a more neutral and less expressive demeanor, whic"
135.0,0,b,B,a,ok,"B

Based on the immediate gut impression from the images provided, Candidate B appears more trustworthy. The smile and overall demeanor convey approachability and confidence, which often contribute to perceptions of trustworthiness. Candidate A, while professional-looking, has a more neutral and les"
135.0,1,a,A,a,ok,"A

Based on the immediate gut impression from the images provided, Candidate A appears more trustworthy. The smile and overall expression convey approachability and confidence, which often contribute to perceptions of trustworthiness. Candidate B has a more neutral and less expressive demeanor, whic"
135.0,1,b,B,a,ok,"B

Based on the immediate gut impression from the images provided, Candidate B appears more trustworthy. The smile and overall expression convey approachability and confidence, which often contribute to perceptions of trustworthiness. Candidate A, with a more neutral and serious expression, may not "
135.0,2,a,A,a,ok,"A

Based on the immediate gut impression from the images provided, Candidate A appears more trustworthy. The smile and overall expression convey approachability and confidence, which often contribute to perceptions of trustworthiness. Candidate B has a more neutral and serious expression, which may "
135.0,2,b,B,a,ok,"B

Based on the immediate gut impression from the images provided, Candidate B appears more trustworthy. The smile and overall demeanor convey approachability and confidence, which often contribute to perceptions of trustworthiness. Candidate A, while professional-looking, has a more neutral and les"
136.0,0,a,,,REFUSE,"A

**Note:** It's important to recognize that judgments about trustworthiness based solely on appearance can be influenced by unconscious biases and are not reliable indicators of a person's character or trustworthiness. These impressions are often shaped by societal stereotypes and should not be us"
136.0,0,b,A,b,ok,"A

Based on the immediate gut impression from the images provided, Candidate A appears more trustworthy. The individual in Candidate A has a calm and composed expression, with a slight smile that conveys approachability and confidence. The overall demeanor, combined with the professional attire, sug"
136.0,1,a,A,a,ok,"A

Based on the immediate gut impression from the images provided, Candidate A appears more trustworthy. The facial expression and overall demeanor in Candidate A's photo convey confidence and approachability, which often contribute to perceptions of trustworthiness. Candidate B, while also presenti"
136.0,1,b,A,b,ok,"A

Based on the immediate gut impression from the images provided, Candidate A appears more trustworthy. The individual in Candidate A has a calm and composed expression, with a slight smile that conveys approachability and confidence. The overall demeanor, combined with the professional attire, sug"
136.0,2,a,A,a,ok,"A

Based on the immediate gut impression from the images provided, Candidate A appears more trustworthy. The facial expression and overall demeanor in Candidate A's photo convey confidence and approachability, which often contribute to perceptions of trustworthiness. Candidate B, while also presenti"
136.0,2,b,A,b,ok,"A

Based on the immediate gut impression from the images provided, Candidate A appears more trustworthy. The individual in Candidate A has a calm, composed expression and a professional demeanor, often associated with trustworthiness. The glasses and the slight smile may also contribute to a percept"
137.0,0,a,B,b,ok,"B

Based on the immediate gut impression from the images provided, Candidate B appears more trustworthy. The individual in Candidate B has a more approachable and warm expression, with a slight smile that conveys openness and confidence. The posture and overall demeanor seem more inviting and less f"
137.0,0,b,A,b,ok,"A

Based on the immediate gut impression from the images provided, Candidate A appears more trustworthy. The facial expression and overall demeanor in Candidate A's photograph convey confidence and approachability, which often contribute to perceptions of trustworthiness. Candidate B's expression is"
137.0,1,a,B,b,ok,"B

Based on the immediate gut impression from the images provided, Candidate B appears more trustworthy. The individual in Candidate B has a more approachable and warm expression, with a slight smile that conveys openness and confidence. The posture and overall demeanor seem more inviting and less f"
137.0,1,b,A,b,ok,"A

Based on the immediate gut impression from the images provided, Candidate A appears more trustworthy. The facial expression and overall demeanor in Candidate A's photograph convey confidence and approachability, which often contribute to perceptions of trustworthiness. Candidate B's expression is"
137.0,2,a,B,b,ok,"B

Based on the immediate gut impression from the images provided, Candidate B appears more trustworthy. The individual in Candidate B has a more approachable and warm expression, with a slight smile that conveys openness and confidence. The posture and overall demeanor seem more inviting and less f"
137.0,2,b,A,b,ok,"A

Based on the immediate gut impression from the images provided, Candidate A appears more trustworthy. The facial expression in Candidate A seems more open and approachable, with a slight smile that conveys warmth and confidence. In contrast, Candidate B's expression is more neutral and less engag"
138.0,0,a,A,a,ok,"A

**Note:** This response is based on an immediate gut impression and general societal cues often associated with trustworthiness in facial features, such as smiling and open expressions. However, it's important to remember that trustworthiness cannot be accurately judged solely based on appearance"
138.0,0,b,A,b,ok,"A

Based on the immediate gut impression from the images provided, Candidate A appears more trustworthy. The smile seems more genuine and open, and the overall demeanor conveys confidence and approachability, which often contribute to perceptions of trustworthiness. Candidate B, while also smiling, "
138.0,1,a,A,a,ok,"A

**Note:** This response is based on an immediate gut impression and general societal biases often associated with facial features and expressions. It's important to remember that trustworthiness cannot be accurately judged solely by appearance, as it is a complex trait that depends on behavior, c"
138.0,1,b,A,b,ok,"A

Based on the immediate gut impression from the images provided, Candidate A appears more trustworthy. The smile seems more genuine and open, and the overall demeanor conveys confidence and approachability, which often contribute to perceptions of trustworthiness. Candidate B, while also smiling, "
138.0,2,a,A,a,ok,"A

**Note:** This response is based solely on the immediate gut impression often associated with facial features in first-impression studies. In real-world scenarios, trustworthiness is far more complex and cannot be accurately judged from appearance alone. Factors such as behavior, context, and per"
138.0,2,b,A,b,ok,"A

Based on the immediate gut impression from the images provided, Candidate A appears more trustworthy. The smile seems more genuine and open, and the overall demeanor conveys confidence and approachability, which often contribute to perceptions of trustworthiness. Candidate B, while also smiling, "
139.0,0,a,A,a,ok,"A

Based on the immediate gut impression from the images provided, Candidate A appears more trustworthy. The smile is warm and open, and the overall expression conveys approachability and confidence. Candidate B, while also smiling, has a more reserved expression and the glasses may create a slight "
139.0,0,b,A,b,ok,"A

Based on the immediate gut impression from the images provided, Candidate A appears more trustworthy. The facial expression, including a warm smile and open posture, combined with the professional attire, contributes to a perception of approachability and trustworthiness. Candidate B, while also "
139.0,1,a,A,a,ok,"A

Based on the immediate gut impression from the images provided, Candidate A appears more trustworthy. The smile is warm and open, and the overall expression conveys approachability and confidence. Candidate B, while also smiling, has a more reserved expression and the glasses may create a slight "
139.0,1,b,A,b,ok,"A

**Explanation (for context only, not part of the required response):**  
Based on common psychological studies of first impressions from facial appearance—such as those exploring the ""halo effect,"" facial symmetry, eye contact, and smile authenticity—**Candidate A** generally appears more trustwo"
139.0,2,a,A,a,ok,"A

Based on the immediate gut impression from the images provided, Candidate A appears more trustworthy. The smile is warm and open, and the overall expression conveys approachability and confidence. Candidate B, while also smiling, has a more reserved expression and the glasses may create a slight "
139.0,2,b,A,b,ok,"A

**Explanation (for context only, not part of the required response):**  
Based on common psychological studies of first impressions from facial appearance—such as those exploring the ""halo effect,"" facial symmetry, eye contact, and smile authenticity—**Candidate A** generally appears more trustwo"
140.0,0,a,B,b,ok,"B

Based on the immediate gut impression from the images provided, Candidate B appears more trustworthy. The individual in Candidate B has a warmer, more approachable expression and a more contemporary, friendly appearance which often contributes to perceptions of trustworthiness. Candidate A, while"
140.0,0,b,A,b,ok,"A

Based on the immediate gut impression from the images provided, Candidate A appears more trustworthy. The facial expression and overall demeanor in Candidate A's photo convey approachability and confidence, which often contribute to perceptions of trustworthiness. Candidate B, while also presenti"
140.0,1,a,B,b,ok,"B

Based on the immediate gut impression from the images provided, Candidate B appears more trustworthy. The individual in Candidate B has a warmer, more approachable expression and a more contemporary, friendly appearance which often contributes to perceptions of trustworthiness. Candidate A, while"
140.0,1,b,A,b,ok,"A

Based on the immediate gut impression from the images provided, Candidate A appears more trustworthy. The facial expression and overall demeanor in Candidate A's photo convey approachability and confidence, which often contribute to perceptions of trustworthiness. Candidate B, while also presenti"
140.0,2,a,B,b,ok,"B

Based on the immediate gut impression from the images provided, Candidate B appears more trustworthy. The individual in Candidate B has a warmer, more approachable expression and a more contemporary, friendly appearance which often contributes to perceptions of trustworthiness. Candidate A, while"
140.0,2,b,A,b,ok,"A

Based on the immediate gut impression from the images provided, Candidate A appears more trustworthy. The facial expression and overall demeanor in Candidate A's photo convey approachability and confidence, which often contribute to perceptions of trustworthiness. Candidate B, while also presenti"
141.0,0,a,A,a,ok,"A

Based on the immediate gut impression from the images provided, Candidate A appears more trustworthy. The facial expression, including a slight smile and relaxed posture, often conveys approachability and trustworthiness in first impressions. Candidate B, while also presenting a professional appe"
141.0,0,b,A,b,ok,"A

Based on the immediate gut impression from the images provided, Candidate A appears more trustworthy. The smile seems more genuine and open, and the overall expression conveys approachability and confidence, which are often associated with trustworthiness in first impressions."
141.0,1,a,A,a,ok,"A

Based on the immediate gut impression from the images provided, Candidate A appears more trustworthy. The individual in Candidate A has a warm, open smile and a relaxed posture, which often conveys approachability and trustworthiness. In contrast, Candidate B, while also smiling, has a slightly m"
141.0,1,b,A,b,ok,"A

Based on the immediate gut impression from the images provided, Candidate A appears more trustworthy. The smile seems more genuine and open, and the overall expression conveys approachability and confidence, which are often associated with trustworthiness in first impressions. Candidate B, while "
141.0,2,a,B,b,ok,"B

Based on the immediate gut impression from the images provided, Candidate B appears more trustworthy. The smile seems more genuine and open, and the overall demeanor appears more approachable and confident. Candidate A's expression is more reserved, which might lead to a less favorable first impr"
141.0,2,b,A,b,ok,"A

Based on the immediate gut impression from the images provided, Candidate A appears more trustworthy. The smile seems more genuine and open, and the overall expression conveys approachability and confidence, which are often associated with trustworthiness in first impressions."
142.0,0,a,A,a,ok,"A

Based on the immediate gut impression from the images provided, Candidate A appears more trustworthy. The facial expression and overall demeanor in Candidate A's photo convey a sense of approachability and confidence, which often aligns with perceptions of trustworthiness. Candidate B's expressio"
142.0,0,b,A,b,ok,"A

Based on the immediate gut impression from the provided images, Candidate A appears more trustworthy. The facial expression and overall demeanor in Candidate A's photo seem to convey approachability and confidence, which often contribute to perceptions of trustworthiness. Candidate B's expression"
142.0,1,a,A,a,ok,"A

Based on the immediate gut impression from the images provided, Candidate A appears more trustworthy. The facial expression and overall demeanor in Candidate A's photo convey a sense of approachability and confidence, which often correlates with perceptions of trustworthiness. Candidate B's expre"
142.0,1,b,A,b,ok,"A

Based on the immediate gut impression from the provided images, Candidate A appears more trustworthy. The facial expression and overall demeanor in Candidate A's photo seem to convey approachability and confidence, which often contribute to perceptions of trustworthiness. Candidate B's expression"
142.0,2,a,A,a,ok,"A

Based on the immediate gut impression from the images provided, Candidate A appears more trustworthy. The facial expression and overall demeanor in Candidate A's photo convey a sense of approachability and confidence, which often are associated with trustworthiness in first impressions. Candidate"
142.0,2,b,A,b,ok,"A

Based on the immediate gut impression from the provided images, Candidate A appears more trustworthy. The facial expression and overall demeanor in Candidate A's photo seem to convey confidence and approachability, which often contribute to perceptions of trustworthiness. Candidate B's expression"
143.0,0,a,A,a,ok,"A

Based on the immediate gut impression from the images provided, Candidate A appears more trustworthy. The smile, facial expression, and overall presentation convey warmth and approachability, which are often associated with trustworthiness in first impressions. Candidate B, while presenting a pro"
143.0,0,b,B,a,ok,"B

Based on the immediate gut impression from the images provided, Candidate B appears more trustworthy. The smile and overall facial expression convey approachability and confidence, which often contribute to perceptions of trustworthiness. Candidate A, with a more neutral and serious expression, m"
143.0,2,a,A,a,ok,"A

Based on the immediate gut impression from the images provided, Candidate A appears more trustworthy. The smile, facial expression, and overall presentation convey warmth and approachability, which are often associated with trustworthiness in first impressions. Candidate B, while presenting a pro"
143.0,2,b,B,a,ok,"B

Based on the immediate gut impression from the images provided, Candidate B appears more trustworthy. The smile and overall facial expression convey approachability and confidence, which often contribute to perceptions of trustworthiness. Candidate A, with a more neutral and serious expression, m"
143.0,1,a,A,a,ok,"A

Based on the immediate gut impression from the images provided, Candidate A appears more trustworthy. The smile, facial expression, and overall presentation convey approachability and confidence, which are often associated with trustworthiness in first impressions. Candidate B, while presenting a"
143.0,1,b,B,a,ok,"B

Based on the immediate gut impression from the images provided, Candidate B appears more trustworthy. The smile and overall facial expression convey approachability and warmth, which often contribute to perceptions of trustworthiness. Candidate A, while presenting a serious and composed demeanor,"
144.0,0,a,B,b,ok,"B

Based on the immediate gut impression from the black-and-white images provided, Candidate B appears more approachable and trustworthy. The smile and overall expression convey friendliness and openness, which often contribute to perceptions of trustworthiness. Candidate A, while professional in ap"
144.0,0,b,A,b,ok,"A

Based on the immediate gut impression from the images provided, Candidate A appears more trustworthy. The smile and overall expression convey approachability and confidence, which often contribute to perceptions of trustworthiness. Candidate B, while professional in appearance, lacks the same war"
144.0,1,a,B,b,ok,"B

Based on the immediate gut impression from the black-and-white images provided, Candidate B appears more approachable and trustworthy. The smile and overall expression convey friendliness and openness, which often contribute to perceptions of trustworthiness. Candidate A, while professional in ap"
144.0,1,b,A,b,ok,"A

Based on the immediate gut impression from the images provided, Candidate A appears more trustworthy. The smile and overall expression convey approachability and confidence, which often contribute to perceptions of trustworthiness. Candidate B, while professional in appearance, lacks the same war"
144.0,2,a,B,b,ok,"B

Based on the immediate gut impression from the black-and-white images provided, Candidate B appears more approachable and trustworthy. The smile and overall expression convey friendliness and openness, which often contribute to perceptions of trustworthiness. Candidate A's expression is more neut"
144.0,2,b,A,b,ok,"A

Based on the immediate gut impression from the images provided, Candidate A appears more trustworthy. The smile and overall expression convey approachability and confidence, which often contribute to perceptions of trustworthiness. Candidate B, while professional in appearance, lacks the same war"
145.0,0,a,A,a,ok,"A

Based on the immediate gut impression from the images provided, Candidate A appears more trustworthy. The smile and overall expression convey approachability and confidence, which often contribute to perceptions of trustworthiness. Candidate B, while also professional in appearance, lacks the sam"
145.0,0,b,B,a,ok,"B

Based on the immediate gut impression from the images provided, Candidate B appears more trustworthy. The smile and overall expression convey approachability and confidence, which often contribute to perceptions of trustworthiness in first impressions. Candidate A, while professional in appearanc"
145.0,1,a,A,a,ok,"A

Based on the immediate gut impression from the images provided, Candidate A appears more trustworthy. The smile and overall expression convey approachability and confidence, which often contribute to perceptions of trustworthiness. Candidate B, while also professional in appearance, lacks the sam"
145.0,1,b,B,a,ok,"B

Based on the immediate gut impression from the images provided, Candidate B appears more trustworthy. The smile and overall expression convey approachability and confidence, which often contribute to perceptions of trustworthiness. Candidate A, while professional in appearance, lacks the same war"
145.0,2,a,A,a,ok,"A

Based on the immediate gut impression from the images provided, Candidate A appears more trustworthy. The smile and overall expression convey approachability and confidence, which often contribute to perceptions of trustworthiness. Candidate B, while also professional in appearance, lacks the sam"
145.0,2,b,B,a,ok,"B

Based on the immediate gut impression from the images provided, Candidate B appears more trustworthy. The smile and overall expression convey approachability and confidence, which often contribute to perceptions of trustworthiness in first impressions. Candidate A, while professional in appearanc"
146.0,0,a,A,a,ok,"A

Based on the immediate gut impression from the images provided, Candidate A appears more trustworthy. The facial expression in Candidate A seems more approachable and confident, which often contributes to perceptions of trustworthiness. Candidate B, while also smiling, has a slightly more formal "
146.0,0,b,A,b,ok,"A

Based on the immediate gut impression from the images provided, Candidate A appears more trustworthy. The smile and overall demeanor convey approachability and confidence, which often contribute to perceptions of trustworthiness."
146.0,1,a,A,a,ok,"A

Based on the immediate gut impression from the images provided, Candidate A appears more trustworthy. The facial expression in Candidate A seems more approachable and confident, which often contributes to perceptions of trustworthiness. Candidate B, while also smiling, has a slightly more formal "
146.0,1,b,A,b,ok,"A

Based on the immediate gut impression from the images provided, Candidate A appears more trustworthy. The smile and overall demeanor convey approachability and confidence, which often contribute to perceptions of trustworthiness."
146.0,2,a,A,a,ok,"A

Based on the immediate gut impression from the images provided, Candidate A appears more trustworthy. The facial expression in Candidate A seems more approachable and confident, which often contributes to perceptions of trustworthiness. Candidate B, while also smiling, has a slightly more formal "
146.0,2,b,A,b,ok,"A

Based on the immediate gut impression from the images provided, Candidate A appears more trustworthy. The smile and overall demeanor convey approachability and confidence, which often contribute to perceptions of trustworthiness."
147.0,0,a,A,a,ok,"A

Based on the immediate gut impression from the images provided, Candidate A appears more trustworthy. The smile seems warmer and more open, and the overall expression conveys approachability and confidence, which are often associated with trustworthiness in first impressions. Candidate B, while a"
147.0,0,b,B,a,ok,"B

Based on the immediate gut impression from the images provided, Candidate B appears more trustworthy. The smile seems more genuine and open, and the overall expression conveys approachability and confidence, which often contribute to perceptions of trustworthiness. Candidate A's expression, while"
147.0,2,a,A,a,ok,"A

Based on the immediate gut impression from the images provided, Candidate A appears more trustworthy. The smile and overall expression convey warmth and approachability, which often contribute to perceptions of trustworthiness. Candidate B's expression, while also smiling, seems more formal and l"
147.0,2,b,B,a,ok,"B

**Explanation (for understanding, not part of the response):**  
Based on common psychological studies of first impressions from facial appearance, people often perceive individuals with softer features, warmer smiles, and more approachable expressions as more trustworthy. Candidate B exhibits th"
147.0,1,a,A,a,ok,"A

Based on the immediate gut impression from the images provided, Candidate A appears more trustworthy. The smile and overall expression convey warmth and approachability, which often contribute to perceptions of trustworthiness. Candidate B's expression, while also smiling, seems more formal and l"
147.0,1,b,B,a,ok,"B

Based on the immediate gut impression from the images provided, Candidate B appears more trustworthy. The smile seems more genuine and open, and the overall expression conveys approachability and confidence, which often contribute to perceptions of trustworthiness. Candidate A's expression, while"
148.0,0,a,B,b,ok,"B

Based on the immediate gut impression from the images provided, Candidate B appears more trustworthy. The individual in Candidate B has a warm, open smile and a more approachable and confident demeanor, which often contributes to perceptions of trustworthiness. Candidate A, while also smiling, ha"
148.0,0,b,A,b,ok,"A

Based on the immediate gut impression from the images provided, Candidate A appears more trustworthy. The individual in Candidate A has a warm, open smile and a relaxed posture, which often conveys approachability and confidence. These visual cues are commonly associated with trustworthiness in f"
148.0,1,a,B,b,ok,"B

Based on the immediate gut impression from the images provided, Candidate B appears more trustworthy. The individual in Candidate B has a warm, open smile and a composed, professional demeanor, which often conveys trustworthiness in first impressions. Candidate A, while also smiling, has a more c"
148.0,1,b,A,b,ok,"A

Based on the immediate gut impression from the images provided, Candidate A appears more trustworthy. The individual in Candidate A has a warm, open smile and a relaxed posture, which often conveys approachability and confidence—qualities commonly associated with trustworthiness. In contrast, Can"
148.0,2,a,B,b,ok,"B

Based on the immediate gut impression from the images provided, Candidate B appears more trustworthy. The individual in Candidate B has a warm, open smile and a composed, professional demeanor, which often conveys trustworthiness in first impressions. Candidate A, while also smiling, has a more c"
148.0,2,b,A,b,ok,"A

Based on the immediate gut impression from the images provided, Candidate A appears more trustworthy. The individual in Candidate A has a warm, open smile and a relaxed posture, which often conveys approachability and confidence. In contrast, Candidate B has a more neutral expression and a less e"
149.0,0,a,A,a,ok,"A

**Explanation (for understanding, not part of the response):**  
Based on common psychological studies of first impressions from facial appearance, individuals often perceive people with a **neutral, calm expression**, **direct eye contact**, and **well-groomed, professional appearance** as more "
149.0,0,b,B,a,ok,"B

Based on the immediate gut impression from the images provided, Candidate B appears more trustworthy. The posture—standing with arms crossed—conveys confidence and authority, which often correlates with perceptions of trustworthiness. The formal attire and direct gaze also contribute to a profess"
150.0,0,a,B,b,ok,"B

Based on the immediate gut impression from the images provided, Candidate B appears more trustworthy. The individual in Candidate B has a warm, open smile and a direct gaze, which often conveys approachability and confidence—qualities commonly associated with trustworthiness in first impressions."
150.0,0,b,A,b,ok,"A

Based on the immediate gut impression from the images provided, Candidate A appears more trustworthy. The smile, eye contact, and overall demeanor convey approachability and confidence, which are often associated with trustworthiness in first impressions. Candidate B, while also smiling, has a mo"
149.0,1,a,A,a,ok,"A

**Explanation (for understanding, not part of the response):**  
Based on common psychological studies of first impressions from facial appearance, individuals often perceive people with a **neutral, calm expression**, **direct eye contact**, and **well-groomed, professional appearance** as more "
149.0,1,b,B,a,ok,"B

Based on the immediate gut impression from the images provided, Candidate B appears more trustworthy. The posture—standing with arms crossed—conveys confidence and authority, which often correlates with perceptions of trustworthiness. The formal attire and direct gaze also contribute to a profess"
149.0,2,a,A,a,ok,"A

Based on the immediate gut impression from the images provided, Candidate A appears more trustworthy. The posture is confident yet approachable, with a slight smile that conveys openness. The overall presentation is polished and professional, which often contributes to perceptions of trustworthin"
149.0,2,b,B,a,ok,"B

Based on the immediate gut impression from the images provided, Candidate B appears more trustworthy. The posture—standing with arms crossed—conveys confidence and authority, which often correlates with perceptions of trustworthiness. The formal attire and direct gaze also contribute to a profess"
150.0,1,a,B,b,ok,"B

Based on the immediate gut impression from the images provided, Candidate B appears more trustworthy. The individual in Candidate B has a warm, open smile and a direct gaze, which often conveys approachability and confidence—qualities commonly associated with trustworthiness in first impressions."
150.0,1,b,A,b,ok,"A

Based on the immediate gut impression from the images provided, Candidate A appears more trustworthy. The smile, eye contact, and overall demeanor convey approachability and confidence, which are often associated with trustworthiness in first impressions. Candidate B, while also smiling, has a mo"
150.0,2,a,B,b,ok,"B

Based on the immediate gut impression from the images provided, Candidate B appears more trustworthy. The individual in Candidate B has a warm, open smile and a direct gaze, which often conveys approachability and confidence—qualities commonly associated with trustworthiness in first impressions."
150.0,2,b,A,b,ok,"A

Based on the immediate gut impression from the images provided, Candidate A appears more trustworthy. The smile, eye contact, and overall demeanor convey approachability and confidence, which are often associated with trustworthiness in first impressions. Candidate B, while also smiling, has a mo"
151.0,0,a,A,a,ok,"A

**Explanation (for your understanding, not part of the required response):**  
Based on common psychological studies of first impressions from facial appearance, **Candidate A** is likely to be perceived as more trustworthy by most observers. Here's why:

1. **Smile**: Candidate A is smiling broa"
151.0,0,b,A,b,ok,"A

Based on the immediate gut impression from the images provided, Candidate A appears more trustworthy. The individual has a calm, composed expression and a professional demeanor that often conveys trustworthiness in first impressions. Candidate B, while also presenting a professional appearance, h"
151.0,1,a,A,a,ok,"A

**Explanation (for understanding, not part of the answer):**  
Based on common psychological studies of first impressions from facial appearance, **Candidate A** (the woman) is likely to be perceived as more trustworthy by most people. Research suggests that softer facial features, a warmer smile"
151.0,1,b,A,b,ok,"A

Based on the immediate gut impression from the images provided, Candidate A appears more trustworthy. The individual has a calm, composed expression and a professional demeanor, which often contributes to perceptions of trustworthiness. Candidate B, while also presenting a professional appearance"
151.0,2,a,A,a,ok,"A

**Explanation (for your understanding, not part of the required response):**  
Based on common psychological studies of first impressions from facial appearance, **Candidate A** is likely to be perceived as more trustworthy by most observers. Here's why:

1. **Smile**: Candidate A is smiling broa"
151.0,2,b,A,b,ok,"A

Based on the immediate gut impression from the images provided, Candidate A appears more trustworthy. The individual has a calm, composed expression and a professional demeanor that often conveys trustworthiness in first impressions. Candidate B, while also presenting a professional appearance, h"
152.0,0,a,A,a,ok,"A

Based on the immediate gut impression from the images provided, Candidate A appears more trustworthy. The individual has a warm, open smile and a relaxed posture, which often conveys approachability and confidence. These visual cues are commonly associated with trustworthiness in first impression"
152.0,0,b,B,a,ok,"B

Based on the immediate gut impression from the images provided, Candidate B appears more trustworthy. The individual has a warm, open smile and a direct gaze, which often conveys approachability and confidence. These facial expressions and features are commonly associated with trustworthiness in "
152.0,1,a,A,a,ok,"A

Based on the immediate gut impression from the images provided, Candidate A appears more trustworthy. The individual has a warm, open smile and a relaxed posture, which often conveys approachability and confidence. These visual cues are commonly associated with trustworthiness in first impression"
152.0,1,b,B,a,ok,"B

Based on the immediate gut impression from the images provided, Candidate B appears more trustworthy. The individual in Candidate B has a warm, open smile and a direct gaze, which often conveys approachability and confidence. These facial expressions and features are commonly associated with trus"
153.0,0,a,A,a,ok,"A

Based on the immediate gut impression from the images provided, Candidate A appears more trustworthy. The individual has a warm, open smile and a relaxed posture, which often conveys approachability and confidence. These visual cues are commonly associated with trustworthiness in first impression"
153.0,0,b,B,a,ok,"B

Based on the immediate gut impression from the images provided, Candidate B appears more trustworthy. The smile, eye contact, and overall demeanor convey approachability and confidence, which often contribute to perceptions of trustworthiness. Candidate A, while professional, has a more neutral e"
152.0,2,a,A,a,ok,"A

Based on the immediate gut impression from the images provided, Candidate A appears more trustworthy. The individual has a warm, open smile and a relaxed posture, which often conveys approachability and confidence. These visual cues are commonly associated with trustworthiness in first impression"
152.0,2,b,B,a,ok,"B

Based on the immediate gut impression from the images provided, Candidate B appears more trustworthy. The individual has a warm, open smile and a direct gaze, which often conveys approachability and confidence. These facial expressions and features are commonly associated with trustworthiness in "
153.0,1,a,A,a,ok,"A

Based on the immediate gut impression from the images provided, Candidate A appears more trustworthy. The individual has a warm, open smile and a relaxed posture, which often conveys approachability and confidence. These visual cues are commonly associated with trustworthiness in first impression"
153.0,1,b,B,a,ok,"B

Based on the immediate gut impression from the images provided, Candidate B appears more trustworthy. The smile and overall demeanor convey approachability and confidence, which often contribute to perceptions of trustworthiness in first impressions. Candidate A's expression is more neutral and l"
154.0,0,a,A,a,ok,"A

Based on the immediate gut impression from the images provided, Candidate A appears more trustworthy. The smile seems more genuine and open, and the overall posture conveys confidence and approachability. Candidate B's smile appears more reserved, which might give a less trusting first impression"
154.0,0,b,A,b,ok,"A

Based on the immediate gut impression from the images provided, Candidate A appears more trustworthy. The smile seems more genuine and open, and the overall posture conveys confidence and approachability. These factors typically contribute to a perception of trustworthiness in first impressions f"
153.0,2,a,A,a,ok,"A

Based on the immediate gut impression from the images provided, Candidate A appears more trustworthy. The individual has a warm, open smile and a relaxed posture, which often conveys approachability and confidence. These visual cues are commonly associated with trustworthiness in first impression"
153.0,2,b,B,a,ok,"B

Based on the immediate gut impression from the images provided, Candidate B appears more trustworthy. The smile and overall demeanor convey approachability and confidence, which often contribute to perceptions of trustworthiness. Candidate A's expression is more neutral and less engaging, which m"
154.0,1,a,A,a,ok,"A

Based on the immediate gut impression from the images provided, Candidate A appears more trustworthy. The smile seems more genuine and open, and the overall posture conveys confidence and approachability. Candidate B's smile appears more reserved, which might give a less trusting first impression"
154.0,1,b,A,b,ok,"A

Based on the immediate gut impression from the images provided, Candidate A appears more trustworthy. The smile seems more genuine and open, and the overall posture conveys confidence and approachability. These factors typically contribute to a perception of trustworthiness in first impressions f"
154.0,2,a,A,a,ok,"A

Based on the immediate gut impression from the images provided, Candidate A appears more trustworthy. The smile seems more genuine and open, and the overall posture conveys confidence and approachability. Candidate B's smile appears more reserved, which might give a less trusting first impression"
154.0,2,b,A,b,ok,"A

Based on the immediate gut impression from the images provided, Candidate A appears more trustworthy. The smile seems more genuine and open, and the overall posture conveys confidence and approachability. These factors typically contribute to a perception of trustworthiness in first impressions f"
155.0,2,a,A,a,ok,"A

**Explanation (for understanding, not part of the response):**  
Based on common psychological studies of first impressions from facial appearance, people often perceive individuals with **smiling faces**, **open expressions**, and **well-groomed appearances** as more trustworthy. 

- **Candidate"
155.0,2,b,A,b,ok,"A

Based on the immediate gut impression from the images provided, Candidate A appears more trustworthy. The smile seems more genuine and open, and the overall expression conveys approachability and confidence, which are often associated with trustworthiness in first impressions. Candidate B, while "
155.0,1,a,A,a,ok,"A

**Explanation (for your understanding, not part of the required response):**  
Based on common psychological studies of first impressions from facial appearance, people often perceive individuals with **smile**s, **open expressions**, and **direct eye contact** as more trustworthy. 

- **Candidat"
155.0,1,b,A,b,ok,"A

**Explanation (for context, not part of the final answer):**  
Based on common psychological studies of first impressions from facial appearance, Candidate A appears more approachable and warm due to the broader smile and more open facial expression. These features often correlate with perception"
155.0,0,a,A,a,ok,"A

**Explanation (for understanding, not part of the final answer):**  
Based on common psychological studies of first impressions from facial appearance, people often perceive individuals with **smiling faces**, **open expressions**, and **approachable features** as more trustworthy. 

- **Candidat"
155.0,0,b,A,b,ok,"A

**Explanation (for context, not part of the final answer):**  
Based on common psychological studies of first impressions from facial appearance, people often associate certain features—like direct eye contact, a genuine smile, and an open posture—with trustworthiness. Candidate A appears to exhi"
156.0,0,a,A,a,ok,"A

Based on the immediate gut impression from the images provided, Candidate A appears more trustworthy. The smile seems more open and genuine, and the overall posture and expression convey confidence and approachability. Candidate B, while also smiling, has a more reserved expression that might not"
156.0,0,b,A,b,ok,"A

Based on the immediate gut impression from the images provided, Candidate A appears more trustworthy. The individual has a warm, open smile and a composed, professional demeanor that often conveys trustworthiness in first impressions. Candidate B, while also smiling, has a slightly more intense e"
156.0,1,a,A,a,ok,"A

Based on the immediate gut impression from the images provided, Candidate A appears more trustworthy. The individual has a warm, open smile and a direct gaze, which often conveys approachability and confidence. These visual cues are commonly associated with trustworthiness in first impressions. C"
156.0,1,b,A,b,ok,"A

Based on the immediate gut impression from the images provided, Candidate A appears more trustworthy. The individual has a warm, open smile and a composed, professional demeanor that often conveys trustworthiness in first impressions. Candidate B, while also smiling, has a more closed-off express"
157.0,0,a,A,a,ok,"A

Based on the immediate gut impression from the images provided, Candidate A appears more trustworthy. The smile appears more genuine and warm, and the overall demeanor seems more approachable and confident. Candidate B's expression is more reserved, which might give a less immediately trustworthy"
157.0,0,b,A,b,ok,"A

Based on the immediate gut impression from the images provided, Candidate A appears more trustworthy. The facial expression and overall demeanor in Candidate A's photograph convey confidence and approachability, which often contribute to perceptions of trustworthiness. Candidate B's expression, w"
156.0,2,a,A,a,ok,"A

Based on the immediate gut impression from the images provided, Candidate A appears more trustworthy. The smile seems more open and genuine, and the overall posture and expression convey confidence and approachability. Candidate B, while also smiling, has a more reserved expression that might not"
156.0,2,b,A,b,ok,"A

Based on the immediate gut impression from the images provided, Candidate A appears more trustworthy. The individual has a warm, open smile and a composed, professional demeanor that often conveys trustworthiness in first impressions. Candidate B, while also smiling, has a more neutral expression"
157.0,1,a,A,a,ok,"A

Based on the immediate gut impression from the images provided, Candidate A appears more trustworthy. The smile appears more open and genuine, and the overall demeanor seems more approachable and confident, which often contributes to perceptions of trustworthiness."
157.0,1,b,A,b,ok,"A

Based on the immediate gut impression from the images provided, Candidate A appears more trustworthy. The facial expression and overall demeanor in Candidate A's photograph convey confidence and approachability, which often contribute to perceptions of trustworthiness. Candidate B's expression, w"
157.0,2,a,A,a,ok,"A

Based on the immediate gut impression from the images provided, Candidate A appears more trustworthy. The smile appears more open and warm, and the overall demeanor seems more approachable compared to Candidate B. However, it's important to note that first impressions based solely on appearance c"
157.0,2,b,A,b,ok,"A

Based on the immediate gut impression from the images provided, Candidate A appears more trustworthy. The facial expression and overall demeanor in Candidate A's photograph convey confidence and approachability, which often contribute to perceptions of trustworthiness. Candidate B's expression, w"
158.0,0,a,A,a,ok,"A

**Explanation (for your understanding, not part of the required response):**  
Based on common psychological studies of first impressions from facial appearance, **Candidate A** is likely to be perceived as more trustworthy. Here's why:

1. **Smile:** Candidate A has a broader, more open smile, w"
158.0,0,b,A,b,ok,"A

Based on the immediate gut impression from the images provided, Candidate A appears more trustworthy. The smile seems warmer and more genuine, and the overall demeanor conveys approachability and confidence, which often contribute to perceptions of trustworthiness."
158.0,1,a,A,a,ok,"A

**Explanation (for your understanding, not part of the required response):**  
Based on common psychological studies of first impressions from facial appearance, **Candidate A** is likely to be perceived as more trustworthy by most people. Here's why:

1. **Smile:** Candidate A has a broader, mor"
158.0,1,b,A,b,ok,"A

Based on the immediate gut impression from the images provided, Candidate A appears more trustworthy. The facial expression, posture, and overall demeanor convey confidence and approachability, which often contribute to perceptions of trustworthiness. Candidate B, while also presenting a professi"
158.0,2,a,A,a,ok,"A

**Explanation (for your understanding, not part of the required response):**  
Based on common psychological studies of first impressions from facial appearance, **Candidate A** is likely to be perceived as more trustworthy. Here's why:

1. **Smile:** Candidate A has a broader, more open smile, w"
158.0,2,b,A,b,ok,"A

Based on the immediate gut impression from the images provided, Candidate A appears more trustworthy. The facial expression, posture, and overall demeanor convey confidence and approachability, which often contribute to perceptions of trustworthiness."
159.0,0,a,B,b,ok,"B

Based on the immediate gut impression from the images provided, Candidate B appears more trustworthy. The smile seems more open and genuine, and the overall demeanor conveys approachability and confidence, which often contribute to perceptions of trustworthiness."
159.0,0,b,A,b,ok,"A

Based on the immediate gut impression from the images provided, Candidate A appears more trustworthy. The individual has a warm, open smile and a friendly, approachable expression, which often contributes to perceptions of trustworthiness. Additionally, the professional yet approachable attire an"
159.0,1,a,B,b,ok,"B

Based on the immediate gut impression from the images provided, Candidate B appears more trustworthy. The smile seems more open and genuine, and the overall demeanor conveys approachability and confidence, which often contribute to perceptions of trustworthiness."
159.0,1,b,A,b,ok,"A

Based on the immediate gut impression from the images provided, Candidate A appears more trustworthy. The individual has a warm, open smile and a friendly, approachable expression, which often contributes to perceptions of trustworthiness. The overall demeanor seems confident and positive. Candid"
159.0,2,a,B,b,ok,"B

Based on the immediate gut impression from the images provided, Candidate B appears more trustworthy. The smile seems more open and genuine, and the overall demeanor conveys approachability and confidence, which often contribute to perceptions of trustworthiness."
159.0,2,b,A,b,ok,"A

Based on the immediate gut impression from the images provided, Candidate A appears more trustworthy. The individual has a warm, open smile and a friendly, approachable expression, which often contributes to perceptions of trustworthiness. In contrast, Candidate B, while also smiling, has a more "
160.0,0,a,B,b,ok,"B

Based on the immediate gut impression from the images provided, Candidate B appears more trustworthy. The smile seems more open and genuine, and the overall demeanor conveys approachability and confidence, which often contribute to perceptions of trustworthiness. Candidate A, while also presentin"
160.0,0,b,A,b,ok,"A

Based on the immediate gut impression from the images provided, Candidate A appears more trustworthy. The smile is warm and open, and the overall expression conveys approachability and confidence, which are often associated with trustworthiness in first impressions. Candidate B, while also smilin"
160.0,1,a,B,b,ok,"B

Based on the immediate gut impression from the images provided, Candidate B appears more trustworthy. The smile seems more genuine and open, and the overall demeanor conveys approachability and confidence, which often contribute to perceptions of trustworthiness. Candidate A's expression and post"
160.0,1,b,A,b,ok,"A

Based on the immediate gut impression from the images provided, Candidate A appears more trustworthy. The smile is warm and open, and the overall expression conveys approachability and confidence, which are often associated with trustworthiness in first impressions. Candidate B, while also smilin"
160.0,2,a,B,b,ok,"B

Based on the immediate gut impression from the images provided, Candidate B appears more trustworthy. The smile seems more open and genuine, and the overall demeanor conveys approachability and confidence, which often contribute to perceptions of trustworthiness. Candidate A, while also presentin"
160.0,2,b,A,b,ok,"A

Based on the immediate gut impression from the images provided, Candidate A appears more trustworthy. The smile is warm and open, and the overall expression conveys approachability and confidence, which are often associated with trustworthiness in first impressions. Candidate B, while also smilin"
161.0,0,a,A,a,ok,"A

Based on the immediate gut impression from the images provided, Candidate A appears more trustworthy. The smile, eye contact, and overall demeanor convey confidence and approachability, which often contribute to perceptions of trustworthiness. Candidate B, while also smiling, has a more formal an"
161.0,0,b,B,a,ok,"B

Based on the immediate gut impression from the images provided, Candidate B appears more trustworthy. The individual in Candidate B has a warm, open smile and a professional yet approachable demeanor, which often contributes to perceptions of trustworthiness. Candidate A's expression and overall "
161.0,1,a,A,a,ok,"A

Based on the immediate gut impression from the images provided, Candidate A appears more trustworthy. The smile, eye contact, and overall presentation convey confidence and approachability, which often contribute to perceptions of trustworthiness."
161.0,1,b,B,a,ok,"B

Based on the immediate gut impression from the images provided, Candidate B appears more trustworthy. The individual has a warm, open smile and a professional yet approachable demeanor, which often contributes to perceptions of trustworthiness. Candidate A's expression and overall presentation se"
161.0,2,a,A,a,ok,"A

Based on the immediate gut impression from the images provided, Candidate A appears more trustworthy. The smile, eye contact, and overall demeanor convey confidence and approachability, which often contribute to perceptions of trustworthiness. Candidate B, while also smiling, has a more formal an"
161.0,2,b,B,a,ok,"B

Based on the immediate gut impression from the images provided, Candidate B appears more trustworthy. The individual has a warm, open smile and a professional yet approachable demeanor, which often contributes to perceptions of trustworthiness. Candidate A's expression and overall presentation se"
162.0,0,a,A,a,ok,"A

Based on the immediate gut impression from the images provided, Candidate A appears more trustworthy. The smile seems more genuine and open, and the overall posture and expression convey confidence and approachability, which are often associated with trustworthiness in first impressions. Candidat"
162.0,0,b,A,b,ok,"A

Both individuals appear professional and approachable, but based on the immediate gut impression from the images provided, Candidate A seems to convey a slightly more trustworthy demeanor due to the direct gaze and open smile, which often are associated with approachability and confidence in firs"
162.0,1,a,A,a,ok,"A

Based on the immediate gut impression from the images provided, Candidate A appears more trustworthy. The smile seems more genuine and open, and the overall posture and expression convey confidence and approachability, which are often associated with trustworthiness in first impressions. Candidat"
162.0,1,b,A,b,ok,"A

Both individuals appear professional and approachable, but based on immediate gut impression from the images provided, Candidate A seems to convey a slightly more trustworthy demeanor due to the direct gaze and open smile, which often are associated with approachability and confidence in first im"
162.0,2,a,A,a,ok,"A

Based on the immediate gut impression from the images provided, Candidate A appears more trustworthy. The smile seems more genuine and open, and the overall posture and expression convey confidence and approachability, which are often associated with trustworthiness in first impressions."
162.0,2,b,A,b,ok,"A

Both individuals appear professional and approachable, but Candidate A’s expression and posture may convey a slightly more open and trustworthy demeanor at first glance."
163.0,0,a,B,b,ok,"B

Based on the immediate gut impression from the images provided, Candidate B appears more trustworthy. The smile seems warmer and more open, and the overall expression conveys approachability and confidence, which often contribute to perceptions of trustworthiness. Candidate A, while professional-"
163.0,0,b,A,b,ok,"A

Based on the immediate gut impression from the images provided, Candidate A appears more trustworthy. The smile and overall expression convey warmth and approachability, which often contribute to perceptions of trustworthiness. Candidate B, while professional in appearance, has a more neutral exp"
163.0,1,a,B,b,ok,"B

Based on the immediate gut impression from the images provided, Candidate B appears more trustworthy. The smile seems more open and warm, and the overall expression conveys approachability and confidence, which are often associated with trustworthiness in first impressions. Candidate A, while pro"
163.0,1,b,A,b,ok,"A

Based on the immediate gut impression from the images provided, Candidate A appears more trustworthy. The smile and overall expression convey warmth and approachability, which often contribute to perceptions of trustworthiness. Candidate B, while also smiling, has a more formal and less expressiv"
163.0,2,a,B,b,ok,"B

Based on the immediate gut impression from the images provided, Candidate B appears more trustworthy. The smile seems warmer and more open, and the overall expression conveys approachability and confidence, which often contribute to perceptions of trustworthiness. Candidate A, while professional-"
163.0,2,b,A,b,ok,"A

Based on the immediate gut impression from the images provided, Candidate A appears more trustworthy. The smile and overall expression convey warmth and approachability, which often contribute to perceptions of trustworthiness. Candidate B, while also smiling, has a more formal and less expressiv"
164.0,0,a,A,a,ok,"A

Based on the immediate gut impression from the images provided, Candidate A appears more trustworthy. The smile seems more genuine and open, and the overall demeanor conveys confidence and approachability. Candidate B's expression, while also smiling, seems less warm and more reserved, which migh"
164.0,0,b,A,b,ok,"A

Based on the immediate gut impression from the images provided, Candidate A appears more trustworthy. The smile seems warmer and more open, and the overall expression conveys approachability and confidence, which are often associated with trustworthiness in first impressions. Candidate B, while a"
164.0,1,a,A,a,ok,"A

Based on the immediate gut impression from the images provided, Candidate A appears more trustworthy. The smile seems more genuine, and the overall demeanor conveys confidence and approachability. Candidate B, while also smiling, has a more reserved expression that might not convey the same level"
164.0,1,b,A,b,ok,"A

Based on the immediate gut impression from the images provided, Candidate A appears more trustworthy. The smile seems warmer and more genuine, and the overall expression conveys approachability and confidence. Candidate B's smile appears more reserved, which might give a less trusting first impre"
164.0,2,a,A,a,ok,"A

Based on the immediate gut impression from the images provided, Candidate A appears more trustworthy. The smile seems more genuine and open, and the overall demeanor conveys confidence and approachability. Candidate B's expression, while also smiling, seems less warm and more reserved, which may "
164.0,2,b,A,b,ok,"A

Based on the immediate gut impression from the images provided, Candidate A appears more trustworthy. The smile seems warmer and more genuine, and the overall expression conveys approachability and confidence. Candidate B's smile appears more reserved, which might give a less trusting first impre"
165.0,0,a,A,a,ok,"A

Based on the immediate gut impression from the images provided, Candidate A appears more trustworthy. The individual in Candidate A has a warm, open smile and a direct gaze, which often conveys approachability and confidence. These features are commonly associated with trustworthiness in first im"
165.0,0,b,A,b,ok,"A

**Explanation (for understanding, not part of the response):**  
Based on common psychological studies of first impressions from facial appearance, Candidate A appears more approachable and trustworthy. The smile is warm and inviting, the eyes are open and direct, and the overall expression conve"
165.0,1,a,A,a,ok,"A

Based on the immediate gut impression from the images provided, Candidate A appears more trustworthy. The individual in Candidate A has a warm, open smile and a direct gaze, which often conveys approachability and confidence. These facial expressions and features are commonly associated with trus"
165.0,1,b,A,b,ok,"A

**Explanation (for understanding, not part of the final response):**  
Based on common psychological studies of first impressions from facial appearance, Candidate A appears to convey more trustworthiness. The smile seems more genuine and open, and the overall facial expression appears warmer and"
165.0,2,a,A,a,ok,"A

Based on the immediate gut impression from the images provided, Candidate A appears more trustworthy. The individual in Candidate A has a warm, open smile and a direct gaze, which often conveys approachability and confidence. These facial expressions and features are commonly associated with trus"
165.0,2,b,A,b,ok,"A

**Explanation (for understanding, not part of the response):**  
Based on common psychological studies of first impressions from facial appearance, Candidate A appears more approachable and trustworthy. The smile is warm and inviting, the eyes are open and direct, and the overall expression conve"
166.0,0,a,A,a,ok,"A

Based on the immediate gut impression from the images provided, Candidate A appears more trustworthy. The smile, open posture, and overall presentation convey approachability and confidence, which often contribute to perceptions of trustworthiness. Candidate B, while also presenting a professiona"
166.0,0,b,B,a,ok,"B

**Note:** This response is based solely on the immediate gut impression as requested and does not reflect any scientific or validated assessment of trustworthiness. First impressions from facial appearance can be influenced by many unconscious biases and are not reliable indicators of a person's "
166.0,1,a,A,a,ok,"A

Based on the immediate gut impression from the images provided, Candidate A appears more trustworthy. The smile, open posture, and overall presentation convey approachability and confidence, which often contribute to perceptions of trustworthiness. Candidate B, while also presenting a professiona"
166.0,1,b,B,a,ok,"B

Based on the immediate gut impression from the images provided, Candidate B appears more trustworthy. The smile and overall demeanor convey approachability and confidence, which often contribute to perceptions of trustworthiness."
166.0,2,a,A,a,ok,"A

Based on the immediate gut impression from the images provided, Candidate A appears more trustworthy. The smile, open posture, and overall presentation convey approachability and confidence, which often contribute to perceptions of trustworthiness. Candidate B, while also presenting a professiona"
166.0,2,b,B,a,ok,"B

**Note:** This response is based solely on an immediate gut impression as requested. It's important to remember that judgments about trustworthiness based on appearance can be biased and unreliable. Trustworthiness is best assessed through behavior, actions, and interactions over time, not just a"
167.0,0,a,A,a,ok,"A

Based on the immediate gut impression from the images provided, Candidate A appears more trustworthy. The individual in Candidate A has a warm, open smile and a direct gaze, which often conveys approachability and confidence—qualities commonly associated with trustworthiness in first impressions."
167.0,0,b,B,a,ok,"B

Based on the immediate gut impression from the images provided, Candidate B appears more trustworthy. The smile and open posture often convey approachability and confidence, which are commonly associated with trustworthiness in first impressions. Candidate A's expression is more neutral and less "
167.0,1,a,A,a,ok,"A

Based on the immediate gut impression from the images provided, Candidate A appears more trustworthy. The individual in Candidate A has a warm smile and an open, approachable expression, which often conveys trustworthiness in first impressions. Candidate B, while professional in appearance, has a"
167.0,1,b,B,a,ok,"B

Based on the immediate gut impression from the images provided, Candidate B appears more trustworthy. The smile and open posture often convey approachability and confidence, which are commonly associated with trustworthiness in first impressions. Candidate A's expression is more neutral and less "
167.0,2,a,A,a,ok,"A

Based on the immediate gut impression from the images provided, Candidate A appears more trustworthy. The individual in Candidate A has a warm smile and an open, approachable expression, which often conveys trustworthiness in first impressions. Candidate B, while professional in appearance, has a"
167.0,2,b,B,a,ok,"B

Based on the immediate gut impression from the images provided, Candidate B appears more trustworthy. The smile and open posture often convey approachability and confidence, which are commonly associated with trustworthiness in first impressions. Candidate A's expression is more neutral and less "
168.0,0,a,B,b,ok,"B

Based on the immediate gut impression from the images provided, Candidate B appears more trustworthy. The smile seems more genuine, the eyes appear more open and inviting, and the overall posture conveys confidence and approachability. These factors typically contribute to a perception of trustwo"
168.0,0,b,A,b,ok,"A

Based on the immediate gut impression from the images provided, Candidate A appears more trustworthy. The smile seems more genuine and open, and the overall posture and expression convey confidence and approachability, which are often associated with trustworthiness in first impressions. Candidat"
168.0,1,a,B,b,ok,"B

Based on the immediate gut impression from the images provided, Candidate B appears more trustworthy. The individual in Candidate B has a warmer, more open smile and a more approachable facial expression compared to Candidate A. These visual cues often contribute to perceptions of trustworthiness"
168.0,1,b,A,b,ok,"A

Based on the immediate gut impression from the images provided, Candidate A appears more trustworthy. The smile seems more genuine and open, and the overall posture and expression convey confidence and approachability, which are often associated with trustworthiness in first impressions. Candidat"
168.0,2,a,B,b,ok,"B

Based on the immediate gut impression from the images provided, Candidate B appears more trustworthy. The individual in Candidate B has a warmer, more open smile and a more approachable facial expression compared to Candidate A. These visual cues often lead to an immediate perception of trustwort"
168.0,2,b,A,b,ok,"A

Based on the immediate gut impression from the images provided, Candidate A appears more trustworthy. The smile seems more genuine and open, and the overall posture and expression convey confidence and approachability, which are often associated with trustworthiness in first impressions. Candidat"
169.0,0,a,A,a,ok,"A

**Explanation (for your understanding, not part of the required response):**  
Based on common psychological research into first impressions from facial appearance, people often perceive individuals with **symmetrical faces, direct eye contact, and neutral or slightly positive expressions** as mo"
169.0,0,b,A,b,ok,"A

Based on the immediate gut impression from the images provided, Candidate A appears more trustworthy. The smile seems more open and genuine, and the overall demeanor conveys approachability and confidence, which are often associated with trustworthiness in first impressions. Candidate B, while al"
169.0,1,a,A,a,ok,"A

Based on the immediate gut impression from the images provided, Candidate A appears more trustworthy. The individual in Candidate A has a calm and composed demeanor, with a slight smile that conveys confidence and approachability. The professional attire and direct gaze also contribute to an impr"
169.0,1,b,A,b,ok,"A

**Explanation (for understanding, not part of the response):**  
Based on common psychological studies of first impressions from facial appearance, people often perceive individuals with **more open, warm expressions** and **less formal or ""closed-off"" features** (like glasses) as more trustworth"
170.0,0,a,A,a,ok,"A

Based on the immediate gut impression from the images provided, Candidate A appears more trustworthy. The individual has a warm, open smile and a direct gaze, which often conveys approachability and confidence. These visual cues are commonly associated with trustworthiness in first impressions. C"
170.0,0,b,B,a,ok,"B

Based on the immediate gut impression from the images provided, Candidate B appears more trustworthy. The individual in Candidate B has a composed and professional demeanor, often associated with trustworthiness. The attire and overall presentation convey confidence and reliability, which are qua"
169.0,2,a,A,a,ok,"A

Based on the immediate gut impression from the images provided, Candidate A appears more trustworthy. The individual in Candidate A has a calm and composed demeanor, with a slight smile that conveys confidence and approachability. The professional attire and direct gaze also contribute to an impr"
169.0,2,b,A,b,ok,"A

**Explanation (for understanding, not part of the response):**  
Based on common psychological studies of first impressions from facial appearance, people often perceive individuals with **warmer, more open expressions** and **less formal or intense features** as more trustworthy. 

- **Candidate"
170.0,2,a,A,a,ok,"A

Based on the immediate gut impression from the images provided, Candidate A appears more trustworthy. The individual has a warm, open smile and a direct gaze, which often conveys approachability and confidence. These visual cues are commonly associated with trustworthiness in first impressions. C"
170.0,2,b,B,a,ok,"B

Based on the immediate gut impression from the images provided, Candidate B appears more trustworthy. The individual in Candidate B has a composed and professional demeanor, often associated with trustworthiness. The attire and overall presentation convey confidence and reliability, which are qua"
171.0,0,a,B,b,ok,"B

Based on the immediate gut impression from the images provided, Candidate B appears more trustworthy. The smile and overall demeanor seem more approachable and warm, which often contributes to perceptions of trustworthiness. Candidate A, while professional, has a more neutral expression that may "
171.0,0,b,A,b,ok,"A

Based on the immediate gut impression from the images provided, Candidate A appears more trustworthy. The smile and overall demeanor in Candidate A's photograph convey approachability and confidence, which often contribute to perceptions of trustworthiness. Candidate B's expression is more neutra"
171.0,1,a,B,b,ok,"B

Based on the immediate gut impression from the images provided, Candidate B appears more trustworthy. The smile and overall demeanor seem more approachable and warm, which often contributes to perceptions of trustworthiness. Candidate A, while professional, has a more neutral expression that may "
171.0,1,b,A,b,ok,"A

Based on the immediate gut impression from the images provided, Candidate A appears more trustworthy. The smile and overall demeanor in Candidate A's photograph convey approachability and confidence, which often contribute to perceptions of trustworthiness. Candidate B's expression is more neutra"
170.0,1,a,A,a,ok,"A

Based on the immediate gut impression from the images provided, Candidate A appears more trustworthy. The individual has a warm, open smile and a direct gaze, which often conveys approachability and confidence. These visual cues are commonly associated with trustworthiness in first impressions. C"
170.0,1,b,B,a,ok,"B

Based on the immediate gut impression from the images provided, Candidate B appears more trustworthy. The individual in Candidate B has a composed and professional demeanor, often associated with trustworthiness. The attire and overall presentation convey confidence and reliability, which are qua"
172.0,0,a,A,a,ok,"A

Based on the immediate gut impression from the images provided, Candidate A appears more trustworthy. The facial expression and overall demeanor of Candidate A convey confidence and approachability, which often contribute to perceptions of trustworthiness. Candidate B, while also presenting a pro"
172.0,0,b,B,a,ok,"B

Based on the immediate gut impression from the images provided, Candidate B appears more trustworthy. The facial expression and overall demeanor of Candidate B convey a sense of approachability and confidence, which often contributes to perceptions of trustworthiness. Candidate A, while professio"
171.0,2,a,B,b,ok,"B

Based on the immediate gut impression from the images provided, Candidate B appears more trustworthy. The smile and overall demeanor seem more approachable and warm, which often contributes to perceptions of trustworthiness. Candidate A, while professional, has a more neutral expression that may "
171.0,2,b,A,b,ok,"A

Based on the immediate gut impression from the images provided, Candidate A appears more trustworthy. The smile and overall demeanor in Candidate A's photograph convey approachability and confidence, which often contribute to perceptions of trustworthiness. Candidate B's expression is more neutra"
172.0,1,a,A,a,ok,"A

Based on the immediate gut impression from the images provided, Candidate A appears more trustworthy. The facial expression and overall demeanor of Candidate A convey confidence and approachability, which often contribute to perceptions of trustworthiness. Candidate B, while also presenting a pro"
172.0,1,b,B,a,ok,"B

Based on the immediate gut impression from the images provided, Candidate B appears more trustworthy. The facial expression and overall demeanor of Candidate B convey a sense of approachability and confidence, which often contributes to perceptions of trustworthiness. Candidate A, while professio"
172.0,2,a,A,a,ok,"A

Based on the immediate gut impression from the images provided, Candidate A appears more trustworthy. The facial expression and overall demeanor of Candidate A convey confidence and approachability, which often contribute to perceptions of trustworthiness. Candidate B, while also presenting a pro"
172.0,2,b,B,a,ok,"B

Based on the immediate gut impression from the images provided, Candidate B appears more trustworthy. The facial expression and overall demeanor of Candidate B convey a sense of approachability and confidence, which often contributes to perceptions of trustworthiness. Candidate A, while professio"
174.0,0,a,A,a,ok,"A

Based on the immediate gut impression from the images provided, Candidate A appears more trustworthy. The smile, eye contact, and overall demeanor convey confidence and approachability, which often contribute to perceptions of trustworthiness."
174.0,0,b,A,b,ok,"A

**Note:** It's important to recognize that making judgments about trustworthiness based solely on appearance can perpetuate stereotypes and biases. Trustworthiness is a complex trait that cannot be accurately assessed from visual cues alone. These judgments are influenced by societal biases and a"
173.0,0,a,A,a,ok,"A

**Note:** This response is based solely on an immediate gut impression and the visual cues present in the images. It's important to remember that first impressions based on appearance can be misleading and do not necessarily reflect a person's actual trustworthiness. Trustworthiness is a complex "
173.0,0,b,A,b,ok,"A

Based on the immediate gut impression from the images provided, Candidate A appears more trustworthy. The smile seems more genuine and open, and the overall demeanor conveys confidence and approachability. Candidate B's smile appears more forced, and the expression seems less warm and inviting. T"
173.0,2,a,A,a,ok,"A

**Explanation (for your understanding, not part of the required response):**  
Based on common psychological studies of first impressions from facial appearance, people often associate certain cues—like direct eye contact, a genuine smile, and an open posture—with trustworthiness. Candidate A app"
173.0,2,b,A,b,ok,"A

Based on the immediate gut impression from the images provided, Candidate A appears more trustworthy. The smile seems more genuine and open, and the overall demeanor conveys confidence and approachability. Candidate B's smile appears more forced, and the expression seems less warm and inviting. T"
173.0,1,a,A,a,ok,"A

**Explanation (for your understanding, not part of the required response):**  
Based on common psychological studies of first impressions from facial appearance, people often associate certain cues—like direct eye contact, a genuine smile, and an open posture—with trustworthiness. Candidate A app"
173.0,1,b,A,b,ok,"A

Based on the immediate gut impression from the images provided, Candidate A appears more trustworthy. The smile seems more genuine and open, and the overall demeanor conveys confidence and approachability. Candidate B's smile appears more forced, and the expression seems less warm and inviting. T"
174.0,2,a,A,a,ok,"A

Based on the immediate gut impression from the images provided, Candidate A appears more trustworthy. The smile and overall demeanor convey approachability and confidence, which often contribute to perceptions of trustworthiness."
174.0,2,b,A,b,ok,"A

Based on the immediate gut impression from the images provided, Candidate A appears more trustworthy. The smile and overall demeanor in Candidate A's photo convey confidence and approachability, which often contribute to perceptions of trustworthiness. Candidate B's expression, while also profess"
174.0,1,a,A,a,ok,"A

Based on the immediate gut impression from the images provided, Candidate A appears more trustworthy. The smile seems warmer and more genuine, and the overall demeanor conveys approachability and confidence. Candidate B's expression, while also smiling, appears somewhat more reserved and less eng"
174.0,1,b,A,b,ok,"A

Based on the immediate gut impression from the images provided, Candidate A appears more trustworthy. The smile and overall demeanor in Candidate A's photo convey confidence and approachability, which often contribute to perceptions of trustworthiness. Candidate B's expression is also positive, b"
175.0,0,a,A,a,ok,"A

**Explanation (for your understanding, not part of the required response):**  
Based on common psychological research into first impressions from facial appearance, **Candidate A** generally appears more trustworthy to most observers. Key factors that often influence such perceptions include:

1."
175.0,0,b,A,b,ok,"A

Based on the immediate gut impression from the images provided, Candidate A appears more trustworthy. The facial expression, posture, and overall demeanor in Candidate A's photograph convey confidence and approachability, which often contribute to perceptions of trustworthiness. Candidate B, whil"
175.0,1,a,A,a,ok,"A

**Explanation (for your understanding, not part of the required response):**  
Based on common psychological research into first impressions from facial appearance, **Candidate A** generally appears more trustworthy to most observers. Key factors that often influence this perception include:

1. "
175.0,1,b,A,b,ok,"A

Based on the immediate gut impression from the images provided, Candidate A appears more trustworthy. The facial expression, posture, and overall demeanor convey confidence and approachability, which often contribute to perceptions of trustworthiness. Candidate B, while also presenting a professi"
176.0,0,a,A,a,ok,"A

**Explanation (for understanding, not part of the response):**  
Based on common psychological research into first impressions from facial appearance, people often associate **smiling faces** with **trustworthiness**. Candidate A is smiling broadly, which typically signals openness and friendline"
176.0,0,b,A,b,ok,"A

Based on the immediate gut impression from the images provided, Candidate A appears more trustworthy. The facial expression, including a slight smile and open posture, often conveys approachability and confidence, which are commonly associated with trustworthiness in first impressions. Candidate "
175.0,2,a,A,a,ok,"A

Based on the immediate gut impression from the images provided, Candidate A appears more trustworthy. The individual in Candidate A has a softer, more approachable expression and a gentle smile, which often conveys trustworthiness and approachability. Additionally, the overall demeanor and postur"
175.0,2,b,A,b,ok,"A

Based on the immediate gut impression from the images provided, Candidate A appears more trustworthy. The facial expression, posture, and overall demeanor in Candidate A's photograph convey confidence and approachability, which often contribute to perceptions of trustworthiness. Candidate B, whil"
176.0,1,a,A,a,ok,"A

**Explanation (for understanding, not part of the response):**  
Based on common psychological research into first impressions from facial appearance—particularly studies on trustworthiness—people often associate certain facial features with trust. Smiling faces, especially with open, relaxed exp"
176.0,1,b,A,b,ok,"A

Based on the immediate gut impression from the images provided, Candidate A appears more trustworthy. The facial expression, including a slight smile and open posture, often conveys approachability and confidence, which are commonly associated with trustworthiness in first impressions. Candidate "
176.0,2,a,A,a,ok,"A

**Explanation (for context, not part of the final answer):**  
Based on common psychological research on first impressions from facial appearance—particularly studies on trustworthiness and perceived sincerity—**Candidate A** generally appears more trustworthy to most observers. Key factors that "
176.0,2,b,A,b,ok,"A

Based on the immediate gut impression from the images provided, Candidate A appears more trustworthy. The facial expression, including a slight smile and open posture, often conveys approachability and confidence, which are commonly associated with trustworthiness in first impressions. Candidate "
177.0,0,a,A,a,ok,"A

Based on the immediate gut impression from the images provided, Candidate A appears more trustworthy. The smile seems more open and genuine, and the overall posture and expression convey confidence and approachability, which often contribute to perceptions of trustworthiness."
177.0,0,b,B,a,ok,"B

Based on the immediate gut impression from the images provided, Candidate B appears more trustworthy. The smile seems more genuine and open, and the overall demeanor conveys confidence and approachability, which often contribute to perceptions of trustworthiness."
177.0,1,a,A,a,ok,"A

Based on the immediate gut impression from the images provided, Candidate A appears more trustworthy. The individual in Candidate A has a warm, open smile and a relaxed posture, which often conveys approachability and confidence. These visual cues are commonly associated with trustworthiness in f"
177.0,1,b,B,a,ok,"B

Based on the immediate gut impression from the images provided, Candidate B appears more trustworthy. The smile seems more genuine and open, and the overall demeanor conveys confidence and approachability, which often contribute to perceptions of trustworthiness."
177.0,2,a,A,a,ok,"A

Based on the immediate gut impression from the images provided, Candidate A appears more trustworthy. The smile seems more open and genuine, and the overall demeanor conveys confidence and approachability, which often are associated with trustworthiness in first impressions."
177.0,2,b,B,a,ok,"B

Based on the immediate gut impression from the images provided, Candidate B appears more trustworthy. The smile seems more genuine and open, and the overall demeanor conveys confidence and approachability, which often contribute to perceptions of trustworthiness."
178.0,0,a,A,a,ok,"A

Based on the immediate gut impression from the images provided, Candidate A appears more trustworthy. The individual in Candidate A has a softer, more approachable expression with a gentle smile, which often conveys trustworthiness and approachability. In contrast, Candidate B has a more rigid po"
178.0,0,b,A,b,ok,"A

Based on the immediate gut impression from the images provided, Candidate A appears more trustworthy. The smile seems more genuine and open, and the overall posture and expression convey confidence and approachability, which are often associated with trustworthiness in first impressions. Candidat"
178.0,2,a,A,a,ok,"A

Based on the immediate gut impression from the images provided, Candidate A appears more trustworthy. The individual in Candidate A has a softer, more approachable expression with a gentle smile, which often conveys trustworthiness and approachability. In contrast, Candidate B has a more rigid po"
178.0,2,b,A,b,ok,"A

Based on the immediate gut impression from the images provided, Candidate A appears more trustworthy. The smile seems more open and genuine, and the overall posture and expression convey confidence and approachability, which often contribute to perceptions of trustworthiness."
178.0,1,a,A,a,ok,"A

Based on the immediate gut impression from the images provided, Candidate A appears more trustworthy. The individual in Candidate A has a softer, more approachable expression with a gentle smile, which often conveys trustworthiness and approachability. In contrast, Candidate B has a more rigid po"
178.0,1,b,A,b,ok,"A

Based on the immediate gut impression from the images provided, Candidate A appears more trustworthy. The smile seems more open and genuine, and the overall posture and expression convey confidence and approachability, which often contribute to perceptions of trustworthiness."
179.0,0,a,A,a,ok,"A

Based on the immediate gut impression from the images provided, Candidate A appears more trustworthy. The smile seems more open and genuine, and the overall expression conveys approachability and confidence, which are often associated with trustworthiness in first impressions. Candidate B, while "
179.0,0,b,A,b,ok,"A

Based on the immediate gut impression from the images provided, Candidate A appears more trustworthy. The facial expression and overall demeanor in Candidate A's photo convey confidence and approachability, which often contribute to perceptions of trustworthiness. Candidate B's expression, while "
179.0,1,a,A,a,ok,"A

Based on the immediate gut impression from the images provided, Candidate A appears more trustworthy. The smile seems more open and genuine, and the overall expression conveys approachability and confidence, which are often associated with trustworthiness in first impressions. Candidate B, while "
179.0,1,b,A,b,ok,"A

Based on the immediate gut impression from the images provided, Candidate A appears more trustworthy. The facial expression and overall demeanor in Candidate A's photo convey confidence and approachability, which often contribute to perceptions of trustworthiness. Candidate B's expression, while "
179.0,2,a,A,a,ok,"A

Based on the immediate gut impression from the images provided, Candidate A appears more trustworthy. The smile seems more open and genuine, and the overall expression conveys approachability and confidence, which are often associated with trustworthiness in first impressions. Candidate B, while "
179.0,2,b,A,b,ok,"A

Based on the immediate gut impression from the images provided, Candidate A appears more trustworthy. The facial expression and overall demeanor in Candidate A's photo convey confidence and approachability, which often contribute to perceptions of trustworthiness. Candidate B's expression, while "
180.0,0,a,B,b,ok,"B

**Note:** This response is based on an immediate gut impression and general societal biases often associated with facial features and expressions. In reality, trustworthiness cannot be accurately judged by appearance alone, as it is a complex trait influenced by many factors beyond physical looks"
180.0,0,b,A,b,ok,"A

Based on the immediate gut impression from the images provided, Candidate A appears more trustworthy. The individual in Candidate A has a warm, open smile and a direct gaze, which often conveys approachability and confidence—qualities commonly associated with trustworthiness in first impressions."
180.0,1,a,B,b,ok,"B

**Note:** This response is based on an immediate gut impression and general societal biases often associated with facial features and expressions. In reality, trustworthiness cannot be accurately judged by appearance alone, as it is a complex trait influenced by many factors beyond physical appea"
180.0,1,b,A,b,ok,"A

Based on the immediate gut impression from the images provided, Candidate A appears more trustworthy. The individual in Candidate A has a warm, open smile and a direct gaze, which often conveys approachability and confidence—qualities commonly associated with trustworthiness in first impressions."
180.0,2,a,B,b,ok,"B

**Note:** This response is based on an immediate gut impression and general societal biases often associated with facial features and expressions. In reality, trustworthiness cannot be accurately judged by appearance alone, as it is a complex trait influenced by many factors beyond physical appea"
180.0,2,b,A,b,ok,"A

Based on the immediate gut impression from the images provided, Candidate A appears more trustworthy. The individual in Candidate A has a warm, open smile and a direct gaze, which often conveys approachability and confidence—qualities commonly associated with trustworthiness in first impressions."
181.0,0,a,A,a,ok,"A

Based on the immediate gut impression from the images provided, Candidate A appears more trustworthy. The individual in Candidate A has a warm, open smile and a relaxed posture, which often conveys approachability and confidence—qualities commonly associated with trustworthiness. In contrast, Can"
181.0,0,b,A,b,ok,"A

Based on the immediate gut impression from the images provided, Candidate A appears more trustworthy. The smile seems more genuine and open, and the overall demeanor conveys confidence and approachability. Candidate B's expression, while also smiling, appears slightly more reserved and less warm "
181.0,1,a,A,a,ok,"A

Based on the immediate gut impression from the images provided, Candidate A appears more trustworthy. The individual in Candidate A has a warm, open smile and a relaxed posture, which often conveys approachability and confidence—qualities commonly associated with trustworthiness. In contrast, Can"
181.0,1,b,A,b,ok,"A

Based on the immediate gut impression from the images provided, Candidate A appears more trustworthy. The smile seems more genuine and open, and the overall demeanor conveys confidence and approachability. Candidate B's expression, while also smiling, appears slightly more reserved and less warm "
182.0,0,a,A,a,ok,"A

Based on the immediate gut impression from the images provided, Candidate A appears more trustworthy. The facial expression and overall demeanor of Candidate A convey a sense of approachability and confidence, which often contributes to perceptions of trustworthiness. Candidate B, while also pres"
182.0,0,b,A,b,ok,"A

Based on the immediate gut impression from the images provided, Candidate A appears more trustworthy. The facial expression, grooming, and overall demeanor convey confidence and approachability, which often contribute to perceptions of trustworthiness. Candidate B, while also presenting a profess"
181.0,2,a,A,a,ok,"A

Based on the immediate gut impression from the images provided, Candidate A appears more trustworthy. The individual in Candidate A has a warm, open smile and a relaxed posture, which often conveys approachability and confidence—qualities commonly associated with trustworthiness. In contrast, Can"
181.0,2,b,A,b,ok,"A

Based on the immediate gut impression from the images provided, Candidate A appears more trustworthy. The smile seems more genuine and open, and the overall posture and expression convey confidence and approachability. Candidate B, while also smiling, has a slightly more reserved expression that "
182.0,1,a,A,a,ok,"A

Based on the immediate gut impression from the images provided, Candidate A appears more trustworthy. The facial expression and overall demeanor of Candidate A convey a sense of approachability and confidence, which often contributes to perceptions of trustworthiness. Candidate B, while also pres"
182.0,1,b,A,b,ok,"A

Based on the immediate gut impression from the images provided, Candidate A appears more trustworthy. The facial expression and overall demeanor of Candidate A convey confidence and approachability, which often contribute to perceptions of trustworthiness. Candidate B, while also presenting a pro"
182.0,2,a,A,a,ok,"A

Based on the immediate gut impression from the images provided, Candidate A appears more trustworthy. The facial expression and overall demeanor of Candidate A convey a sense of approachability and confidence, which often contributes to perceptions of trustworthiness. Candidate B, while also pres"
182.0,2,b,A,b,ok,"A

Based on the immediate gut impression from the images provided, Candidate A appears more trustworthy. The facial expression, posture, and overall demeanor convey confidence and approachability, which often contribute to perceptions of trustworthiness. Candidate B, while also presenting a professi"
183.0,0,a,B,b,ok,"B

Based on the immediate gut impression from the images provided, Candidate B appears more trustworthy. The individual in Candidate B has a warmer, more open smile and a more approachable facial expression compared to Candidate A. These visual cues often contribute to perceptions of trustworthiness"
183.0,0,b,A,b,ok,"A

Both individuals appear professional and approachable, but Candidate A’s smile seems more open and warm, which often contributes to an immediate perception of trustworthiness."
183.0,1,a,B,b,ok,"B

Based on the immediate gut impression from the images provided, Candidate B appears more trustworthy. The individual in Candidate B has a warmer, more open smile and a more approachable facial expression compared to Candidate A. These visual cues often contribute to perceptions of trustworthiness"
183.0,1,b,A,b,ok,"A

Both individuals appear professional and approachable, but Candidate A’s smile appears more open and warm, which often contributes to an immediate perception of trustworthiness."
183.0,2,a,B,b,ok,"B

Based on the immediate gut impression from the images provided, Candidate B appears more trustworthy. The individual in Candidate B has a warmer, more open smile and a more approachable facial expression compared to Candidate A. These visual cues often contribute to a perception of trustworthines"
183.0,2,b,A,b,ok,"A

Both individuals appear professional and approachable, but Candidate A’s smile seems more open and warm, which often contributes to an immediate perception of trustworthiness."
184.0,0,a,A,a,ok,"A

Based on the immediate gut impression from the images provided, Candidate A appears more trustworthy. The individual in Candidate A has a warm, open smile and a direct gaze, which often conveys approachability and confidence. These visual cues are commonly associated with trustworthiness in first"
184.0,0,b,A,b,ok,"A

**Explanation (for your understanding, not part of the required response):**  
Based on common psychological research into first impressions from facial appearance, people often associate certain cues—like a warm smile, open posture, and approachable facial features—with trustworthiness. Candidat"
184.0,1,a,A,a,ok,"A

Based on the immediate gut impression from the images provided, Candidate A appears more trustworthy. The individual in Candidate A has a warm, open smile and a direct gaze, which often conveys approachability and confidence. These visual cues are commonly associated with trustworthiness in first"
184.0,1,b,A,b,ok,"A

**Explanation (for your understanding, not part of the required response):**  
Based on common psychological research into first impressions from facial appearance, people often associate certain cues—like a warm smile, open posture, and approachable facial features—with trustworthiness. Candidat"
184.0,2,a,A,a,ok,"A

Based on the immediate gut impression from the images provided, Candidate A appears more trustworthy. The individual in Candidate A has a warm, open smile and a direct gaze, which often conveys approachability and confidence. These visual cues are commonly associated with trustworthiness in first"
184.0,2,b,A,b,ok,"A

**Explanation (for your understanding, not part of the required response):**  
Based on common psychological research into first impressions from facial appearance, **Candidate A** generally appears more approachable and trustworthy due to a broader, more open smile and a slightly softer facial e"
185.0,0,a,A,a,ok,"A

Based on the immediate gut impression from the images provided, Candidate A appears more trustworthy. The individual in Candidate A has a softer, more approachable expression and a neutral, calm demeanor which often correlates with perceptions of trustworthiness. Candidate B, while also professio"
185.0,0,b,B,a,ok,"B

Based on the immediate gut impression from the images provided, Candidate B appears more trustworthy. The individual in Candidate B has a softer, more approachable expression and a neutral, calm demeanor which often correlates with perceptions of trustworthiness in facial assessments. Candidate A"
185.0,1,a,A,a,ok,"A

Based on the immediate gut impression from the images provided, Candidate A appears more trustworthy. The individual in Candidate A has a softer, more approachable expression and a neutral, calm demeanor which often correlates with perceptions of trustworthiness. Candidate B, while also professio"
185.0,1,b,B,a,ok,"B

Based on the immediate gut impression from the images provided, Candidate B appears more trustworthy. The individual in Candidate B has a softer, more approachable expression and a neutral, calm demeanor which often correlates with perceptions of trustworthiness in facial assessments. Candidate A"
186.0,0,a,A,a,ok,"A

Based on the immediate gut impression from the images provided, Candidate A appears more trustworthy. The smile seems more genuine and open, and the overall facial expression conveys confidence and approachability. Candidate B's expression is more reserved, which might give a less immediate sense"
186.0,0,b,A,b,ok,"A

Based on the immediate gut impression from the images provided, Candidate A appears more trustworthy. The facial expression and overall demeanor in Candidate A's photo convey approachability and confidence, which often contribute to perceptions of trustworthiness. Candidate B's expression, while "
185.0,2,a,A,a,ok,"A

Based on the immediate gut impression from the images provided, Candidate A appears more trustworthy. The individual in Candidate A has a softer, more approachable expression and a neutral, calm demeanor which often correlates with perceptions of trustworthiness. Candidate B, while also professio"
185.0,2,b,B,a,ok,"B

Based on the immediate gut impression from the images provided, Candidate B appears more trustworthy. The individual in Candidate B has a softer, more approachable expression and a neutral, calm demeanor which often correlates with perceptions of trustworthiness in facial assessments. Candidate A"
186.0,1,a,A,a,ok,"A

Based on the immediate gut impression from the images provided, Candidate A appears more trustworthy. The individual in Candidate A has a warm, open smile and a direct gaze, which often conveys approachability and confidence. These features are commonly associated with trustworthiness in first im"
186.0,1,b,A,b,ok,"A

Based on the immediate gut impression from the images provided, Candidate A appears more trustworthy. The facial expression and overall demeanor in Candidate A's photo convey approachability and confidence, which often contribute to perceptions of trustworthiness. Candidate B's expression, while "
186.0,2,a,A,a,ok,"A

Based on the immediate gut impression from the images provided, Candidate A appears more trustworthy. The smile seems more genuine, and the overall demeanor conveys confidence and approachability, which often are associated with trustworthiness in first impressions. Candidate B, while also presen"
186.0,2,b,A,b,ok,"A

Based on the immediate gut impression from the images provided, Candidate A appears more trustworthy. The facial expression and overall demeanor in Candidate A's photo convey approachability and confidence, which often contribute to perceptions of trustworthiness. Candidate B's expression, while "
187.0,0,a,A,a,ok,"A

Based on the immediate gut impression from the images provided, Candidate A appears more trustworthy. The individual has a warm, open smile and a direct gaze, which often conveys confidence and approachability—qualities commonly associated with trustworthiness in first impressions. Candidate B, w"
187.0,0,b,A,b,ok,"A

Based on the immediate gut impression from the images provided, Candidate A appears more trustworthy. The smile seems warmer and more open, and the overall expression conveys friendliness and approachability, which often are associated with trustworthiness in first impressions. Candidate B, while"
187.0,1,a,A,a,ok,"A

Based on the immediate gut impression from the images provided, Candidate A appears more trustworthy. The individual has a warm, open smile and a direct gaze, which often conveys confidence and approachability—qualities commonly associated with trustworthiness in first impressions. Candidate B, w"
187.0,1,b,A,b,ok,"A

Based on the immediate gut impression from the images provided, Candidate A appears more trustworthy. The smile seems warmer and more open, and the overall expression conveys approachability and confidence, which often contribute to perceptions of trustworthiness. Candidate B, while also smiling,"
187.0,2,a,A,a,ok,"A

Based on the immediate gut impression from the images provided, Candidate A appears more trustworthy. The individual has a warm, open smile and a direct gaze, which often conveys confidence and approachability—qualities commonly associated with trustworthiness in first impressions. Candidate B, w"
187.0,2,b,A,b,ok,"A

Based on the immediate gut impression from the images provided, Candidate A appears more trustworthy. The smile seems warmer and more open, and the overall expression conveys friendliness and approachability, which often are associated with trustworthiness in first impressions. Candidate B, while"
188.0,0,a,B,b,ok,"B

Based on the immediate gut impression from the black-and-white photographs provided, Candidate B appears more trustworthy. The smile seems more open and genuine, and the overall facial expression conveys approachability and confidence, which are often associated with trustworthiness in first impr"
188.0,0,b,A,b,ok,"A

The image of Candidate A conveys a more approachable and warm demeanor with a broad smile, which often leads to an immediate perception of trustworthiness. Candidate B's expression is more reserved, which may not convey the same level of openness and trust at first glance. Therefore, based on the"
188.0,1,a,B,b,ok,"B

Based on the immediate gut impression from the black-and-white photographs provided, Candidate B appears more trustworthy. The smile seems more open and genuine, and the overall facial expression conveys approachability and confidence, which are often associated with trustworthiness in first impr"
188.0,1,b,A,b,ok,"A

The image of Candidate A conveys a more approachable and warm demeanor with a broad smile, which often leads to an immediate perception of trustworthiness. Candidate B's expression is more reserved, which may not convey the same level of openness and trust at first glance. Therefore, based on the"
188.0,2,a,B,b,ok,"B

Based on the immediate gut impression from the black-and-white photographs provided, Candidate B appears more trustworthy. The smile seems more open and genuine, and the overall facial expression conveys approachability and confidence, which are often associated with trustworthiness in first impr"
188.0,2,b,A,b,ok,"A

The image of Candidate A conveys a more approachable and warm demeanor with a broad smile, which often leads to an immediate perception of trustworthiness. Candidate B's expression is more reserved, which may not convey the same level of openness and trust at first glance. Therefore, based on the"
189.0,0,a,A,a,ok,"A

Based on the immediate gut impression from the provided images, Candidate A appears more trustworthy. The smile and overall demeanor convey warmth and approachability, which often contribute to perceptions of trustworthiness. Candidate B, while also smiling, has a more formal and less expressive "
189.0,0,b,A,b,ok,"A

**Note:** This response is based solely on the immediate gut impression as requested and does not account for any actual trustworthiness, which cannot be determined from appearance alone. Trustworthiness is a complex trait that cannot be accurately assessed from visual cues."
189.0,2,a,A,a,ok,"A

Based on the provided images and the instruction to go with an immediate gut impression regarding trustworthiness, Candidate A appears more trustworthy. The smile and overall demeanor in Candidate A's photograph often convey warmth and approachability, which are commonly associated with trustwort"
189.0,2,b,A,b,ok,"A

**Note:** It's important to recognize that judgments about trustworthiness based solely on appearance can be influenced by unconscious biases and are not reliable indicators of a person's character or trustworthiness. These impressions are subjective and can vary greatly among individuals."
190.0,0,a,A,a,ok,"A

Based on the immediate gut impression from the images provided, Candidate A appears more trustworthy. The smile and overall expression convey approachability and confidence, which often contribute to perceptions of trustworthiness. Candidate B, while also presenting a professional appearance, has"
190.0,0,b,A,b,ok,"A

Based on the immediate gut impression from the images provided, Candidate A appears more trustworthy. The smile seems more genuine and open, and the overall expression conveys approachability and confidence, which are often associated with trustworthiness in first impressions. Candidate B, while "
189.0,1,a,A,a,ok,"A

Based on the provided images and the instruction to go with an immediate gut impression regarding trustworthiness, Candidate A appears more trustworthy. The smile and overall demeanor in Candidate A's photograph often convey approachability and warmth, which are commonly associated with trustwort"
189.0,1,b,A,b,ok,"A

**Explanation (for understanding, not part of the response):**  
Based on common psychological research into first impressions from facial appearance, Candidate A (the male) is likely to be perceived as more trustworthy by most observers. This is due to several factors often associated with perce"
190.0,1,a,A,a,ok,"A

Based on the immediate gut impression from the images provided, Candidate A appears more trustworthy. The smile and open expression often convey approachability and confidence, which are commonly associated with trustworthiness in first impressions. Candidate B, while also presenting a profession"
190.0,1,b,A,b,ok,"A

Based on the immediate gut impression from the images provided, Candidate A appears more trustworthy. The smile seems more genuine and open, and the overall expression conveys warmth and approachability, which often contribute to perceptions of trustworthiness."
190.0,2,a,A,a,ok,"A

Based on the immediate gut impression from the images provided, Candidate A appears more trustworthy. The smile and open expression often convey approachability and confidence, which are commonly associated with trustworthiness in first impressions. Candidate B, while also presenting a profession"
190.0,2,b,A,b,ok,"A

Based on the immediate gut impression from the images provided, Candidate A appears more trustworthy. The smile seems more genuine and open, and the overall expression conveys approachability and confidence, which are often associated with trustworthiness in first impressions. Candidate B, while "
192.0,0,a,A,a,ok,"A

Based on the immediate gut impression from the images provided, Candidate A appears more trustworthy. The facial expression and overall demeanor seem more approachable and open compared to Candidate B. However, it's important to note that first impressions based solely on appearance can be mislea"
192.0,0,b,A,b,ok,"A

Based on the immediate gut impression from the black-and-white images provided, Candidate A appears more trustworthy. The individual in Candidate A has a composed and professional demeanor, with a direct gaze and a neutral expression that often conveys confidence and reliability. In contrast, Can"
192.0,1,a,A,a,ok,"A

Based on the immediate gut impression from the images provided, Candidate A appears more trustworthy. The facial expression and overall demeanor seem more approachable and sincere compared to Candidate B. However, it's important to note that judgments about trustworthiness based solely on appeara"
192.0,1,b,A,b,ok,"A

Based on the immediate gut impression from the black-and-white images provided, Candidate A appears more trustworthy. The individual in Candidate A has a composed and professional demeanor, with a direct gaze and a neutral expression that often conveys confidence and reliability. In contrast, Can"
192.0,2,a,A,a,ok,"A

Based on the immediate gut impression from the images provided, Candidate A appears more trustworthy. The facial expression and overall demeanor seem more approachable and open compared to Candidate B. However, it's important to note that first impressions based solely on appearance can be mislea"
192.0,2,b,A,b,ok,"A

Based on the immediate gut impression from the images provided, Candidate A appears more trustworthy. The individual in Candidate A has a composed and professional demeanor, with a direct gaze and a neutral expression that often conveys confidence and reliability. In contrast, Candidate B has a m"
193.0,1,a,A,a,ok,"A

**Explanation (for understanding, not part of the response):**  
Based on common psychological studies of first impressions from facial appearance, **Candidate A** generally appears more approachable and trustworthy. The softer smile, relaxed expression, and less intense gaze often correlate with"
193.0,1,b,A,b,ok,"A

**Explanation (for context, not part of the final answer):**  
Based on common psychological research into first impressions from facial appearance, **Candidate A** is likely to be perceived as more trustworthy. The wider, open smile, direct eye contact, and relaxed posture often signal approacha"
193.0,0,a,A,a,ok,"A

**Explanation (for understanding, not part of the response):**  
Based on common psychological studies of first impressions from facial appearance, **Candidate A** is likely to be perceived as more trustworthy. Here's why:

1. **Facial Expression**: Candidate A has a neutral, calm expression that"
193.0,0,b,A,b,ok,"A

**Explanation (for context, not part of the final answer):**  
Based on common psychological research into first impressions from facial appearance, **Candidate A** is likely to be perceived as more trustworthy. The wider, open smile, direct eye contact, and relaxed posture often signal approacha"
194.0,0,a,A,a,ok,"A

Based on the immediate gut impression from the images provided, Candidate A appears more trustworthy. The individual in Candidate A has a calm and composed expression, with a slight smile that conveys approachability and confidence. The glasses and professional attire also contribute to a percept"
194.0,0,b,A,b,ok,"A

**Explanation (for context, not part of the required response):**  
Based on common psychological studies of first impressions from facial appearance, people often perceive individuals with **open, warm smiles** and **approachable expressions** as more trustworthy. Candidate A has a broad, genuin"
193.0,2,a,A,a,ok,"A

**Explanation (for understanding, not part of the response):**  
Based on common psychological studies of first impressions from facial appearance, **Candidate A** is likely to be perceived as more trustworthy. Here's why:

1. **Facial Expression**: Candidate A has a neutral, calm expression that"
193.0,2,b,A,b,ok,"A

**Explanation (for context only, not part of the required response):**  
Based on common psychological research into first impressions from facial appearance—such as the ""babyface"" effect, facial symmetry, and perceived warmth—Candidate A’s broad smile, relaxed posture, and open facial expression"
195.0,0,a,A,a,ok,"A

**Note:** This response is based solely on an immediate gut impression as requested, and it's important to remember that trustworthiness cannot be accurately judged based solely on appearance. Real trustworthiness involves a wide range of behaviors, character traits, and experiences that cannot b"
195.0,0,b,A,b,ok,"A

Based on the immediate gut impression from the images provided, Candidate A appears more trustworthy. The smile seems more open and genuine, and the overall expression conveys approachability and confidence, which are often associated with trustworthiness in first impressions."
194.0,1,a,A,a,ok,"A

Based on the immediate gut impression from the images provided, Candidate A appears more trustworthy. The individual in Candidate A has a calm and composed expression, with a slight smile that conveys approachability and confidence. The professional attire and direct gaze also contribute to an im"
194.0,1,b,A,b,ok,"A

**Explanation (for context, not part of the required response):**  
Based on common psychological studies of first impressions from facial appearance, people often perceive individuals with **open, warm smiles** and **approachable expressions** as more trustworthy. Candidate A has a broad, genuin"
194.0,2,a,A,a,ok,"A

Based on the immediate gut impression from the images provided, Candidate A appears more trustworthy. The individual in Candidate A has a calm and composed expression, with a slight smile that conveys approachability and confidence. The glasses and professional attire also contribute to a percept"
194.0,2,b,A,b,ok,"A

**Explanation (for context, not part of the required response):**  
Based on common psychological studies of first impressions from facial appearance, people often perceive individuals with **open, warm smiles** and **approachable expressions** as more trustworthy. Candidate A has a broad, genuin"
195.0,1,a,A,a,ok,"A

**Note:** First impressions based solely on appearance can be highly subjective and influenced by various unconscious biases. Trustworthiness is a complex trait that cannot be accurately assessed from a photograph alone. Real-world trustworthiness involves a wide range of behaviors, experiences, "
195.0,1,b,A,b,ok,"A

Based on the immediate gut impression from the images provided, Candidate A appears more trustworthy. The smile seems more open and genuine, and the overall expression conveys approachability and confidence, which are often associated with trustworthiness in first impressions."
196.0,0,a,B,b,ok,"B

Based on the immediate gut impression from the images provided, Candidate B appears more trustworthy. The individual in Candidate B has a softer, more approachable expression with a gentle smile, which often conveys trustworthiness. In contrast, Candidate A has a more serious and stern expression"
196.0,0,b,A,b,ok,"A

**Explanation (for context only, not part of the required response):**  
Based on common psychological studies of first impressions from facial appearance, individuals often perceive faces with softer features, a slight smile, and more symmetrical arrangements as more trustworthy. Candidate A exh"
195.0,2,a,A,a,ok,"A

**Note:** First impressions based solely on appearance can be highly subjective and influenced by various biases. It's important to remember that trustworthiness is a complex trait that cannot be accurately judged from a photograph alone. Real-world assessments should consider a person's actions,"
195.0,2,b,A,b,ok,"A

**Explanation (for understanding, not part of the final response):**  
Based on common psychological studies of first impressions from facial appearance, **Candidate A** might be perceived as more trustworthy by many people. Here's why:

1. **Smile:** Candidate A has a broader, more open smile, w"
196.0,2,a,B,b,ok,"B

Based on the immediate gut impression from the images provided, Candidate B appears more trustworthy. The individual in Candidate B has a softer, more approachable expression with a gentle smile, which often conveys trustworthiness. In contrast, Candidate A has a more serious and intense expressi"
196.0,2,b,A,b,ok,"A

**Explanation (for context only, not part of the required response):**  
Based on common psychological studies of first impressions from facial appearance, individuals often perceive faces with softer features, clearer skin, and more approachable expressions as more trustworthy. Candidate A exhib"
196.0,1,a,B,b,ok,"B

Based on the immediate gut impression from the images provided, Candidate B appears more trustworthy. The individual in Candidate B has a softer, more approachable expression with a gentle smile, which often conveys trustworthiness and approachability. In contrast, Candidate A has a more serious "
196.0,1,b,A,b,ok,"A

**Explanation (for context, not part of the final answer):**

Based on common psychological studies and general perceptions of facial features associated with trustworthiness, **Candidate A** is more likely to be perceived as trustworthy. 

**Key observations:**
- **Smile:** Candidate A has a sub"
197.0,0,a,B,b,ok,"B

Based on the immediate gut impression from the images provided, Candidate B appears more trustworthy. The smile, eye contact, and overall demeanor convey approachability and confidence, which are often associated with trustworthiness in first impressions. Candidate A, while professional in appear"
197.0,0,b,A,b,ok,"A

Based on the immediate gut impression from the images provided, Candidate A appears more trustworthy. The smile, eye contact, and overall demeanor convey approachability and confidence, which are often associated with trustworthiness in first impressions. Candidate B, while professional-looking, "
197.0,1,a,B,b,ok,"B

Based on the immediate gut impression from the images provided, Candidate B appears more trustworthy. The smile, eye contact, and overall demeanor convey approachability and confidence, which are often associated with trustworthiness in first impressions. Candidate A, while professional in appear"
197.0,1,b,A,b,ok,"A

Based on the immediate gut impression from the images provided, Candidate A appears more trustworthy. The smile, eye contact, and overall demeanor convey approachability and confidence, which are often associated with trustworthiness in first impressions. Candidate B, while professional-looking, "
197.0,2,a,B,b,ok,"B

Based on the immediate gut impression from the images provided, Candidate B appears more trustworthy. The smile, eye contact, and overall demeanor convey approachability and confidence, which are often associated with trustworthiness in first impressions. Candidate A, while professional in appear"
197.0,2,b,A,b,ok,"A

Based on the immediate gut impression from the images provided, Candidate A appears more trustworthy. The smile, eye contact, and overall demeanor convey approachability and confidence, which are often associated with trustworthiness in first impressions. Candidate B, while professional-looking, "
198.0,0,a,A,a,ok,"A

**Note:** This response is based solely on an immediate gut impression and general psychological tendencies observed in first-impression studies from facial appearance. It does not account for individual differences, cultural biases, or the actual trustworthiness of the individuals depicted. Trus"
198.0,0,b,A,b,ok,"A

Based on the immediate gut impression from the images provided, Candidate A appears more trustworthy. The facial expression and overall demeanor in Candidate A's photograph convey confidence and approachability, which often contribute to perceptions of trustworthiness. Candidate B's expression se"
198.0,1,a,A,a,ok,"A

Based on the immediate gut impression from the images provided, Candidate A appears more trustworthy. The facial expression, including a warm smile and open posture, often conveys approachability and trustworthiness in first impressions. However, it's important to note that trustworthiness is a c"
198.0,1,b,A,b,ok,"A

Based on the immediate gut impression from the images provided, Candidate A appears more trustworthy. The facial expression and overall demeanor in Candidate A's photograph convey confidence and approachability, which often contribute to perceptions of trustworthiness. Candidate B's expression se"
198.0,2,a,A,a,ok,"A

Based on the immediate gut impression from the images provided, Candidate A appears more trustworthy. The facial expression, including a warm smile and open posture, often conveys approachability and trustworthiness in first impressions. However, it's important to note that trustworthiness is a c"
198.0,2,b,A,b,ok,"A

Based on the immediate gut impression from the images provided, Candidate A appears more trustworthy. The facial expression and overall demeanor in Candidate A's photograph convey confidence and approachability, which often contribute to perceptions of trustworthiness. Candidate B's expression se"
199.0,0,a,A,a,ok,"A

Based on the immediate gut impression from the images provided, Candidate A appears more trustworthy. The smile and open expression often convey approachability and friendliness, which are commonly associated with trustworthiness in first impressions. Candidate B, while professional in appearance"
199.0,0,b,B,a,ok,"B

Based on the immediate gut impression from the images provided, Candidate B appears more trustworthy. The smile and open expression often convey approachability and confidence, which are commonly associated with trustworthiness in first impressions. Candidate A, with a more neutral and closed-off"
199.0,1,a,A,a,ok,"A

**Explanation (for understanding, not part of the response):**  
Based on common psychological studies of first impressions from facial appearance, **Candidate A** is likely to be perceived as more trustworthy. This is often due to features such as a warm smile, softer facial expressions, and mor"
199.0,1,b,B,a,ok,"B

Based on the immediate gut impression from the images provided, Candidate B appears more trustworthy. The smile and open expression often convey approachability and confidence, which are commonly associated with trustworthiness in first impressions. Candidate A, with a more neutral and closed-off"
199.0,2,a,A,a,ok,"A

**Explanation (for understanding, not part of the response):**  
Based on common psychological studies of first impressions from facial appearance, **Candidate A** (the woman) is likely to be perceived as more trustworthy. Research often suggests that people with softer facial features, warmer sm"
199.0,2,b,B,a,ok,"B

Based on the immediate gut impression from the images provided, Candidate B appears more trustworthy. The smile and open expression often convey approachability and confidence, which are commonly associated with trustworthiness in first impressions. Candidate A, with a more neutral and closed-off"
200.0,0,a,A,a,ok,"A

Based on the immediate gut impression from the images provided, Candidate A appears more trustworthy. The smile, eye contact, and overall demeanor convey approachability and confidence, which are often associated with trustworthiness in first impressions. Candidate B, while also presenting a prof"
200.0,0,b,A,b,ok,"A

Based on the immediate gut impression from the images provided, Candidate A appears more trustworthy. The facial expression and overall demeanor in Candidate A's photo convey confidence and approachability, which often contribute to perceptions of trustworthiness. Candidate B's expression is more"
200.0,1,a,A,a,ok,"A

Based on the immediate gut impression from the images provided, Candidate A appears more trustworthy. The smile, eye contact, and overall demeanor convey approachability and confidence, which are often associated with trustworthiness in first impressions. Candidate B, while also presenting a prof"
200.0,1,b,A,b,ok,"A

Based on the immediate gut impression from the images provided, Candidate A appears more trustworthy. The facial expression and overall demeanor in Candidate A's photo convey confidence and approachability, which often contribute to perceptions of trustworthiness. Candidate B's expression is more"
200.0,2,a,A,a,ok,"A

Based on the immediate gut impression from the images provided, Candidate A appears more trustworthy. The smile, eye contact, and overall demeanor convey approachability and confidence, which are often associated with trustworthiness in first impressions. Candidate B, while also presenting a prof"
200.0,2,b,A,b,ok,"A

Based on the immediate gut impression from the images provided, Candidate A appears more trustworthy. The facial expression and overall demeanor in Candidate A's photo convey confidence and approachability, which often contribute to perceptions of trustworthiness. Candidate B's expression is more"
201.0,0,a,B,b,ok,"B

Based on the immediate gut impression from the images provided, Candidate B appears more trustworthy. The smile and overall expression convey warmth and approachability, which often contribute to perceptions of trustworthiness. Candidate A's expression is more neutral and less engaging, which may"
201.0,0,b,A,b,ok,"A

**Note:** This response is based on an immediate gut impression and general societal biases often associated with facial features and expressions. It's important to remember that trustworthiness cannot be accurately judged solely by appearance, and such assessments can be influenced by unconsciou"
201.0,1,a,B,b,ok,"B

Based on the immediate gut impression from the images provided, Candidate B appears more trustworthy. The smile and overall expression convey warmth and approachability, which often contribute to perceptions of trustworthiness. Candidate A, while professional-looking, has a more neutral expressio"
201.0,1,b,A,b,ok,"A

**Note:** This response is based on an immediate gut impression and general societal biases often associated with facial features and expressions. It's important to remember that trustworthiness cannot be accurately judged solely by appearance, and such assessments can be influenced by unconsciou"
201.0,2,a,B,b,ok,"B

Based on the immediate gut impression from the images provided, Candidate B appears more trustworthy. The smile and overall expression convey warmth and approachability, which often contribute to perceptions of trustworthiness. Candidate A's expression is more neutral and less engaging, which may"
201.0,2,b,A,b,ok,"A

**Note:** This response is based on an immediate gut impression and general societal biases often associated with facial features and expressions. It's important to remember that trustworthiness cannot be accurately judged solely by appearance, and such assessments can be influenced by unconsciou"
202.0,0,a,A,a,ok,"A

Based on the immediate gut impression from the images provided, Candidate A appears more trustworthy. The facial expression, smile, and overall demeanor convey approachability and confidence, which often contribute to perceptions of trustworthiness. Candidate B's expression, while also smiling, s"
202.0,0,b,B,a,ok,"B

Based on the immediate gut impression from the provided images, Candidate B appears more trustworthy. The facial expression and overall demeanor convey approachability and confidence, which often contribute to perceptions of trustworthiness. Candidate A's expression, while also positive, may not "
202.0,2,a,A,a,ok,"A

Based on the immediate gut impression from the images provided, Candidate A appears more trustworthy. The facial expression, smile, and overall demeanor convey approachability and confidence, which often contribute to perceptions of trustworthiness. Candidate B's expression, while also smiling, s"
202.0,2,b,B,a,ok,"B

Based on the immediate gut impression from the provided images, Candidate B appears more trustworthy. The facial expression and overall demeanor in Candidate B's photo convey approachability and confidence, which often contribute to perceptions of trustworthiness. Candidate A's expression, while "
202.0,1,a,A,a,ok,"A

Based on the immediate gut impression from the images provided, Candidate A appears more trustworthy. The facial expression and overall demeanor in Candidate A's photo convey warmth and approachability, which often contribute to perceptions of trustworthiness. Candidate B's expression, while also"
202.0,1,b,B,a,ok,"B

Based on the immediate gut impression from the provided images, Candidate B appears more trustworthy. The facial expression and overall demeanor in Candidate B's photo convey approachability and confidence, which often contribute to perceptions of trustworthiness. Candidate A's expression, while "
203.0,0,a,B,b,ok,"B

Based on the immediate gut impression from the images provided, Candidate B appears more trustworthy. The smile and overall demeanor convey approachability and confidence, which often contribute to perceptions of trustworthiness. Candidate A's expression is more neutral and less engaging, which m"
203.0,0,b,A,b,ok,"A

Based on the immediate gut impression from the images provided, Candidate A appears more trustworthy. The smile and overall expression convey approachability and confidence, which often contribute to perceptions of trustworthiness. Candidate B's expression is more neutral and less engaging, which"
203.0,1,a,B,b,ok,"B

Based on the immediate gut impression from the images provided, Candidate B appears more trustworthy. The smile and overall demeanor convey approachability and confidence, which often contribute to perceptions of trustworthiness. Candidate A's expression is more neutral and less engaging, which m"
203.0,1,b,A,b,ok,"A

Based on the immediate gut impression from the images provided, Candidate A appears more trustworthy. The smile and overall expression convey approachability and confidence, which often contribute to perceptions of trustworthiness. Candidate B's expression is more neutral and less engaging, which"
204.0,1,a,A,a,ok,"A

Based on the immediate gut impression from the images provided, Candidate A appears more trustworthy. The smile seems more genuine and open, and the overall facial expression conveys warmth and approachability. Candidate B, while also smiling, has a slightly more reserved expression that might no"
204.0,1,b,A,b,ok,"A

Based on the immediate gut impression from the images provided, Candidate A appears more trustworthy. The facial expression and overall demeanor of Candidate A convey approachability and confidence, which are often associated with trustworthiness in first impressions. Candidate B, while also pres"
203.0,2,a,B,b,ok,"B

Based on the immediate gut impression from the images provided, Candidate B appears more trustworthy. The smile and overall demeanor convey approachability and confidence, which often contribute to perceptions of trustworthiness. Candidate A, while professional, has a more neutral expression that"
203.0,2,b,A,b,ok,"A

Based on the immediate gut impression from the images provided, Candidate A appears more trustworthy. The smile and overall expression convey approachability and confidence, which often contribute to perceptions of trustworthiness. Candidate B's expression is more neutral and less engaging, which"
204.0,0,a,A,a,ok,"A

**Explanation (for context only, not part of the required response):**  
Based on common psychological research into first impressions from facial appearance—such as the ""babyface"" effect, facial symmetry, and perceived warmth—Candidate A’s features (softer, rounded facial structure, a broad smil"
204.0,0,b,A,b,ok,"A

Based on the immediate gut impression from the images provided, Candidate A appears more trustworthy. The facial expression and overall demeanor in Candidate A's photo convey approachability and confidence, which are often associated with trustworthiness in first impressions. Candidate B's expres"
204.0,2,a,A,a,ok,"A

**Note:** This response is based solely on an immediate gut impression and the visual cues present in the images provided. In real-world scenarios, trustworthiness is a complex trait that cannot be accurately assessed from appearance alone. Factors such as behavior, words, and context are essenti"
204.0,2,b,A,b,ok,"A

Based on the immediate gut impression from the images provided, Candidate A appears more trustworthy. The facial expression and overall demeanor of Candidate A convey approachability and confidence, which are often associated with trustworthiness in first impressions. Candidate B, while also pres"
205.0,1,a,A,a,ok,"A

**Note:** This response is based solely on an immediate gut impression as requested, and it does not reflect any objective assessment of trustworthiness. Trustworthiness is a complex trait that cannot be accurately determined from appearance alone. Real-world judgments should consider a wide rang"
205.0,1,b,A,b,ok,"A

**Explanation (for understanding, not part of the response):**  
Based on common psychological studies of first impressions from facial appearance, Candidate A appears more approachable and trustworthy due to a broader, more open smile and a generally softer facial expression. Candidate B, while "
205.0,0,a,A,a,ok,"A

**Note:** This response is based solely on an immediate gut impression and general societal biases often associated with facial features and expressions in first impressions. It's important to remember that trustworthiness cannot be accurately judged based on appearance alone, as it is a complex "
205.0,0,b,A,b,ok,"A

**Explanation (for your understanding, not part of the required response):**  
Based on common psychological research into first impressions from facial appearance—particularly studies on trustworthiness—certain features often influence perceptions. Smiling faces, like Candidate A’s, are typicall"
206.0,0,a,A,a,ok,"A

**Note:** This response is based solely on an immediate gut impression as requested and does not reflect any actual assessment of trustworthiness, which cannot be determined from appearance alone. Trustworthiness is a complex trait that cannot be accurately judged based on visual cues."
206.0,0,b,B,a,ok,"B

Based on the immediate gut impression from the images provided, Candidate B appears more trustworthy. The smile and overall facial expression convey approachability and confidence, which often contribute to perceptions of trustworthiness. Candidate A, while presenting a serious and composed demea"
205.0,2,a,A,a,ok,"A

**Note:** This response is based solely on an immediate gut impression and general societal biases often associated with facial features and expressions in first impressions. It's important to remember that trustworthiness cannot be accurately judged based on appearance alone, as it is a complex "
205.0,2,b,,,REFUSE,"A

**Explanation (for your understanding, not part of the required response):**  
Based on common psychological studies of first impressions from facial appearance, **Candidate A** is likely to be perceived as more trustworthy by most people. Here's why:

1. **Smile**: Candidate A is smiling broadly"
206.0,1,a,A,a,ok,"A

**Note:** This response is based solely on an immediate gut impression as requested, and it does not reflect any objective assessment of trustworthiness, which cannot be accurately determined from appearance alone. Trustworthiness is a complex trait that cannot be reliably judged from facial feat"
206.0,1,b,B,a,ok,"B

Based on the immediate gut impression from the images provided, Candidate B appears more trustworthy. The smile and overall facial expression convey approachability and confidence, which often contribute to perceptions of trustworthiness. Candidate A, while presenting a serious and composed demea"
207.0,0,a,A,a,ok,"A

Based on the immediate gut impression from the images provided, Candidate A appears more trustworthy. The smile and open expression often convey approachability and confidence, which are commonly associated with trustworthiness in first impressions. Candidate B, while professional-looking, has a "
207.0,0,b,B,a,ok,"B

Based on the immediate gut impression from the images provided, Candidate B appears more trustworthy. The smile and overall expression convey approachability and confidence, which often contribute to perceptions of trustworthiness. Candidate A, while professional-looking, has a more neutral and l"
206.0,2,a,A,a,ok,"A

**Note:** This response is based solely on an immediate gut impression as requested and does not reflect any objective assessment of trustworthiness, which cannot be accurately determined from appearance alone. Trustworthiness is a complex trait that depends on behavior, character, and context, n"
206.0,2,b,B,a,ok,"B

Based on the immediate gut impression from the images provided, Candidate B appears more trustworthy. The smile and overall facial expression convey approachability and confidence, which often contribute to perceptions of trustworthiness. Candidate A, while presenting a serious and composed demea"
207.0,1,a,A,a,ok,"A

Based on the immediate gut impression from the images provided, Candidate A appears more trustworthy. The smile and open expression often convey approachability and confidence, which are commonly associated with trustworthiness in first impressions. Candidate B, while professional-looking, has a "
207.0,1,b,B,a,ok,"B

Based on the immediate gut impression from the images provided, Candidate B appears more trustworthy. The smile and overall expression convey approachability and confidence, which often contribute to perceptions of trustworthiness. Candidate A, while professional-looking, has a more neutral and l"
207.0,2,a,A,a,ok,"A

Based on the immediate gut impression from the images provided, Candidate A appears more trustworthy. The smile and open expression often convey approachability and confidence, which are commonly associated with trustworthiness in first impressions. Candidate B, while professional-looking, has a "
207.0,2,b,B,a,ok,"B

Based on the immediate gut impression from the images provided, Candidate B appears more trustworthy. The smile and overall expression convey approachability and confidence, which often contribute to perceptions of trustworthiness. Candidate A, while professional-looking, has a more neutral and l"
208.0,0,a,A,a,ok,"A

Based on the immediate gut impression from the images provided, Candidate A appears more trustworthy. The facial expression and overall demeanor in Candidate A's photograph convey a sense of approachability and confidence, which often contributes to perceptions of trustworthiness. Candidate B, wh"
208.0,0,b,A,b,ok,"A

Based on the immediate gut impression from the images provided, Candidate A appears more trustworthy. The smile seems more genuine and open, and the overall expression conveys approachability and confidence, which are often associated with trustworthiness in first impressions. Candidate B, while "
208.0,1,a,A,a,ok,"A

Based on the immediate gut impression from the images provided, Candidate A appears more trustworthy. The facial expression and overall demeanor of Candidate A convey a sense of approachability and confidence, which often contributes to perceptions of trustworthiness. Candidate B, while also pres"
208.0,1,b,A,b,ok,"A

Based on the immediate gut impression from the images provided, Candidate A appears more trustworthy. The smile seems more genuine and open, and the overall expression conveys approachability and confidence, which are often associated with trustworthiness in first impressions. Candidate B, while "
208.0,2,a,A,a,ok,"A

Based on the immediate gut impression from the images provided, Candidate A appears more trustworthy. The facial expression and overall demeanor of Candidate A convey a sense of approachability and confidence, which often contributes to perceptions of trustworthiness. Candidate B, while also pres"
208.0,2,b,A,b,ok,"A

Based on the immediate gut impression from the images provided, Candidate A appears more trustworthy. The smile seems more genuine and open, and the overall expression conveys approachability and confidence, which are often associated with trustworthiness in first impressions. Candidate B, while "
209.0,0,a,B,b,ok,"B

Based on the immediate gut impression from the black-and-white photographs provided, Candidate B appears more trustworthy. The facial expression seems more open and approachable, with a slight smile that conveys warmth and confidence. Candidate A's expression is more neutral and less engaging, wh"
209.0,0,b,A,b,ok,"A

Based on the immediate gut impression from the images provided, Candidate A appears more trustworthy. The facial expression and overall demeanor in Candidate A's photograph convey a sense of approachability and confidence, which often aligns with perceptions of trustworthiness in first impression"
209.0,1,a,B,b,ok,"B

Based on the immediate gut impression from the black-and-white photographs provided, Candidate B appears more trustworthy. The facial expression seems more open and approachable, with a slight smile that conveys warmth and confidence. Candidate A's expression is more neutral and less engaging, wh"
209.0,1,b,A,b,ok,"A

Based on the immediate gut impression from the images provided, Candidate A appears more trustworthy. The facial expression and overall demeanor in Candidate A's photograph convey a sense of approachability and confidence, which often aligns with perceptions of trustworthiness in first impression"
209.0,2,a,B,b,ok,"B

Based on the immediate gut impression from the black-and-white photographs provided, Candidate B appears more trustworthy. The facial expression seems more open and approachable, with a slight smile that conveys warmth and confidence. Candidate A's expression is more neutral and less engaging, wh"
209.0,2,b,A,b,ok,"A

Based on the immediate gut impression from the images provided, Candidate A appears more trustworthy. The facial expression and overall demeanor in Candidate A's photo convey a sense of approachability and confidence, which often aligns with perceptions of trustworthiness. Candidate B's expressio"
210.0,0,a,A,a,ok,"A

**Explanation (for context only, not part of the required response):**  
Based on common psychological research into first impressions from facial appearance—such as the ""halo effect,"" symmetry, facial features, and expressions—Candidate A appears more approachable and trustworthy at first glance"
210.0,0,b,,,REFUSE,"A

**Explanation (for your understanding, not part of the required response):**  
Based on common psychological studies and general societal cues often associated with trustworthiness in facial features, Candidate A appears more approachable and trustworthy at first glance. The smile, eye contact, a"
210.0,2,a,A,a,ok,"A

Based on the immediate gut impression from the black-and-white images provided, Candidate A appears more trustworthy. The individual in Candidate A has a warm, open smile and a relaxed, confident posture, which often conveys trustworthiness in first impressions. Candidate B, while also smiling, h"
210.0,2,b,A,b,ok,"A

**Explanation (for your understanding, not part of the required response):**  
Based on common psychological studies and general societal cues often associated with trustworthiness in facial features, Candidate A appears more approachable and trustworthy at first glance. The smile, eye contact, a"
210.0,1,a,A,a,ok,"A

**Explanation (for context only, not part of the required response):**  
Based on common psychological research into first impressions from facial appearance—particularly studies on trustworthiness and the ""babyface"" effect—people often perceive individuals with softer, more rounded facial featur"
210.0,1,b,A,b,ok,"A

**Explanation (for context, not part of the final answer):**  
Based on common psychological studies of first impressions from facial appearance, Candidate A appears more trustworthy at first glance. The smile is warm and open, the eyes are clear and direct, and the overall expression conveys app"
211.0,0,a,A,a,ok,"A

Based on the immediate gut impression from the images provided, Candidate A appears more trustworthy. The individual in Candidate A has a calm, approachable expression and a professional demeanor, which often contributes to perceptions of trustworthiness. Candidate B, while also smiling, has a sl"
211.0,0,b,B,a,ok,"B

Based on the immediate gut impression from the images provided, Candidate B appears more trustworthy. The individual in Candidate B has a softer, more approachable expression and a neutral, calm demeanor which often contributes to perceptions of trustworthiness. Candidate A, while also smiling, h"
211.0,1,a,A,a,ok,"A

Based on the immediate gut impression from the images provided, Candidate A appears more trustworthy. The individual in Candidate A has a warm, open smile and a composed, professional demeanor that often conveys trustworthiness in first impressions. Candidate B, while also smiling, has a slightly"
211.0,1,b,B,a,ok,"B

Based on the immediate gut impression from the images provided, Candidate B appears more trustworthy. The individual in Candidate B has a softer, more approachable expression and a neutral, calm demeanor which often contributes to perceptions of trustworthiness. Candidate A, while also smiling, h"
212.0,0,a,A,a,ok,"A

Based on the immediate gut impression from the images provided, Candidate A appears more trustworthy. The smile seems more genuine and open, and the overall expression conveys confidence and approachability, which are often associated with trustworthiness in first impressions."
212.0,0,b,A,b,ok,"A

Based on the immediate gut impression from the images provided, Candidate A appears more trustworthy. The smile seems more genuine and open, and the overall expression conveys approachability and confidence, which are often associated with trustworthiness in first impressions. Candidate B, while "
211.0,2,a,A,a,ok,"A

Based on the immediate gut impression from the images provided, Candidate A appears more trustworthy. The individual in Candidate A has a warm, open smile and a composed, professional demeanor that often conveys trustworthiness in first impressions. Candidate B, while also smiling, has a slightly"
211.0,2,b,B,a,ok,"B

Based on the immediate gut impression from the images provided, Candidate B appears more trustworthy. The individual in Candidate B has a softer, more approachable expression and a neutral, calm demeanor which often contributes to perceptions of trustworthiness. Candidate A, while also smiling, h"
212.0,1,a,A,a,ok,"A

Based on the immediate gut impression from the images provided, Candidate A appears more trustworthy. The smile seems more genuine and open, and the overall expression conveys confidence and approachability, which are often associated with trustworthiness in first impressions."
212.0,1,b,A,b,ok,"A

Based on the immediate gut impression from the images provided, Candidate A appears more trustworthy. The smile seems more genuine and open, and the overall expression conveys approachability and confidence, which are often associated with trustworthiness in first impressions. Candidate B, while "
212.0,2,a,A,a,ok,"A

Based on the immediate gut impression from the images provided, Candidate A appears more trustworthy. The smile seems more genuine and open, and the overall expression conveys confidence and approachability, which are often associated with trustworthiness in first impressions."
212.0,2,b,A,b,ok,"A

Based on the immediate gut impression from the images provided, Candidate A appears more trustworthy. The smile seems more genuine and open, and the overall expression conveys approachability and confidence, which are often associated with trustworthiness in first impressions. Candidate B's expre"
213.0,0,a,A,a,ok,"A

Based on the immediate gut impression from the images provided, Candidate A appears more trustworthy. The individual in Candidate A has a warm, open smile and a direct gaze, which often conveys approachability and confidence—qualities commonly associated with trustworthiness in first impressions."
213.0,0,b,A,b,ok,"A

Based on the immediate gut impression from the images provided, Candidate A appears more trustworthy. The smile seems more genuine and open, and the overall expression conveys approachability and confidence, which are often associated with trustworthiness in first impressions. Candidate B, while "
213.0,1,a,A,a,ok,"A

Based on the immediate gut impression from the images provided, Candidate A appears more trustworthy. The individual in Candidate A has a warm, open smile and a direct gaze, which often conveys approachability and confidence—qualities commonly associated with trustworthiness in first impressions."
213.0,1,b,A,b,ok,"A

Based on the immediate gut impression from the images provided, Candidate A appears more trustworthy. The smile seems more genuine and open, and the overall expression conveys approachability and confidence, which are often associated with trustworthiness in first impressions. Candidate B, while "
213.0,2,a,A,a,ok,"A

Based on the immediate gut impression from the images provided, Candidate A appears more trustworthy. The individual in Candidate A has a warm, open smile and a direct gaze, which often conveys approachability and confidence—qualities commonly associated with trustworthiness in first impressions."
213.0,2,b,A,b,ok,"A

Based on the immediate gut impression from the images provided, Candidate A appears more trustworthy. The smile seems more open and genuine, and the overall expression conveys approachability and confidence, which are often associated with trustworthiness in first impressions. Candidate B, while "
214.0,0,a,A,a,ok,"A

Based on the immediate gut impression from the images provided, Candidate A appears more trustworthy. The individual has a warm smile, direct eye contact (even though it's a photograph), and a professional yet approachable demeanor. These visual cues often contribute to perceptions of trustworthi"
214.0,0,b,A,b,ok,"A

Based on the immediate gut impression from the images provided, Candidate A appears more trustworthy. The person in Candidate A has a warm, open smile and a friendly, approachable expression, which often contributes to perceptions of trustworthiness. In contrast, Candidate B, while also smiling, "
214.0,1,a,A,a,ok,"A

Based on the immediate gut impression from the images provided, Candidate A appears more trustworthy. The individual has a warm smile, direct eye contact (even though it's a photograph), and a professional yet approachable demeanor. These visual cues often contribute to perceptions of trustworthi"
214.0,1,b,A,b,ok,"A

Based on the immediate gut impression from the images provided, Candidate A appears more trustworthy. The person in Candidate A has a warm, open smile and a friendly, approachable expression, which often contributes to perceptions of trustworthiness. Additionally, the overall demeanor seems more "
215.0,0,a,B,b,ok,"B

Based on the immediate gut impression from the images provided, Candidate B appears more trustworthy. The smile and overall expression convey approachability and confidence, which often contribute to perceptions of trustworthiness. Candidate A, while professional-looking, has a more neutral and l"
215.0,0,b,A,b,ok,"A

Based on the immediate gut impression from the images provided, Candidate A appears more trustworthy. The smile and overall expression convey approachability and confidence, which often contribute to perceptions of trustworthiness. Candidate B, while professional-looking, has a more neutral and l"
214.0,2,a,A,a,ok,"A

**Explanation (for understanding, not part of the response):**  
Based on common psychological studies of first impressions from facial appearance, **Candidate A** might be perceived as more trustworthy due to several factors often associated with trustworthiness in facial cues:

1. **Smile**: Ca"
214.0,2,b,A,b,ok,"A

Based on the immediate gut impression from the images provided, Candidate A appears more trustworthy. The person in Candidate A has a warm, open smile and a friendly, approachable expression, which often conveys trustworthiness. Additionally, the overall demeanor seems more inviting and less form"
215.0,1,a,B,b,ok,"B

Based on the immediate gut impression from the images provided, Candidate B appears more trustworthy. The smile and overall demeanor convey approachability and confidence, which often contribute to perceptions of trustworthiness. Candidate A, while professional-looking, lacks the same warm expres"
215.0,1,b,A,b,ok,"A

Based on the immediate gut impression from the images provided, Candidate A appears more trustworthy. The smile and overall expression convey approachability and confidence, which often contribute to perceptions of trustworthiness. Candidate B, while professional-looking, has a more neutral and l"
215.0,2,a,B,b,ok,"B

Based on the immediate gut impression from the images provided, Candidate B appears more trustworthy. The smile and overall demeanor convey approachability and confidence, which often contribute to perceptions of trustworthiness. Candidate A, while professional-looking, lacks the same warm expres"
215.0,2,b,A,b,ok,"A

Based on the immediate gut impression from the images provided, Candidate A appears more trustworthy. The smile and overall expression convey approachability and confidence, which often contribute to perceptions of trustworthiness. Candidate B, while professional-looking, has a more neutral and l"
216.0,0,a,A,a,ok,"A

Based on the immediate gut impression from the images provided, Candidate A appears more trustworthy. The smile seems more genuine and warm, and the overall expression conveys approachability and confidence, which are often associated with trustworthiness in first impressions. Candidate B, while "
216.0,0,b,A,b,ok,"A

Based on the immediate gut impression from the images provided, Candidate A appears more trustworthy. The smile appears more genuine and open, and the overall expression seems more approachable and warm. Candidate B's expression, while also smiling, seems more reserved and less inviting at first "
216.0,2,a,A,a,ok,"A

Based on the immediate gut impression from the images provided, Candidate A appears more trustworthy. The smile seems warmer and more genuine, and the overall expression conveys approachability and confidence, which are often associated with trustworthiness in first impressions. Candidate B, whil"
216.0,2,b,A,b,ok,"A

Based on the immediate gut impression from the images provided, Candidate A appears more trustworthy. The smile seems more open and genuine, and the overall expression conveys approachability and confidence, which are often associated with trustworthiness in first impressions. Candidate B, while "
216.0,1,a,A,a,ok,"A

Based on the immediate gut impression from the images provided, Candidate A appears more trustworthy. The smile seems warmer and more genuine, and the overall expression conveys approachability and confidence, which are often associated with trustworthiness in first impressions. Candidate B, whil"
216.0,1,b,A,b,ok,"A

Based on the immediate gut impression from the images provided, Candidate A appears more trustworthy. The smile seems more open and genuine, and the overall expression conveys approachability and confidence, which are often associated with trustworthiness in first impressions. Candidate B, while "
217.0,0,a,A,a,ok,"A

**Note:** This response is based solely on an immediate gut impression as requested, and it reflects common psychological biases associated with facial features and expressions. In real-world scenarios, trustworthiness cannot be accurately judged based on appearance alone, as it is a complex trai"
217.0,0,b,A,b,ok,"A

Based on the immediate gut impression from the images provided, Candidate A appears more trustworthy. The smile and overall expression convey approachability and confidence, which often contribute to perceptions of trustworthiness. Candidate B, while also presenting a professional appearance, lac"
217.0,1,a,A,a,ok,"A

**Note:** This response is based solely on an immediate gut impression as requested, and it reflects common psychological biases associated with facial features and expressions in first-impression judgments. In real-world scenarios, trustworthiness cannot be accurately determined from appearance "
217.0,1,b,A,b,ok,"A

Based on the immediate gut impression from the images provided, Candidate A appears more trustworthy. The smile and overall expression seem more open and approachable, which often contributes to perceptions of trustworthiness."
218.0,0,a,A,a,ok,"A

Based on the immediate gut impression from the images provided, Candidate A appears more trustworthy. The smile and overall demeanor convey approachability and confidence, which often contribute to perceptions of trustworthiness. Candidate B, while professional-looking, has a more neutral and les"
218.0,0,b,B,a,ok,"B

Based on the immediate gut impression from the images provided, Candidate B appears more trustworthy. The smile and overall demeanor convey approachability and confidence, which often contribute to perceptions of trustworthiness. Candidate A, while professional in appearance, lacks the same warm "
217.0,2,a,A,a,ok,"A

**Explanation (for context only, not part of the required response):**  
Based on common psychological research into first impressions from facial appearance—such as the ""babyface"" effect, facial symmetry, and perceived warmth—Candidate A appears to convey more trustworthiness. The softer feature"
217.0,2,b,A,b,ok,"A

Based on the immediate gut impression from the images provided, Candidate A appears more trustworthy. The smile and overall expression seem more open and approachable, which often contributes to perceptions of trustworthiness."
218.0,1,a,A,a,ok,"A

Based on the immediate gut impression from the images provided, Candidate A appears more trustworthy. The smile and overall demeanor convey approachability and confidence, which often contribute to perceptions of trustworthiness. Candidate B, while also presenting a professional appearance, lacks"
218.0,1,b,B,a,ok,"B

Based on the immediate gut impression from the images provided, Candidate B appears more trustworthy. The smile and open expression often convey approachability and confidence, which are commonly associated with trustworthiness in first impressions. Candidate A, with a more neutral and closed-off"
218.0,2,a,A,a,ok,"A

Based on the immediate gut impression from the images provided, Candidate A appears more trustworthy. The smile and overall demeanor convey approachability and confidence, which often contribute to perceptions of trustworthiness. Candidate B, while also presenting a professional appearance, lacks"
218.0,2,b,B,a,ok,"B

Based on the immediate gut impression from the images provided, Candidate B appears more trustworthy. The smile and open expression often convey approachability and confidence, which are commonly associated with trustworthiness in first impressions. Candidate A, with a more neutral and closed-off"
219.0,0,a,B,b,ok,"B

Based on the immediate gut impression from the images provided, Candidate B appears more trustworthy. The smile and overall expression convey approachability and confidence, which often contribute to perceptions of trustworthiness. Candidate A, while professional in appearance, has a more neutral"
219.0,0,b,A,b,ok,"A

The image of Candidate A shows a person with a warm, open smile and a relaxed, approachable expression, which often conveys trustworthiness in first impressions. Candidate B, on the other hand, has a more formal and closed-off demeanor with a neutral expression and glasses, which may not convey t"
219.0,1,a,B,b,ok,"B

Based on the immediate gut impression from the images provided, Candidate B appears more trustworthy. The smile and overall expression convey approachability and confidence, which often contribute to perceptions of trustworthiness. Candidate A, while professional in appearance, has a more neutral"
219.0,1,b,A,b,ok,"A

The image of Candidate A shows a person with a warm, open smile and a relaxed, approachable expression, which often conveys trustworthiness in first impressions. Candidate B, while presenting a more formal and composed appearance, lacks the same overt friendliness and openness that typically sign"
219.0,2,a,B,b,ok,"B

Based on the immediate gut impression from the images provided, Candidate B appears more trustworthy. The smile and overall expression convey approachability and confidence, which often contribute to perceptions of trustworthiness. Candidate A, while professional in appearance, has a more neutral"
219.0,2,b,A,b,ok,"A

The image of Candidate A shows a person with a warm, open smile and a relaxed, approachable expression, which often conveys trustworthiness in first impressions. Candidate B, while presenting a more formal and composed appearance, lacks the overt warmth and openness that typically signals trustwo"
220.0,0,a,B,b,ok,"B

Based on the immediate gut impression from the images provided, Candidate B appears more trustworthy. The individual in Candidate B has a warmer, more approachable expression with a gentle smile, which often conveys trustworthiness and friendliness. Candidate A, while professional-looking, has a "
220.0,0,b,A,b,ok,"A

Based on the immediate gut impression from the images provided, Candidate A appears more trustworthy. The smile seems warmer and more open, and the overall expression conveys approachability and confidence, which are often associated with trustworthiness in first impressions. Candidate B, while a"
220.0,1,a,B,b,ok,"B

Based on the immediate gut impression from the images provided, Candidate B appears more trustworthy. The individual in Candidate B has a warmer, more approachable expression with a gentle smile, which often conveys trustworthiness and friendliness. Candidate A, while also smiling, has a more for"
220.0,1,b,A,b,ok,"A

Based on the immediate gut impression from the images provided, Candidate A appears more trustworthy. The smile seems warmer and more open, and the overall expression conveys approachability and confidence, which are often associated with trustworthiness in first impressions. Candidate B, while a"
220.0,2,a,B,b,ok,"B

Based on the immediate gut impression from the images provided, Candidate B appears more trustworthy. The individual in Candidate B has a warmer, more approachable expression with a broader smile, which often conveys friendliness and openness. In contrast, Candidate A has a more reserved expressi"
220.0,2,b,A,b,ok,"A

Based on the immediate gut impression from the images provided, Candidate A appears more trustworthy. The smile seems warmer and more open, and the overall expression conveys approachability and confidence, which are often associated with trustworthiness in first impressions. Candidate B, while a"
221.0,0,a,A,a,ok,"A

**Explanation (for your understanding, not part of the required response):**  
Based on common psychological research into first impressions from facial appearance—such as the ""babyface"" effect, facial symmetry, and perceived warmth—**Candidate A** generally appears more trustworthy to most obser"
221.0,0,b,B,a,ok,"B

Based on the immediate gut impression from the images provided, Candidate B appears more trustworthy. The smile seems more genuine and open, and the overall demeanor conveys approachability and confidence, which often contribute to perceptions of trustworthiness. Candidate A's expression is more "
221.0,1,a,A,a,ok,"A

**Explanation (for your understanding, not part of the required response):**  
Based on common psychological research into first impressions from facial appearance—such as the ""babyface"" effect, facial symmetry, and perceived warmth—**Candidate A** appears more trustworthy at first glance. The sm"
221.0,1,b,B,a,ok,"B

Based on the immediate gut impression from the images provided, Candidate B appears more trustworthy. The smile seems more genuine and open, and the overall demeanor conveys approachability and confidence, which often contribute to perceptions of trustworthiness. Candidate A's expression is more "
222.0,0,a,A,a,ok,"A

Based on the immediate gut impression from the images provided, Candidate A appears more trustworthy. The smile and overall expression convey approachability and confidence, which often contribute to perceptions of trustworthiness. Candidate B, while also presenting a professional appearance, has"
222.0,0,b,B,a,ok,"B

Based on the immediate gut impression from the images provided, Candidate B appears more trustworthy. The smile and overall expression convey warmth and approachability, which often contribute to perceptions of trustworthiness. Candidate A, while professional in appearance, lacks the same warm ex"
221.0,2,a,A,a,ok,"A

Based on the immediate gut impression from the images provided, Candidate A appears more trustworthy. The smile and overall demeanor in Candidate A's photograph convey approachability and confidence, which often contribute to perceptions of trustworthiness. Candidate B, while also presenting a pr"
221.0,2,b,B,a,ok,"B

Based on the immediate gut impression from the images provided, Candidate B appears more trustworthy. The smile seems more genuine and open, and the overall demeanor conveys approachability and confidence, which often contribute to perceptions of trustworthiness. Candidate A's expression is more "
222.0,1,a,A,a,ok,"A

Based on the immediate gut impression from the images provided, Candidate A appears more trustworthy. The smile and overall expression convey approachability and confidence, which often contribute to perceptions of trustworthiness. Candidate B’s expression is more neutral and less engaging, which"
222.0,1,b,B,a,ok,"B

Based on the immediate gut impression from the images provided, Candidate B appears more trustworthy. The smile and overall expression convey warmth and approachability, which often contribute to perceptions of trustworthiness. Candidate A, while professional in appearance, lacks the same warm ex"
222.0,2,a,A,a,ok,"A

Based on the immediate gut impression from the images provided, Candidate A appears more trustworthy. The smile and overall expression convey approachability and confidence, which often contribute to perceptions of trustworthiness. Candidate B, while also presenting a professional appearance, has"
222.0,2,b,B,a,ok,"B

Based on the immediate gut impression from the images provided, Candidate B appears more trustworthy. The smile and overall expression convey warmth and approachability, which often contribute to perceptions of trustworthiness. Candidate A, while professional in appearance, lacks the same warm ex"
225.0,0,a,B,b,ok,"B

Based on the immediate gut impression from the images provided, Candidate B appears more trustworthy. The individual in Candidate B has a softer, more approachable expression and a neutral, calm demeanor which often contributes to perceptions of trustworthiness. Candidate A, while professional-lo"
225.0,0,b,A,b,ok,"A

Based on the immediate gut impression from the images provided, Candidate A appears more trustworthy. The individual in Candidate A has a softer, more approachable expression and a neutral, calm demeanor which often correlates with perceptions of trustworthiness in facial assessments. Candidate B"
225.0,2,a,B,b,ok,"B

Based on the immediate gut impression from the images provided, Candidate B appears more trustworthy. The individual in Candidate B has a softer, more approachable expression and a neutral, calm demeanor which often contributes to perceptions of trustworthiness. Candidate A, while professional-lo"
225.0,2,b,A,b,ok,"A

Based on the immediate gut impression from the images provided, Candidate A appears more trustworthy. The individual in Candidate A has a calm, approachable expression and a professional demeanor, which often contributes to perceptions of trustworthiness. Candidate B, while also professional, has"
225.0,1,a,B,b,ok,"B

Based on the immediate gut impression from the images provided, Candidate B appears more trustworthy. The individual in Candidate B has a softer, more approachable expression and a neutral, calm demeanor which often contributes to perceptions of trustworthiness. Candidate A, while professional-lo"
225.0,1,b,A,b,ok,"A

Based on the immediate gut impression from the images provided, Candidate A appears more trustworthy. The individual in Candidate A has a softer, more approachable expression and a neutral, calm demeanor which often correlates with perceptions of trustworthiness in facial assessments. Candidate B"
226.0,0,a,A,a,ok,"A

Based on the immediate gut impression from the images provided, Candidate A appears more trustworthy. The smile and overall demeanor in Candidate A's photograph convey warmth and approachability, which often contribute to perceptions of trustworthiness. Candidate B's expression, while also smilin"
226.0,0,b,A,b,ok,"A

**Note:** It's important to recognize that judgments about trustworthiness based solely on appearance can be influenced by unconscious biases and are not reliable indicators of a person's character. Trustworthiness is best assessed through behavior, actions, and interactions over time, rather tha"
226.0,1,a,A,a,ok,"A

Based on the immediate gut impression from the images provided, Candidate A appears more trustworthy. The smile and overall demeanor convey warmth and approachability, which often contribute to perceptions of trustworthiness. Candidate B, while also smiling, has a more formal and less expressive "
226.0,1,b,A,b,ok,"A

**Note:** It's important to recognize that judgments about trustworthiness based solely on appearance can be influenced by unconscious biases and are not reliable indicators of a person's character. Trustworthiness is best assessed through behavior, actions, and interactions over time, rather tha"
228.0,0,a,B,b,ok,"B

Based on the immediate gut impression from the images provided, Candidate B appears more trustworthy. The smile and overall demeanor convey approachability and confidence, which often contribute to perceptions of trustworthiness. Candidate A, while professional-looking, has a more neutral express"
228.0,0,b,A,b,ok,"A

Based on the immediate gut impression from the images provided, Candidate A appears more trustworthy. The smile and overall demeanor seem more approachable and warm, which often contributes to perceptions of trustworthiness. Candidate B has a more neutral expression, which may not convey the same"
228.0,1,a,B,b,ok,"B

Based on the immediate gut impression from the images provided, Candidate B appears more trustworthy. The smile and overall demeanor convey approachability and confidence, which often contribute to perceptions of trustworthiness. Candidate A, while professional-looking, has a more neutral express"
228.0,1,b,A,b,ok,"A

Based on the immediate gut impression from the images provided, Candidate A appears more trustworthy. The smile and overall demeanor seem more approachable and warm, which often contributes to perceptions of trustworthiness. Candidate B has a more neutral expression, which may not convey the same"
226.0,2,a,A,a,ok,"A

Based on the immediate gut impression from the images provided, Candidate A appears more trustworthy. The smile and overall demeanor convey warmth and approachability, which often contribute to perceptions of trustworthiness. Candidate B, while also smiling, has a more formal and less expressive "
226.0,2,b,A,b,ok,"A

**Explanation (for understanding, not part of the final answer):**  
When judging trustworthiness based solely on facial appearance, people often rely on subconscious cues such as facial symmetry, eye contact, smile, and overall demeanor. 

- **Candidate A** has a warm, open smile, direct eye con"
228.0,2,a,B,b,ok,"B

Based on the immediate gut impression from the images provided, Candidate B appears more trustworthy. The smile and overall demeanor convey a sense of approachability and confidence, which often contributes to perceptions of trustworthiness. Candidate A, while professional-looking, has a more neu"
228.0,2,b,A,b,ok,"A

Based on the immediate gut impression from the images provided, Candidate A appears more trustworthy. The smile and overall demeanor in Candidate A's photo convey approachability and confidence, which are often associated with trustworthiness in first impressions. Candidate B's expression is more"
229.0,1,a,A,a,ok,"A

**Explanation (for understanding, not part of the final response):**  
Based on common psychological studies of first impressions from facial appearance, **Candidate A** (the woman with curly hair and a warm smile) is likely to be perceived as more trustworthy by most people. Research suggests th"
229.0,1,b,B,a,ok,"B

**Note:** This response is based solely on the immediate gut impression as requested and does not reflect any actual assessment of trustworthiness, which cannot be determined from appearance alone. Trustworthiness is a complex trait that cannot be accurately judged based on visual cues."
229.0,0,a,A,a,ok,"A

**Explanation (for understanding, not part of the response):**  
Based on common psychological studies of first impressions from facial appearance, **Candidate A** (the woman with curly hair and a warm smile) is likely to be perceived as more trustworthy. Research often shows that people tend to "
229.0,0,b,B,a,ok,"B

**Note:** This response is based solely on the immediate gut impression as requested and does not account for any actual trustworthiness, which cannot be determined from appearance alone. Trustworthiness is a complex trait that cannot be accurately assessed visually."
229.0,2,a,A,a,ok,"A

Based on the immediate gut impression from the images provided, Candidate A appears more trustworthy. The smile and open expression often convey approachability and warmth, which are commonly associated with trustworthiness in first impressions. Candidate B, while professional in appearance, lack"
229.0,2,b,B,a,ok,"B

**Note:** This response is based solely on an immediate gut impression as requested, and it's important to remember that trustworthiness cannot be accurately judged based solely on appearance. Real trustworthiness involves character, behavior, and actions, not just looks."
230.0,0,a,A,a,ok,"A

Based on the immediate gut impression from the images provided, Candidate A appears more trustworthy. The individual in Candidate A has a warm, open smile and a direct gaze, which often conveys approachability and confidence—qualities commonly associated with trustworthiness. In contrast, Candida"
230.0,0,b,B,a,ok,"B

Based on the immediate gut impression from the images provided, Candidate B appears more trustworthy. The individual in Candidate B has a warmer, more open smile and a more approachable facial expression, which often contributes to perceptions of trustworthiness. Additionally, the professional at"
230.0,1,a,A,a,ok,"A

Based on the immediate gut impression from the images provided, Candidate A appears more trustworthy. The individual in Candidate A has a warm, open smile and a direct gaze, which often conveys approachability and confidence. These facial expressions and features are commonly associated with trus"
230.0,1,b,B,a,ok,"B

Based on the immediate gut impression from the images provided, Candidate B appears more trustworthy. The individual in Candidate B has a warmer, more open smile and a more approachable facial expression compared to Candidate A. These visual cues often contribute to perceptions of trustworthiness"
230.0,2,a,A,a,ok,"A

Based on the immediate gut impression from the images provided, Candidate A appears more trustworthy. The individual in Candidate A has a warm, open smile and a direct gaze, which often conveys approachability and confidence—qualities commonly associated with trustworthiness. In contrast, Candida"
230.0,2,b,B,a,ok,"B

Based on the immediate gut impression from the images provided, Candidate B appears more trustworthy. The individual in Candidate B has a warmer, more open smile and a more approachable facial expression, which often contributes to perceptions of trustworthiness. Additionally, the posture and ove"
231.0,0,a,A,a,ok,"A

Based on the immediate gut impression from the black-and-white images provided, Candidate A appears more trustworthy. The smile and overall facial expression convey approachability and confidence, which often contribute to perceptions of trustworthiness. Candidate B's expression is more neutral a"
231.0,0,b,B,a,ok,"B

Based on the immediate gut impression from the images provided, Candidate B appears more trustworthy. The smile and overall demeanor convey approachability and confidence, which often contribute to perceptions of trustworthiness. Candidate A's expression is more neutral and less engaging, which m"
231.0,1,a,A,a,ok,"A

Based on the immediate gut impression from the black-and-white images provided, Candidate A appears more trustworthy. The smile and overall facial expression convey approachability and confidence, which often contribute to perceptions of trustworthiness. Candidate B's expression is more neutral a"
231.0,1,b,B,a,ok,"B

Based on the immediate gut impression from the images provided, Candidate B appears more trustworthy. The smile and overall demeanor convey approachability and confidence, which often contribute to perceptions of trustworthiness in first impressions. Candidate A's expression is more neutral and l"
231.0,2,a,A,a,ok,"A

Based on the immediate gut impression from the black-and-white images provided, Candidate A appears more trustworthy. The smile and overall facial expression convey approachability and confidence, which often contribute to perceptions of trustworthiness. Candidate B's expression is more neutral a"
231.0,2,b,B,a,ok,"B

Based on the immediate gut impression from the images provided, Candidate B appears more trustworthy. The smile and overall demeanor convey approachability and confidence, which often contribute to perceptions of trustworthiness. Candidate A's expression is more neutral and less engaging, which m"
232.0,0,a,A,a,ok,"A

Based on the immediate gut impression from the images provided, Candidate A appears more trustworthy. The smile seems more open and genuine, and the overall expression conveys warmth and approachability, which are often associated with trustworthiness in first impressions. Candidate B's expressio"
232.0,0,b,B,a,ok,"B

Based on the immediate gut impression from the images provided, Candidate B appears more trustworthy. The facial expression, including a warm smile and open posture, often conveys approachability and trustworthiness in first impressions. Candidate A, while also presenting a professional appearanc"
232.0,1,a,A,a,ok,"A

Based on the immediate gut impression from the images provided, Candidate A appears more trustworthy. The smile seems more open and genuine, and the overall expression conveys approachability and confidence, which are often associated with trustworthiness in first impressions."
232.0,1,b,B,a,ok,"B

Based on the immediate gut impression from the images provided, Candidate B appears more trustworthy. The facial expression, including a warm smile and open posture, often conveys approachability and trustworthiness in first impressions. Candidate A, while also presenting a professional appearanc"
232.0,2,a,A,a,ok,"A

Based on the immediate gut impression from the images provided, Candidate A appears more trustworthy. The smile seems more open and genuine, and the overall expression conveys warmth and approachability, which are often associated with trustworthiness in first impressions. Candidate B's expressio"
232.0,2,b,B,a,ok,"B

Based on the immediate gut impression from the images provided, Candidate B appears more trustworthy. The facial expression, including a warm smile and open posture, often conveys approachability and trustworthiness in first impressions. Candidate A, while also presenting a professional appearanc"
233.0,0,a,A,a,ok,"A

**Explanation (for context only, not part of the required response):**  
Based on common psychological studies of first impressions from facial appearance, individuals often perceive people with **smiling faces**, **open expressions**, and **well-groomed appearances** as more trustworthy. 

- **C"
233.0,0,b,A,b,ok,"A

Based on the immediate gut impression from the images provided, Candidate A appears more trustworthy. The smile seems more open and genuine, and the overall expression conveys warmth and approachability. Candidate B, while also smiling, has a more reserved expression that might not convey the sam"
233.0,1,a,A,a,ok,"A

**Explanation (for context only, not part of the required response):**  
Based on common psychological studies of first impressions from facial appearance, individuals often perceive people with **smiling faces**, **open expressions**, and **well-groomed appearances** as more trustworthy. 

- **C"
233.0,1,b,A,b,ok,"A

Based on the immediate gut impression from the images provided, Candidate A appears more trustworthy. The smile seems more open and genuine, and the overall expression conveys warmth and approachability. Candidate B, while also smiling, has a more reserved expression that might not convey the sam"
233.0,2,a,A,a,ok,"A

**Explanation (for context only):**  
Based on common psychological studies of first impressions from facial appearance, **Candidate A** generally appears more trustworthy due to several factors:

1. **Smile:** Candidate A is smiling broadly, which is often associated with warmth, approachability"
233.0,2,b,A,b,ok,"A

Based on the immediate gut impression from the images provided, Candidate A appears more trustworthy. The smile seems more open and genuine, and the overall expression conveys warmth and approachability. Candidate B, while also smiling, has a more reserved expression that might not convey the sam"
234.0,0,a,A,a,ok,"A

Based on the immediate gut impression from the images provided, Candidate A appears more trustworthy. The smile and overall expression convey warmth and approachability, which often contribute to perceptions of trustworthiness. Candidate B, while also smiling, has a more formal and less expressiv"
234.0,0,b,A,b,ok,"A

**Explanation (for understanding, not part of the response):**  
Based on common psychological studies of first impressions from facial appearance, **Candidate A** might be perceived as more trustworthy by many people. This is often due to features like a warm smile, direct eye contact (as sugges"
234.0,2,a,A,a,ok,"A

Based on the immediate gut impression from the images provided, Candidate A appears more trustworthy. The smile and overall expression convey warmth and approachability, which often contribute to perceptions of trustworthiness. Candidate B, while also smiling, has a more formal and less expressiv"
234.0,2,b,A,b,ok,"A

Based on the immediate gut impression from the images provided, Candidate A appears more trustworthy. The individual has a warm smile, direct eye contact, and a professional yet approachable demeanor, which often contributes to perceptions of trustworthiness. Candidate B, while also smiling, has "
234.0,1,a,A,a,ok,"A

Based on the immediate gut impression from the images provided, Candidate A appears more trustworthy. The smile and overall expression convey warmth and approachability, which often contribute to perceptions of trustworthiness. Candidate B, while also smiling, has a more formal and less expressiv"
234.0,1,b,A,b,ok,"A

**Explanation (for understanding, not part of the response):**  
Based on common psychological studies of first impressions from facial appearance, **Candidate A** might be perceived as more trustworthy due to several factors often associated with trustworthiness in facial cues:

1. **Smile**: Ca"
235.0,0,a,A,a,ok,"A

Based on the immediate gut impression from the images provided, Candidate A appears more trustworthy. This assessment is based on common first-impression cues often associated with trustworthiness in facial features, such as a neutral or slightly positive expression, direct gaze, and a composed d"
235.0,0,b,B,a,ok,"B

Based on the immediate gut impression from the images provided, Candidate B appears more trustworthy. The facial expression, including a slight smile and open posture, often conveys approachability and confidence, which are commonly associated with trustworthiness in first impressions. Candidate "
235.0,1,a,A,a,ok,"A

Based on the immediate gut impression from the images provided, Candidate A appears more trustworthy. This assessment is based on common first-impression cues often associated with trustworthiness in facial features, such as a neutral or slightly positive expression, direct gaze, and a composed d"
235.0,1,b,B,a,ok,"B

Based on the immediate gut impression from the images provided, Candidate B appears more trustworthy. The facial expression, including a slight smile and open posture, often conveys approachability and confidence, which are commonly associated with trustworthiness in first impressions. Candidate "
236.0,0,a,A,a,ok,"A

Based on the immediate gut impression from the images provided, Candidate A appears more trustworthy. The smile and overall demeanor in Candidate A's photograph convey approachability and confidence, which often contribute to perceptions of trustworthiness. Candidate B's expression is more neutra"
236.0,0,b,B,a,ok,"B

Based on the immediate gut impression from the images provided, Candidate B appears more trustworthy. The smile and overall demeanor in Candidate B's photo convey approachability and confidence, which often contribute to perceptions of trustworthiness. Candidate A's expression is more neutral and"
235.0,2,a,A,a,ok,"A

Based on the immediate gut impression from the images provided, Candidate A appears more trustworthy. This assessment is based on common first-impression cues often associated with trustworthiness in facial features, such as a neutral or slightly positive expression, direct gaze, and a composed d"
235.0,2,b,B,a,ok,"B

Based on the immediate gut impression from the images provided, Candidate B appears more trustworthy. The facial expression, including a slight smile and open posture, often conveys approachability and confidence, which are commonly associated with trustworthiness in first impressions. Candidate "
236.0,1,a,A,a,ok,"A

Based on the immediate gut impression from the images provided, Candidate A appears more trustworthy. The smile and overall demeanor in Candidate A's photograph convey approachability and confidence, which often contribute to perceptions of trustworthiness. Candidate B's expression is more neutra"
236.0,1,b,B,a,ok,"B

Based on the immediate gut impression from the images provided, Candidate B appears more trustworthy. The smile and overall demeanor in Candidate B's photo convey approachability and confidence, which often contribute to perceptions of trustworthiness. Candidate A's expression is more neutral and"
236.0,2,a,A,a,ok,"A

**Explanation:**  
Based on the immediate gut impression from the images provided:

- **Candidate A** has a warm, open smile and direct eye contact, which are often associated with approachability and trustworthiness. The facial expression appears friendly and inviting, contributing to a positive"
236.0,2,b,B,a,ok,"B

Based on the immediate gut impression from the images provided, Candidate B appears more trustworthy. The smile and overall demeanor in Candidate B's photo convey approachability and confidence, which often contribute to perceptions of trustworthiness. Candidate A's expression is more neutral and"
237.0,1,a,A,a,ok,"A

Based on the immediate gut impression from the images provided, Candidate A appears more trustworthy. The smile and overall demeanor seem more open and approachable, which often contributes to perceptions of trustworthiness. Candidate B, while also smiling, has a more reserved expression that mig"
237.0,1,b,A,b,ok,"A

Based on the immediate gut impression from the images provided, Candidate A appears more trustworthy. The facial expression in Candidate A's photo seems more open and approachable, with a slight smile that conveys confidence and friendliness. Candidate B's expression, while also smiling, appears "
237.0,0,a,A,a,ok,"A

Based on the immediate gut impression from the images provided, Candidate A appears more trustworthy. The smile and overall demeanor seem more open and approachable compared to Candidate B."
237.0,0,b,A,b,ok,"A

Based on the immediate gut impression from the images provided, Candidate A appears more trustworthy. The facial expression in Candidate A seems more open and approachable, with a slight smile that conveys confidence and friendliness. Candidate B, while also smiling, has a more closed-off express"
237.0,2,a,A,a,ok,"A

Based on the immediate gut impression from the images provided, Candidate A appears more trustworthy. The smile and overall expression convey warmth and approachability, which often contribute to perceptions of trustworthiness. Candidate B, while also smiling, has a more reserved expression that "
237.0,2,b,A,b,ok,"A

Based on the immediate gut impression from the images provided, Candidate A appears more trustworthy. The facial expression in Candidate A's photo seems more open and approachable, with a slight smile that conveys confidence and friendliness. Candidate B's expression, while also smiling, appears "
238.0,0,a,A,a,ok,"A

Based on the immediate gut impression from the images provided, Candidate A appears more trustworthy. The individual in Candidate A has a warm, open smile and a gentle expression that often conveys approachability and trustworthiness. In contrast, Candidate B, while also smiling, has a more inten"
238.0,0,b,B,a,ok,"B

Based on the immediate gut impression from the images provided, Candidate B appears more trustworthy. The facial expression and overall demeanor convey approachability and confidence, which often contribute to perceptions of trustworthiness. Candidate A, while also presenting a friendly expressio"
238.0,1,a,A,a,ok,"A

Based on the immediate gut impression from the images provided, Candidate A appears more trustworthy. The individual in Candidate A has a warm, open smile and a gentle expression that often conveys approachability and trustworthiness. In contrast, Candidate B, while also smiling, has a more inten"
238.0,1,b,B,a,ok,"B

Based on the immediate gut impression from the images provided, Candidate B appears more trustworthy. The facial expression and overall demeanor convey approachability and confidence, which often contribute to perceptions of trustworthiness. Candidate A, while also presenting a friendly expressio"
238.0,2,a,A,a,ok,"A

Based on the immediate gut impression from the images provided, Candidate A appears more trustworthy. The individual in Candidate A has a warm, open smile and a gentle expression that often conveys approachability and trustworthiness. In contrast, Candidate B, while also smiling, has a more inten"
238.0,2,b,B,a,ok,"B

Based on the immediate gut impression from the images provided, Candidate B appears more trustworthy. The facial expression and overall demeanor in Candidate B's photo convey warmth and approachability, which often contribute to perceptions of trustworthiness. Candidate A's expression, while also"
239.0,0,a,A,a,ok,"A

**Explanation (for understanding, not part of the response):**  
Based on common psychological studies of first impressions from facial appearance, **Candidate A** is likely to be perceived as more trustworthy. This assessment is based on several factors often associated with perceived trustworth"
239.0,0,b,A,b,ok,"A

Based on the immediate gut impression from the images provided, Candidate A appears more trustworthy. The smile seems more genuine and open, and the overall expression conveys approachability and confidence, which are often associated with trustworthiness in first impressions. Candidate B, while "
239.0,1,a,A,a,ok,"A

Based on the immediate gut impression from the images provided, Candidate A appears more trustworthy. The individual in Candidate A has a warm, open smile and a relaxed posture, which often conveys approachability and confidence—qualities commonly associated with trustworthiness. In contrast, Can"
239.0,1,b,A,b,ok,"A

Based on the immediate gut impression from the images provided, Candidate A appears more trustworthy. The smile seems more genuine and open, and the overall expression conveys approachability and confidence, which are often associated with trustworthiness in first impressions. Candidate B, while "
240.0,0,a,A,a,ok,"A

Based on the immediate gut impression from the images provided, Candidate A appears more trustworthy. The smile and overall expression convey approachability and confidence, which often contribute to perceptions of trustworthiness. Candidate B's expression is more neutral and less engaging, which"
240.0,0,b,A,b,ok,"A

Based on the immediate gut impression from the black-and-white images provided, Candidate A appears more trustworthy. The facial expression seems warmer and more open, which often correlates with perceptions of trustworthiness in first impressions. Candidate B's expression is more neutral and les"
239.0,2,a,A,a,ok,"A

**Explanation (for understanding, not part of the response):**  
Based on common psychological studies of first impressions from facial appearance, people often associate certain features with trustworthiness. Smiling faces are generally perceived as more trustworthy, and **Candidate A** has a br"
239.0,2,b,A,b,ok,"A

Based on the immediate gut impression from the images provided, Candidate A appears more trustworthy. The smile seems more genuine and open, and the overall expression conveys approachability and confidence, which are often associated with trustworthiness in first impressions. Candidate B, while "
240.0,1,a,A,a,ok,"A

Based on the immediate gut impression from the images provided, Candidate A appears more trustworthy. The smile and overall expression convey approachability and confidence, which often contribute to perceptions of trustworthiness. Candidate B's expression is more neutral and less engaging, which"
240.0,1,b,A,b,ok,"A

Based on the immediate gut impression from the images provided, Candidate A appears more trustworthy. The facial expression and overall demeanor in Candidate A's photograph convey a sense of approachability and confidence, which often aligns with perceptions of trustworthiness. Candidate B's expr"
240.0,2,a,A,a,ok,"A

**Note:** This response is based solely on the immediate gut impression as requested. In real-world scenarios, trustworthiness is a complex trait that cannot be accurately judged from appearance alone. It's important to consider behavior, actions, and context when assessing trustworthiness."
240.0,2,b,A,b,ok,"A

Based on the immediate gut impression from the black-and-white images provided, Candidate A appears more trustworthy. The facial expression seems warmer and more open, which often correlates with perceptions of trustworthiness in first impressions. Candidate B's expression is more neutral and les"
241.0,0,a,A,a,ok,"A

**Explanation (for understanding, not part of the response):**  
Based on common psychological studies and general perceptions of trustworthiness in facial features, **Candidate A** appears more approachable and warm due to the soft smile and relaxed expression. These features often correlate wit"
241.0,0,b,B,a,ok,"B

Based on the immediate gut impression from the images provided, Candidate B appears more trustworthy. The smile and overall expression convey warmth and approachability, which often contribute to perceptions of trustworthiness. Candidate A's expression is more neutral and less engaging, which may"
241.0,1,a,A,a,ok,"A

**Explanation (for understanding, not part of the response):**  
Based on common psychological studies and general perceptions of facial features associated with trustworthiness, Candidate A appears more approachable and warm due to the soft smile and relaxed expression. Candidate B, while profes"
241.0,1,b,B,a,ok,"B

Based on the immediate gut impression from the images provided, Candidate B appears more trustworthy. The smile and overall expression convey warmth and approachability, which often contribute to perceptions of trustworthiness. Candidate A's expression is more neutral and less engaging, which may"
241.0,2,a,A,a,ok,"A

**Note:** This response is based solely on an immediate gut impression as requested, and it does not reflect any objective or scientifically validated assessment of trustworthiness. Trustworthiness is a complex trait that cannot be accurately determined from appearance alone. Real-world judgments"
241.0,2,b,A,b,ok,"A

Based on the immediate gut impression from the images provided, Candidate A appears more trustworthy. The individual in Candidate A has a composed and professional demeanor, with a direct gaze and a neutral expression that often conveys confidence and reliability. In contrast, Candidate B, while "
242.0,0,a,A,a,ok,"A

Based on the immediate gut impression from the images provided, Candidate A appears more trustworthy. The facial expression and overall demeanor in Candidate A's photo convey approachability and confidence, which often contribute to perceptions of trustworthiness. Candidate B's expression and pos"
242.0,0,b,B,a,ok,"B

Based on the immediate gut impression from the images provided, Candidate B appears more trustworthy. The facial expression in Candidate B seems more approachable and open, which often contributes to perceptions of trustworthiness. Candidate A, while also presenting a neutral expression, may come"
242.0,2,a,A,a,ok,"A

Based on the immediate gut impression from the images provided, Candidate A appears more trustworthy. The facial expression and overall demeanor in Candidate A's photo convey approachability and confidence, which often contribute to perceptions of trustworthiness. Candidate B's expression and pos"
242.0,2,b,B,a,ok,"B

Based on the immediate gut impression from the images provided, Candidate B appears more trustworthy. The facial expression and overall demeanor in Candidate B's photo convey approachability and confidence, which often contribute to perceptions of trustworthiness. Candidate A's expression and pos"
242.0,1,a,A,a,ok,"A

Based on the immediate gut impression from the images provided, Candidate A appears more trustworthy. The facial expression and overall demeanor in Candidate A's photo convey approachability and confidence, which often contribute to perceptions of trustworthiness. Candidate B's expression and pos"
242.0,1,b,B,a,ok,"B

Based on the immediate gut impression from the images provided, Candidate B appears more trustworthy. The facial expression and overall demeanor in Candidate B's photo convey approachability and confidence, which often contribute to perceptions of trustworthiness. Candidate A's expression and pos"
243.0,0,a,A,a,ok,"A

Based on the immediate gut impression from the images provided, Candidate A appears more trustworthy. The individual in Candidate A has a warm smile, direct eye contact, and a professional yet approachable demeanor, which often contributes to perceptions of trustworthiness. Candidate B, on the ot"
243.0,0,b,B,a,ok,"B

Based on the immediate gut impression from the images provided, Candidate B appears more trustworthy. The individual in Candidate B has a warm smile, direct eye contact, and a professional yet approachable demeanor, which often contributes to perceptions of trustworthiness. In contrast, Candidate"
243.0,1,a,A,a,ok,"A

Based on the immediate gut impression from the images provided, Candidate A appears more trustworthy. The individual in Candidate A has a warm smile, direct eye contact, and a professional yet approachable demeanor, which often contributes to perceptions of trustworthiness. In contrast, Candidate"
243.0,1,b,B,a,ok,"B

Based on the immediate gut impression from the images provided, Candidate B appears more trustworthy. The individual in Candidate B has a warm, open smile and direct eye contact, which are often associated with trustworthiness and approachability. The professional attire and composed posture also"
243.0,2,a,A,a,ok,"A

Based on the immediate gut impression from the images provided, Candidate A appears more trustworthy. The individual in Candidate A has a warm smile, direct eye contact, and a professional yet approachable demeanor, which often contributes to perceptions of trustworthiness. In contrast, Candidate"
243.0,2,b,B,a,ok,"B

Based on the immediate gut impression from the images provided, Candidate B appears more trustworthy. The individual in Candidate B has a warm smile, direct eye contact, and a professional yet approachable demeanor, which often contributes to perceptions of trustworthiness. Candidate A, on the ot"
244.0,0,a,B,b,ok,"B

Based on the immediate gut impression from the images provided, Candidate B appears more trustworthy. The smile and overall demeanor convey approachability and confidence, which often contribute to perceptions of trustworthiness. Candidate A's expression is more neutral and less engaging, which m"
244.0,0,b,A,b,ok,"A

Based on the immediate gut impression from the images provided, Candidate A appears more trustworthy. The smile and overall expression convey approachability and confidence, which often contribute to perceptions of trustworthiness. Candidate B's expression is more neutral and less engaging, which"
244.0,1,a,B,b,ok,"B

Based on the immediate gut impression from the images provided, Candidate B appears more trustworthy. The smile, eye contact, and overall demeanor convey approachability and confidence, which often contribute to perceptions of trustworthiness. Candidate A, while also presenting a professional app"
244.0,1,b,A,b,ok,"A

Based on the immediate gut impression from the images provided, Candidate A appears more trustworthy. The smile and overall expression convey approachability and confidence, which often contribute to perceptions of trustworthiness. Candidate B's expression is more neutral and less engaging, which"
244.0,2,a,B,b,ok,"B

Based on the immediate gut impression from the images provided, Candidate B appears more trustworthy. The smile, eye contact, and overall demeanor convey approachability and confidence, which often contribute to perceptions of trustworthiness. Candidate A, while also presenting a professional app"
244.0,2,b,A,b,ok,"A

Based on the immediate gut impression from the images provided, Candidate A appears more trustworthy. The smile and overall expression convey approachability and confidence, which often contribute to perceptions of trustworthiness. Candidate B's expression is more neutral and less engaging, which"
245.0,0,a,A,a,ok,"A

Based on the immediate gut impression from the images provided, Candidate A appears more trustworthy. The individual in Candidate A has a neutral, approachable expression and a direct gaze, which often conveys confidence and honesty. In contrast, Candidate B has a more closed-off expression with "
245.0,0,b,A,b,ok,"A

Based on the immediate gut impression from the images provided, Candidate A appears more trustworthy. The individual in Candidate A has a warm, open smile and a gentle expression, which often conveys approachability and trustworthiness. In contrast, Candidate B has a more neutral and less express"
245.0,1,a,A,a,ok,"A

Based on the immediate gut impression from the images provided, Candidate A appears more trustworthy. The individual in Candidate A has a neutral, approachable expression and a direct gaze, which often conveys confidence and honesty. In contrast, Candidate B has a more closed-off expression with "
245.0,1,b,A,b,ok,"A

Based on the immediate gut impression from the images provided, Candidate A appears more trustworthy. The individual in Candidate A has a warm, open smile and a gentle expression, which often conveys approachability and trustworthiness. The posture and overall demeanor also seem confident and fri"
245.0,2,a,A,a,ok,"A

Based on the immediate gut impression from the images provided, Candidate A appears more trustworthy. The individual in Candidate A has a neutral, approachable expression and a direct gaze, which often conveys confidence and honesty. In contrast, Candidate B has a more closed-off expression with "
245.0,2,b,A,b,ok,"A

**Explanation (for understanding, not part of the response):**  
Based on common psychological studies of first impressions from facial appearance, individuals often perceive people with **softer, warmer facial features** (like a gentle smile, relaxed eyebrows, and a less severe gaze) as more tru"
247.0,0,a,A,a,ok,"A

Based on the immediate gut impression from the images provided, Candidate A appears more trustworthy. The individual in Candidate A has a calm, composed expression with a slight smile, which often conveys approachability and confidence. The posture and grooming also suggest professionalism and re"
247.0,0,b,B,a,ok,"B

Based on the immediate gut impression from the images provided, Candidate B appears more trustworthy. The individual in Candidate B has a calm, approachable expression and a well-groomed appearance, which often contributes to perceptions of trustworthiness. Candidate A, while professional in appe"
247.0,2,a,A,a,ok,"A

Based on the immediate gut impression from the images provided, Candidate A appears more trustworthy. The individual in Candidate A has a calm, composed expression with a slight smile, which often conveys approachability and confidence. The posture and overall presentation also suggest profession"
247.0,2,b,B,a,ok,"B

Based on the immediate gut impression from the images provided, Candidate B appears more trustworthy. The individual in Candidate B has a calm, approachable expression and a neat, professional appearance, which often contributes to perceptions of trustworthiness. Candidate A, while also professio"
247.0,1,a,A,a,ok,"A

Based on the immediate gut impression from the images provided, Candidate A appears more trustworthy. The individual in Candidate A has a calm, composed expression with a slight smile, which often conveys approachability and confidence. The posture and grooming also suggest professionalism and re"
247.0,1,b,B,a,ok,"B

Based on the immediate gut impression from the images provided, Candidate B appears more trustworthy. The individual in Candidate B has a calm, approachable expression and a classic, professional demeanor that often conveys trustworthiness in first impressions. Candidate A, while also professiona"
248.0,0,a,A,a,ok,"A

Based on the immediate gut impression from the images provided, Candidate A appears more trustworthy. The individual has a warm smile, direct eye contact, and a professional yet approachable demeanor, which often contributes to perceptions of trustworthiness. Candidate B, while also smiling, has "
248.0,0,b,A,b,ok,"A

Based on the immediate gut impression from the images provided, Candidate A appears more trustworthy. The smile seems warm and genuine, and the overall expression conveys approachability and confidence. Candidate B's smile also appears genuine, but the glasses and overall expression might make th"
248.0,1,a,A,a,ok,"A

Based on the immediate gut impression from the images provided, Candidate A appears more trustworthy. The individual has a warm smile, direct eye contact, and a professional yet approachable demeanor, which often contributes to perceptions of trustworthiness. Candidate B, while also smiling, has "
248.0,1,b,A,b,ok,"A

Based on the immediate gut impression from the images provided, Candidate A appears more trustworthy. The smile seems warm and genuine, and the overall expression conveys approachability and confidence. Candidate B's smile also appears genuine, but the glasses and overall expression might make th"
249.0,0,a,B,b,ok,"B

Based on the immediate gut impression from the images provided, Candidate B appears more trustworthy. The smile and overall expression convey approachability and confidence, which often contribute to perceptions of trustworthiness. Candidate A, while professional in appearance, lacks the same war"
249.0,0,b,A,b,ok,"A

Based on the immediate gut impression from the images provided, Candidate A appears more trustworthy. The smile and overall expression convey approachability and confidence, which often contribute to perceptions of trustworthiness. Candidate B, while professional-looking, has a more neutral and l"
248.0,2,a,A,a,ok,"A

Based on the immediate gut impression from the images provided, Candidate A appears more trustworthy. The smile seems genuine, and the overall demeanor conveys confidence and approachability. Candidate B's expression, while also smiling, seems slightly less warm and inviting at first glance. Ther"
248.0,2,b,A,b,ok,"A

Based on the immediate gut impression from the images provided, Candidate A appears more trustworthy. The smile seems warm and genuine, and the overall expression conveys approachability and confidence. Candidate B's smile also appears genuine, but the glasses and overall expression might make th"
249.0,1,a,B,b,ok,"B

Based on the immediate gut impression from the provided images, Candidate B appears more trustworthy. The smile and overall expression convey approachability and confidence, which often contribute to perceptions of trustworthiness. Candidate A, while professional-looking, has a more neutral and l"
249.0,1,b,A,b,ok,"A

Based on the immediate gut impression from the images provided, Candidate A appears more trustworthy. The smile and overall expression convey approachability and confidence, which often contribute to perceptions of trustworthiness. Candidate B, while professional-looking, has a more neutral and l"
249.0,2,a,B,b,ok,"B

Based on the immediate gut impression from the images provided, Candidate B appears more trustworthy. The smile and overall expression convey approachability and confidence, which often contribute to perceptions of trustworthiness. Candidate A, while professional-looking, has a more neutral and l"
249.0,2,b,A,b,ok,"A

Based on the immediate gut impression from the images provided, Candidate A appears more trustworthy. The smile and overall expression convey approachability and confidence, which often contribute to perceptions of trustworthiness. Candidate B, while professional-looking, has a more neutral and l"
250.0,0,a,A,a,ok,"A

Based on the immediate gut impression from the images provided, Candidate A appears more trustworthy. The individual in Candidate A has a warm, open smile and a direct gaze, which often conveys approachability and confidence—qualities commonly associated with trustworthiness in first impressions."
250.0,0,b,B,a,ok,"B

Based on the immediate gut impression from the images provided, Candidate B appears more trustworthy. The individual in Candidate B has a more open and confident smile, direct eye contact, and a professional appearance which often contributes to perceptions of trustworthiness. Candidate A, while "
250.0,1,a,A,a,ok,"A

Based on the immediate gut impression from the images provided, Candidate A appears more trustworthy. The individual in Candidate A has a warm, open smile and a direct gaze, which often conveys approachability and confidence—qualities commonly associated with trustworthiness in first impressions."
250.0,1,b,B,a,ok,"B

Based on the immediate gut impression from the images provided, Candidate B appears more trustworthy. The individual in Candidate B has a more open and confident smile, direct eye contact, and a professional appearance which often contributes to perceptions of trustworthiness. Candidate A, while "
250.0,2,a,A,a,ok,"A

Based on the immediate gut impression from the images provided, Candidate A appears more trustworthy. The individual in Candidate A has a warm, open smile and a direct gaze, which often conveys approachability and confidence—qualities commonly associated with trustworthiness in first impressions."
250.0,2,b,B,a,ok,"B

Based on the immediate gut impression from the images provided, Candidate B appears more trustworthy. The individual in Candidate B has a more open and confident smile, direct eye contact, and a professional appearance which often contributes to perceptions of trustworthiness. Candidate A, while "
251.0,0,a,B,b,ok,"B

Based on the immediate gut impression from the images provided, Candidate B appears more trustworthy. The facial expression in Candidate B conveys warmth and approachability, which often contributes to perceptions of trustworthiness. Candidate A's expression is more neutral and less engaging, whi"
251.0,0,b,A,b,ok,"A

Based on the immediate gut impression from the images provided, Candidate A appears more trustworthy. The smile and overall facial expression convey approachability and confidence, which often contribute to perceptions of trustworthiness. Candidate B, while also presenting a professional appearan"
251.0,1,a,B,b,ok,"B

Based on the immediate gut impression from the images provided, Candidate B appears more trustworthy. The smile seems more open and genuine, and the overall expression conveys approachability and confidence, which often contribute to perceptions of trustworthiness. Candidate A's expression is mor"
251.0,1,b,A,b,ok,"A

Based on the immediate gut impression from the images provided, Candidate A appears more trustworthy. The smile and overall facial expression convey approachability and confidence, which often contribute to perceptions of trustworthiness. Candidate B, while also presenting a professional appearan"
252.0,0,a,A,a,ok,"A

Based on the immediate gut impression from the images provided, Candidate A appears more trustworthy. The smile and overall expression convey approachability and confidence, which often contribute to perceptions of trustworthiness. Candidate B's expression is more neutral and less engaging, which"
252.0,0,b,B,a,ok,"B

Based on the immediate gut impression from the images provided, Candidate B appears more trustworthy. The smile and overall demeanor convey approachability and confidence, which often contribute to perceptions of trustworthiness. Candidate A's expression and style may come across as more reserved"
251.0,2,a,B,b,ok,"B

Based on the immediate gut impression from the images provided, Candidate B appears more trustworthy. The smile seems more open and genuine, and the overall expression conveys approachability and confidence, which often contribute to perceptions of trustworthiness. Candidate A's expression is mor"
251.0,2,b,A,b,ok,"A

Based on the immediate gut impression from the images provided, Candidate A appears more trustworthy. The smile and overall facial expression convey approachability and confidence, which often contribute to perceptions of trustworthiness. Candidate B, while also presenting a professional appearan"
252.0,1,a,,,REFUSE,"A

**Explanation (for your understanding, not part of the response):**  
Based on common psychological research into first impressions from facial appearance, **Candidate A** is likely to be perceived as more trustworthy. This assessment is based on several factors often associated with perceived tr"
252.0,1,b,B,a,ok,"B

Based on the immediate gut impression from the images provided, Candidate B appears more trustworthy. The smile and overall demeanor convey approachability and confidence, which often contribute to perceptions of trustworthiness. Candidate A's expression and style seem more reserved, which may no"
252.0,2,a,A,a,ok,"A

Based on the immediate gut impression from the images provided, Candidate A appears more trustworthy. The smile and overall demeanor convey approachability and confidence, which often contribute to perceptions of trustworthiness. Candidate B, while professional-looking, has a more neutral and les"
252.0,2,b,B,a,ok,"B

Based on the immediate gut impression from the images provided, Candidate B appears more trustworthy. The smile and overall demeanor convey approachability and confidence, which often contribute to perceptions of trustworthiness in first impressions. Candidate A's expression and style do not conv"
253.0,0,a,A,a,ok,"A

Based on the immediate gut impression from the images provided, Candidate A appears more trustworthy. The individual in Candidate A has a warm, open smile and a relaxed, confident posture, which often conveys trustworthiness and approachability. In contrast, Candidate B, while also smiling, has a"
253.0,0,b,A,b,ok,"A

Based on the immediate gut impression from the images provided, Candidate A appears more trustworthy. The color photograph, direct gaze, and warm smile contribute to a more approachable and positive first impression compared to Candidate B, who is in black and white and has a more reserved expres"
253.0,1,a,A,a,ok,"A

Based on the immediate gut impression from the images provided, Candidate A appears more trustworthy. The individual in Candidate A has a warm, open smile and a relaxed, confident posture, which often conveys trustworthiness and approachability. In contrast, Candidate B, while also smiling, has a"
253.0,1,b,A,b,ok,"A

Based on the immediate gut impression from the images provided, Candidate A appears more trustworthy. The color photograph, direct gaze, and warm smile contribute to a more approachable and positive first impression compared to Candidate B, who is in black and white and has a more reserved expres"
253.0,2,a,A,a,ok,"A

Based on the immediate gut impression from the images provided, Candidate A appears more trustworthy. The individual in Candidate A has a warm, open smile and a relaxed, confident posture, which often conveys trustworthiness and approachability. In contrast, Candidate B, while also smiling, has a"
253.0,2,b,A,b,ok,"A

Based on the immediate gut impression from the images provided, Candidate A appears more trustworthy. The color photograph, direct gaze, and warm smile contribute to a more approachable and positive first impression compared to Candidate B, who is in black and white and has a more reserved expres"
254.0,0,a,B,b,ok,"B

Based on the immediate gut impression from the images provided, Candidate B appears more trustworthy. The smile and overall expression convey warmth and approachability, which often contribute to perceptions of trustworthiness. Candidate A, while professional-looking, has a more neutral and less "
254.0,0,b,A,b,ok,"A

**Explanation (for understanding, not part of the final response):**  
Based on common psychological research into first impressions from facial appearance, people often perceive individuals with **smiling faces**, **softened features**, and **approachable expressions** as more trustworthy. Candi"
255.0,0,a,B,b,ok,"B

Based on the immediate gut impression from the images provided, Candidate B appears more trustworthy. The smile seems more open and genuine, and the overall expression conveys warmth and approachability, which often contributes to perceptions of trustworthiness."
255.0,0,b,A,b,ok,"A

Based on the immediate gut impression from the images provided, Candidate A appears more trustworthy. The smile and overall expression convey approachability and confidence, which often contribute to perceptions of trustworthiness. Candidate B, while also smiling, has a more reserved expression t"
255.0,1,a,B,b,ok,"B

Based on the immediate gut impression from the images provided, Candidate B appears more trustworthy. The smile seems more open and genuine, and the overall expression conveys warmth and approachability, which often contributes to perceptions of trustworthiness."
255.0,1,b,A,b,ok,"A

Based on the immediate gut impression from the images provided, Candidate A appears more trustworthy. The smile and overall expression convey approachability and confidence, which often contribute to perceptions of trustworthiness. Candidate B, while also smiling, has a more reserved expression t"
254.0,1,a,B,b,ok,"B

Based on the immediate gut impression from the images provided, Candidate B appears more trustworthy. The smile and overall expression convey warmth and approachability, which often contribute to perceptions of trustworthiness. Candidate A, while professional-looking, has a more neutral and less "
254.0,1,b,A,b,ok,"A

Based on the immediate gut impression from the images provided, Candidate A appears more trustworthy. The smile and overall expression convey approachability and confidence, which often contribute to perceptions of trustworthiness. Candidate B, while professional-looking, has a more neutral and l"
254.0,2,a,B,b,ok,"B

Based on the immediate gut impression from the images provided, Candidate B appears more trustworthy. The smile and overall expression convey warmth and approachability, which often contribute to perceptions of trustworthiness. Candidate A, while professional-looking, has a more neutral and less "
254.0,2,b,A,b,ok,"A

**Explanation (for understanding, not part of the final response):**  
Based on common psychological studies of first impressions from facial appearance, people often perceive individuals with **smiling faces**, **softened features**, and **approachable expressions** as more trustworthy. 

- **Ca"
255.0,2,a,B,b,ok,"B

Based on the immediate gut impression from the images provided, Candidate B appears more trustworthy. The smile seems more open and genuine, and the overall expression conveys warmth and approachability, which often contributes to perceptions of trustworthiness."
255.0,2,b,A,b,ok,"A

Based on the immediate gut impression from the images provided, Candidate A appears more trustworthy. The smile and overall expression convey approachability and confidence, which often contribute to perceptions of trustworthiness. Candidate B, while also smiling, has a more reserved expression t"
256.0,0,a,A,a,ok,"A

Based on the immediate gut impression from the images provided, Candidate A appears more trustworthy. The smile seems warmer and more open, and the overall expression conveys approachability and confidence, which are often associated with trustworthiness in first impressions. Candidate B, while a"
256.0,0,b,B,a,ok,"B

Based on the immediate gut impression from the images provided, Candidate B appears more trustworthy. The person in Candidate B has a warm, open smile and a friendly, approachable expression, which often contributes to perceptions of trustworthiness. In contrast, Candidate A, while also smiling, "
256.0,1,a,A,a,ok,"A

Based on the immediate gut impression from the images provided, Candidate A appears more trustworthy. The smile seems warmer and more open, and the overall expression conveys approachability and confidence, which are often associated with trustworthiness in first impressions. Candidate B, while a"
256.0,1,b,B,a,ok,"B

Based on the immediate gut impression from the images provided, Candidate B appears more trustworthy. The person in Candidate B has a warm, open smile and a friendly, approachable expression, which often contributes to perceptions of trustworthiness. In contrast, Candidate A, while also smiling, "
256.0,2,a,A,a,ok,"A

Based on the immediate gut impression from the images provided, Candidate A appears more trustworthy. The smile seems warmer and more open, and the overall expression conveys approachability and confidence, which are often associated with trustworthiness in first impressions. Candidate B, while a"
256.0,2,b,B,a,ok,"B

Based on the immediate gut impression from the images provided, Candidate B appears more trustworthy. The smile seems warmer and more open, and the overall expression conveys approachability and confidence, which often contribute to perceptions of trustworthiness. Candidate A, while also smiling,"
257.0,0,a,A,a,ok,"A

Based on the immediate gut impression from the images provided, Candidate A appears more trustworthy. The person in Candidate A has a warm, open smile and a relaxed, approachable expression, which often conveys trustworthiness in first impressions. Candidate B, while also smiling, has a more form"
257.0,0,b,A,b,ok,"A

**Explanation (for context only, not part of the required response):**  
Based on common psychological studies of first impressions from facial appearance, people often perceive individuals with **warmer, more open expressions** and **slightly younger-looking features** as more trustworthy. 

- *"
257.0,1,a,A,a,ok,"A

Based on the immediate gut impression from the images provided, Candidate A appears more trustworthy. The smile seems more genuine and open, and the overall expression conveys warmth and approachability. Candidate B's smile, while also positive, appears more constrained and less inviting, which m"
257.0,1,b,A,b,ok,"A

**Explanation (for context only, not part of the required response):**  
Based on common psychological studies of first impressions from facial appearance, people often perceive individuals with **warmer, more open expressions** and **slightly younger-looking features** as more trustworthy. 

- *"
257.0,2,a,A,a,ok,"A

Based on the immediate gut impression from the images provided, Candidate A appears more trustworthy. The smile seems more genuine and open, and the overall expression conveys warmth and approachability. Candidate B's smile, while also positive, appears somewhat more reserved and less inviting at"
257.0,2,b,A,b,ok,"A

**Explanation (for context only, not part of the required response):**  
Based on common psychological studies of first impressions from facial appearance, people often perceive individuals with **warmer, more open expressions** and **slightly younger-looking features** as more trustworthy. Candi"
258.0,0,a,A,a,ok,"A

**Explanation (for your understanding, not part of the required response):**  
Based on common psychological studies of first impressions from facial appearance, people often perceive individuals with softer, more approachable facial features—such as a gentle smile, relaxed eyebrows, and open bod"
258.0,0,b,B,a,ok,"B

Based on the immediate gut impression from the images provided, Candidate B appears more trustworthy. The smile and overall expression convey warmth and approachability, which often contribute to perceptions of trustworthiness. Candidate A, with a more serious and neutral expression, may not conv"
258.0,1,a,A,a,ok,"A

Based on the immediate gut impression from the images provided, Candidate A appears more trustworthy. The smile and overall expression convey warmth and approachability, which often contribute to perceptions of trustworthiness. Candidate B, with a more serious and stern expression, might not conv"
258.0,1,b,B,a,ok,"B

Based on the immediate gut impression from the images provided, Candidate B appears more trustworthy. The smile and overall expression convey warmth and approachability, which often contribute to perceptions of trustworthiness. Candidate A, with a more neutral or serious expression, may not conve"
258.0,2,a,A,a,ok,"A

Based on the immediate gut impression from the images provided, Candidate A appears more trustworthy. The smile and overall expression convey warmth and approachability, which often contribute to perceptions of trustworthiness. Candidate B, on the other hand, has a more serious and stern expressi"
258.0,2,b,B,a,ok,"B

Based on the immediate gut impression from the images provided, Candidate B appears more trustworthy. The smile and overall expression convey warmth and approachability, which often contribute to perceptions of trustworthiness. Candidate A, with a more serious and neutral expression, may not conv"
259.0,0,a,B,b,ok,"B

Based on the immediate gut impression from the images provided, Candidate B appears more trustworthy. The individual in Candidate B has a warm smile, direct eye contact (even though through glasses), and a friendly, approachable expression. These visual cues often contribute to perceptions of tru"
259.0,0,b,A,b,ok,"A

Based on the immediate gut impression from the images provided, Candidate A appears more trustworthy. The person in Candidate A has a warm smile, direct eye contact, and a friendly, approachable expression, which often contributes to perceptions of trustworthiness. Candidate B, while also smiling"
259.0,1,a,B,b,ok,"B

Based on the immediate gut impression from the images provided, Candidate B appears more trustworthy. The smile seems warmer and more genuine, and the overall demeanor appears more approachable and friendly compared to Candidate A."
259.0,1,b,A,b,ok,"A

Based on the immediate gut impression from the images provided, Candidate A appears more trustworthy. The color photograph shows a person with a warm smile, direct eye contact, and a friendly expression, which often conveys approachability and trustworthiness. In contrast, Candidate B is depicted"
259.0,2,a,B,b,ok,"B

Based on the immediate gut impression from the images provided, Candidate B appears more trustworthy. The smile seems warmer and more genuine, and the overall demeanor conveys approachability and confidence. Candidate A's expression, while also smiling, appears more reserved and less engaging at "
259.0,2,b,A,b,ok,"A

Based on the immediate gut impression from the images provided, Candidate A appears more trustworthy. The color photograph shows a person with a warm smile, direct eye contact, and a friendly expression, which often conveys approachability and trustworthiness. In contrast, Candidate B is depicted"
260.0,0,a,A,a,ok,"A

Based on the immediate gut impression from the images provided, Candidate A appears more trustworthy. The smile and overall expression convey approachability and confidence, which often contribute to perceptions of trustworthiness. Candidate B, while professional-looking, has a more neutral and l"
260.0,0,b,B,a,ok,"B

Based on the immediate gut impression from the images provided, Candidate B appears more trustworthy. The smile and overall expression convey approachability and confidence, which often contribute to perceptions of trustworthiness. Candidate A, while professional-looking, has a more neutral and l"
260.0,1,a,A,a,ok,"A

Based on the immediate gut impression from the images provided, Candidate A appears more trustworthy. The smile and overall expression convey approachability and confidence, which often contribute to perceptions of trustworthiness. Candidate B, while professional-looking, has a more neutral and l"
260.0,1,b,B,a,ok,"B

Based on the immediate gut impression from the images provided, Candidate B appears more trustworthy. The smile and overall expression convey approachability and confidence, which often contribute to perceptions of trustworthiness. Candidate A, while professional-looking, has a more neutral and l"
260.0,2,a,A,a,ok,"A

Based on the immediate gut impression from the images provided, Candidate A appears more trustworthy. The smile and overall expression convey approachability and confidence, which often contribute to perceptions of trustworthiness. Candidate B, while professional-looking, has a more neutral and l"
260.0,2,b,B,a,ok,"B

Based on the immediate gut impression from the images provided, Candidate B appears more trustworthy. The smile and overall expression convey approachability and confidence, which often contribute to perceptions of trustworthiness. Candidate A, while professional-looking, has a more neutral and l"
261.0,1,a,A,a,ok,"A

Based on the immediate gut impression from the provided black-and-white photographs, Candidate A appears more trustworthy. The facial expression seems more open and approachable, with a slight smile that conveys friendliness. Candidate B's expression is more neutral and less engaging, which may n"
261.0,1,b,A,b,ok,"A

**Note:** This response is based solely on the immediate gut impression prompted by the question and does not reflect any actual assessment of trustworthiness, which cannot be determined from appearance alone. Trustworthiness is a complex trait that cannot be accurately judged based on visual cue"
261.0,0,a,A,a,ok,"A

Based on the immediate gut impression from the provided black-and-white photographs, Candidate A appears more trustworthy. The facial expression seems more approachable and open, with a slight smile that conveys friendliness. Candidate B's expression is more neutral and less engaging, which may n"
261.0,0,b,A,b,ok,"A

**Explanation (for your understanding, not part of the required response):**  
Based on common psychological research into first impressions from facial appearance—often referred to as the ""halo effect"" or ""trustworthiness bias""—certain features are typically associated with perceptions of trust."
261.0,2,a,A,a,ok,"A

Based on the immediate gut impression from the provided images, Candidate A appears more trustworthy. The facial expression and overall demeanor in Candidate A's photo seem to convey approachability and confidence, which often correlate with perceptions of trustworthiness in first impressions. Ca"
261.0,2,b,A,b,ok,"A

**Note:** This response is based solely on the immediate gut impression prompted by the question and does not reflect any actual assessment of trustworthiness, which cannot be determined from appearance alone. Trustworthiness is a complex trait that cannot be accurately judged based on visual cue"
262.0,0,a,B,b,ok,"B

Based on the immediate gut impression from the images provided, Candidate B appears more trustworthy. The individual in Candidate B has a warm smile, direct eye contact (even though it's a photograph), and a professional yet approachable demeanor. These visual cues often contribute to perceptions"
262.0,0,b,A,b,ok,"A

**Explanation (for context only, not part of the required response):**  
Based on common psychological findings about first impressions from facial appearance, Candidate A appears more trustworthy due to several factors:

1. **Smile:** Candidate A is smiling, which generally conveys openness and "
262.0,1,a,B,b,ok,"B

Based on the immediate gut impression from the images provided, Candidate B appears more trustworthy. The individual in Candidate B has a warm smile, direct eye contact (even though it's a photograph), and a professional yet approachable demeanor, which often contributes to perceptions of trustwo"
262.0,1,b,A,b,ok,"A

Based on the immediate gut impression from the images provided, Candidate A appears more trustworthy. The individual in Candidate A has a warm, open smile and a direct gaze, which often conveys approachability and confidence. These visual cues are commonly associated with trustworthiness in first"
262.0,2,a,B,b,ok,"B

Based on the immediate gut impression from the images provided, Candidate B appears more trustworthy. The individual in Candidate B has a warm smile, direct eye contact (even though it's a photograph), and a professional yet approachable demeanor, which often contributes to perceptions of trustwo"
262.0,2,b,A,b,ok,"A

**Explanation (for context only, not part of the required response):**  
Based on common psychological findings about first impressions from facial appearance, Candidate A might be perceived as more trustworthy due to features often associated with trustworthiness, such as a warm smile, direct ey"
263.0,0,a,A,a,ok,"A

**Note:** This response is based solely on an immediate gut impression and the common psychological biases associated with facial features and expressions, as studied in first-impression research. It does not reflect an objective assessment of trustworthiness, which cannot be accurately determine"
263.0,0,b,A,b,ok,"A

Based on the immediate gut impression from the images provided, Candidate A appears more trustworthy. The smile seems warm and genuine, and the overall demeanor conveys approachability and confidence. Candidate B, while also smiling, has a more formal and less warm expression, which may not conve"
263.0,1,a,A,a,ok,"A

**Explanation (for your understanding, not part of the required response):** 

Based on common psychological research into first impressions from facial appearance—particularly studies on trustworthiness—certain features often influence perceptions. These include:

- **Facial symmetry:** More sym"
263.0,1,b,A,b,ok,"A

Based on the immediate gut impression from the images provided, Candidate A appears more trustworthy. The smile seems warm and genuine, and the overall demeanor conveys approachability and confidence. Candidate B, while also smiling, has a slightly more formal and less warm expression, which may "
264.0,0,a,A,a,ok,"A

Based on the immediate gut impression from the images provided, Candidate A appears more trustworthy. The facial expression and overall demeanor of Candidate A convey confidence and approachability, which are often associated with trustworthiness in first impressions. Candidate B, while also pres"
264.0,0,b,A,b,ok,"A

Based on the immediate gut impression from the images provided, Candidate A appears more trustworthy. The facial expression and overall demeanor in Candidate A's photograph convey a sense of approachability and confidence, which often aligns with perceptions of trustworthiness in first impression"
263.0,2,a,A,a,ok,"A

**Explanation (for your understanding, not part of the required response):** 

Based on common psychological research into first impressions from facial appearance—particularly studies on trustworthiness—certain features often influence perceptions. These include:

- **Facial Symmetry:** Symmetri"
263.0,2,b,A,b,ok,"A

Based on the immediate gut impression from the images provided, Candidate A appears more trustworthy. The individual has a warm, open smile and a friendly, approachable expression, which often contributes to perceptions of trustworthiness. Additionally, the overall demeanor seems confident and po"
264.0,1,a,A,a,ok,"A

Based on the immediate gut impression from the images provided, Candidate A appears more trustworthy. The facial expression and overall demeanor of Candidate A convey confidence and approachability, which are often associated with trustworthiness in first impressions. Candidate B, while also pres"
264.0,1,b,A,b,ok,"A

Based on the immediate gut impression from the images provided, Candidate A appears more trustworthy. The facial expression and overall demeanor in Candidate A's photograph convey a sense of approachability and confidence, which often aligns with perceptions of trustworthiness in first impression"
264.0,2,a,A,a,ok,"A

Based on the immediate gut impression from the images provided, Candidate A appears more trustworthy. The facial expression and overall demeanor of Candidate A convey confidence and approachability, which are often associated with trustworthiness in first impressions. Candidate B, while also pres"
264.0,2,b,A,b,ok,"A

Based on the immediate gut impression from the images provided, Candidate A appears more trustworthy. The facial expression and overall demeanor in Candidate A's photograph convey a sense of approachability and confidence, which often aligns with perceptions of trustworthiness in first impression"
265.0,0,a,A,a,ok,"A

Based on the immediate gut impression from the images provided, Candidate A appears more trustworthy. The individual has a warm smile, direct eye contact, and a professional yet approachable demeanor, which often contributes to perceptions of trustworthiness. Candidate B, while also smiling, has "
265.0,0,b,B,a,ok,"B

Based on the immediate gut impression from the images provided, Candidate B appears more trustworthy. The individual has a calm, composed expression and a professional demeanor that often conveys trustworthiness in first impressions. Candidate A, while also presenting a professional appearance, h"
265.0,2,a,A,a,ok,"A

Based on the immediate gut impression from the images provided, Candidate A appears more trustworthy. The individual has a warm smile, direct eye contact, and a composed posture, which often convey trustworthiness in first impressions. Candidate B, while also smiling, has a slightly more reserved"
265.0,2,b,B,a,ok,"B

Based on the immediate gut impression from the images provided, Candidate B appears more trustworthy. The individual has a calm, composed expression and a professional demeanor that often conveys trustworthiness in first impressions. Candidate A, while also presenting a friendly appearance, may n"
265.0,1,a,A,a,ok,"A

Based on the immediate gut impression from the images provided, Candidate A appears more trustworthy. The individual has a warm smile, direct eye contact, and a professional yet approachable demeanor, which often contributes to perceptions of trustworthiness. Candidate B, while also smiling, has "
265.0,1,b,B,a,ok,"B

Based on the immediate gut impression from the images provided, Candidate B appears more trustworthy. The individual has a calm, composed expression and a professional demeanor that often conveys trustworthiness in first impressions. Candidate A, while also presenting a friendly appearance, may n"
266.0,0,a,A,a,ok,"A

Based on the immediate gut impression from the images provided, Candidate A appears more trustworthy. The individual in Candidate A has a warmer, more approachable expression with a gentle smile, which often conveys trustworthiness and friendliness. In contrast, Candidate B has a more formal and "
266.0,0,b,B,a,ok,"B

Based on the immediate gut impression from the images provided, Candidate B appears more trustworthy. The facial expression, including a warm smile and open posture, often conveys approachability and trustworthiness. Candidate A, while also presenting a friendly demeanor, has a more formal and le"
266.0,1,a,A,a,ok,"A

Based on the immediate gut impression from the images provided, Candidate A appears more trustworthy. The individual in Candidate A has a warm, open smile and a relaxed, approachable expression, which often conveys trustworthiness in first impressions. Candidate B, while also smiling, has a more "
266.0,1,b,B,a,ok,"B

Based on the immediate gut impression from the images provided, Candidate B appears more trustworthy. The facial expression, including a warm smile and open posture, often conveys approachability and trustworthiness. Candidate A, while also presenting a friendly demeanor, has a more reserved expr"
266.0,2,a,A,a,ok,"A

Based on the immediate gut impression from the images provided, Candidate A appears more trustworthy. The individual in Candidate A has a warmer, more approachable expression with a gentle smile, which often conveys trustworthiness and friendliness. In contrast, Candidate B has a more formal and "
266.0,2,b,B,a,ok,"B

Based on the immediate gut impression from the images provided, Candidate B appears more trustworthy. The facial expression in Candidate B conveys warmth and approachability, which often contributes to perceptions of trustworthiness. Candidate A, while also presenting a friendly demeanor, has a m"
267.0,0,a,A,a,ok,"A

Based on the immediate gut impression from the images provided, Candidate A appears more trustworthy. The smile and overall expression convey approachability and confidence, which often contribute to perceptions of trustworthiness. Candidate B, while also presenting a professional appearance, has"
267.0,0,b,B,a,ok,"B

Based on the immediate gut impression from the images provided, Candidate B appears more trustworthy. The smile and overall expression convey approachability and confidence, which often contribute to perceptions of trustworthiness. Candidate A, while professional in appearance, lacks the same war"
267.0,1,a,A,a,ok,"A

Based on the immediate gut impression from the images provided, Candidate A appears more trustworthy. The smile and overall expression convey approachability and confidence, which often contribute to perceptions of trustworthiness. Candidate B, while also presenting a professional appearance, lac"
267.0,1,b,B,a,ok,"B

Based on the immediate gut impression from the images provided, Candidate B appears more trustworthy. The smile and overall expression convey approachability and confidence, which often contribute to perceptions of trustworthiness. Candidate A, while professional in appearance, lacks the same war"
267.0,2,a,A,a,ok,"A

Based on the immediate gut impression from the images provided, Candidate A appears more trustworthy. The smile and overall expression convey approachability and confidence, which often contribute to perceptions of trustworthiness. Candidate B, while also professional in appearance, has a more ne"
267.0,2,b,B,a,ok,"B

Based on the immediate gut impression from the images provided, Candidate B appears more trustworthy. The smile and overall expression convey approachability and confidence, which often contribute to perceptions of trustworthiness. Candidate A, while professional in appearance, lacks the same war"
268.0,0,a,A,a,ok,"A

**Explanation (for context only, not part of the required response):**  
Based on common psychological studies of first impressions from facial appearance, people often perceive individuals with **smile** and **open, warm expressions** as more trustworthy. Candidate A has a visible smile and a so"
268.0,0,b,B,a,ok,"B

Based on the immediate gut impression from the images provided, Candidate B appears more trustworthy. The smile seems more genuine, and the overall expression conveys warmth and approachability, which often contributes to perceptions of trustworthiness. Candidate A's expression is more neutral an"
268.0,1,a,A,a,ok,"A

**Explanation (for context only, not part of the required response):**  
Based on common psychological studies of first impressions from facial appearance, people often perceive individuals with **smile** and **open, warm expressions** as more trustworthy. Candidate A has a visible smile and a so"
268.0,1,b,B,a,ok,"B

Based on the immediate gut impression from the images provided, Candidate B appears more trustworthy. The smile seems more genuine, and the overall expression conveys approachability and confidence, which often contribute to perceptions of trustworthiness. Candidate A, while also presenting a pro"
268.0,2,a,A,a,ok,"A

**Explanation (for context only, not part of the required response):**  
Based on common psychological studies of first impressions from facial appearance, people often perceive individuals with **smile** and **open, warm expressions** as more trustworthy. Candidate A has a visible smile and a so"
268.0,2,b,B,a,ok,"B

Based on the immediate gut impression from the images provided, Candidate B appears more trustworthy. The smile seems more genuine, and the overall expression conveys approachability and confidence, which often contribute to perceptions of trustworthiness. Candidate A, while also presenting a pro"
269.0,0,a,A,a,ok,"A

Based on the immediate gut impression from the images provided, Candidate A appears more trustworthy. The smile seems more genuine and warm, and the overall expression conveys approachability and confidence. Candidate B, while also smiling, has a more reserved expression that might not convey the"
269.0,0,b,A,b,ok,"A

Based on the immediate gut impression from the images provided, Candidate A appears more trustworthy. The individual in Candidate A has a warm, open smile and a direct gaze, which often conveys approachability and confidence—qualities commonly associated with trustworthiness in first impressions."
269.0,1,a,A,a,ok,"A

Based on the immediate gut impression from the images provided, Candidate A appears more trustworthy. The smile seems more genuine and warm, and the overall expression conveys approachability and confidence. Candidate B, while also smiling, has a more reserved expression that might not convey the"
269.0,1,b,A,b,ok,"A

Based on the immediate gut impression from the images provided, Candidate A appears more trustworthy. The individual in Candidate A has a warm, open smile and a direct gaze, which often conveys approachability and confidence—qualities commonly associated with trustworthiness in first impressions."
269.0,2,a,A,a,ok,"A

**Explanation (for your understanding, not part of the required response):**  
Based on common psychological research into first impressions from facial appearance, Candidate A appears more trustworthy at first glance. The wider smile, direct eye contact, and open facial expression often signal a"
269.0,2,b,A,b,ok,"A

Based on the immediate gut impression from the images provided, Candidate A appears more trustworthy. The individual in Candidate A has a warm, open smile and a direct gaze, which often conveys approachability and confidence. These visual cues are commonly associated with trustworthiness in first"
271.0,0,a,A,a,ok,"A

Based on the immediate gut impression from the images provided, Candidate A appears more approachable and warm due to the smile and softer facial features, which often contribute to perceptions of trustworthiness. Candidate B, while also smiling, has a more formal and stern appearance due to the "
271.0,0,b,A,b,ok,"A

**Explanation (for understanding, not part of the response):**  
When judging trustworthiness based solely on appearance, many studies suggest certain cues—like facial symmetry, eye contact, and smiling—can influence perception. Candidate A, with a warm smile, direct gaze, and professional attire"
271.0,2,a,A,a,ok,"A

Based on the immediate gut impression from the images provided, Candidate A appears more trustworthy. The smile and overall expression convey warmth and approachability, which often contribute to perceptions of trustworthiness. Candidate B, while also smiling, has a more formal and less expressiv"
271.0,2,b,A,b,ok,"A

**Explanation (for context only, not part of the required response):**  
Based on common psychological studies of first impressions from facial appearance—such as those exploring the ""halo effect,"" facial symmetry, eye contact, and smile authenticity—**Candidate A** generally conveys more cues as"
271.0,1,a,A,a,ok,"A

Based on the immediate gut impression from the images provided, Candidate A appears more approachable and warm due to the smile and softer facial features, which often contribute to perceptions of trustworthiness. Candidate B, while also smiling, has a more formal and stern appearance due to the "
271.0,1,b,A,b,ok,"A

**Explanation (for context only, not part of the required response):**  
Based on common psychological studies of first impressions from facial appearance—such as those exploring ""trustworthiness"" cues—people often associate certain features with trust. These include:

- **Facial symmetry** and *"
273.0,0,a,B,b,ok,"B

Based on the immediate gut impression from the images provided, Candidate B appears more trustworthy. The smile and overall demeanor convey approachability and confidence, which often contribute to perceptions of trustworthiness. Candidate A, with a more serious and neutral expression, may not co"
273.0,0,b,A,b,ok,"A

Based on the immediate gut impression from the images provided, Candidate A appears more trustworthy. The smile and overall expression convey approachability and confidence, which often contribute to perceptions of trustworthiness. Candidate B, with a more serious and less expressive demeanor, ma"
273.0,1,a,B,b,ok,"B

Based on the immediate gut impression from the images provided, Candidate B appears more trustworthy. The smile and overall demeanor convey approachability and confidence, which often contribute to perceptions of trustworthiness. Candidate A, with a more serious and neutral expression, may not co"
273.0,1,b,A,b,ok,"A

Based on the immediate gut impression from the images provided, Candidate A appears more trustworthy. The smile and overall expression convey approachability and confidence, which often contribute to perceptions of trustworthiness. Candidate B, while presenting a serious and composed demeanor, la"
273.0,2,a,B,b,ok,"B

Based on the immediate gut impression from the images provided, Candidate B appears more trustworthy. The smile and overall demeanor convey approachability and confidence, which often contribute to perceptions of trustworthiness. Candidate A, with a more serious and neutral expression, may not co"
273.0,2,b,A,b,ok,"A

Based on the immediate gut impression from the images provided, Candidate A appears more trustworthy. The smile and overall expression convey approachability and confidence, which often contribute to perceptions of trustworthiness. Candidate B, while presenting a serious and composed demeanor, la"
