stimulus,trustworthy,attractive,dominant,smart,age,gender,weight,typical,happy,familiar,outgoing,memorable,well-groomed,long-haired,smug,dorky,skin-color,hair-color,alert,cute,privileged,liberal,asian,middle-eastern,hispanic,islander,native,black,white,looks-like-you,gay,electable,godly,outdoors
1,62,48,58,65,55,92,52,70,28,55,38,60,48,15,45,35,22,58,72,32,60,48,5,12,10,3,4,5,88,50,25,58,40,68
2,68,72,38,65,32,12,52,58,92,45,85,70,78,55,18,22,55,82,80,75,42,62,8,18,48,25,15,52,22,50,35,58,40,55
3,65,42,58,72,62,95,52,68,28,55,38,48,82,12,45,48,18,42,75,22,70,48,0,5,5,0,0,0,92,50,25,68,35,20
4,68,76,35,62,28,12,42,58,82,48,72,55,78,25,18,22,55,85,70,80,45,55,8,15,35,18,12,58,32,50,30,60,40,35
5,68,62,38,65,55,12,58,72,92,48,78,55,70,18,22,35,18,58,75,65,52,55,5,8,12,5,5,5,88,50,35,60,40,45
6,62,58,55,65,42,88,54,52,45,35,60,72,48,68,42,50,18,38,70,40,58,62,5,8,12,5,5,5,92,50,45,48,30,55
7,65,58,55,60,34,92,48,70,62,45,55,52,42,15,35,45,22,62,68,48,52,48,5,8,12,5,5,5,88,50,25,55,28,72
8,78,72,18,55,12,45,48,68,96,52,82,65,85,38,8,25,12,32,74,97,62,50,3,4,8,3,3,2,92,50,35,30,45,40
9,78,62,35,72,68,18,58,65,88,55,74,60,76,42,22,38,32,55,82,58,52,55,8,18,35,10,12,5,78,0,28,65,30,40
10,62,48,58,68,52,92,54,65,42,55,48,60,52,35,45,58,38,88,72,35,48,52,8,45,55,12,15,10,55,50,35,50,40,45
11,68,62,38,70,52,18,48,65,82,55,72,58,78,15,28,35,32,58,75,65,55,60,92,8,12,15,10,5,18,50,35,65,40,45
12,78,72,25,65,12,68,42,75,88,55,80,62,82,35,15,45,8,12,85,96,65,50,2,2,3,2,2,2,96,50,35,15,55,45
13,68,55,60,65,55,95,62,70,92,48,78,65,52,25,35,45,22,70,75,40,55,50,5,10,15,5,5,5,90,50,30,60,40,85
14,78,68,42,72,32,88,48,75,92,55,85,60,80,15,25,45,18,55,82,65,70,55,5,8,12,5,5,5,92,50,35,72,40,30
15,62,58,45,68,28,82,42,65,38,48,40,55,72,15,35,45,48,92,75,60,35,55,95,8,12,18,10,5,10,50,42,52,40,45
16,62,38,58,68,78,92,52,65,28,48,35,55,72,15,32,22,42,25,75,20,55,48,90,8,10,18,12,5,22,50,30,58,35,45
17,65,62,42,68,28,88,42,72,48,45,50,55,58,15,35,48,22,78,75,60,55,52,8,18,35,5,10,5,82,50,28,58,40,70
18,70,78,35,65,28,12,42,55,82,48,75,68,85,88,18,22,72,92,74,80,45,55,15,35,40,45,20,75,12,50,30,60,48,40
19,78,72,28,68,22,8,38,74,82,55,76,58,80,25,18,32,12,58,80,78,62,55,3,4,8,3,3,2,92,50,35,65,42,45
20,68,62,45,65,28,82,58,55,88,48,78,60,72,15,35,40,72,92,75,58,42,55,8,18,25,15,12,85,10,50,45,58,35,30
21,68,70,35,62,28,12,42,58,52,48,50,55,75,92,22,28,32,78,72,74,55,52,75,18,35,15,20,5,40,50,35,58,38,45
22,68,62,42,58,32,82,48,55,88,45,78,70,60,75,25,55,18,35,72,65,58,55,5,5,10,5,5,5,90,50,40,52,35,80
23,68,58,45,70,48,88,52,72,65,55,62,48,78,15,42,38,22,68,75,45,65,50,5,10,15,5,5,5,90,50,35,60,40,55
24,68,52,70,78,82,96,58,65,48,55,50,62,88,12,45,28,18,8,75,25,80,48,3,4,8,2,3,2,96,15,25,72,35,28
25,78,68,35,72,52,12,48,70,88,55,80,58,82,72,18,25,18,58,85,65,62,55,5,8,12,5,5,5,92,50,40,68,45,60
26,68,78,32,62,28,12,42,58,66,45,72,70,85,75,38,25,18,28,74,82,65,55,5,8,12,5,5,5,92,50,35,48,30,25
27,78,72,38,68,42,12,48,65,92,55,80,58,74,72,18,28,32,62,75,76,52,55,15,12,45,10,18,5,58,50,35,62,40,60
28,62,58,45,70,28,88,42,55,40,48,35,52,65,15,25,40,35,92,70,50,55,50,45,40,35,10,8,5,50,30,25,48,20,30
29,65,58,62,60,38,92,55,70,72,45,68,55,75,15,40,35,35,90,70,50,45,50,10,75,30,10,10,5,40,50,25,55,40,45
30,70,65,40,60,55,15,55,60,90,50,75,60,55,65,25,45,15,35,70,65,60,55,5,5,10,5,5,5,90,50,30,55,40,85
31,62,45,68,60,68,92,58,65,42,55,58,72,52,45,55,35,22,58,70,28,60,48,5,10,15,5,5,5,88,50,35,55,40,75
32,78,72,35,68,28,12,42,65,92,55,80,60,82,88,15,25,45,55,75,78,55,60,25,10,65,20,15,5,40,50,30,65,45,50
33,80,85,15,50,8,35,60,75,78,65,70,85,75,15,10,25,12,25,82,98,55,50,5,5,8,5,5,5,92,50,50,15,45,65
34,78,72,28,68,28,12,38,65,92,55,80,62,70,75,18,35,22,82,70,85,55,58,35,15,25,10,10,5,75,50,30,60,40,75
35,55,48,62,58,42,92,48,65,45,40,50,55,60,25,70,55,25,85,75,35,55,50,5,10,15,5,5,5,85,50,30,45,30,40
36,68,58,55,72,48,92,48,70,62,45,52,55,82,15,42,28,22,85,75,38,68,50,8,35,25,5,5,5,82,50,30,72,35,20
37,72,85,18,55,8,12,42,65,38,48,52,70,78,58,15,25,12,18,75,96,62,50,3,2,4,2,2,3,96,50,25,35,45,40
38,72,58,55,68,48,92,58,75,82,60,70,52,85,15,45,35,18,35,75,42,78,48,5,5,8,5,5,5,92,50,25,80,30,35
39,72,68,38,62,42,12,58,74,88,55,78,60,72,65,22,45,18,68,75,72,58,55,5,8,12,5,5,5,92,50,28,62,35,40
40,72,48,58,68,52,92,62,75,88,55,78,52,80,15,35,28,18,55,70,32,72,48,5,5,8,3,3,2,92,50,25,78,42,22
41,62,48,58,55,48,88,42,52,68,45,60,72,50,35,45,55,22,78,70,38,55,48,5,10,12,5,5,5,88,25,35,42,55,40
42,72,68,38,70,42,12,58,62,68,55,65,58,78,35,25,22,68,92,75,64,42,58,8,12,22,10,8,75,18,50,28,62,45,48
43,70,68,35,62,42,12,58,72,92,55,80,60,82,78,25,28,18,72,75,74,65,55,5,8,15,5,5,5,90,50,30,58,35,30
44,62,58,45,60,22,85,42,55,65,40,50,48,70,15,55,45,45,92,70,60,40,55,95,5,10,15,5,5,10,30,35,50,25,60
45,65,62,58,55,38,92,52,60,68,45,70,55,58,15,42,25,88,92,78,48,35,50,5,10,15,8,8,90,5,0,40,52,35,55
46,72,68,42,74,28,88,38,65,90,55,78,58,82,15,25,45,18,82,80,70,62,55,8,12,15,5,5,5,92,50,35,68,30,40
47,85,80,15,65,12,5,45,70,85,50,75,70,80,55,10,25,15,35,90,95,65,50,5,10,15,5,5,5,90,0,50,20,70,30
48,62,38,58,71,68,96,57,72,64,48,67,55,61,12,42,53,28,68,78,29,59,52,8,45,32,6,5,7,78,50,35,58,41,38
49,68,74,58,66,28,88,42,62,72,45,65,55,78,18,38,32,42,82,70,58,52,48,8,72,35,10,8,12,38,50,35,60,42,45
50,68,62,38,72,28,82,42,65,88,48,74,55,78,12,22,45,38,92,75,70,52,55,92,8,12,15,10,5,18,50,35,58,30,45
51,68,72,35,62,28,12,42,55,78,45,70,58,74,38,22,30,48,88,75,76,40,55,82,12,25,35,10,5,18,0,45,60,28,40
52,62,68,58,70,32,88,42,65,35,45,48,55,78,15,38,28,52,82,72,55,45,50,12,25,75,35,22,15,28,50,35,60,40,48
53,62,72,28,58,22,12,38,65,32,48,40,55,68,82,18,25,38,78,70,78,52,55,15,25,65,12,18,8,45,50,35,48,40,42
54,62,58,42,68,28,88,32,72,38,48,35,45,52,18,28,42,12,58,65,55,65,52,5,8,10,5,5,5,92,50,35,58,40,75
55,72,68,28,62,14,78,42,65,88,55,75,58,70,15,18,45,18,62,74,85,58,52,5,5,8,4,4,3,92,50,35,38,42,78
56,68,72,42,65,42,12,58,55,92,48,85,74,88,75,25,28,58,88,78,70,45,62,55,25,48,18,15,28,22,50,35,58,48,40
57,75,72,28,68,18,12,32,58,82,48,70,65,72,42,18,22,38,88,85,92,45,55,95,8,12,18,10,5,10,40,15,25,35,75
58,72,74,38,68,38,18,48,62,82,55,75,58,85,22,28,35,18,42,70,78,65,58,5,8,12,4,5,5,92,50,25,62,45,40
59,72,68,28,62,12,18,38,75,92,55,78,58,70,22,15,45,12,42,74,93,58,52,4,5,8,3,4,3,92,50,25,35,48,42
60,70,75,20,60,8,15,45,65,40,50,45,60,55,85,20,30,20,35,70,90,60,50,5,5,10,5,5,5,90,50,40,30,50,70
61,68,62,28,58,14,78,32,65,42,48,38,52,72,12,22,45,22,68,75,88,52,50,8,20,35,8,8,5,78,50,45,18,35,40
62,68,62,28,64,14,72,32,58,74,48,66,52,71,8,18,45,12,42,73,82,63,52,3,4,8,3,3,2,92,50,35,38,42,65
63,68,62,58,60,32,92,48,72,70,55,65,58,78,15,45,35,18,82,75,52,58,50,5,15,20,5,5,5,88,50,35,60,40,45
64,68,74,38,66,52,12,48,62,92,55,78,58,82,76,22,18,22,58,72,70,60,52,8,12,35,6,5,5,78,50,28,65,35,30
65,62,38,58,65,72,92,58,70,35,55,42,52,48,25,45,35,18,15,68,22,65,48,5,8,12,3,4,2,92,50,28,55,40,45
66,65,55,35,60,28,25,45,70,85,40,75,50,55,40,20,45,15,55,60,70,55,60,5,5,10,5,5,5,85,50,40,45,30,40
67,60,55,50,58,28,88,42,65,35,40,45,48,70,15,30,35,25,75,70,40,55,50,10,25,20,5,5,5,80,50,30,55,40,45
68,72,58,42,68,32,88,52,75,88,55,78,62,65,18,28,58,12,28,74,64,72,52,0,2,5,0,0,0,92,50,35,65,30,45
69,68,72,38,62,32,18,42,58,92,48,78,65,55,88,25,45,28,82,70,80,52,58,8,12,35,10,8,5,75,50,28,55,35,65
70,68,58,62,65,52,92,54,72,74,48,66,55,70,12,38,28,18,42,71,35,64,52,4,8,10,5,5,3,93,50,32,61,42,78
71,78,72,45,70,28,88,52,60,95,40,85,65,70,20,15,35,58,92,75,68,45,55,10,15,55,25,10,60,20,50,30,65,40,70
72,62,68,58,65,52,12,54,55,38,35,48,63,82,45,42,18,38,82,72,48,52,55,8,45,58,12,10,15,55,50,28,60,35,30
73,68,72,22,58,12,18,42,70,88,55,75,62,48,82,15,45,12,32,78,92,55,50,5,5,8,5,5,5,92,25,35,15,45,65
74,68,62,38,74,48,18,54,58,82,45,70,55,72,28,22,42,38,78,75,68,52,58,88,8,12,18,7,5,15,25,35,55,40,32
75,65,68,58,62,27,88,42,72,32,48,45,55,60,12,28,35,32,78,75,52,55,50,8,38,35,5,5,5,78,40,35,55,35,85
76,72,78,35,68,27,12,42,58,88,55,80,62,75,82,25,28,38,78,70,85,52,60,8,15,55,12,18,5,45,0,25,65,35,40
77,68,62,45,70,42,92,58,75,95,55,85,60,72,15,25,45,18,55,75,55,65,50,5,8,12,5,5,5,90,50,35,68,40,55
78,68,42,70,78,82,95,58,65,28,45,35,62,85,8,48,22,82,18,75,25,55,50,5,12,15,8,10,90,8,0,35,72,40,30
79,75,55,35,70,65,15,55,70,90,60,75,55,60,45,20,50,15,45,70,60,55,60,5,5,10,5,5,5,90,40,30,50,40,65
80,62,38,68,65,72,95,58,70,35,55,50,60,65,15,45,35,18,35,75,25,60,45,5,8,10,5,5,5,90,50,20,55,40,45
81,75,80,15,55,8,25,60,65,70,45,65,55,70,45,25,35,10,15,75,95,65,50,5,5,10,5,5,5,90,50,40,30,55,40
82,75,82,35,70,22,8,28,60,78,45,65,55,85,92,25,20,32,88,80,88,55,60,90,10,15,12,8,5,20,40,25,50,40,70
83,78,62,38,72,68,12,52,65,92,55,80,58,82,85,18,25,12,18,75,55,68,55,5,5,10,5,5,5,92,50,25,70,45,40
84,62,48,55,70,52,88,58,65,45,50,40,55,60,15,35,68,25,55,60,30,55,50,5,10,15,5,5,5,85,50,40,45,30,35
85,72,62,38,78,28,82,42,58,88,48,74,55,68,25,22,65,38,82,75,70,52,65,75,18,28,22,12,8,25,50,35,58,35,85
86,68,58,42,55,28,88,52,72,82,48,75,45,70,15,38,42,22,58,70,62,65,50,5,8,18,5,5,5,90,30,35,60,25,85
87,68,82,28,70,22,8,32,55,88,45,75,70,85,65,25,30,15,55,80,90,60,65,5,5,10,5,5,5,90,50,20,55,40,70
88,62,48,55,68,38,88,42,70,35,52,40,45,58,12,28,45,22,82,72,32,65,50,8,18,12,5,5,5,85,50,35,58,40,70
89,78,82,25,70,22,8,55,60,92,45,80,75,88,85,15,30,25,65,70,90,55,60,92,5,10,8,5,3,15,50,20,65,40,35
90,72,48,42,68,62,28,58,65,88,45,75,55,70,15,25,45,28,55,72,52,48,55,25,8,12,5,15,5,78,50,35,58,40,35
91,62,78,38,68,28,12,32,55,42,35,48,58,72,45,40,22,38,75,75,70,58,52,8,25,35,10,8,5,65,0,45,55,35,50
92,68,62,58,70,52,92,48,72,82,55,75,60,78,15,35,25,18,75,70,48,65,50,5,8,10,3,2,2,90,50,30,68,40,45
93,78,72,28,68,28,12,42,65,92,45,80,58,82,88,18,35,38,92,75,85,55,58,92,8,12,10,7,5,18,50,40,62,35,55
94,68,62,45,65,32,88,52,70,82,55,75,58,78,15,42,35,18,55,72,48,65,50,5,8,10,3,2,2,92,50,35,60,28,40
95,78,62,35,68,72,18,58,65,92,55,85,70,60,45,25,48,22,42,75,58,65,55,5,5,10,5,5,5,90,50,35,60,40,55
96,65,45,55,70,65,95,60,70,55,40,50,55,60,30,40,55,20,40,70,35,65,50,5,10,10,5,5,5,90,30,40,55,40,45
97,75,70,40,65,38,20,45,60,85,50,70,55,80,75,20,30,15,35,70,65,60,55,5,5,10,5,5,5,90,40,25,60,40,50
98,70,85,25,50,8,35,60,65,70,45,55,75,60,10,35,40,18,28,80,95,55,50,5,5,10,5,5,5,85,50,50,25,45,65
99,68,62,45,70,42,88,52,72,88,55,78,58,75,15,35,42,18,82,74,55,65,55,8,12,22,5,5,5,88,50,35,60,40,55
100,78,72,28,68,38,12,52,65,92,55,85,70,80,55,15,35,18,55,82,78,62,58,5,8,25,5,5,5,88,0,30,65,40,60
101,75,62,38,68,52,18,48,72,92,55,82,58,70,42,15,35,12,18,75,68,58,60,5,5,8,5,5,5,92,50,35,65,40,85
102,72,58,38,74,68,18,52,65,62,55,50,48,70,55,25,42,18,58,75,55,60,55,5,5,10,5,5,5,90,50,30,65,40,35
103,68,72,35,65,28,12,42,55,82,48,70,60,58,75,25,40,18,45,78,80,62,55,5,8,10,5,5,5,90,50,30,52,40,45
104,68,58,55,62,42,92,52,70,65,45,60,55,72,15,35,40,22,55,78,48,58,50,5,8,12,5,5,5,88,50,35,60,40,85
105,70,72,40,65,42,15,48,60,85,55,78,68,80,70,25,30,35,75,72,75,55,50,10,15,55,10,10,5,60,50,30,58,40,35
106,72,82,28,68,22,8,38,65,92,45,78,62,85,88,18,15,12,18,75,85,70,55,5,8,15,5,5,5,92,50,25,60,35,45
107,68,62,38,71,52,12,58,55,88,48,76,57,72,45,18,25,38,58,74,64,52,58,8,35,55,15,12,18,48,28,32,61,35,42
108,68,78,38,72,22,12,42,58,32,48,40,62,75,88,28,22,48,78,82,85,52,58,88,12,22,35,8,5,18,35,25,55,45,65
109,75,82,38,68,28,12,42,58,92,48,85,70,88,82,18,22,52,92,78,85,55,52,75,25,18,12,10,15,22,50,25,62,35,40
110,68,82,18,55,8,12,48,65,96,45,88,70,72,42,8,25,18,32,85,97,58,50,8,7,15,5,5,5,88,50,15,20,35,40
111,72,48,42,78,62,82,48,65,88,45,75,58,68,35,25,62,28,82,70,52,55,60,92,8,12,10,5,5,18,50,35,58,40,45
112,72,82,35,65,28,12,42,68,92,45,78,62,88,70,18,22,22,35,75,85,58,55,8,12,25,10,8,5,82,50,30,65,40,35
113,68,62,38,65,22,72,42,55,78,45,70,58,52,35,28,48,18,82,75,73,48,55,8,25,35,5,5,5,75,0,40,42,30,85
114,75,85,15,55,8,12,58,65,45,50,55,80,70,35,10,25,30,80,90,98,55,50,15,35,45,10,10,5,60,40,20,25,45,30
115,68,62,42,71,28,88,38,65,58,45,55,52,57,35,48,47,18,82,72,60,58,55,5,8,12,3,4,2,92,50,35,54,32,40
116,70,48,58,78,72,92,62,68,72,55,60,58,75,15,42,48,38,65,74,35,62,52,92,8,10,12,8,5,18,50,28,68,38,32
117,68,62,55,72,42,92,58,65,74,48,66,60,82,18,45,52,22,75,70,38,65,55,5,8,10,3,2,4,88,50,35,70,40,30
118,65,48,55,72,42,88,52,60,58,45,50,55,62,15,40,58,55,85,70,35,48,55,5,25,30,10,8,70,20,50,30,58,35,40
119,78,72,35,68,28,12,48,62,88,55,75,58,80,82,18,25,28,85,72,76,55,52,75,15,30,18,12,8,35,50,28,60,42,38
120,62,68,45,70,22,65,42,55,28,48,40,65,72,15,35,55,8,12,75,78,65,55,5,5,5,5,5,5,95,50,45,40,30,35
121,68,52,38,58,22,82,58,72,62,48,55,45,48,25,28,65,18,82,60,70,55,50,5,8,12,5,5,5,88,50,35,42,35,55
122,62,68,45,72,28,88,42,70,35,55,40,52,75,15,38,48,18,82,78,65,58,50,5,8,12,3,4,2,92,50,35,60,42,55
123,62,48,58,68,72,88,52,65,42,55,48,60,58,35,45,38,22,28,70,32,60,52,5,12,15,3,4,2,92,50,35,58,40,45
124,62,58,42,68,28,88,38,65,35,48,40,55,35,72,25,65,18,58,75,52,55,60,5,10,15,5,5,5,90,50,35,40,25,70
125,62,45,68,72,68,92,58,65,35,55,42,60,78,15,48,25,62,75,75,28,65,48,70,45,25,10,10,20,35,0,30,70,40,25
126,65,45,60,70,55,95,65,60,70,40,55,50,55,5,40,35,35,70,75,30,55,50,10,40,30,10,10,15,70,50,30,55,40,85
127,75,80,15,55,8,25,45,65,70,50,60,70,55,75,15,25,15,30,75,95,60,50,5,10,15,5,5,5,90,50,50,20,40,65
128,78,82,35,72,28,12,42,65,92,55,85,70,88,75,18,22,38,58,80,85,62,55,8,25,55,12,10,15,45,50,40,68,35,48
129,78,72,25,55,12,68,42,65,92,48,80,70,68,28,15,35,38,62,82,96,45,50,8,35,45,12,10,8,55,50,25,30,55,40
130,62,38,55,58,52,92,58,75,48,55,52,42,60,15,45,48,18,65,70,28,72,50,0,5,8,0,0,0,92,50,25,58,35,75
131,65,60,40,55,35,15,45,60,85,40,70,55,50,85,30,45,20,65,60,65,55,50,5,5,10,5,5,5,90,50,40,45,30,90
132,62,48,58,60,55,92,58,70,65,45,68,52,72,15,42,35,22,55,75,28,65,50,5,8,10,3,4,5,90,50,40,55,30,40
133,78,72,28,68,22,12,38,74,82,55,75,58,70,88,18,35,18,42,80,85,65,55,5,5,10,5,5,5,92,50,25,62,45,70
134,62,48,68,71,52,92,58,67,28,55,38,57,74,12,35,22,32,78,82,25,58,48,8,45,52,10,12,5,68,50,35,63,38,42
135,65,52,58,62,42,92,58,70,72,55,60,58,48,25,45,50,18,55,68,42,62,52,5,8,12,5,5,5,90,50,35,55,40,48
136,78,72,18,62,16,8,42,68,92,55,80,65,70,68,15,35,18,58,82,95,58,50,8,10,15,5,5,5,88,50,25,35,45,75
137,78,72,35,68,22,15,45,65,85,40,75,60,55,25,15,45,35,55,80,80,55,60,5,25,55,10,10,5,70,50,30,65,40,60
138,70,55,65,75,55,95,60,70,75,40,65,50,80,15,40,30,15,60,70,30,70,50,5,10,10,5,5,5,90,50,20,70,40,30
139,62,58,38,65,28,18,52,60,48,45,42,50,55,35,25,40,22,68,60,70,55,52,8,15,25,5,5,5,82,50,35,48,30,40
140,75,58,45,82,48,92,55,70,68,52,60,55,85,15,42,48,42,82,78,35,65,50,35,40,55,10,10,12,45,0,45,72,40,30
141,72,58,45,68,48,88,58,70,92,55,78,62,75,25,35,42,32,82,70,55,60,52,25,28,45,18,20,12,68,50,38,65,40,45
142,78,82,35,72,32,12,38,65,88,55,80,62,85,88,18,22,12,15,75,80,70,55,5,5,8,5,5,5,95,50,25,68,40,70
143,78,62,38,72,52,18,48,70,92,55,80,58,65,42,15,35,18,58,82,68,65,55,5,8,12,3,4,2,92,50,25,68,40,45
144,62,48,55,70,58,92,52,65,58,45,50,55,60,15,42,68,18,35,72,35,60,55,5,8,10,5,5,5,88,50,40,52,30,45
145,62,68,55,70,38,92,52,65,85,48,72,60,58,15,45,55,22,88,70,50,60,55,5,10,15,5,5,5,90,40,30,55,35,40
146,62,48,45,58,52,92,58,72,65,45,55,48,60,15,55,35,22,82,70,42,55,50,5,12,18,5,5,5,88,50,40,52,30,65
147,62,38,58,68,68,92,62,72,48,55,45,52,58,12,42,55,18,45,70,28,65,48,5,8,10,3,4,2,88,50,35,60,35,40
148,75,65,55,70,55,90,45,60,70,45,65,55,60,15,35,40,25,65,75,50,60,50,5,10,15,5,5,5,85,50,30,65,40,70
149,68,42,58,72,78,96,58,75,52,45,48,55,70,15,35,25,18,35,82,28,62,48,8,15,18,5,12,5,92,50,22,65,38,70
150,68,74,38,66,32,18,42,55,92,45,82,71,58,28,22,48,32,82,78,80,48,62,8,45,52,12,15,10,58,50,42,55,35,75
151,68,48,62,66,58,92,62,72,74,55,64,58,70,15,42,38,22,55,73,35,68,52,5,8,10,3,4,2,90,50,25,60,45,70
152,80,85,15,50,8,65,55,75,92,45,70,65,75,20,10,25,15,30,85,98,60,50,5,5,10,5,5,5,90,50,50,20,40,65
153,78,68,35,72,38,18,52,65,92,55,80,60,75,70,25,45,22,82,74,73,55,50,8,18,42,10,12,5,75,50,40,62,35,45
154,68,52,45,72,58,88,42,65,70,55,58,48,62,18,35,45,22,68,70,42,60,52,8,15,12,5,5,5,82,50,28,55,38,48
155,68,82,35,70,28,12,38,55,72,48,65,60,85,78,42,25,18,55,75,80,62,55,5,5,10,3,3,2,92,50,25,58,35,30
156,70,55,45,75,45,90,55,65,70,50,60,55,65,15,40,60,20,80,70,45,60,55,5,10,15,5,5,5,85,50,30,60,40,70
157,78,72,18,55,8,22,58,65,88,45,75,62,80,18,25,35,12,15,70,96,65,50,5,5,8,5,5,5,92,50,35,25,45,40
158,68,52,38,67,58,18,62,72,74,45,63,48,71,55,28,42,22,58,73,54,55,53,5,8,12,3,4,2,88,50,35,61,37,82
159,68,62,58,60,42,92,38,65,72,48,70,55,45,15,35,25,32,88,75,48,55,50,5,25,35,8,10,5,75,50,28,58,35,85
160,62,38,58,65,68,96,58,72,48,45,42,55,35,5,45,52,22,25,70,28,55,48,5,12,10,5,5,5,92,50,35,52,40,65
161,68,72,35,62,28,12,42,70,92,48,78,65,58,82,22,38,18,35,75,85,65,55,5,5,10,5,5,5,92,50,30,60,40,70
162,62,58,55,68,42,88,48,72,38,55,45,52,70,18,42,35,18,38,75,48,72,50,5,8,10,3,4,2,92,50,28,65,40,48
163,62,38,58,71,67,96,58,55,35,42,40,60,68,8,45,52,52,28,75,25,48,50,35,72,28,8,10,12,38,15,32,55,35,30
164,68,82,25,55,12,45,42,70,38,50,45,65,48,62,20,35,12,28,75,92,60,50,5,5,10,5,5,5,90,50,50,30,40,55
165,68,62,38,58,42,18,58,65,82,48,72,55,70,68,28,35,22,62,70,64,52,55,8,15,25,10,8,5,85,50,35,58,40,45
166,72,62,35,55,28,25,58,65,88,45,75,60,52,15,20,45,18,82,70,78,55,50,5,8,12,5,5,5,90,50,40,48,35,92
167,65,42,58,72,58,92,55,70,45,48,50,52,78,15,48,55,18,35,70,28,75,55,5,5,8,3,3,2,92,50,35,62,40,30
168,78,82,35,75,32,12,48,70,92,55,85,68,80,40,25,30,35,88,70,85,55,60,95,5,10,15,5,5,15,50,20,65,40,45
169,68,62,38,66,52,18,48,72,58,45,63,55,74,58,42,25,22,42,70,57,65,55,5,8,12,4,5,3,92,50,35,60,28,75
170,78,62,35,70,52,18,58,65,82,48,68,55,72,40,25,30,62,92,75,58,40,55,75,15,25,35,20,20,10,0,20,60,45,50
171,62,48,35,68,42,28,65,55,70,40,58,52,60,25,45,55,35,90,65,50,45,55,85,10,15,10,8,5,20,50,40,48,30,40
172,70,65,35,60,18,75,40,55,75,50,60,55,65,25,40,45,45,85,70,80,45,50,15,30,55,20,35,10,40,50,40,35,40,70
173,68,62,38,74,36,28,52,58,72,48,55,53,71,12,32,58,42,92,70,66,48,57,88,8,12,18,7,5,10,50,35,54,38,28
174,70,82,18,58,12,12,42,65,78,48,68,72,74,58,15,25,28,62,75,92,55,50,25,18,45,12,10,8,65,50,22,25,35,85
175,62,68,58,66,27,18,42,58,28,45,32,55,72,65,48,35,12,30,75,70,65,52,5,8,10,5,5,5,92,50,35,55,38,40
176,78,72,38,68,32,12,48,65,88,55,75,60,82,85,18,35,35,92,70,80,55,60,92,8,12,10,8,5,18,50,35,65,40,45
177,62,48,58,65,42,92,55,70,38,52,45,55,60,18,42,35,22,58,72,40,58,50,5,12,15,3,4,2,88,50,35,55,38,42
178,68,62,38,65,28,12,52,58,72,48,60,55,70,35,42,32,48,82,78,70,55,52,35,40,65,25,22,18,30,50,35,58,40,45
179,68,62,48,71,42,18,58,55,58,47,63,67,74,22,35,25,82,88,79,57,38,55,2,3,8,4,3,92,4,50,42,61,48,45
180,62,68,42,65,32,18,45,55,38,35,48,58,60,35,52,28,28,92,72,70,48,55,8,25,45,10,12,5,75,50,40,52,35,55
181,72,68,38,70,42,22,48,65,92,55,78,58,75,35,18,42,18,82,74,65,58,62,8,12,18,7,9,5,85,50,35,65,40,55
182,55,58,62,60,32,92,48,55,42,50,45,65,40,25,48,35,38,85,75,45,42,50,15,55,35,10,10,8,60,0,30,45,35,65
183,62,68,48,65,28,88,42,58,45,35,40,55,52,25,38,35,42,88,72,58,45,55,8,25,72,12,15,10,38,15,28,48,32,35
184,75,72,38,78,42,18,52,58,92,48,82,68,85,15,22,28,48,88,75,70,55,62,82,8,25,45,12,5,18,50,35,72,35,28
185,68,72,38,71,32,12,42,58,62,45,67,55,78,48,22,28,35,72,82,74,52,55,8,25,48,12,10,5,65,50,35,60,40,70
186,70,55,40,75,28,85,45,65,70,50,55,45,60,15,30,65,20,55,70,50,60,55,5,5,10,5,5,5,90,50,30,55,40,45
187,68,62,45,58,28,88,52,65,82,48,75,55,72,15,25,35,42,85,70,60,48,55,8,45,52,12,10,18,45,50,40,60,30,85
188,72,78,35,68,28,12,38,55,70,45,65,60,82,88,25,22,42,55,80,85,55,50,92,8,15,18,10,5,12,0,30,62,40,55
189,68,52,42,74,68,88,58,65,86,48,72,55,70,18,28,62,18,32,75,45,62,58,5,8,12,5,5,5,92,50,35,60,38,48
190,65,48,45,62,48,88,62,72,78,55,70,52,58,15,42,48,18,68,72,35,68,50,5,5,10,5,5,5,90,50,35,58,40,45
191,78,72,38,68,42,18,45,65,92,35,82,55,80,15,22,28,18,55,75,78,62,55,5,8,12,5,5,5,92,50,35,70,40,48
192,72,48,42,78,52,92,58,68,88,55,70,52,65,12,35,62,18,58,75,45,62,55,5,8,10,5,5,5,88,50,28,58,38,42
193,62,38,48,65,58,28,57,72,48,45,42,52,55,58,35,45,28,72,68,32,52,55,5,8,12,4,5,6,82,50,38,48,35,40
194,78,72,25,55,12,65,42,58,92,45,80,70,68,15,18,35,48,96,82,95,35,50,92,8,12,18,10,5,8,50,25,30,45,75
195,68,58,42,66,34,88,48,72,82,55,70,52,62,18,28,45,22,58,75,60,58,52,8,12,18,5,5,5,82,50,35,55,38,48
196,62,48,68,55,32,92,58,70,28,45,38,55,60,15,42,35,48,75,72,40,42,50,8,35,72,12,25,10,45,50,30,52,28,65
197,62,38,48,72,58,92,52,68,35,55,42,58,48,45,28,65,18,68,60,32,58,52,5,12,10,5,5,5,88,50,35,55,30,40
198,78,72,35,68,52,12,55,70,92,60,85,65,70,45,25,30,22,35,75,80,60,55,5,5,15,5,5,5,90,50,20,65,40,70
199,68,62,38,65,42,18,58,72,88,55,78,60,70,22,35,45,28,78,75,70,52,58,8,12,18,7,6,5,82,50,42,55,38,48
200,62,38,58,52,68,96,67,72,48,45,55,65,42,15,45,55,22,45,75,28,48,42,3,8,12,4,5,4,88,50,25,35,28,78
201,68,52,55,70,58,92,58,65,72,48,60,55,70,15,35,28,55,75,75,40,50,55,75,35,15,10,10,12,18,50,30,62,40,65
202,72,68,38,62,42,18,52,70,82,55,75,60,65,25,22,35,18,58,78,74,58,55,8,10,12,5,5,5,88,50,28,60,35,48
203,65,72,58,62,28,88,42,68,52,45,55,50,58,18,35,32,22,55,70,60,55,50,8,15,25,5,5,5,85,50,30,60,40,48
204,62,68,42,65,22,88,40,58,48,45,55,72,52,78,35,60,22,72,70,75,55,58,5,12,18,4,5,3,82,50,45,48,28,35
205,68,52,45,72,48,88,58,65,62,45,55,50,60,15,35,65,25,85,70,42,55,50,8,15,25,5,10,5,82,50,30,58,40,75
206,72,68,38,62,48,12,46,65,88,55,78,58,74,42,18,28,18,48,75,64,58,52,4,5,8,3,4,3,92,50,22,63,35,42
207,72,82,38,74,28,12,38,65,68,55,62,70,78,72,25,22,18,58,85,88,62,58,5,8,12,5,5,5,92,50,28,60,35,75
208,62,48,45,55,42,88,58,65,78,45,70,55,35,55,25,60,40,75,65,42,35,50,55,15,45,25,20,10,40,50,30,40,25,85
209,72,78,28,68,28,12,38,62,74,45,65,55,82,85,18,22,18,42,75,80,58,55,8,10,12,5,5,5,92,50,25,60,30,55
210,68,62,45,58,28,88,42,72,70,55,65,48,38,15,35,42,22,68,75,60,52,50,5,15,18,5,5,5,88,50,35,55,40,82
211,68,78,35,62,32,12,38,58,82,45,72,65,80,70,25,18,42,58,75,80,55,52,8,35,48,10,8,5,65,50,30,58,28,40
212,65,58,55,62,48,88,45,70,60,50,55,52,58,42,35,40,18,55,70,45,60,50,5,8,10,5,5,5,90,50,30,55,40,75
213,78,72,35,68,38,12,52,65,92,55,80,62,82,85,18,25,28,82,75,78,55,58,8,22,45,10,12,5,75,50,30,65,40,60
214,70,65,20,60,15,10,40,60,75,50,55,50,60,70,20,30,15,20,70,85,60,50,5,5,10,5,5,5,90,50,20,40,40,50
215,68,52,45,58,38,88,72,70,82,48,74,55,48,25,35,62,18,68,70,58,55,52,5,8,12,4,5,3,92,50,28,54,35,42
216,68,74,38,62,34,8,58,55,92,48,85,78,72,82,25,35,18,48,80,83,58,75,4,5,12,3,4,3,88,50,45,55,35,42
217,78,72,35,68,28,18,42,65,92,55,80,60,58,45,15,40,22,38,70,75,62,55,5,8,12,5,5,5,88,50,25,60,40,85
218,75,80,15,45,8,55,60,70,70,55,65,70,75,15,20,35,10,30,85,95,65,50,5,5,10,5,5,5,90,50,40,25,45,40
219,75,82,28,68,32,12,38,58,92,48,85,70,78,88,18,25,18,22,72,88,62,55,5,4,8,3,4,3,92,50,22,65,35,70
220,62,48,58,68,28,22,52,55,25,45,40,60,48,65,30,35,35,92,75,55,45,55,15,25,45,10,20,8,70,50,40,50,30,35
221,68,62,28,58,27,12,48,55,92,45,78,63,52,72,18,42,48,88,70,76,38,55,65,18,48,35,22,12,28,50,25,48,35,42
222,62,78,35,68,28,12,38,55,42,48,40,58,82,92,45,22,18,82,55,75,58,52,8,25,35,5,5,3,85,50,30,55,38,35
223,65,48,42,72,58,18,55,62,52,55,48,60,68,35,38,55,15,55,70,50,58,55,5,8,10,5,5,5,88,50,35,55,40,45
224,68,82,38,66,28,12,42,58,62,48,64,55,88,82,35,22,18,32,78,76,72,55,5,8,12,5,5,5,92,50,45,60,30,40
225,68,62,38,65,52,18,48,58,72,55,60,57,52,68,35,32,22,72,70,64,58,55,5,8,15,3,4,2,88,50,28,60,42,48
226,78,82,18,55,8,28,42,68,72,48,62,70,58,52,15,25,12,32,85,96,55,50,3,4,8,3,3,2,92,45,25,35,48,55
227,68,58,42,66,38,82,55,72,70,48,62,52,74,45,38,48,18,72,75,55,65,55,5,8,12,3,4,2,92,50,35,58,35,40
228,78,72,35,68,38,12,52,70,92,55,80,60,82,45,25,30,18,42,75,78,65,55,5,8,12,5,5,5,92,50,40,70,45,40
229,68,62,45,70,52,12,58,55,42,48,60,65,72,55,25,20,82,88,78,58,35,55,5,8,15,10,8,90,5,0,40,58,45,50
230,72,58,45,68,38,88,55,70,82,55,75,52,62,15,28,42,22,78,74,48,65,55,5,15,20,5,5,5,85,50,35,60,40,45
231,78,72,28,68,18,12,42,65,88,55,75,70,68,58,22,45,12,22,82,92,62,55,3,4,8,3,4,2,94,35,25,38,48,58
232,70,75,25,55,12,40,45,65,35,50,40,70,65,60,15,35,40,85,80,95,45,50,90,10,15,25,10,5,10,20,50,15,35,55
233,68,52,58,74,67,92,54,62,72,45,63,57,71,18,35,42,22,35,73,28,66,48,8,12,15,5,5,5,88,50,32,61,38,42
234,68,52,42,74,48,82,58,65,62,45,48,55,60,62,35,58,42,88,70,45,52,55,92,8,12,18,10,5,15,25,38,48,35,40
235,72,78,25,65,12,18,42,55,80,45,70,65,75,48,15,35,28,42,75,92,55,50,88,8,12,10,7,5,22,25,20,35,45,85
236,62,58,55,65,48,88,52,60,55,50,52,58,60,35,45,35,22,72,70,42,55,50,5,15,20,5,5,5,80,50,35,60,40,55
237,68,52,38,62,48,28,58,65,88,45,78,55,60,15,22,48,12,18,72,58,62,58,5,5,8,5,5,5,92,50,42,55,35,75
238,68,58,42,66,52,18,58,72,74,55,67,48,71,68,22,28,18,62,73,57,63,52,4,8,12,3,4,3,92,50,35,61,38,35
239,78,72,38,74,42,12,44,65,92,55,80,58,75,68,18,28,12,32,82,76,62,58,4,5,8,3,4,3,92,50,25,68,35,45
240,65,58,52,68,38,88,48,62,60,45,55,50,55,15,35,40,55,85,70,55,45,50,5,15,35,10,8,55,45,25,30,55,35,40
241,72,62,38,68,52,18,48,65,78,55,70,58,75,72,25,35,22,55,74,65,62,55,5,10,15,5,5,5,92,50,30,60,40,45
242,75,62,35,68,52,15,48,65,85,55,72,58,70,55,25,30,18,45,75,65,60,55,5,5,10,5,5,5,90,50,25,60,40,70
243,75,80,25,60,12,15,40,65,95,50,80,70,75,65,20,30,20,85,70,95,60,50,5,10,25,5,5,5,85,50,40,30,40,45
244,78,72,28,68,28,12,42,65,92,55,80,62,58,45,18,35,22,55,75,82,60,55,5,10,25,5,5,5,85,50,40,58,35,55
245,68,62,35,58,32,12,52,65,88,48,72,55,70,68,22,35,12,55,75,78,58,55,5,5,10,5,5,5,90,50,30,60,40,70
246,68,62,38,78,32,18,42,58,72,48,55,60,75,25,35,65,38,92,70,68,52,60,90,8,12,15,10,5,18,50,35,58,40,30
247,78,82,35,72,28,12,38,65,92,48,80,70,75,85,20,25,35,82,70,88,55,60,92,8,15,25,10,5,12,50,30,65,45,60
248,75,58,42,68,42,88,54,70,92,48,82,55,62,25,28,45,18,55,72,52,65,58,5,8,12,4,5,5,92,50,35,60,38,75
249,78,72,35,68,28,12,42,65,92,55,80,62,82,88,18,38,18,35,75,85,58,55,5,8,12,5,5,5,92,50,25,70,40,65
250,78,72,35,68,38,12,48,65,92,55,80,60,70,45,15,25,22,58,75,70,55,60,5,8,25,5,10,5,80,50,20,65,40,85
251,68,62,38,66,28,82,42,65,78,55,72,58,52,75,25,45,18,55,70,68,62,55,5,5,10,5,5,5,90,50,40,58,35,70
252,78,82,25,68,18,8,42,65,88,55,72,70,75,85,15,35,18,58,80,92,62,55,5,5,10,5,5,5,92,50,25,35,45,40
253,68,48,45,72,62,92,58,70,55,50,48,60,65,15,42,65,18,45,70,35,68,55,5,5,8,5,5,5,90,50,35,58,40,55
254,78,62,45,82,58,72,48,55,92,60,85,80,70,75,25,78,18,42,80,68,65,70,5,8,10,5,5,5,90,40,55,60,35,40
255,62,68,45,65,22,85,42,55,58,40,52,55,72,15,35,30,45,92,75,70,48,55,90,12,18,25,10,5,15,0,40,50,35,45
256,72,68,35,65,18,78,32,60,92,45,85,70,40,65,25,55,12,28,80,82,60,55,5,5,10,5,5,5,90,50,30,45,40,85
257,78,82,15,55,8,48,58,65,72,45,60,75,70,25,12,35,38,88,85,96,55,50,25,45,55,15,10,12,35,50,40,25,65,40
258,68,52,28,72,42,12,58,65,70,48,55,50,62,55,35,58,12,62,75,60,58,55,5,5,8,3,3,2,92,50,40,48,35,30
259,72,82,28,68,28,12,32,58,62,45,55,70,85,58,18,22,22,42,75,88,60,55,92,5,8,10,5,2,15,50,25,65,35,40
260,78,72,38,68,32,12,42,58,92,45,80,62,85,55,18,22,48,88,75,78,52,55,35,15,65,40,18,22,35,0,30,60,35,58
261,78,72,18,68,14,8,32,65,92,48,80,70,75,88,12,25,12,28,82,96,58,52,3,4,8,3,4,2,92,50,15,35,45,55
262,68,62,28,60,12,78,42,72,58,55,52,48,65,12,18,45,18,58,82,88,55,50,5,8,12,5,5,5,92,50,25,35,40,45
263,78,72,28,68,18,82,38,65,92,55,85,62,74,15,18,35,32,88,75,88,48,55,92,8,12,18,10,5,15,50,35,25,40,58
264,75,72,18,68,18,12,42,70,88,55,75,65,72,68,15,25,12,45,82,92,60,50,5,5,10,5,5,5,92,50,50,15,55,60
265,65,60,40,75,28,75,45,60,55,40,45,55,60,70,30,65,35,90,70,60,50,55,95,5,10,15,5,5,10,20,40,50,30,40
266,72,68,35,62,28,18,42,65,92,55,80,58,38,15,25,48,22,55,75,78,58,55,5,8,12,5,5,5,92,50,35,52,30,75
267,72,68,28,62,18,12,42,65,88,55,75,58,38,32,18,45,12,52,78,92,55,48,3,4,8,3,4,2,94,50,15,22,35,45
268,65,78,42,70,38,12,42,58,35,48,52,62,72,88,28,22,22,82,80,68,58,55,5,8,12,4,5,5,92,50,35,60,38,40
269,72,68,35,70,28,12,42,65,88,55,75,60,70,75,25,55,18,55,70,72,60,55,5,5,10,5,5,5,90,50,30,55,40,65
270,62,58,45,65,28,88,42,70,55,48,60,50,55,15,48,52,18,28,72,55,65,50,5,5,8,5,5,5,92,50,35,58,40,75
271,78,82,35,70,42,8,28,65,92,55,80,60,88,85,15,20,12,15,75,70,72,55,5,5,10,5,5,5,92,40,20,65,45,40
272,65,42,68,58,67,96,58,72,74,48,62,55,52,15,38,28,22,35,75,32,55,45,5,8,12,4,5,5,92,50,25,60,35,65
273,78,62,28,72,32,12,58,68,96,55,82,58,70,78,18,68,18,62,74,76,58,60,5,8,12,5,5,5,88,50,25,52,42,65
274,68,52,45,74,58,92,54,65,72,48,60,55,70,8,42,58,38,85,75,45,55,50,90,8,10,15,5,5,12,50,35,62,40,55
275,65,55,40,60,42,78,48,70,75,45,68,55,50,15,35,40,55,90,70,50,40,55,75,30,25,20,15,10,20,30,35,45,40,50
276,62,48,42,78,38,88,42,65,52,45,48,58,72,18,35,75,22,82,68,45,58,55,72,15,25,8,8,5,35,50,38,55,28,25
277,72,68,55,74,28,88,42,70,62,45,58,52,82,18,35,38,12,58,75,65,68,52,5,8,12,4,5,3,92,50,32,65,42,35
278,68,52,38,66,54,32,48,62,58,45,50,55,57,42,28,44,12,58,72,48,63,55,4,8,12,3,5,3,92,50,35,48,38,75
279,62,48,58,60,48,95,55,72,42,55,45,52,38,8,35,42,18,78,75,32,55,48,5,12,15,5,5,5,92,50,25,58,40,65
280,75,68,42,72,58,12,48,70,92,55,85,62,82,25,18,28,18,55,78,65,65,55,5,5,10,5,5,5,92,50,25,70,35,30
281,70,82,35,68,28,12,38,55,58,40,52,60,88,75,25,20,35,92,72,78,55,50,90,10,15,25,10,5,20,50,30,55,40,35
282,62,58,45,65,32,18,55,60,40,48,52,55,70,15,35,40,22,55,75,60,55,58,10,15,35,8,10,5,80,50,40,48,30,35
283,62,48,58,72,68,92,58,75,52,45,48,55,78,15,42,38,22,55,70,28,72,50,5,8,10,5,5,5,88,20,35,68,40,30
284,70,65,35,60,18,25,40,55,80,45,70,50,55,20,30,40,25,90,75,75,50,55,5,10,20,5,5,5,80,40,45,50,40,35
285,68,82,28,62,22,12,32,58,38,45,42,65,78,92,18,22,12,8,72,88,70,55,5,5,8,4,4,3,95,50,40,58,35,48
286,78,72,28,68,18,78,32,65,92,55,82,60,70,12,18,45,18,82,75,88,58,52,5,8,15,5,5,5,88,50,25,35,45,85
287,62,38,58,68,55,92,62,72,28,48,35,45,58,12,42,55,18,58,72,22,65,48,5,8,10,4,5,5,92,50,32,52,38,42
288,68,62,48,70,28,88,48,65,72,45,68,55,72,15,35,32,28,82,70,58,60,52,8,25,18,5,5,5,82,50,30,65,38,42
289,78,82,35,72,28,12,42,55,85,48,70,65,68,60,25,30,48,82,75,80,40,60,15,25,70,30,35,15,40,50,20,65,45,70
290,65,40,55,70,60,95,55,70,45,50,40,55,60,5,35,65,15,30,70,30,60,50,5,10,10,5,5,5,90,50,30,55,35,65
291,68,58,42,74,38,88,54,62,82,48,71,66,52,78,35,72,18,62,70,57,58,55,5,8,12,4,5,3,92,50,38,48,35,85
292,78,68,35,72,52,18,42,70,88,55,80,62,82,22,25,28,18,25,80,65,68,55,5,5,8,5,5,5,92,50,30,70,45,75
293,65,45,55,60,55,92,52,70,60,40,55,45,50,15,35,40,20,75,70,30,60,50,5,10,15,5,5,5,90,50,30,55,40,45
294,68,78,35,62,28,12,42,38,82,35,75,85,80,88,25,30,25,35,72,85,55,60,92,8,12,10,7,5,18,50,45,58,30,55
295,72,52,42,68,48,92,55,75,88,55,78,48,70,15,25,62,18,58,75,58,72,55,5,5,8,5,5,5,92,50,35,65,40,45
296,75,65,40,70,45,90,45,60,90,50,80,55,70,15,25,40,35,90,75,60,55,50,95,10,15,20,10,5,15,50,30,65,40,60
297,78,62,35,58,28,42,38,65,92,55,85,60,70,25,15,45,18,82,75,80,55,60,8,12,25,10,10,5,85,50,45,52,35,40
298,68,72,22,58,12,18,42,65,55,45,48,62,70,78,25,30,32,82,65,92,48,50,90,8,12,15,10,5,18,25,20,25,35,40
299,60,40,55,65,55,30,65,70,35,50,40,55,50,25,30,55,45,75,70,35,45,55,10,20,60,15,25,10,50,50,40,45,30,40
300,62,48,58,65,62,92,54,68,58,55,60,52,70,18,45,35,22,58,72,28,60,52,5,12,15,3,4,5,88,50,35,58,38,42
301,72,68,55,62,28,92,42,75,92,48,85,58,55,15,25,35,22,88,78,65,52,48,5,25,18,5,5,5,82,50,28,60,35,75
302,68,42,48,62,62,88,58,72,58,55,52,48,65,35,38,35,22,68,70,32,58,48,5,8,10,5,5,5,92,25,28,55,40,75
303,72,78,38,68,32,12,42,58,88,48,76,62,74,45,18,28,22,62,70,82,52,58,88,8,12,18,7,4,18,50,25,65,35,48
304,78,55,45,72,68,15,55,70,85,60,75,50,80,45,25,35,15,25,70,45,65,55,0,0,5,0,0,0,95,40,20,65,50,80
305,68,82,28,62,22,12,32,38,58,25,52,78,88,28,35,48,22,18,72,90,48,55,92,4,8,7,3,3,12,0,35,45,25,35
306,68,52,42,74,48,88,58,62,72,48,55,58,64,38,35,65,32,82,70,48,52,58,8,45,28,10,12,5,72,50,32,48,38,65
307,68,78,35,65,28,12,42,55,82,48,70,60,85,88,25,20,35,82,75,80,45,55,90,8,15,25,10,5,20,50,30,50,40,35
308,78,72,35,70,42,25,48,55,92,40,85,65,70,15,20,30,35,75,80,75,45,60,10,15,55,20,15,20,50,50,40,65,40,55
309,68,48,58,72,78,92,58,75,52,55,45,60,62,15,35,48,18,12,70,28,65,50,5,5,8,5,5,5,92,50,25,62,40,85
310,65,45,70,75,72,95,65,60,35,55,45,60,80,15,40,25,75,70,80,30,50,55,5,10,15,5,5,90,10,0,30,70,40,25
311,68,58,35,72,42,18,62,65,70,48,60,55,58,68,38,55,22,55,75,62,65,55,5,5,10,5,5,5,88,50,35,52,40,45
312,68,78,28,66,22,12,38,55,92,35,80,62,72,35,18,42,22,85,82,88,48,55,92,8,10,12,7,5,15,50,45,58,35,30
313,62,58,55,60,42,92,58,70,85,48,75,52,65,15,40,35,25,80,70,45,60,50,5,15,20,5,5,5,85,50,30,55,40,35
314,68,62,58,72,48,92,52,75,58,45,55,50,78,15,35,28,18,82,70,42,65,52,5,8,12,4,5,5,92,50,25,70,38,35
315,68,62,45,72,38,88,42,65,74,48,66,55,82,18,42,48,18,72,75,58,70,52,5,8,12,4,5,3,92,50,38,60,28,35
316,78,72,35,68,38,12,58,65,92,55,85,62,82,88,18,22,32,58,75,80,55,50,8,25,70,10,12,5,55,50,30,65,40,60
317,70,68,25,55,12,70,42,65,60,45,55,60,35,30,15,45,22,48,75,90,40,50,10,25,15,5,5,5,75,50,50,15,35,80
318,68,70,35,65,42,15,45,60,72,40,55,50,75,85,25,20,35,90,70,65,45,55,95,5,10,15,5,5,10,30,20,50,40,35
319,85,70,20,50,5,45,65,60,55,40,45,70,75,15,25,30,25,80,80,95,60,50,10,15,20,5,5,5,80,0,40,20,60,30
320,68,78,28,62,22,12,38,55,82,48,72,58,70,75,18,25,35,92,74,88,45,55,92,8,12,18,10,5,15,50,30,42,35,58
321,65,35,60,75,82,95,55,70,30,55,35,60,80,15,45,40,15,20,70,25,75,45,5,5,5,5,5,5,95,10,25,70,40,20
322,62,48,68,55,38,88,58,52,28,45,42,75,35,15,25,22,48,75,72,38,32,48,8,18,65,35,45,12,28,50,35,40,30,78
323,68,62,58,65,52,88,54,63,82,45,78,57,72,15,28,22,42,78,74,48,48,52,8,35,65,18,12,10,35,25,30,58,38,55
324,78,62,35,70,52,28,48,65,95,55,82,60,70,15,20,40,15,55,75,68,60,55,5,5,10,5,5,5,90,50,40,65,45,85
325,75,82,28,72,22,12,32,58,92,45,78,68,88,92,18,22,38,88,75,88,52,58,95,5,8,12,5,4,10,50,25,62,35,72
326,68,48,42,78,62,92,55,72,65,55,48,52,70,15,38,58,18,45,75,35,65,55,5,8,10,3,5,2,90,50,35,60,40,70
327,72,68,28,62,12,78,42,75,48,45,58,65,70,35,18,45,18,52,75,88,55,50,5,8,12,5,5,5,92,50,25,30,35,55
328,62,38,68,55,58,92,52,65,42,48,45,70,28,12,55,48,18,42,75,25,48,45,5,8,12,5,8,5,92,15,28,35,25,85
329,78,82,25,70,12,15,40,65,92,55,80,70,75,45,20,35,18,25,85,95,60,55,5,5,10,5,5,5,90,50,40,30,50,90
330,78,62,35,70,42,18,48,65,92,55,80,50,75,25,20,40,15,55,70,68,60,55,5,5,10,5,5,5,90,50,30,65,40,45
331,65,60,35,70,32,25,45,55,40,50,35,55,50,40,25,45,20,75,30,65,55,60,5,10,15,5,5,5,85,50,40,45,30,40
332,68,62,28,66,28,12,52,65,72,55,58,54,48,82,22,45,18,68,70,74,58,55,5,8,15,3,4,2,88,50,35,52,38,42
333,75,62,45,72,42,88,48,70,85,55,68,58,82,12,35,42,18,58,78,52,65,48,5,8,12,5,5,5,92,50,35,70,40,30
334,68,62,38,58,42,12,58,65,82,48,72,55,60,78,18,35,38,68,70,72,48,55,25,12,45,18,10,8,55,50,28,58,35,85
335,68,62,48,71,42,88,44,63,74,52,66,57,58,18,35,42,16,58,73,55,61,53,4,8,9,3,4,5,92,50,28,59,38,72
336,85,75,15,50,8,65,60,70,95,60,85,75,65,15,25,40,15,25,80,98,55,50,5,5,10,5,5,5,90,50,50,20,45,70
337,68,52,48,62,58,92,58,72,78,55,70,54,65,15,42,48,22,75,74,45,60,52,5,12,18,4,3,2,88,50,35,58,38,65
338,62,58,45,68,32,88,42,65,38,35,48,52,60,15,35,45,22,78,72,55,58,50,5,18,12,5,5,5,88,0,40,55,25,30
339,62,68,38,65,28,15,42,58,35,45,48,55,72,65,25,30,18,35,75,70,60,55,5,5,10,5,5,5,90,50,40,55,35,45
340,78,52,42,74,82,96,58,72,84,65,71,68,76,12,28,45,18,8,73,62,68,55,4,6,8,3,4,5,92,50,35,70,38,35
341,65,48,55,60,62,92,55,70,68,45,58,52,60,15,40,35,18,25,70,30,55,50,5,8,10,5,5,5,90,50,25,55,40,75
342,65,48,45,70,42,88,55,60,62,40,55,50,45,25,35,65,45,85,70,40,40,55,15,40,65,20,15,10,30,50,30,45,35,40
343,70,80,20,60,8,15,45,60,75,40,65,70,80,40,20,30,35,85,70,95,50,50,90,10,15,10,10,5,20,30,20,10,40,30
344,78,88,15,55,8,45,58,72,82,65,70,75,55,25,12,35,22,42,85,96,48,50,40,18,35,12,15,8,55,25,50,15,45,60
345,72,62,45,68,42,88,52,70,88,55,78,58,75,15,25,35,42,82,74,55,48,50,8,45,55,12,10,5,48,50,30,65,28,40
346,78,72,28,68,27,12,38,65,92,48,82,55,74,85,18,42,18,28,75,80,62,58,5,4,8,3,3,2,92,50,22,65,35,55
347,68,62,45,66,32,88,52,58,86,48,74,55,64,12,22,38,48,82,72,58,42,55,35,45,52,18,15,22,28,0,45,58,35,40
348,68,62,45,72,38,92,48,65,92,55,85,60,78,15,25,20,82,90,75,58,42,55,5,8,12,10,8,90,10,0,35,70,40,55
349,68,42,48,72,58,92,62,75,70,55,58,45,65,15,35,68,18,55,75,38,65,52,5,8,10,5,5,5,92,50,28,60,35,40
350,65,45,35,70,42,25,62,55,60,40,50,55,70,20,45,55,25,70,65,50,45,55,10,60,15,5,5,5,50,30,40,50,45,30
351,68,72,35,62,22,28,38,55,74,42,66,58,52,25,32,45,18,72,70,78,48,55,8,12,22,5,5,5,82,50,40,48,35,75
352,65,45,60,75,70,95,55,60,25,50,40,55,80,15,35,25,65,25,70,20,60,50,15,25,30,20,15,75,20,0,30,70,40,30
353,70,75,20,40,5,45,65,60,45,50,40,65,70,15,25,30,15,35,75,95,60,50,5,5,10,5,5,5,90,50,50,20,40,30
354,78,82,35,70,28,8,35,65,80,40,72,68,85,90,25,20,35,92,75,80,55,60,90,10,15,25,10,5,20,50,20,65,45,40
355,65,62,42,68,28,78,44,58,72,48,66,55,60,42,52,58,18,32,74,68,62,55,5,8,12,4,5,3,92,50,38,58,35,48
356,62,58,45,60,32,28,55,50,65,40,55,48,70,10,35,30,65,95,70,60,40,55,5,10,25,15,10,75,15,50,45,50,35,40
357,75,82,18,55,8,12,48,65,42,50,38,78,85,35,15,25,22,58,88,96,62,50,8,18,25,10,8,5,82,0,15,25,45,30
358,68,82,35,78,28,12,42,55,92,48,80,70,88,92,18,22,48,72,85,84,62,55,65,15,45,40,18,10,35,50,25,58,40,30
359,72,78,25,55,12,65,42,68,62,48,58,65,75,35,18,28,12,22,70,92,65,50,3,4,8,3,3,2,92,50,35,30,45,55
360,78,68,35,72,38,15,52,65,88,55,75,70,62,82,18,45,18,58,74,76,65,55,5,8,15,3,4,2,92,50,25,60,40,48
361,68,52,42,74,58,88,54,72,82,48,70,55,78,18,45,62,22,55,75,35,72,55,5,8,10,5,5,5,92,50,35,65,40,30
362,60,45,50,65,45,90,45,55,40,30,45,50,40,25,35,40,45,85,70,35,40,50,80,15,20,25,20,10,20,0,30,45,30,70
363,62,48,55,68,48,88,58,65,58,45,60,52,72,15,42,35,38,92,70,40,55,50,90,8,12,18,10,5,15,50,28,58,35,85
364,68,52,45,78,58,88,58,65,82,48,75,55,70,15,35,62,18,32,72,42,65,55,5,5,8,4,4,5,92,50,28,62,38,35
365,75,70,30,80,25,15,40,60,90,50,70,65,70,85,20,60,20,85,75,80,60,65,10,15,20,5,5,5,80,40,30,55,40,90
366,68,42,55,72,58,92,58,65,88,48,70,62,52,25,45,68,22,78,75,35,60,55,8,18,15,5,5,5,82,50,35,48,40,45
367,78,82,35,72,28,12,38,65,92,45,80,62,88,35,18,22,28,82,85,88,55,58,95,5,8,10,5,4,12,50,25,68,40,55
368,72,68,35,62,28,15,48,70,88,55,78,65,70,25,15,45,18,55,75,80,65,55,5,8,12,5,5,5,92,50,40,60,35,95
369,68,74,38,62,28,12,42,65,92,55,82,60,72,88,25,35,18,22,70,78,58,52,5,5,8,5,5,5,92,50,25,55,35,75
370,68,62,58,70,52,92,48,72,88,55,78,60,82,15,35,25,18,45,75,42,72,48,5,8,12,3,4,2,90,50,28,76,38,22
371,78,72,38,68,32,12,42,65,92,55,85,62,58,82,18,28,18,28,75,80,62,55,5,8,12,5,5,5,92,50,25,70,35,68
372,68,62,45,70,32,88,52,65,92,55,78,58,72,15,25,42,42,82,75,60,55,50,12,45,55,18,15,28,48,50,35,62,40,45
373,78,82,35,72,28,12,48,65,92,55,85,70,80,88,15,25,42,62,83,88,55,60,8,18,55,25,15,28,45,50,30,68,40,70
374,72,74,32,65,38,12,48,62,88,55,78,58,82,85,18,25,18,28,70,76,65,55,5,5,15,5,5,5,90,50,35,60,40,45
375,68,52,45,62,58,88,54,72,86,55,74,48,61,12,22,38,18,42,71,35,67,48,2,3,5,1,2,1,94,50,25,63,40,58
376,55,62,48,58,32,28,45,52,40,35,50,55,60,65,45,30,55,90,70,58,45,55,75,25,30,40,15,10,20,50,40,48,35,60
377,78,62,48,72,48,92,52,65,88,55,80,60,82,15,25,20,82,88,75,45,42,55,5,8,12,10,8,92,5,0,35,70,40,25
378,68,62,35,66,22,42,48,58,72,55,60,52,58,28,38,55,18,55,70,78,62,58,8,10,12,5,5,5,88,50,45,48,35,82
379,78,72,35,68,28,12,38,65,88,55,70,60,62,82,25,40,18,58,75,80,55,60,5,8,12,5,5,5,90,50,30,58,45,50
380,78,88,28,72,22,8,32,55,68,35,62,75,88,92,18,12,28,92,82,90,48,58,95,5,8,12,5,4,10,15,25,55,35,45
381,62,35,45,68,78,92,58,70,55,48,40,52,60,5,30,55,18,12,65,25,55,45,5,8,10,5,5,5,90,50,20,48,35,40
382,68,62,45,58,42,88,48,65,82,55,72,60,35,65,28,48,18,92,75,58,40,55,5,10,25,5,5,5,85,50,35,52,30,70
383,68,62,45,70,38,88,52,72,86,55,78,58,65,12,28,42,18,55,74,48,63,52,4,8,12,3,5,4,92,50,35,65,38,48
384,72,62,38,68,52,18,48,70,92,55,78,58,75,42,22,28,12,35,74,65,68,55,5,5,10,5,5,5,90,50,30,62,40,45
385,72,58,35,68,72,12,52,65,85,48,70,55,78,25,20,30,28,55,75,62,45,55,88,8,12,10,7,5,15,40,25,60,40,35
386,58,42,72,63,52,96,62,55,28,45,38,60,48,15,45,35,38,88,75,22,52,42,8,65,35,5,5,5,55,15,25,50,35,30
387,68,62,38,74,52,18,48,58,72,55,60,57,70,65,28,48,42,82,70,65,52,55,78,15,18,12,10,5,25,50,35,58,40,35
388,70,68,35,62,38,12,55,65,92,48,78,58,72,68,18,28,18,42,75,72,58,55,5,5,10,5,5,5,90,50,25,60,40,45
389,68,82,38,70,28,12,42,55,35,40,48,65,85,82,25,18,52,92,78,80,55,50,35,25,45,15,18,28,42,50,30,62,40,35
390,68,72,38,62,32,15,55,48,74,45,67,71,78,65,35,25,42,75,70,73,48,55,15,45,52,18,22,12,48,50,30,58,40,55
391,55,60,45,50,35,15,45,30,40,25,65,80,40,70,35,55,20,55,60,65,50,60,10,5,15,5,10,5,80,50,40,30,25,70
392,62,58,45,68,28,85,52,65,48,40,45,55,60,15,42,55,38,92,72,60,45,55,90,8,12,18,10,5,15,50,35,52,40,42
393,68,58,35,62,22,82,38,72,55,48,45,52,60,15,25,65,18,35,40,70,65,50,5,5,10,5,5,5,90,50,40,45,30,35
394,70,55,40,65,55,25,55,60,75,50,65,45,60,40,30,40,20,50,70,50,60,50,5,5,10,5,5,5,90,30,20,55,40,40
395,62,78,28,68,28,12,38,55,42,48,45,65,82,85,35,22,22,82,75,80,52,55,92,8,10,15,8,5,18,50,25,48,35,30
396,62,48,55,58,32,78,52,65,35,45,40,55,50,35,25,45,18,82,70,42,48,50,8,15,25,5,10,5,85,50,35,45,30,65
397,80,75,15,55,8,10,45,60,92,45,78,70,72,25,12,35,32,42,68,96,55,50,92,8,12,10,8,5,18,50,50,25,45,40
398,75,70,30,65,18,12,45,60,85,50,70,65,70,75,20,25,25,80,75,92,50,50,8,45,30,10,12,5,65,50,15,35,45,40
399,62,58,35,68,48,18,55,60,78,45,65,52,70,72,25,30,28,82,70,60,48,55,92,8,12,15,10,5,18,50,30,55,40,35
400,72,78,28,65,38,12,42,58,92,48,85,62,75,55,18,25,12,15,70,82,65,60,5,5,8,5,5,5,92,50,25,55,35,55
401,62,38,58,65,68,96,67,72,48,45,52,60,55,8,42,35,22,28,70,25,65,48,3,8,10,4,5,5,92,50,22,58,35,40
402,62,58,48,65,32,82,48,60,42,55,58,63,52,68,35,45,18,42,70,55,60,52,8,12,18,10,8,5,88,50,38,55,40,48
403,68,52,45,74,58,88,54,65,82,48,70,55,78,12,42,48,38,92,72,45,62,55,92,8,10,15,8,5,12,0,35,58,40,30
404,78,72,35,68,32,12,42,65,92,55,85,60,74,82,18,28,18,38,80,76,62,55,5,8,12,5,5,5,92,50,25,70,40,65
405,68,58,62,65,42,92,52,70,72,55,60,58,75,15,45,42,18,55,70,48,65,50,5,8,10,3,4,2,90,50,35,62,40,75
406,78,82,18,55,12,12,42,68,92,48,80,70,72,68,15,35,12,28,85,96,58,50,3,4,8,3,3,2,92,35,25,22,45,55
407,62,55,48,68,58,18,52,70,45,50,55,48,60,65,35,30,22,58,72,50,55,60,5,8,12,5,5,5,88,50,25,58,40,75
408,78,72,38,74,42,12,48,65,92,55,80,62,82,35,18,28,42,88,75,68,52,58,88,8,18,12,10,5,22,50,25,70,45,78
409,68,74,35,62,28,12,58,65,72,48,70,55,75,82,38,32,18,35,70,78,60,55,5,5,15,5,5,5,90,50,40,58,35,75
410,68,62,45,58,42,88,52,65,92,55,85,60,50,45,35,48,18,28,75,55,65,55,5,8,12,5,5,5,92,50,35,60,40,45
411,72,58,42,74,38,88,42,68,71,55,52,48,65,12,35,45,18,58,73,47,62,55,4,8,12,5,6,3,92,50,28,61,38,85
412,72,58,45,68,52,88,62,65,86,55,74,60,63,15,28,48,48,85,70,52,55,50,15,55,45,20,18,12,35,50,35,58,40,42
413,72,78,35,68,28,12,42,65,85,48,74,62,80,82,18,25,22,88,75,80,58,55,5,15,25,3,4,2,85,50,30,60,40,45
414,68,82,45,74,27,12,38,58,42,48,52,71,79,72,35,22,22,68,85,76,62,55,8,25,35,10,12,5,82,50,28,65,38,70
415,68,58,42,62,32,78,48,65,72,55,60,52,70,45,35,48,22,68,75,60,55,52,8,18,25,10,12,5,82,50,38,58,40,65
416,78,62,35,73,28,18,52,65,88,45,72,58,68,75,22,65,18,72,70,76,55,58,8,10,12,5,5,5,92,50,35,60,40,68
417,68,58,42,78,42,88,52,70,62,48,45,55,72,12,35,65,38,92,75,48,55,60,92,8,12,18,7,5,15,25,35,58,40,45
418,78,72,18,68,18,8,32,65,88,55,75,58,62,85,15,28,12,35,74,92,58,50,5,5,10,5,5,5,92,50,40,25,35,45
419,70,75,25,60,12,70,40,65,35,50,40,60,45,15,15,45,15,30,80,90,55,50,5,5,10,5,5,5,90,50,50,15,35,55
420,75,68,42,72,32,88,48,65,88,55,78,58,82,15,25,45,42,92,70,62,55,50,92,8,12,25,10,5,15,50,35,68,30,75
421,68,52,38,74,58,18,48,65,78,55,70,58,72,62,28,58,22,55,75,60,62,55,8,10,12,5,5,5,88,50,35,58,42,45
422,62,58,38,68,28,18,42,65,45,55,48,52,55,45,25,48,15,55,75,62,58,55,5,5,10,5,5,5,90,50,40,52,35,40
423,68,52,38,74,62,28,48,65,58,55,50,54,72,18,35,58,12,55,70,45,58,55,8,10,12,5,5,5,88,50,42,60,40,35
424,75,55,35,70,82,25,58,65,88,60,72,55,68,15,20,45,15,20,70,62,55,50,5,5,5,5,5,5,90,0,40,55,45,30
425,70,75,20,60,12,10,45,65,90,50,80,70,75,45,15,35,15,40,85,95,60,50,5,5,10,5,5,5,90,50,25,30,45,40
426,68,52,38,62,58,22,48,65,72,55,58,48,70,18,28,42,12,68,75,55,60,55,3,4,8,2,3,2,92,50,35,58,35,40
427,65,40,55,70,78,25,55,60,35,45,50,70,65,40,45,30,20,30,75,35,55,60,5,10,15,5,10,5,85,50,40,50,45,40
428,68,62,42,70,63,28,55,72,78,58,65,55,70,25,30,35,22,40,75,48,60,55,5,8,10,5,5,5,88,50,35,65,45,40
429,78,82,28,62,12,68,42,72,92,55,80,75,52,38,18,45,32,68,85,96,48,50,8,42,38,12,15,10,58,50,50,15,35,55
430,78,72,25,65,12,70,42,75,92,55,85,70,58,60,15,45,18,58,75,96,55,50,5,5,8,5,5,5,92,40,25,35,45,65
431,78,65,35,70,18,85,45,72,95,60,88,55,70,15,25,40,25,55,75,90,60,50,30,10,15,10,10,5,75,40,20,45,50,85
432,78,82,18,68,12,8,32,55,88,45,72,70,85,58,25,35,22,38,80,96,58,52,95,3,4,8,3,1,12,50,15,35,45,42
433,78,72,38,68,42,12,52,58,92,48,80,70,82,75,18,22,58,92,85,74,45,55,8,25,42,28,18,72,12,50,35,65,48,70
434,75,82,45,72,28,88,42,55,92,35,85,70,88,15,20,18,72,92,80,78,40,55,5,10,15,8,5,90,10,25,35,68,40,30
435,75,62,35,68,48,18,52,65,92,55,80,60,58,55,15,25,22,78,70,68,48,55,5,10,25,5,8,5,85,50,40,55,35,75
436,68,52,38,74,62,22,48,65,58,45,50,55,72,28,25,42,18,58,70,48,55,52,8,12,18,5,10,5,82,50,35,60,30,40
437,68,48,45,72,55,92,62,65,70,55,58,60,65,15,42,58,25,55,75,35,60,50,5,5,10,5,5,5,90,50,25,55,40,70
438,75,72,38,68,42,12,44,62,92,55,85,58,74,78,18,28,18,38,72,70,65,58,4,5,8,3,4,3,92,50,25,70,35,68
439,78,72,35,68,28,15,42,60,88,45,75,58,80,82,18,25,32,85,74,80,55,60,92,8,12,10,7,5,18,50,35,65,40,45
440,72,78,18,58,12,15,42,65,92,55,80,70,68,48,15,35,18,38,82,96,62,50,5,5,8,5,5,5,92,50,25,35,45,40
441,68,62,38,58,32,18,42,55,88,48,75,52,48,22,28,45,18,82,65,72,58,55,5,8,12,5,5,5,88,50,45,55,35,70
442,78,82,25,70,12,8,42,65,92,55,80,70,75,85,15,30,12,28,80,95,70,55,5,5,8,5,5,3,95,50,20,30,45,75
443,62,48,58,55,42,92,58,65,52,45,60,55,50,15,45,35,48,75,70,40,42,50,8,35,65,15,25,10,30,50,35,48,38,75
444,78,72,35,68,28,15,48,65,92,55,80,60,58,45,15,35,20,55,75,80,65,55,5,5,10,5,5,5,90,50,25,70,40,75
445,78,82,35,68,28,12,38,55,85,45,72,60,80,82,18,22,15,55,75,80,65,55,5,5,10,3,3,2,92,50,25,62,40,45
446,62,38,48,72,58,92,52,65,35,40,45,55,58,15,25,45,42,92,75,28,48,55,88,12,15,18,10,8,20,50,35,52,30,25
447,62,38,55,68,63,92,58,70,35,48,55,52,45,42,28,65,22,58,72,32,60,55,5,12,15,4,5,6,82,50,35,48,38,40
448,68,52,45,62,55,88,58,72,92,55,78,48,65,12,35,42,18,55,70,38,65,50,5,8,12,5,5,5,92,50,28,58,35,45
449,78,75,15,55,8,42,58,65,45,50,55,70,72,35,20,40,18,55,75,92,60,50,8,10,15,5,5,5,82,0,50,25,45,30
450,78,72,35,68,38,12,42,65,92,55,80,60,70,75,25,40,18,45,70,75,60,55,5,5,10,5,5,5,90,50,20,65,40,70
451,68,62,45,66,58,18,68,55,92,48,78,72,74,25,22,28,88,75,70,58,42,65,5,8,12,10,8,92,6,0,35,58,48,40
452,72,58,42,65,32,78,52,68,92,45,80,55,70,8,25,48,12,30,75,62,65,58,3,4,8,3,3,2,92,50,35,60,38,78
453,78,82,18,55,7,35,58,65,96,45,80,75,72,15,12,25,58,88,85,97,35,50,45,15,55,35,40,25,15,50,50,25,55,70
454,62,88,35,70,28,8,32,55,45,40,50,68,92,78,25,15,22,58,75,85,60,55,95,5,8,10,5,3,15,50,20,65,40,30
455,75,72,38,78,42,18,52,58,92,55,80,68,82,75,25,45,42,88,70,78,48,62,85,8,22,28,10,5,12,50,35,65,40,45
456,68,62,38,65,28,12,48,58,72,45,70,55,60,85,25,30,45,88,75,70,48,55,25,20,65,10,15,8,35,50,35,58,40,55
457,78,82,35,72,28,12,42,58,88,45,80,68,85,90,18,22,62,82,75,84,48,55,25,15,35,30,18,65,20,50,30,62,45,40
458,72,62,38,68,32,88,48,65,92,45,78,55,75,15,25,42,38,82,70,58,52,55,92,12,18,22,10,5,15,50,35,60,28,40
459,62,58,55,68,42,85,52,70,48,45,60,50,78,15,35,40,20,55,72,40,65,50,5,8,12,5,5,5,88,50,30,65,35,40
460,68,82,28,70,28,12,32,55,38,35,42,65,88,75,22,18,22,92,78,85,58,52,95,5,8,10,5,4,12,0,25,48,35,30
461,55,40,60,65,55,75,45,50,40,35,55,60,50,65,45,40,25,80,70,30,50,60,5,10,15,5,5,5,85,50,55,40,30,60
462,68,76,32,65,28,12,42,58,82,45,72,55,78,35,38,25,18,55,74,80,62,55,5,8,15,5,5,5,88,50,35,60,40,65
463,68,62,38,71,52,18,42,58,35,48,40,55,78,45,28,22,12,48,75,58,65,55,5,8,10,5,5,5,88,50,35,60,42,38
464,68,52,62,70,58,96,54,72,88,45,75,55,82,8,28,22,18,42,78,38,72,48,5,8,10,4,5,5,92,50,35,78,42,30
465,62,48,68,72,58,92,52,75,42,55,58,47,82,18,45,28,18,38,75,32,78,48,5,8,10,4,5,5,92,50,22,70,35,30
466,65,45,40,70,35,85,55,70,50,40,45,35,55,30,40,60,20,65,70,40,60,55,5,10,15,5,5,5,90,50,30,50,30,40
467,68,62,38,78,52,18,48,65,72,55,60,58,75,82,28,45,32,88,70,55,52,58,92,8,12,15,10,5,18,50,35,65,42,40
468,68,52,45,70,42,88,58,72,74,55,62,48,58,15,35,65,22,75,72,45,55,48,8,18,25,10,12,5,82,50,28,60,35,68
469,78,72,22,65,18,8,38,70,92,55,82,68,75,65,15,35,8,12,70,93,62,55,0,0,5,0,0,0,95,50,25,45,48,60
470,75,70,25,60,12,20,40,65,90,45,75,60,70,25,15,35,45,70,80,95,55,50,15,25,65,10,15,10,35,50,40,30,45,40
471,68,52,62,58,48,92,58,72,82,55,75,48,65,15,35,28,22,55,70,42,65,50,5,5,10,5,5,5,90,50,25,60,40,75
472,62,68,35,70,38,18,42,55,40,48,45,52,72,25,30,35,12,40,65,60,58,55,5,8,10,5,5,5,90,50,30,55,40,35
473,62,68,58,65,18,35,38,55,22,45,30,72,48,15,42,35,22,65,85,82,40,50,8,35,45,10,12,5,75,50,40,25,35,70
474,72,58,35,68,48,18,52,65,82,55,70,48,75,85,25,45,22,72,74,62,58,55,8,10,15,5,5,5,92,50,30,60,40,45
475,68,78,28,70,22,12,38,65,72,48,58,55,82,92,35,25,22,88,75,85,52,55,95,5,8,10,5,4,12,50,30,60,35,40
476,68,62,58,64,38,92,54,63,86,48,77,59,71,18,35,28,58,92,72,52,47,53,8,22,75,25,18,15,28,50,32,61,38,45
477,68,52,42,58,28,88,38,72,82,45,75,48,55,15,35,55,18,45,78,62,65,50,5,8,12,5,5,5,90,50,35,55,30,48
478,72,58,42,65,38,88,54,75,82,55,70,52,62,12,35,48,18,58,68,55,62,52,5,8,12,5,5,5,92,50,28,60,35,48
479,78,72,35,70,28,12,42,65,92,48,80,55,75,78,15,25,22,82,70,80,60,55,5,8,15,5,5,5,88,50,20,65,40,45
480,78,62,35,72,68,18,52,65,88,55,74,58,76,15,22,38,18,42,70,55,60,55,5,8,12,5,5,5,92,50,30,68,45,70
481,78,72,38,74,42,22,48,65,92,55,80,62,68,35,18,28,42,88,82,76,52,58,92,8,12,18,7,5,12,50,35,68,45,75
482,62,38,68,74,72,92,58,65,28,45,35,55,75,15,42,25,35,25,78,18,65,48,8,35,25,5,5,8,78,50,30,58,35,30
483,62,48,55,60,42,88,58,70,65,55,60,45,70,15,40,35,18,55,70,40,65,50,5,8,10,5,5,5,90,50,30,55,35,45
484,68,58,42,66,28,82,38,72,74,55,67,61,52,22,45,58,18,35,73,71,62,55,5,8,12,4,5,3,92,50,38,57,32,78
485,65,45,55,75,55,90,55,70,25,50,35,45,70,15,30,50,45,85,70,30,50,50,55,25,50,20,15,10,25,0,40,55,40,30
486,68,52,58,55,62,96,54,65,88,45,78,60,48,8,35,42,28,25,72,38,48,50,4,12,18,5,6,5,88,15,22,55,35,82
487,68,62,42,58,28,85,52,72,92,48,78,55,74,12,22,38,18,58,70,65,60,52,8,10,18,5,5,5,88,50,35,58,40,55
488,68,62,58,71,42,18,45,63,38,52,48,57,55,62,35,32,18,35,78,58,65,55,5,8,12,3,4,2,88,50,42,60,40,48
489,78,72,18,55,12,22,48,65,88,45,70,60,75,35,15,25,38,58,72,96,55,50,45,15,55,20,18,8,42,25,20,25,35,40
490,68,62,42,58,28,88,44,65,82,48,72,55,58,12,35,45,22,82,75,60,52,48,15,25,35,10,18,8,65,50,32,55,38,85
491,68,82,35,70,32,8,38,55,62,45,70,75,88,92,48,18,22,58,78,80,65,55,85,10,15,25,8,5,20,50,25,60,40,55
492,62,58,52,65,38,92,54,68,63,45,55,48,52,12,42,35,22,88,70,45,58,50,5,12,15,5,5,5,88,50,28,55,40,48
493,68,62,28,55,12,8,42,58,25,45,30,60,65,45,15,35,12,28,55,88,52,50,3,4,8,3,4,2,92,50,50,35,38,40
494,68,62,38,72,28,82,42,58,65,35,55,48,70,18,42,48,25,88,75,60,52,55,92,8,12,10,7,5,15,0,35,50,30,40
495,68,58,55,72,48,88,52,65,48,45,50,55,78,15,42,35,38,88,70,40,62,55,92,8,12,18,10,5,15,50,35,68,40,35
496,72,62,38,68,28,25,48,58,92,55,78,65,52,18,22,45,18,62,75,74,58,60,8,10,15,5,5,5,85,50,42,55,35,65
497,68,82,35,72,22,12,38,55,42,48,50,65,78,85,25,30,25,45,75,88,58,55,75,10,15,20,8,5,30,50,25,60,35,45
498,65,60,55,70,35,90,40,60,40,30,45,50,75,15,35,30,80,95,70,45,40,55,5,10,15,10,5,90,5,20,30,60,40,35
499,68,62,45,65,28,82,58,55,92,48,78,70,52,88,25,42,18,92,75,60,55,58,8,15,25,10,12,5,85,50,35,48,30,40
500,58,42,55,68,52,92,58,62,28,48,38,55,52,18,45,65,42,82,72,32,45,48,8,45,62,12,18,10,38,50,35,52,30,40
501,72,78,35,68,28,15,45,55,62,40,60,58,85,75,25,15,55,95,80,75,45,55,75,15,25,50,20,25,15,50,20,65,30,40
502,78,72,35,80,48,15,55,65,92,55,80,70,85,65,15,45,55,85,85,75,45,60,5,15,35,10,10,70,20,50,25,70,55,60
503,62,48,58,60,42,92,55,68,38,52,55,47,58,12,42,35,22,38,72,40,58,48,5,12,15,5,5,5,88,50,32,55,38,75
504,68,58,42,62,28,88,48,72,86,55,74,52,58,12,28,45,18,55,70,48,58,52,5,8,12,4,5,3,92,50,35,55,38,42
505,78,82,35,85,28,12,45,60,95,40,88,70,90,75,20,25,25,70,80,85,55,60,5,10,45,5,5,5,75,50,20,65,40,30
506,85,75,15,55,8,60,55,70,98,45,85,65,70,45,5,25,10,15,75,98,65,50,5,5,10,5,5,5,95,50,20,25,60,55
507,78,62,35,75,58,18,55,70,92,48,80,65,72,45,15,40,22,82,70,68,55,60,5,10,25,5,5,5,85,50,30,65,40,45
508,68,62,42,78,28,88,44,58,72,48,55,60,70,25,38,65,22,82,75,58,62,60,8,25,18,5,5,8,85,50,35,52,35,40
509,62,48,58,65,68,92,58,72,42,55,50,60,52,28,55,45,18,42,70,35,65,50,5,8,10,5,5,5,90,50,35,58,40,85
510,68,76,58,72,28,88,42,70,65,55,62,60,82,18,45,35,22,78,74,58,68,52,5,15,25,5,5,5,88,50,35,70,40,30
511,65,55,35,70,22,85,35,60,40,25,35,45,55,15,25,60,20,85,75,65,45,50,95,5,10,10,5,5,10,0,30,40,20,30
512,68,62,58,65,52,92,48,60,82,55,75,58,78,15,35,28,42,85,72,48,58,52,8,45,55,15,12,10,65,50,32,70,38,45
513,62,58,55,68,52,18,48,65,35,55,45,60,72,42,38,35,12,22,75,52,65,55,5,8,10,3,4,2,92,50,35,58,40,45
514,65,70,45,68,28,88,42,60,55,40,58,50,55,25,35,45,18,55,70,62,60,55,5,8,10,5,5,5,90,50,30,55,40,45
515,62,84,68,70,28,8,32,55,38,45,52,73,88,92,48,18,12,15,82,78,72,55,5,3,4,2,2,1,95,50,35,65,42,30
516,68,52,45,66,58,92,54,72,74,55,62,48,71,12,38,35,18,42,73,44,63,48,0,2,5,0,0,0,96,50,22,67,35,42
517,62,48,55,58,32,88,52,70,42,55,48,45,58,15,35,42,22,68,72,50,65,50,5,8,12,3,4,2,92,50,35,60,40,55
518,68,42,58,55,78,92,52,65,62,48,57,54,45,12,38,35,22,28,72,32,55,48,5,8,10,3,7,4,88,50,25,52,40,82
519,75,62,35,58,28,18,48,65,92,55,82,60,70,25,15,45,12,55,78,72,65,55,5,5,10,5,5,5,90,50,40,60,35,75
520,72,62,28,74,38,18,48,65,92,55,78,58,57,68,22,64,18,58,70,67,52,58,8,10,15,5,5,5,88,50,35,55,42,85
521,68,52,62,74,78,96,58,72,76,55,64,58,82,18,35,28,18,22,71,38,73,48,4,8,9,3,4,5,92,50,22,77,42,38
522,68,48,42,70,62,95,58,65,82,55,72,60,68,5,35,55,12,15,75,28,72,50,5,5,8,5,5,5,92,50,35,65,40,70
523,62,58,42,65,48,18,38,55,72,45,68,52,70,28,35,25,18,62,75,55,60,52,5,8,12,4,5,3,92,50,35,58,28,82
524,62,48,55,65,48,88,58,72,58,55,52,45,60,15,42,35,18,55,70,38,65,50,0,5,8,0,0,0,92,50,25,60,35,55
525,70,65,35,60,38,18,42,55,72,45,58,52,62,55,25,35,48,92,68,68,40,55,88,12,15,18,10,5,12,50,28,48,35,50
526,65,48,55,60,42,92,52,70,45,40,50,45,55,15,35,40,20,65,70,35,60,45,5,10,15,5,5,5,90,50,30,55,40,45
527,72,62,38,68,42,18,52,65,85,55,74,58,70,62,25,28,22,58,75,64,60,55,5,10,15,5,5,5,85,50,30,65,40,45
528,68,82,38,72,28,12,32,55,42,65,58,70,78,55,35,25,18,72,75,80,62,55,8,10,15,5,5,5,85,50,22,58,35,48
529,68,52,58,62,62,92,58,72,78,45,65,55,70,15,35,42,48,55,75,38,55,48,15,45,55,20,25,12,42,25,28,60,35,85
530,68,62,38,65,52,18,55,60,88,48,72,58,70,35,25,42,18,55,75,65,58,55,5,5,10,5,5,5,90,50,35,60,40,45
531,78,42,55,72,68,92,72,65,88,58,70,62,68,8,25,65,18,25,75,45,62,55,5,15,12,5,5,5,92,50,30,58,40,75
532,85,80,20,60,8,35,55,70,95,40,75,70,65,70,15,30,30,85,80,98,50,50,10,25,45,10,10,5,60,50,50,15,40,30
533,75,72,35,68,42,12,45,65,88,55,78,60,82,70,25,30,18,55,75,70,62,55,5,5,15,5,5,5,90,50,25,65,40,45
534,78,68,28,82,28,12,42,65,92,55,75,58,72,85,18,62,12,58,80,78,65,60,5,8,12,5,5,5,92,50,25,55,35,40
535,65,78,45,70,42,12,48,60,55,40,58,62,85,70,35,20,25,55,75,68,60,50,5,10,15,5,5,5,90,50,30,55,40,45
536,62,58,42,65,48,18,52,60,38,55,45,57,72,15,35,40,38,95,70,52,48,55,25,30,65,20,28,12,45,50,35,52,40,42
537,55,40,60,65,48,92,52,70,35,45,40,50,65,15,45,40,20,55,70,30,65,50,5,10,10,5,5,5,90,50,30,60,40,35
538,68,78,42,65,48,12,52,58,92,55,80,62,88,72,25,18,18,38,75,70,65,55,5,8,12,5,5,5,92,50,22,60,35,40
539,68,72,38,65,42,12,48,62,92,55,85,60,78,68,25,35,22,78,70,75,58,60,5,8,12,4,5,3,88,50,25,62,35,40
540,78,88,35,72,22,8,28,65,70,55,68,62,85,45,25,20,12,18,75,90,70,60,5,5,8,5,5,3,95,50,20,65,40,45
541,62,58,42,68,42,68,48,55,70,45,60,52,58,72,48,55,22,88,75,65,52,58,8,18,35,5,8,5,75,50,45,55,35,40
542,72,68,28,62,18,12,32,65,88,45,75,58,55,60,15,45,12,22,70,92,58,52,3,4,8,3,4,2,95,50,25,35,42,55
543,78,82,28,72,28,12,32,58,74,45,68,62,85,88,18,15,18,42,80,84,72,55,5,8,12,5,5,5,92,50,25,65,35,60
544,68,48,42,72,68,88,62,58,55,52,48,57,60,28,45,55,42,75,70,38,50,55,92,8,12,18,15,5,10,0,35,58,40,35
545,68,62,35,58,22,28,42,55,88,48,78,52,45,15,18,38,22,82,72,80,48,55,8,12,25,5,5,5,78,50,45,52,35,65
546,68,82,28,66,22,15,38,58,72,48,62,55,78,88,18,25,35,55,70,88,52,58,92,8,18,12,7,4,22,50,25,60,35,75
547,68,62,28,55,12,65,58,55,88,45,78,65,42,18,15,48,42,32,72,92,35,50,8,12,38,15,55,5,48,50,25,18,35,95
548,62,48,55,70,38,92,52,65,35,40,45,50,58,15,30,55,42,82,68,35,48,55,10,45,60,15,12,18,40,0,25,50,30,40
549,75,72,38,68,32,12,52,58,92,55,82,67,78,42,18,28,42,88,74,76,48,55,8,18,82,12,22,10,28,50,25,62,35,45
550,68,52,38,70,58,28,54,65,78,45,62,48,72,18,25,42,18,62,75,48,58,55,5,8,10,4,5,5,88,50,35,60,40,35
551,68,62,42,58,22,82,48,65,72,55,60,52,55,45,35,48,25,78,70,58,52,55,8,18,28,5,5,5,82,50,40,55,30,65
552,70,65,30,60,18,75,35,60,55,40,50,45,60,30,40,50,15,65,70,80,55,50,5,5,10,5,5,5,90,50,40,30,40,45
553,62,68,35,60,42,12,48,55,78,40,70,58,65,72,25,30,18,85,55,66,58,55,5,8,12,5,5,5,88,50,40,52,35,60
554,68,62,42,70,48,88,48,72,88,55,78,58,65,35,25,45,18,42,75,60,68,55,5,8,12,3,4,2,92,50,35,65,40,52
555,62,68,55,60,42,88,52,58,85,48,78,70,75,5,35,25,55,75,72,55,45,60,8,15,45,20,10,65,25,50,40,55,40,35
556,75,60,55,65,55,90,50,70,95,60,80,55,50,15,30,40,20,55,70,45,60,50,5,10,15,5,5,5,90,50,20,65,40,75
557,72,68,35,65,38,12,48,70,92,55,80,60,58,82,25,35,18,32,75,72,65,55,5,8,12,5,5,3,88,50,40,62,45,70
558,70,55,40,60,55,25,65,70,85,50,75,55,50,20,30,45,15,40,70,60,45,55,5,5,10,5,5,5,90,50,40,50,40,90
559,68,78,28,65,22,12,38,58,42,48,45,62,55,82,18,25,22,68,72,80,52,55,8,12,25,5,8,5,82,50,35,58,40,60
560,68,58,42,62,38,88,48,72,86,55,78,52,61,18,28,45,12,28,74,54,71,52,2,3,5,1,2,1,94,50,35,58,38,55
561,78,72,38,68,32,12,52,65,92,55,80,62,70,82,18,28,35,85,75,78,48,55,8,22,45,12,10,15,58,50,35,68,42,60
562,72,48,42,68,58,28,58,65,88,52,74,55,78,18,25,45,12,42,75,62,70,55,5,3,8,2,2,1,92,50,35,62,38,30
563,62,48,68,72,52,96,58,75,28,35,38,55,82,8,45,22,18,82,78,25,75,48,3,8,10,4,3,2,92,0,25,70,30,20
564,75,65,40,70,55,15,55,60,85,50,70,55,70,30,20,30,20,25,70,60,60,55,5,5,10,5,5,5,90,40,30,65,40,50
565,68,62,38,58,27,18,54,63,92,48,78,52,57,72,22,45,18,58,70,76,55,52,8,7,12,5,5,4,88,35,42,48,38,50
566,70,55,40,60,25,85,65,70,85,50,75,60,50,20,30,40,15,75,70,65,50,50,5,10,20,5,5,5,90,50,40,50,40,80
567,75,70,35,65,18,85,40,70,95,50,85,60,75,15,20,45,20,65,80,85,55,50,5,10,25,5,5,5,85,50,30,40,35,70
568,78,70,35,72,48,12,52,65,88,55,75,60,70,40,15,25,42,85,80,68,45,55,20,25,65,15,10,10,30,50,20,60,40,35
569,78,68,35,62,28,12,48,72,92,55,80,58,70,35,15,45,18,75,82,75,65,55,5,5,10,5,5,5,90,50,25,60,40,75
570,78,72,38,82,32,18,42,65,92,55,80,62,85,88,15,45,18,42,75,78,68,60,8,10,12,5,5,5,92,50,25,70,35,85
571,68,62,38,58,32,18,48,55,82,45,72,52,70,58,22,28,38,82,75,68,48,55,88,8,12,18,10,5,22,50,35,55,30,65
572,65,58,52,68,62,18,54,72,42,55,58,60,78,45,35,25,12,18,75,48,68,52,3,4,8,3,3,4,92,50,28,62,38,32
573,62,48,58,65,42,35,48,55,52,45,50,60,58,15,45,55,18,42,72,50,55,58,5,8,12,5,5,5,88,50,45,52,40,70
574,78,62,38,68,32,28,52,65,92,48,82,55,70,15,18,45,12,58,75,70,58,60,5,8,12,5,5,5,88,50,55,62,35,48
575,72,74,38,68,28,18,42,65,88,55,75,62,70,15,25,45,18,45,78,82,58,60,8,10,12,5,5,5,88,50,35,65,40,55
576,70,75,25,65,15,10,40,60,45,50,40,55,80,85,20,30,25,55,70,90,55,50,90,5,10,10,5,5,15,50,20,20,40,60
577,75,72,42,78,28,88,38,65,92,55,80,68,82,15,25,62,18,78,70,76,58,52,8,15,25,5,5,5,85,50,35,60,35,75
578,78,88,15,55,8,12,58,72,92,45,75,80,82,25,35,28,12,22,70,96,68,50,5,5,8,5,5,5,92,50,50,25,55,65
579,62,48,68,55,32,92,58,72,38,45,50,55,52,8,42,48,18,75,78,35,65,50,5,8,12,3,4,2,88,50,35,58,28,45
580,62,48,55,68,52,88,62,70,72,58,65,55,45,15,40,58,25,55,70,42,60,50,5,10,15,5,5,5,85,50,35,58,30,48
581,68,42,58,62,63,92,68,72,71,55,60,48,52,8,45,48,12,38,70,35,65,48,0,3,5,0,0,0,95,50,25,58,40,45
582,68,62,38,65,32,18,52,70,82,55,74,58,48,72,22,45,18,68,78,75,65,55,5,8,12,5,5,5,88,50,35,60,40,65
583,65,58,55,62,42,92,52,70,72,48,60,45,55,15,35,40,25,75,68,40,55,50,5,15,20,5,5,5,85,50,30,60,40,70
584,62,48,68,55,48,92,58,65,52,45,58,55,60,15,42,35,62,85,70,38,42,50,8,18,25,15,12,75,18,50,28,55,40,45
585,75,72,42,65,22,82,44,58,92,48,85,60,68,18,25,38,52,92,70,78,40,55,8,18,75,12,15,10,28,50,35,58,35,75
586,68,62,58,70,38,88,42,65,55,48,52,60,55,25,45,50,18,58,72,48,62,55,5,8,12,5,5,5,88,50,35,58,40,75
587,78,72,35,68,22,8,48,70,92,55,80,60,75,82,15,30,12,45,70,85,65,55,5,5,10,5,5,5,90,50,20,60,40,45
588,68,52,45,72,58,88,42,70,75,55,60,48,55,25,35,50,18,40,65,40,62,55,5,8,10,5,5,5,90,50,30,58,40,45
589,70,65,35,68,28,15,55,60,85,40,75,55,80,25,20,30,45,95,70,75,40,55,95,5,10,15,5,5,10,50,20,60,40,35
590,65,40,70,68,78,95,55,60,35,45,40,55,70,15,30,20,85,75,75,25,40,50,5,10,15,10,10,90,10,0,30,55,45,30
591,62,48,45,68,28,88,58,72,42,55,40,50,75,15,48,55,18,55,70,52,65,50,5,8,12,3,4,2,92,50,35,58,30,35
592,78,62,35,70,72,18,48,65,92,55,75,60,70,25,15,30,12,15,80,58,60,55,5,5,8,5,5,5,92,40,25,65,45,85
593,62,38,68,65,72,96,58,55,28,45,35,52,75,8,42,25,32,45,78,18,65,48,5,75,15,5,5,5,70,50,22,60,35,30
594,65,45,40,70,55,85,55,70,50,40,45,50,55,65,30,55,20,60,60,35,55,50,5,10,15,5,5,5,85,50,40,45,30,40
595,62,48,52,58,28,88,58,72,55,45,50,42,38,8,35,55,18,62,68,52,55,48,3,4,8,3,4,2,92,50,25,50,35,65
596,68,62,58,65,38,92,48,70,82,55,78,60,58,15,35,42,38,92,72,55,52,55,8,18,75,12,15,10,35,25,28,65,40,48
597,62,48,45,58,52,88,54,68,63,42,57,61,44,38,35,52,22,48,71,36,65,50,5,8,12,4,5,3,92,15,40,55,25,58
598,62,48,68,70,58,92,60,55,35,40,45,60,75,10,40,25,78,90,72,30,55,50,5,15,20,10,8,92,10,50,20,65,40,30
599,68,58,42,62,52,18,54,55,72,45,58,60,55,35,28,25,32,75,78,52,38,48,45,65,15,8,10,5,35,50,22,48,45,92
600,68,62,45,65,68,18,58,55,72,48,70,60,82,28,25,35,32,82,75,55,52,48,8,25,45,10,12,8,65,50,35,58,40,30
601,68,62,42,66,28,88,38,72,74,55,67,58,61,12,35,45,18,75,73,64,65,52,5,8,10,3,4,2,92,50,38,60,35,58
602,65,70,55,68,38,88,52,60,62,45,58,55,75,15,40,25,45,85,70,50,55,50,10,40,55,15,10,5,50,30,35,60,40,45
603,68,74,38,66,24,12,36,58,52,48,47,61,72,82,28,35,18,42,71,79,62,54,4,8,12,3,5,3,92,50,32,57,41,49
604,78,72,45,75,28,88,42,65,95,55,85,70,80,15,20,60,78,90,70,68,40,55,5,10,15,10,8,92,8,50,30,65,45,85
605,62,68,48,66,32,78,46,58,82,55,74,60,70,28,35,42,30,72,76,65,58,52,8,25,40,10,8,5,75,50,38,55,28,40
606,55,62,72,58,32,88,42,65,28,45,38,60,48,18,52,35,22,82,85,48,50,50,8,25,35,10,8,5,78,0,45,52,30,70
607,68,52,38,74,62,18,55,65,58,48,50,55,72,15,28,42,42,92,70,45,55,52,90,8,12,18,10,5,15,50,35,60,40,35
608,68,72,38,62,32,12,48,65,70,55,68,58,78,82,35,25,18,22,72,74,70,55,5,3,8,2,2,2,92,50,30,60,35,40
609,68,48,42,74,58,92,62,72,82,55,70,58,76,8,38,65,18,45,72,35,75,48,2,3,4,1,2,1,93,50,28,67,35,30
610,78,42,48,65,72,92,55,70,92,60,80,55,58,10,25,40,20,15,70,35,55,50,5,10,15,5,5,5,85,50,20,60,45,65
611,72,78,28,68,38,12,42,58,82,45,74,62,85,68,18,22,25,72,80,76,65,55,92,8,12,10,5,5,18,50,25,60,35,78
612,68,72,28,62,22,18,38,55,92,45,78,65,70,25,22,48,22,42,75,88,52,55,8,12,18,10,10,5,82,50,35,42,38,75
613,72,68,35,62,22,18,58,55,88,48,75,60,70,15,20,25,78,92,74,80,38,55,8,12,25,18,10,85,8,50,35,58,45,82
614,60,75,35,65,28,15,35,55,40,30,55,60,70,65,25,40,25,90,70,80,50,55,95,5,10,10,5,5,15,20,30,45,30,25
615,62,68,38,65,22,72,42,58,35,48,45,55,50,78,25,52,32,82,70,75,48,55,8,25,55,12,35,5,55,50,45,40,28,42
616,52,38,65,55,42,92,48,60,45,35,50,58,42,15,72,45,18,28,75,32,55,48,5,8,10,5,5,5,90,50,35,40,25,45
617,65,60,35,55,25,25,45,50,70,40,55,45,60,15,30,40,45,85,70,65,40,55,10,40,55,15,10,15,30,50,45,40,35,30
618,62,58,42,65,28,82,38,55,35,40,45,60,48,72,52,55,18,68,40,63,58,55,5,10,15,5,5,5,88,50,45,48,30,40
619,62,75,25,55,8,78,42,68,70,45,72,80,58,12,35,65,18,48,82,92,55,50,5,5,8,5,5,5,92,50,25,15,35,40
620,70,85,25,55,8,35,60,50,35,40,45,65,75,25,30,35,25,85,70,95,55,50,90,10,10,15,10,5,20,50,40,25,45,40
621,72,58,35,68,28,85,35,65,92,55,78,52,70,15,18,55,15,45,75,72,62,55,5,5,10,5,5,5,90,50,35,60,30,45
622,72,68,42,70,58,78,52,65,92,45,85,60,75,15,25,35,18,42,78,62,68,55,5,8,12,5,5,5,92,50,35,65,40,35
623,78,72,35,68,28,12,42,65,82,45,70,55,75,85,18,25,12,55,75,80,62,55,5,5,10,5,5,5,90,50,40,65,35,45
624,68,82,28,66,24,12,38,58,74,42,71,57,84,88,18,14,12,18,73,79,72,52,4,5,8,3,4,3,92,50,25,61,35,48
625,62,48,58,72,42,92,58,70,38,55,42,60,65,15,45,68,22,78,75,35,65,52,8,25,18,5,5,5,88,50,28,55,32,40
626,62,52,38,68,48,18,42,65,35,55,40,58,60,25,28,45,32,82,72,55,48,58,92,8,12,18,10,5,15,50,35,55,40,75
627,62,48,45,68,52,88,55,70,58,55,60,52,65,15,42,48,22,72,75,35,58,52,8,18,15,5,10,5,82,50,35,60,40,55
628,75,70,30,60,15,70,45,60,90,50,80,65,70,20,20,40,45,85,75,95,50,50,15,20,70,30,35,15,30,50,40,35,50,55
629,78,72,25,68,18,15,35,55,92,40,80,65,82,15,12,25,88,92,85,90,45,50,5,10,15,20,8,95,5,0,40,35,40,70
630,70,78,35,72,32,12,42,65,75,40,60,55,80,85,25,20,35,88,70,75,55,60,85,10,25,40,15,5,20,50,30,65,45,70
631,62,48,28,55,22,18,58,65,38,52,35,45,50,72,25,48,18,58,60,68,55,52,8,10,15,5,5,5,82,50,35,40,30,42
632,78,72,18,55,12,62,42,68,96,48,88,65,70,58,8,35,22,62,80,97,55,50,25,12,45,8,10,5,65,50,25,30,45,40
633,68,52,62,70,68,96,58,72,65,55,60,58,75,15,45,35,18,35,72,28,65,48,5,12,10,3,4,2,92,50,25,68,42,55
634,78,72,35,65,22,18,42,70,92,55,80,60,58,45,15,48,12,28,75,85,62,55,5,5,8,5,5,5,90,50,40,50,45,70
635,68,62,35,70,28,25,42,55,72,48,60,58,75,15,30,40,18,65,78,70,55,60,5,8,12,5,5,5,85,50,45,52,40,65
636,62,68,65,58,28,88,42,55,38,48,45,60,78,15,42,35,32,82,72,52,55,50,8,45,48,10,12,5,58,50,40,55,35,40
637,68,62,28,55,28,18,58,65,92,48,78,72,60,82,22,58,22,85,74,76,52,55,8,12,35,10,10,8,82,50,45,48,35,30
638,55,48,62,58,28,82,42,60,35,45,40,55,45,75,52,50,22,78,70,50,65,55,5,15,20,5,5,5,85,0,45,50,30,40
639,68,58,35,55,18,82,48,72,74,52,65,48,55,22,38,62,18,42,70,72,58,50,5,5,10,5,5,5,90,50,40,35,30,70
640,68,76,28,66,28,12,42,62,82,48,74,58,84,72,18,22,18,32,78,80,58,52,4,6,10,5,5,4,92,50,45,60,38,35
641,68,62,38,74,32,25,42,58,82,48,70,55,72,45,28,65,18,58,75,70,55,60,8,10,12,5,5,5,88,50,45,52,35,30
642,75,62,45,78,55,82,58,65,92,55,80,60,78,15,25,45,30,85,70,55,55,60,92,8,10,15,8,5,12,50,35,65,40,70
643,72,48,65,78,82,95,58,70,68,55,60,58,85,15,42,45,18,12,75,35,75,48,5,8,10,5,5,5,92,50,25,72,40,30
644,72,82,35,68,28,12,38,55,88,45,78,65,85,88,18,22,42,92,75,80,55,60,90,8,15,18,10,5,12,50,30,62,40,55
645,75,68,42,72,48,18,44,62,88,55,78,58,70,35,22,38,18,58,82,72,65,58,5,8,12,5,5,5,92,50,35,68,45,52
646,68,52,45,74,58,92,48,72,82,55,70,48,78,18,42,65,12,22,75,35,72,55,5,3,4,2,2,3,92,50,35,68,40,30
647,62,68,38,71,28,18,42,58,32,45,40,55,52,22,25,48,22,55,74,72,48,55,8,12,18,5,10,5,82,50,42,52,35,65
648,62,68,55,78,42,18,38,65,28,48,35,58,72,55,45,52,18,68,82,55,58,55,5,8,10,2,3,2,88,50,35,60,38,40
649,78,72,35,70,42,18,58,65,85,55,75,68,70,55,25,40,25,60,80,74,55,60,5,10,15,5,5,5,85,50,30,65,45,70
650,75,85,15,50,5,45,60,70,55,50,45,65,70,25,10,20,15,45,80,95,60,50,10,10,15,5,5,5,90,50,50,20,40,30
651,78,82,35,72,28,8,38,65,92,55,85,70,88,82,15,18,12,18,75,80,68,55,5,5,10,5,5,5,92,50,25,70,45,40
652,72,68,42,70,58,18,52,65,82,55,75,60,70,78,25,35,22,28,74,62,58,55,5,5,10,5,5,5,90,50,30,65,45,55
653,70,65,35,68,38,12,45,60,72,55,58,50,75,55,25,30,20,40,70,68,55,60,5,8,15,5,5,5,85,50,20,55,40,65
654,52,38,48,55,38,82,62,58,42,35,65,72,35,55,28,75,22,88,70,45,48,60,8,15,25,10,8,5,82,50,45,40,25,35
655,68,62,38,70,48,28,58,55,92,45,78,65,72,12,18,42,82,88,75,66,42,58,5,8,12,10,8,90,5,50,48,55,35,40
656,65,45,40,75,38,88,55,70,40,50,45,55,60,15,35,70,20,65,70,40,60,55,5,10,15,5,5,5,90,50,30,50,30,40
657,68,78,42,70,48,8,52,55,92,35,85,65,88,82,18,12,55,92,80,72,48,55,5,8,25,10,8,70,20,0,25,62,35,30
658,70,68,45,62,28,88,42,65,82,55,75,58,78,15,35,38,38,82,72,65,52,55,8,18,72,12,15,5,45,50,35,60,40,45
659,68,62,38,72,52,18,58,65,88,55,78,60,70,55,25,35,32,82,75,58,48,55,8,25,45,10,12,15,65,50,30,60,35,40
660,75,80,15,50,8,45,55,70,45,60,55,75,70,55,10,25,15,20,85,95,65,50,5,5,10,5,5,5,90,50,40,20,45,30
661,68,62,42,78,48,82,52,65,92,55,80,58,85,25,18,45,35,85,75,55,60,55,92,8,10,12,8,5,15,50,35,72,30,40
662,62,68,45,70,28,88,55,60,72,48,65,55,80,15,35,40,55,92,70,60,50,55,85,15,25,40,10,10,15,50,30,58,40,35
663,62,58,42,68,32,88,54,65,48,45,40,55,60,72,35,48,42,92,75,52,48,55,92,8,12,18,10,5,15,25,38,52,35,30
664,72,78,38,68,38,12,42,58,76,48,72,65,82,78,22,18,32,82,74,80,55,62,8,18,55,12,15,5,52,25,22,60,35,40
665,68,62,48,66,38,88,42,72,82,55,74,58,78,18,35,28,18,58,75,52,65,48,4,8,12,3,3,4,92,50,38,63,42,55
666,75,72,38,68,38,18,42,65,92,55,78,62,82,22,25,35,18,58,70,80,62,58,8,10,12,5,5,5,88,50,35,68,42,45
667,62,68,55,58,28,82,42,70,65,48,60,55,52,25,35,40,35,85,70,65,45,55,15,45,55,20,25,10,50,50,35,48,40,65
668,75,70,30,65,12,75,50,60,90,40,75,55,70,10,20,40,25,75,70,90,50,50,80,10,15,20,10,5,30,50,30,40,40,40
669,72,78,25,65,12,22,42,55,80,45,70,75,68,60,35,40,18,52,82,92,55,50,5,8,12,5,5,5,88,50,25,35,45,48
670,68,78,35,62,28,12,42,58,72,45,65,60,74,55,22,18,42,58,70,76,48,55,8,25,55,35,15,12,45,50,30,58,40,52
671,62,55,35,58,32,18,58,70,45,50,40,48,52,75,30,45,18,62,65,60,55,60,5,8,15,5,5,5,88,50,35,48,30,55
672,55,48,62,58,32,92,42,65,35,40,45,50,60,25,55,40,18,55,70,35,60,50,5,10,15,5,5,5,90,50,30,55,25,45
673,68,74,38,66,22,12,38,58,28,42,35,72,45,75,18,32,18,72,82,78,40,52,5,12,22,5,8,5,88,50,30,55,25,70
674,68,72,38,70,22,28,42,55,48,50,45,62,78,15,35,30,25,82,85,75,55,60,8,25,45,10,12,5,70,50,40,58,35,40
675,68,72,28,58,12,65,42,55,62,48,52,55,70,58,18,45,12,32,78,88,58,50,3,4,8,3,3,2,92,35,25,30,45,40
676,72,58,45,68,52,92,54,65,92,48,78,55,70,12,25,35,38,82,75,52,42,55,88,8,12,18,10,5,15,25,22,62,35,75
677,62,68,48,71,28,88,42,74,38,55,47,58,76,12,45,40,18,82,73,63,67,52,2,8,12,3,4,1,94,50,35,61,42,55
678,62,68,55,70,28,85,42,65,48,40,52,58,45,55,35,48,18,35,72,60,65,55,5,8,10,5,5,5,90,50,40,55,30,70
679,68,58,42,78,38,92,54,72,62,45,48,55,75,12,35,65,42,92,70,52,55,50,95,8,10,5,5,5,15,50,30,60,25,35
680,70,62,28,78,28,18,58,65,92,45,75,55,72,25,15,65,35,88,80,78,48,55,95,5,8,10,5,5,12,50,40,52,30,75
681,62,48,58,65,42,88,52,70,38,55,50,58,60,15,45,42,22,82,72,35,58,48,8,25,35,10,12,5,78,50,30,55,40,75
682,75,72,35,68,52,12,48,70,92,55,85,62,78,55,18,25,12,35,80,74,68,55,5,5,8,5,5,5,92,50,30,65,40,35
683,62,58,42,68,28,82,38,55,52,45,48,60,42,15,35,55,18,35,72,55,58,60,3,4,8,3,3,2,92,50,38,48,32,85
684,75,70,40,65,40,15,45,60,90,50,80,55,70,40,20,30,15,55,70,75,60,55,5,5,10,5,5,5,90,50,30,60,40,70
685,62,58,35,60,52,18,58,70,88,45,75,55,65,40,25,30,22,75,70,60,55,50,5,8,10,5,5,5,85,50,30,55,40,90
686,62,38,58,65,52,92,58,72,28,45,42,48,55,12,45,35,18,42,70,25,60,48,5,8,12,4,5,5,88,50,30,55,35,48
687,78,82,18,55,12,22,48,68,96,45,85,72,65,88,8,35,18,58,75,97,55,50,5,8,15,5,5,5,92,40,50,15,35,70
688,75,58,42,72,55,92,52,70,92,55,78,48,68,12,25,45,18,55,82,38,62,50,5,5,8,5,5,5,90,50,30,65,28,85
689,68,48,42,74,58,92,54,72,78,55,66,52,70,18,45,62,18,28,75,35,72,48,5,5,8,3,4,2,92,50,35,58,38,32
690,78,72,28,68,14,78,32,65,88,55,75,58,72,18,22,45,12,22,74,90,62,52,3,4,8,3,3,2,92,45,25,35,48,58
691,70,75,40,65,35,10,40,60,80,50,70,55,80,75,20,30,20,60,70,65,60,50,5,10,15,5,5,5,90,50,20,60,40,40
692,65,70,60,68,38,92,45,70,40,55,50,60,65,20,45,30,25,65,75,55,60,50,5,10,15,5,5,5,90,50,30,65,40,55
693,78,72,25,55,12,80,42,75,92,48,85,60,68,15,18,45,18,38,75,96,55,50,3,4,8,3,3,2,92,50,25,30,45,65
694,75,82,38,72,32,12,42,58,92,48,85,70,78,45,18,25,68,92,74,80,35,65,8,15,25,18,12,78,15,50,35,68,45,55
695,62,38,68,72,58,96,52,74,35,55,48,58,78,8,42,28,22,48,75,18,70,45,3,18,12,4,3,4,85,50,22,65,25,35
696,70,75,30,65,25,15,40,60,90,50,75,55,70,60,20,35,30,85,70,85,55,60,95,5,10,15,5,5,10,50,20,50,40,45
697,72,78,35,68,32,12,42,58,82,55,74,62,80,85,25,18,28,82,70,76,55,52,25,30,65,15,12,8,48,50,22,60,38,45
698,68,52,38,61,67,12,58,63,96,45,88,72,74,18,28,42,18,28,82,57,62,55,4,5,8,3,4,3,92,50,22,48,35,32
699,75,80,30,70,25,15,35,60,85,40,70,65,85,90,20,25,25,95,75,85,60,55,95,5,10,15,5,5,15,50,20,60,40,40
700,78,72,18,55,8,68,58,75,96,45,85,65,70,12,15,35,18,32,72,97,62,50,5,5,8,5,5,5,92,50,50,25,45,82
701,78,68,35,72,62,12,48,65,88,55,75,58,80,45,15,25,28,65,70,62,58,55,92,8,12,10,5,5,25,50,40,70,45,65
702,68,52,58,70,48,92,58,65,82,45,72,55,78,15,42,35,18,62,75,38,65,48,8,12,15,5,5,5,88,50,28,62,35,25
703,68,62,28,58,12,72,38,55,42,48,40,52,70,18,22,35,42,82,75,85,45,50,15,35,65,20,40,10,30,50,25,35,40,55
704,62,68,35,58,22,12,42,55,40,48,38,52,60,72,25,30,28,82,70,75,45,55,15,20,55,10,12,8,65,50,30,48,35,40
705,68,72,18,55,12,15,42,65,45,35,48,55,40,45,15,25,12,38,75,92,58,50,5,8,10,5,5,5,90,50,50,15,55,40
706,68,58,38,72,52,18,54,62,72,48,55,58,65,68,28,55,22,62,70,60,58,55,4,5,8,3,4,5,88,35,32,55,38,42
707,68,52,45,62,48,88,58,72,70,55,60,48,65,15,42,45,22,78,75,35,55,50,5,10,12,3,4,2,90,50,35,58,40,45
708,78,55,40,75,72,18,58,70,85,60,65,55,80,30,25,45,15,25,70,50,65,55,5,5,10,5,5,5,90,50,20,60,45,40
709,78,62,35,70,42,12,55,65,92,48,80,55,70,45,15,30,35,82,75,68,40,60,5,15,70,10,10,5,40,0,20,55,25,50
710,45,35,40,50,38,88,52,55,65,40,70,60,42,15,35,75,45,85,70,40,40,50,5,55,35,15,10,25,40,50,35,30,25,40
711,68,52,62,71,58,92,54,74,72,45,66,48,82,12,38,28,18,42,76,32,73,48,5,4,6,3,2,3,88,15,25,70,35,22
712,62,38,58,72,78,92,54,65,35,48,45,55,68,8,28,42,42,18,75,25,55,48,25,55,28,8,10,15,45,50,30,58,35,32
713,68,78,35,70,32,12,42,58,62,48,55,60,82,88,18,22,38,82,80,72,52,55,25,35,55,15,18,8,45,50,28,65,40,48
714,78,72,35,70,42,12,38,65,92,55,80,60,68,85,25,40,18,55,75,70,60,65,5,8,10,5,5,5,90,50,30,55,45,70
715,78,62,35,68,52,12,48,72,92,55,85,58,80,42,15,25,28,82,75,65,58,55,8,18,45,10,12,5,75,50,30,70,35,40
716,68,42,48,70,62,18,58,65,38,55,45,52,72,45,35,48,22,58,75,40,55,52,5,8,12,5,5,5,88,50,25,48,35,40
717,75,50,40,70,65,25,55,60,95,50,80,60,70,10,20,40,15,20,70,55,60,55,5,5,10,5,5,5,90,50,40,60,40,70
718,68,76,28,62,22,12,38,58,42,48,35,55,58,82,18,45,12,18,40,82,65,55,5,5,8,5,5,5,92,50,40,52,30,85
719,75,62,38,68,63,18,58,72,88,55,78,60,82,45,22,28,18,12,70,58,65,52,5,5,8,5,5,5,92,50,25,70,42,75
720,68,74,42,63,38,18,48,58,62,52,57,61,55,82,28,22,47,78,71,73,44,53,8,25,72,18,22,12,38,50,35,58,37,67
721,78,72,25,68,12,12,42,65,96,55,85,70,80,45,15,25,22,40,82,95,58,50,5,8,28,5,5,5,82,40,50,35,55,92
722,78,72,18,62,12,12,42,65,88,55,75,68,72,38,15,25,12,22,82,96,58,50,3,4,8,3,4,2,92,50,15,35,55,75
723,78,68,35,72,42,15,58,65,92,55,80,62,70,75,15,25,25,65,85,75,55,60,5,15,45,5,10,5,75,50,20,70,45,80
724,68,62,25,55,18,65,42,58,52,45,48,55,38,35,22,40,42,92,75,82,35,50,88,12,18,25,10,8,15,0,45,15,30,55
725,70,68,28,62,14,78,42,72,38,55,48,65,80,12,25,45,12,28,75,88,65,50,3,4,8,3,3,2,92,50,35,30,45,55
726,55,60,70,60,45,92,55,50,30,65,45,70,65,20,40,25,75,85,70,35,40,55,5,15,20,10,10,90,10,20,30,45,40,35
727,62,48,58,65,42,88,55,60,58,45,55,72,52,68,42,48,42,92,70,38,48,55,8,25,68,18,22,12,35,50,45,52,40,42
728,68,78,38,66,28,12,42,62,35,48,45,58,82,52,42,22,22,48,74,76,58,52,8,12,28,10,8,5,82,50,35,55,38,48
729,78,62,48,75,62,18,55,58,85,45,70,65,80,40,25,35,65,85,72,55,50,60,5,10,15,10,8,80,15,20,30,65,55,40
730,62,48,58,68,52,88,42,72,38,55,45,50,58,12,42,48,18,55,75,35,60,50,0,5,8,0,0,0,92,50,35,58,40,65
731,72,68,38,74,32,18,48,62,78,55,66,58,71,82,28,63,12,48,70,73,58,57,4,5,8,3,4,3,92,50,42,52,35,55
732,68,82,18,55,8,12,48,65,72,45,58,60,70,42,15,25,12,22,85,96,55,50,5,5,8,5,5,5,92,50,20,25,35,55
733,72,58,35,62,22,65,62,55,85,45,75,50,68,15,20,55,12,55,70,78,55,60,5,5,10,5,5,5,90,50,45,40,30,70
734,70,85,40,75,25,10,35,60,70,40,65,70,90,85,20,15,30,90,80,80,60,55,90,10,15,20,10,5,20,50,20,65,40,50
735,78,72,25,65,12,15,40,70,92,55,80,68,60,55,20,45,15,35,75,95,60,55,5,5,10,5,5,5,90,50,40,30,50,65
736,62,58,48,65,28,85,42,70,45,55,50,48,52,25,35,40,25,65,70,55,58,50,5,10,15,5,5,5,88,50,30,55,35,60
737,68,62,58,70,52,88,55,65,78,48,72,60,75,25,35,22,48,72,74,45,55,50,25,55,30,10,8,12,45,50,35,65,40,42
738,78,72,35,68,28,12,52,70,92,55,80,65,60,75,20,40,18,62,70,75,65,55,5,8,15,5,5,5,90,50,30,60,45,85
739,62,38,48,71,58,82,63,55,52,45,48,57,47,42,44,65,42,58,68,35,52,58,8,18,55,12,15,10,48,50,42,47,28,40
740,78,72,28,68,42,12,52,65,92,55,82,58,80,35,18,25,18,32,75,78,62,58,5,8,12,5,5,5,88,50,22,70,45,48
741,72,78,32,68,28,12,42,65,92,55,80,62,82,88,18,25,22,82,75,85,58,55,5,8,18,5,5,5,88,50,35,60,30,55
742,78,72,32,68,34,12,42,65,88,55,74,58,62,68,18,38,18,52,75,80,72,65,5,8,12,3,4,2,92,50,28,62,45,70
743,65,55,60,60,45,90,55,70,45,40,50,70,55,15,50,45,20,35,75,35,65,50,5,5,10,5,5,5,90,0,40,55,30,60
744,78,72,25,65,18,12,35,70,92,55,80,60,68,85,20,40,15,35,75,90,65,55,5,5,10,5,5,5,90,50,30,40,45,60
745,78,68,62,74,52,92,48,72,88,55,80,58,90,15,25,22,18,58,82,45,78,48,5,8,10,5,5,5,92,50,28,82,35,30
746,62,38,55,72,68,92,52,70,28,48,35,55,75,15,45,58,18,55,78,25,72,50,5,5,8,3,3,2,92,50,30,58,35,25
747,78,72,18,55,8,68,58,75,62,48,55,70,70,12,15,35,18,38,82,96,55,50,5,5,10,5,5,5,92,40,50,15,45,25
748,78,82,28,72,22,8,32,65,92,55,85,60,80,85,15,25,12,18,75,88,70,55,5,5,10,5,5,5,92,50,20,65,40,55
749,62,38,58,72,78,92,68,75,35,55,40,60,70,15,45,55,18,15,75,25,72,48,0,5,5,0,0,0,92,0,25,68,35,30
750,62,68,38,71,32,12,48,70,28,55,42,58,74,62,22,35,18,55,82,65,58,52,5,8,12,3,4,2,88,50,25,60,35,45
751,68,62,38,71,52,22,58,55,92,48,78,57,76,18,25,22,54,88,74,58,47,63,8,12,48,18,14,42,28,50,35,60,45,38
752,62,58,55,60,52,92,55,70,92,48,85,65,35,25,30,40,45,80,75,50,40,55,5,35,50,15,10,8,65,50,20,55,40,90
753,62,58,42,71,38,18,48,65,35,45,40,55,68,72,45,65,18,45,70,52,60,55,5,8,10,5,5,5,92,50,35,48,30,40
754,62,78,45,68,28,15,42,55,35,40,48,60,75,70,25,20,25,55,80,72,65,55,5,10,25,5,5,5,85,50,30,60,40,35
755,68,58,42,55,32,88,52,60,87,48,78,65,45,72,25,48,22,82,70,62,48,55,5,25,45,10,8,5,78,50,35,52,30,55
756,62,68,38,65,32,12,42,58,35,48,45,55,72,58,42,35,18,72,75,70,55,52,5,8,15,3,4,2,88,50,28,58,40,65
757,68,74,28,66,22,12,38,62,72,48,58,55,76,82,18,35,18,48,70,78,58,52,5,8,12,3,4,2,88,50,25,55,35,42
758,75,70,45,75,30,90,40,65,90,50,75,60,85,15,25,35,20,85,80,65,70,55,5,20,15,5,5,5,90,50,30,75,40,30
759,62,58,55,68,38,92,48,65,72,45,70,60,75,5,35,25,52,85,78,42,48,55,8,18,45,15,10,65,35,0,28,60,35,50
760,75,70,20,65,12,15,35,55,85,40,70,60,80,45,15,25,25,55,75,95,50,50,90,5,10,10,5,5,15,0,30,15,40,70
761,78,82,25,55,12,78,42,75,92,48,72,68,65,18,15,45,18,52,70,96,58,50,5,5,8,5,5,5,92,50,35,25,45,55
762,75,62,35,70,48,18,55,65,92,40,80,55,70,75,25,30,35,85,70,65,45,55,95,5,10,15,5,5,10,50,20,60,40,45
763,65,58,45,62,28,88,42,70,60,55,50,48,55,15,40,55,18,55,70,52,60,50,5,8,10,5,5,5,92,50,35,55,30,40
764,62,48,45,68,52,88,38,65,58,42,55,70,35,82,28,55,12,22,72,45,48,60,3,4,8,3,4,2,92,50,35,42,25,85
765,62,38,68,72,78,92,68,70,35,55,48,60,78,15,45,25,22,12,75,28,72,48,8,18,15,5,5,5,88,50,30,65,40,25
766,62,38,68,71,67,92,58,74,28,55,42,57,73,12,45,22,18,48,78,25,72,48,2,5,8,1,2,3,92,50,25,66,38,55
767,68,58,42,65,32,88,52,72,62,55,58,48,75,15,45,38,18,82,70,52,60,50,5,10,12,5,5,5,92,50,35,62,28,30
768,68,62,35,70,32,12,58,65,78,45,72,55,75,60,25,40,18,45,70,68,60,55,5,8,10,5,5,5,90,50,30,58,40,45
769,78,72,25,68,18,12,38,65,82,45,70,55,80,58,22,35,28,82,75,92,55,50,95,5,8,10,5,3,12,0,40,30,45,60
770,78,68,35,72,52,12,48,65,92,55,85,58,80,75,15,25,18,58,82,70,68,55,5,8,12,5,5,5,92,50,35,72,40,70
771,78,72,28,68,22,12,38,70,88,55,75,60,80,82,18,25,12,58,74,80,65,55,5,5,10,5,5,5,90,50,25,62,35,70
772,72,78,35,68,28,8,32,55,82,48,70,60,80,88,25,20,30,55,75,77,55,60,85,10,15,20,8,5,25,50,30,55,40,35
773,62,48,55,72,58,18,52,65,38,55,42,58,70,48,35,45,22,82,75,40,60,55,8,12,18,5,5,5,82,50,35,58,40,30
774,62,48,42,58,45,85,55,68,72,55,65,52,48,15,35,58,25,40,70,40,55,50,5,8,10,5,5,5,88,50,35,48,30,45
775,58,42,48,55,28,82,45,52,48,35,45,75,40,55,60,72,18,78,65,50,55,50,8,10,12,5,5,5,88,50,45,35,25,40
776,78,72,35,68,38,12,48,70,92,55,80,60,75,82,20,25,18,35,70,75,65,55,5,5,10,5,5,5,90,50,20,60,40,45
777,62,48,38,66,28,88,42,72,35,55,40,52,58,15,32,60,18,55,75,50,65,52,5,8,10,5,5,5,92,0,35,48,25,40
778,62,78,35,68,28,12,32,55,30,58,42,70,55,82,25,22,18,35,85,80,65,55,5,8,12,5,5,5,92,50,35,58,40,70
779,55,45,40,60,28,85,55,60,35,40,40,45,50,25,30,55,60,90,65,40,45,50,80,25,15,10,5,10,10,50,30,45,35,40
780,65,48,42,72,38,88,52,70,35,55,40,50,62,15,45,68,18,55,75,42,60,50,5,5,8,3,3,2,92,50,35,58,30,25
781,72,68,35,62,38,15,58,70,92,45,80,65,70,55,25,30,25,55,75,78,55,50,5,15,35,5,5,5,85,50,25,60,40,65
782,62,48,45,72,52,92,48,65,35,55,40,58,60,35,42,65,18,55,75,30,58,55,5,10,8,2,3,2,90,50,35,60,38,42
783,68,42,38,62,58,22,78,65,88,48,72,55,52,28,18,58,18,72,70,48,45,55,8,10,12,5,8,5,88,50,35,48,30,75
784,68,62,45,58,48,88,42,65,82,55,78,72,60,85,35,48,18,28,75,58,72,55,5,5,8,5,5,5,92,50,42,65,38,55
785,75,82,28,68,32,12,42,65,92,55,85,62,88,55,18,22,35,92,78,80,58,55,8,25,72,10,12,5,45,50,35,65,40,30
786,72,78,25,58,12,18,42,65,82,48,70,68,74,42,22,35,18,58,80,95,55,50,5,5,8,5,5,5,92,40,35,30,45,55
787,68,62,38,74,52,18,58,65,72,55,66,58,70,35,28,42,42,82,75,55,48,55,45,25,52,18,15,12,38,50,35,60,40,55
788,62,68,48,71,42,18,52,65,38,55,58,53,78,72,35,25,22,38,75,55,63,52,8,12,18,7,6,5,88,50,28,65,42,45
789,78,72,28,68,12,78,42,75,82,55,70,68,85,8,18,35,12,22,80,92,65,50,3,4,8,3,3,2,95,50,35,35,45,55
790,78,72,38,65,32,12,58,70,92,55,82,60,80,85,25,35,18,22,75,78,68,55,5,5,10,5,5,5,90,50,30,70,40,45
791,72,68,42,65,28,82,38,70,92,55,78,58,72,18,25,45,12,35,75,70,62,55,5,8,12,5,5,5,92,50,35,60,40,48
792,68,62,38,71,48,22,47,58,86,52,74,61,73,12,18,28,58,92,75,64,48,57,8,18,45,12,9,42,35,50,35,63,37,55
793,55,50,60,65,42,92,45,60,35,40,40,55,60,15,45,35,40,90,70,40,45,50,10,65,45,10,15,10,40,30,25,50,30,40
794,72,78,28,68,18,12,42,58,74,45,70,62,82,88,22,35,48,72,85,92,55,52,45,18,65,25,15,8,35,25,30,38,48,40
795,85,75,15,60,12,5,40,70,92,55,80,65,70,85,10,25,15,30,75,95,65,50,5,5,10,5,5,5,90,50,20,30,55,45
796,70,78,28,68,32,12,42,58,72,55,65,62,82,88,35,25,18,65,80,85,60,55,5,8,15,3,2,2,88,50,25,58,40,35
797,78,52,35,75,62,18,58,70,85,55,72,60,68,65,25,55,22,58,70,48,55,65,5,8,10,5,5,5,88,50,30,60,40,35
798,78,88,28,72,22,8,32,55,92,45,80,75,82,88,18,12,38,92,85,90,48,58,88,8,25,45,12,5,18,50,15,62,35,78
799,70,68,25,60,12,8,42,55,58,45,52,55,62,68,18,45,18,58,72,88,55,50,5,5,10,5,5,5,92,50,15,25,35,65
800,68,74,38,66,32,18,48,62,42,55,58,61,72,82,28,25,22,68,75,70,58,52,8,18,25,10,12,5,82,50,35,60,38,78
801,68,62,42,58,28,88,48,72,86,55,78,52,70,12,25,45,22,78,74,65,58,52,8,25,28,5,5,5,82,50,35,60,30,55
802,62,58,42,65,28,82,42,60,38,48,45,52,58,25,35,48,52,85,72,60,40,55,75,25,20,15,10,12,18,50,42,48,35,75
803,62,58,35,55,42,18,48,70,30,45,40,50,65,75,25,35,15,20,70,55,60,50,5,5,10,5,5,5,90,50,30,55,40,45
804,78,52,38,68,58,28,62,72,92,55,82,58,65,12,18,45,22,58,70,60,58,62,4,5,8,3,4,3,92,50,35,55,42,35
805,62,68,58,72,32,88,48,65,38,55,45,60,75,25,42,35,18,55,78,52,65,55,5,10,15,5,5,5,85,50,40,60,35,30
806,70,55,40,65,62,18,52,68,72,55,60,50,75,45,25,30,18,42,70,48,60,55,5,8,10,5,5,5,88,50,30,58,40,65
807,68,82,28,66,22,12,32,58,42,48,45,62,84,78,18,22,18,88,74,86,55,52,95,4,6,8,5,2,12,50,25,58,35,72
808,62,68,45,70,28,88,52,65,58,42,55,60,58,25,48,50,22,82,72,63,58,55,5,12,15,3,4,2,92,50,35,60,40,45
809,62,58,55,60,32,88,48,65,45,35,58,52,72,8,38,25,42,82,75,48,40,50,12,35,55,38,22,18,45,0,30,52,25,60
810,72,58,42,68,32,88,48,75,86,55,74,52,78,12,25,45,18,55,70,62,68,55,5,8,10,3,4,2,92,50,35,65,28,40
811,78,72,38,68,32,12,52,74,82,55,70,58,85,78,25,22,18,62,80,76,65,55,8,10,15,5,5,5,92,50,28,68,45,60
812,70,55,45,65,55,90,50,70,75,60,65,50,60,15,40,45,20,75,70,40,60,50,5,15,20,5,5,5,85,50,30,55,40,45
813,75,72,38,68,32,12,42,65,92,55,82,58,70,35,18,28,18,58,75,78,62,58,8,10,15,5,5,5,88,50,35,65,40,75
814,68,62,42,58,28,88,48,72,74,45,67,55,52,38,35,48,18,72,70,60,65,55,5,12,15,3,4,2,92,50,40,58,35,75
815,55,48,52,60,28,85,48,62,35,40,38,42,58,15,30,45,30,75,65,40,50,48,5,25,35,5,5,10,70,50,30,45,25,30
816,78,72,35,75,28,12,62,55,92,48,80,65,85,70,25,30,45,85,70,75,50,55,80,15,40,35,10,10,20,0,20,60,40,30
817,68,82,18,55,12,15,45,60,88,35,75,65,70,45,15,25,35,85,72,96,50,50,92,8,12,15,10,5,10,20,25,10,40,80
818,65,42,58,72,78,95,62,70,38,55,48,60,68,15,45,52,18,12,75,28,72,50,5,5,8,5,5,5,92,50,35,65,40,35
819,65,78,35,70,28,15,35,25,45,40,75,90,80,85,25,30,25,55,75,85,55,80,95,5,10,5,5,5,10,50,40,45,30,40
820,68,62,38,74,42,18,44,58,35,48,42,55,66,72,28,64,22,58,70,57,60,55,8,12,18,5,5,5,88,50,35,52,38,32
821,75,82,38,72,42,12,32,58,88,48,70,65,92,85,18,12,18,58,78,75,68,55,5,5,8,4,4,3,92,50,22,62,35,28
822,72,78,25,55,12,80,42,65,88,48,75,70,68,18,35,40,18,38,62,92,58,50,5,5,8,5,5,5,92,50,45,25,35,60
823,62,58,55,68,38,88,52,65,60,45,58,55,75,15,65,35,25,85,70,48,60,50,5,25,35,5,5,5,80,50,40,65,30,35
824,65,45,60,75,62,92,55,70,40,50,55,60,80,15,35,45,42,35,75,30,65,50,90,10,15,20,10,5,25,50,30,70,40,30
825,78,62,55,68,58,92,52,70,88,45,75,50,72,15,25,30,18,55,70,40,65,50,5,8,10,5,5,5,92,40,20,70,45,60
826,72,38,55,68,78,96,58,65,82,48,70,52,74,15,28,45,22,25,75,25,62,48,5,12,10,4,4,5,88,50,18,58,35,55
827,78,82,38,72,32,12,42,65,92,55,80,68,88,25,18,28,18,58,75,80,62,58,5,8,12,4,5,3,92,50,22,70,45,40
828,68,62,58,71,42,92,54,63,88,45,76,67,79,8,28,22,52,82,74,48,57,50,12,38,42,15,10,48,25,0,35,65,40,35
829,70,78,45,65,55,12,42,60,92,50,80,68,88,85,25,15,12,15,75,70,72,55,5,5,10,5,5,5,92,40,20,65,40,35
830,65,48,62,72,75,95,55,70,55,45,50,55,85,15,40,25,25,30,75,30,70,50,5,10,10,5,5,5,90,50,25,75,40,20
831,68,52,38,66,62,18,58,72,92,55,78,48,74,42,22,45,18,12,70,55,65,55,5,5,8,5,5,5,92,50,35,58,40,35
832,70,62,42,78,38,88,44,65,72,55,58,52,68,18,35,65,22,82,75,48,62,55,8,12,18,5,5,5,85,50,42,58,38,45
833,72,68,42,65,22,82,38,70,78,45,68,55,58,28,32,52,18,58,75,72,62,55,5,8,12,5,5,5,92,50,35,48,30,40
834,55,50,60,58,32,92,48,60,35,40,45,55,50,15,40,35,45,75,70,40,40,50,20,75,25,10,10,15,30,50,30,45,35,55
835,62,48,35,58,42,25,55,60,45,50,40,55,58,15,30,45,18,75,52,50,55,50,8,10,15,5,5,5,82,50,35,48,35,65
836,78,62,35,82,28,18,42,55,92,48,75,58,65,35,15,70,38,82,80,72,45,60,88,10,15,20,8,5,12,50,40,55,30,85
837,72,58,45,68,55,88,52,65,90,48,75,55,70,15,35,42,18,35,78,55,62,55,8,10,12,5,5,5,92,50,40,65,45,60
838,68,72,38,66,28,18,42,58,35,48,45,55,74,82,22,28,38,72,78,70,52,55,75,15,35,25,18,8,30,50,32,58,40,55
839,65,45,50,70,55,90,55,70,85,40,75,60,55,20,30,65,15,55,70,40,60,50,5,10,15,5,5,5,90,50,30,55,40,45
840,70,82,35,68,22,12,35,55,60,40,50,65,85,90,25,20,25,95,75,80,55,50,95,5,10,15,5,5,15,50,30,45,40,35
841,70,75,45,65,32,88,42,60,82,55,72,58,62,35,25,40,18,82,75,68,58,55,5,10,15,5,5,5,90,50,30,65,40,75
842,72,68,42,70,22,88,38,65,62,55,58,52,78,15,35,45,18,92,75,65,62,55,8,10,12,5,5,5,92,50,35,58,38,45
843,68,78,35,62,32,12,42,65,88,48,75,55,82,58,18,22,18,62,72,80,58,55,5,8,15,5,5,5,92,50,35,60,38,40
844,70,68,25,60,12,12,42,65,35,45,40,55,72,48,18,28,32,96,82,88,48,50,95,5,8,10,5,4,12,50,25,28,40,55
845,68,82,18,45,8,48,68,55,35,50,40,75,78,15,25,35,12,22,72,96,58,50,5,5,8,5,5,5,92,50,50,25,45,30
846,72,58,35,78,42,28,52,65,92,48,80,55,68,15,18,62,38,82,70,70,55,65,92,8,12,15,10,5,18,50,45,60,35,75
847,68,52,42,70,38,88,58,65,88,45,75,55,62,25,28,72,18,82,74,48,65,55,8,12,15,5,5,5,92,50,35,58,30,60
848,75,60,40,70,42,88,48,65,90,55,80,60,70,15,25,45,35,92,75,55,50,55,95,10,15,20,5,5,15,50,30,60,40,45
849,68,48,45,72,72,92,58,75,82,55,70,52,74,12,28,42,18,22,78,35,65,50,5,5,8,5,5,5,92,10,30,62,38,55
850,62,48,58,60,32,92,48,65,38,55,42,52,68,8,45,35,22,82,72,40,55,50,8,45,28,10,8,5,72,50,35,58,38,42
851,62,48,55,68,58,92,58,70,72,55,65,52,60,15,35,55,25,55,70,40,60,50,5,8,10,5,5,5,88,50,25,58,30,65
852,62,58,42,68,22,88,42,65,38,48,35,52,70,15,28,55,18,82,75,60,58,52,5,12,15,5,5,5,92,50,32,48,35,40
853,72,58,42,68,48,88,52,75,90,55,80,50,70,25,20,45,18,55,75,55,65,55,5,8,12,5,5,5,92,50,35,62,30,70
854,78,72,35,68,32,12,42,70,92,55,80,60,75,70,25,30,15,35,70,75,65,55,5,5,10,5,5,5,90,50,40,60,45,40
855,68,62,45,70,52,92,58,72,92,55,85,60,78,25,35,28,42,82,75,55,55,50,8,45,55,12,10,15,58,50,35,65,30,40
856,70,58,42,65,55,12,62,68,92,55,85,60,72,25,18,35,22,58,78,52,65,55,5,5,10,5,5,5,90,50,25,62,40,75
857,68,78,42,70,38,12,42,65,58,55,60,62,85,92,35,25,32,68,75,70,58,55,8,25,45,10,12,5,72,50,22,68,40,35
858,70,80,20,50,5,45,55,60,40,50,40,70,70,15,25,35,35,85,85,95,50,50,90,10,15,20,10,5,20,30,50,10,60,70
859,72,68,42,63,28,88,48,58,92,45,80,65,62,75,25,35,42,72,78,70,55,52,5,25,45,15,10,20,55,0,30,60,22,40
860,72,78,28,68,28,12,42,65,75,55,62,58,74,82,22,25,18,58,70,82,62,58,8,10,15,5,5,5,88,50,25,65,35,70
861,62,48,58,60,32,92,52,70,42,55,48,45,58,12,35,42,18,38,72,40,65,50,5,8,12,5,5,5,92,50,28,55,38,55
862,68,52,45,78,42,88,58,65,48,55,42,60,62,35,38,70,22,58,72,45,65,58,8,15,12,5,5,5,85,50,35,55,40,45
863,62,38,58,71,67,96,58,72,42,55,48,57,52,18,45,65,18,28,74,32,63,52,4,8,9,3,4,5,92,50,35,54,38,47
864,72,88,28,68,22,8,32,55,92,45,78,75,92,88,18,25,22,28,82,94,58,60,92,5,8,10,5,4,18,50,22,55,35,65
865,78,68,35,65,42,15,48,62,92,55,75,58,72,65,18,25,18,15,70,66,60,55,5,5,8,5,5,5,92,10,30,65,35,70
866,78,62,35,82,22,8,68,70,85,55,72,60,75,80,25,40,15,65,70,78,55,60,5,5,10,5,5,5,90,50,20,65,40,30
867,68,62,38,66,52,18,48,58,88,55,72,60,70,22,25,28,32,78,75,65,52,55,92,8,12,18,10,5,15,50,30,58,35,70
868,68,52,38,58,42,18,58,55,72,48,62,75,45,72,35,65,22,78,70,55,48,55,8,15,25,10,12,8,82,50,40,48,35,30
869,68,78,35,62,28,12,42,58,65,45,60,55,72,75,38,25,22,55,70,82,58,55,8,12,25,5,5,3,85,50,40,55,30,48
870,72,82,38,68,28,12,42,58,62,55,70,74,85,92,25,22,22,62,88,80,65,55,8,18,35,10,12,5,82,50,30,60,45,70
871,78,72,25,55,12,78,48,65,96,45,85,70,55,35,15,45,22,62,82,95,55,50,5,5,10,5,5,5,92,50,40,35,55,45
872,62,38,45,72,58,88,52,68,42,55,40,48,65,12,35,58,18,55,70,32,60,52,5,8,10,3,4,2,92,50,35,55,38,30
873,75,82,25,55,12,72,42,65,35,50,55,70,68,15,10,45,12,18,92,95,60,50,5,5,8,5,5,5,92,50,40,35,45,40
874,78,72,38,68,42,12,45,70,88,55,80,62,82,85,22,28,18,22,75,76,72,55,5,4,8,3,3,2,92,50,35,68,45,60
875,68,52,62,74,58,96,54,72,64,45,58,48,82,18,42,28,18,65,70,32,75,48,4,8,10,3,4,5,92,50,22,71,38,28
876,78,72,35,65,22,18,55,60,95,40,85,70,65,25,15,30,75,90,80,85,40,55,45,20,25,50,30,60,10,50,40,55,50,90
877,62,48,45,68,38,88,42,72,52,55,48,58,70,15,42,55,18,45,75,50,72,55,5,8,10,3,4,2,92,50,40,60,35,65
878,68,48,42,66,52,92,58,72,88,55,74,47,62,12,28,58,18,48,75,35,65,52,5,8,12,3,4,2,88,50,32,58,38,45
879,75,70,40,80,38,15,45,60,85,50,70,55,75,80,20,60,20,35,70,75,65,60,5,5,10,5,5,5,90,40,30,60,40,50
880,75,70,30,75,40,15,45,65,85,50,70,55,75,90,20,45,20,85,70,75,60,55,5,10,15,5,5,5,90,50,30,65,40,60
881,62,58,65,68,42,92,45,70,38,55,52,48,60,15,35,42,18,28,72,40,65,50,5,8,10,3,2,2,92,50,35,63,38,45
882,80,75,15,50,8,65,70,75,85,45,60,55,70,15,25,35,20,55,75,95,55,50,5,10,15,5,5,5,90,0,20,10,40,30
883,68,62,38,58,42,18,52,55,72,48,65,60,70,75,35,28,22,55,74,66,58,55,8,12,18,10,10,5,88,50,35,55,30,45
884,62,58,68,55,48,92,58,72,52,45,60,55,42,15,48,35,48,78,75,38,42,48,8,45,55,18,12,10,58,25,22,52,28,75
885,68,78,32,66,28,12,38,62,72,48,58,55,82,72,35,22,22,58,74,80,60,55,8,18,35,10,8,5,75,50,30,65,40,55
886,72,88,35,74,22,12,38,65,58,45,52,70,92,68,28,18,18,58,82,85,62,55,5,8,12,4,5,3,92,50,25,68,35,30
887,62,48,55,58,42,92,65,70,68,45,60,52,55,10,40,35,35,85,70,40,55,50,5,25,30,5,5,5,75,50,20,55,30,40
888,70,75,40,65,25,15,45,60,40,50,45,55,70,60,30,35,45,95,70,80,40,55,90,10,15,20,10,5,10,30,40,50,40,45
889,75,72,38,68,42,12,45,65,82,55,74,58,78,72,22,28,18,75,70,76,62,55,5,10,15,5,5,2,88,50,35,60,40,65
890,75,70,30,65,15,80,45,60,90,50,80,65,70,15,20,40,45,85,75,90,40,50,10,55,50,15,20,15,40,50,30,35,50,70
891,75,72,35,80,25,15,60,65,95,50,85,70,80,75,20,30,25,55,70,80,60,55,10,15,40,10,10,5,75,50,30,65,40,30
892,62,48,45,70,38,88,42,65,55,40,50,58,35,55,40,72,18,62,68,35,55,60,5,10,15,5,5,5,85,50,30,45,25,70
893,68,52,62,65,58,92,48,72,58,55,54,48,60,12,42,28,18,55,78,32,70,48,2,5,8,1,2,1,92,50,25,65,38,82
894,72,68,38,62,18,82,35,58,85,45,75,55,70,15,25,42,38,92,78,80,45,55,8,45,65,10,12,8,48,25,35,40,30,40
895,65,40,55,70,75,95,55,60,55,50,50,55,60,30,35,45,20,25,70,30,60,45,5,10,10,5,5,5,90,50,20,55,40,45
896,78,76,35,72,28,12,42,68,92,55,82,60,70,75,15,40,18,35,80,85,65,58,5,8,12,5,5,3,90,50,25,62,40,70
897,60,40,45,70,65,85,55,70,40,50,45,55,60,20,30,65,15,70,75,35,60,55,5,10,10,5,5,5,90,50,40,50,30,40
898,72,58,42,65,42,82,52,68,92,55,85,60,70,15,25,45,18,58,78,55,62,55,5,8,12,5,5,5,88,50,35,65,40,55
899,62,48,45,68,52,88,55,58,38,50,47,55,42,58,35,52,18,72,70,32,65,55,5,15,20,5,5,5,88,50,40,52,30,40
900,68,82,28,66,22,8,38,58,55,45,52,60,88,92,35,18,18,42,75,78,72,55,5,8,12,4,5,3,92,50,25,62,35,40
901,65,58,72,74,52,18,42,55,42,48,78,70,76,72,28,18,52,88,82,48,48,58,62,18,48,35,18,12,28,50,32,68,38,35
902,72,68,38,70,42,12,52,65,92,55,85,62,78,68,18,25,22,72,75,65,55,58,8,25,45,10,8,5,82,50,28,60,35,75
903,68,62,48,58,28,82,42,65,72,55,60,52,58,35,45,48,18,38,70,65,62,55,5,15,18,8,5,5,85,50,42,58,35,55
904,72,68,42,74,48,18,46,62,58,45,52,57,82,22,28,25,32,92,70,65,55,58,90,8,12,18,10,5,15,50,35,65,40,38
905,68,52,38,62,48,22,54,65,72,45,58,48,55,12,28,42,18,58,70,60,52,55,5,8,12,4,5,5,88,50,35,48,35,55
906,72,68,55,62,38,88,48,65,82,45,78,58,60,70,25,42,18,55,75,52,58,55,5,8,12,4,5,3,92,50,35,60,40,55
907,78,72,35,68,28,12,42,70,92,55,80,60,65,85,25,40,18,55,75,82,60,55,5,8,15,5,5,5,88,50,30,58,45,80
908,68,62,38,66,28,82,42,58,55,45,52,60,72,18,35,48,12,28,75,64,70,50,0,0,5,0,0,0,95,50,42,55,35,40
909,72,52,38,65,58,18,58,68,88,55,78,62,60,68,22,45,18,38,70,58,62,58,5,5,10,5,5,5,90,50,35,60,40,75
910,75,62,35,68,58,18,52,72,92,55,85,60,78,15,25,45,22,55,70,65,60,55,5,8,12,5,5,5,90,50,40,70,35,45
911,70,62,38,65,42,18,52,68,88,55,78,58,72,22,28,45,18,72,75,68,55,58,8,12,22,10,8,5,82,50,35,60,40,85
912,78,72,45,65,28,85,52,60,92,48,80,58,70,15,25,30,48,88,75,68,40,55,20,15,75,55,25,10,20,50,30,60,45,70
913,68,62,38,55,22,82,42,70,85,48,78,52,65,15,28,45,18,58,72,75,55,50,8,12,25,10,10,5,82,30,40,35,25,80
914,68,62,38,66,28,88,42,58,92,48,78,72,35,55,22,52,38,92,74,70,48,55,95,8,12,18,10,5,15,50,42,58,32,45
915,70,75,40,72,38,15,45,60,65,50,55,60,85,70,30,25,25,80,70,68,55,60,90,10,15,10,5,5,20,0,20,65,40,70
916,62,38,58,55,68,92,58,72,55,48,45,42,52,12,35,48,18,35,65,28,58,48,5,8,10,4,5,5,88,50,32,55,38,48
917,78,45,55,70,72,95,62,68,88,60,75,65,70,5,25,40,18,15,72,35,55,50,5,10,15,5,5,5,90,50,30,60,40,65
918,68,82,28,62,22,12,32,58,55,48,52,70,88,85,18,22,25,92,78,90,55,60,95,5,8,10,5,4,12,50,25,58,35,45
919,82,78,18,65,12,72,38,70,92,55,80,68,75,25,22,45,18,42,85,96,62,50,8,15,25,10,8,5,85,50,35,20,55,88
920,68,72,35,62,28,15,42,65,78,55,70,60,75,25,38,48,18,55,72,80,58,55,5,5,10,5,5,5,90,50,35,55,40,45
921,72,62,38,78,32,18,42,58,82,45,68,55,75,35,22,52,28,88,70,68,48,55,92,8,10,15,8,5,12,50,35,58,40,30
922,68,78,35,70,28,12,42,55,62,48,58,60,82,92,25,22,25,95,75,80,55,50,95,5,8,10,5,5,15,50,20,65,40,35
923,70,65,30,60,15,75,45,60,40,50,45,55,70,15,20,40,35,90,75,85,50,50,95,10,15,20,10,5,15,30,40,30,40,50
924,70,65,40,75,30,20,55,60,60,40,50,55,70,40,30,60,20,80,70,65,50,55,90,10,15,20,10,5,20,50,40,50,40,80
925,68,62,35,72,48,18,52,65,85,55,70,60,68,55,25,45,22,82,75,65,55,60,8,12,25,5,5,5,78,50,30,58,40,35
926,78,82,28,72,22,8,38,65,88,55,80,62,85,88,15,25,12,48,82,90,58,55,5,5,10,5,5,5,92,50,25,68,35,45
927,68,52,42,74,38,88,58,65,72,48,55,47,62,18,45,63,18,72,70,44,58,52,5,8,12,4,5,5,88,50,35,55,38,42
928,65,55,45,60,38,88,42,70,40,50,45,55,50,25,35,55,20,65,70,40,55,50,5,10,15,5,5,5,85,50,30,55,40,75
929,78,72,25,68,12,8,42,65,88,55,75,60,70,62,15,35,28,72,80,92,58,55,8,18,45,10,12,5,68,40,25,35,48,45
930,62,38,58,72,58,92,58,68,42,55,48,52,75,12,45,55,25,82,70,28,65,50,5,18,12,4,5,5,82,50,35,60,35,30
931,68,62,45,70,32,88,48,72,82,55,75,48,85,15,35,42,18,58,78,52,72,55,5,8,12,3,4,2,92,50,35,74,40,65
932,70,55,40,65,45,35,65,60,85,50,75,55,60,20,30,45,15,55,70,60,55,60,5,5,10,5,5,5,90,50,40,55,40,45
933,70,45,40,65,42,88,62,75,92,55,80,50,48,15,25,60,18,55,70,55,60,55,5,8,10,5,5,5,90,50,30,55,35,70
934,72,78,38,68,38,12,42,65,85,48,74,58,76,82,18,28,22,62,70,75,58,55,8,12,18,5,5,5,88,45,25,62,35,48
935,72,78,38,68,32,12,42,65,92,55,80,62,82,75,25,28,18,38,70,76,58,55,5,8,12,5,5,5,88,50,22,65,45,48
936,68,52,38,62,58,22,54,61,64,45,57,48,72,18,28,35,22,62,71,47,53,58,72,8,12,9,7,4,38,25,18,49,35,82
937,68,62,45,70,52,92,58,65,88,55,78,60,80,15,25,20,78,92,75,48,42,55,5,10,15,8,8,90,5,0,35,65,40,45
938,68,62,38,74,42,18,48,58,72,52,55,60,65,22,28,58,22,58,70,66,58,60,8,12,18,5,5,5,82,50,35,55,38,45
939,78,68,35,72,42,12,52,65,92,55,80,60,70,35,25,30,22,82,75,74,55,50,8,18,35,10,10,5,82,50,40,68,45,48
940,68,62,38,65,52,18,48,60,82,55,72,58,74,22,25,28,42,78,70,55,52,55,12,25,45,15,18,10,58,50,35,60,40,45
941,75,85,25,65,8,70,45,70,45,50,55,65,75,35,30,40,15,45,80,95,60,50,5,5,10,5,5,5,90,50,50,15,40,70
942,62,68,58,70,42,88,48,65,52,45,60,55,78,15,48,35,22,72,75,55,65,55,5,10,15,5,5,5,88,50,35,68,40,70
943,68,62,58,70,48,92,52,65,72,55,68,60,82,15,45,25,48,88,75,42,58,52,12,35,55,18,22,15,45,50,35,72,40,55
944,68,62,45,65,32,88,58,72,86,55,78,60,65,18,35,42,22,82,74,58,52,55,8,25,48,10,12,5,70,50,28,58,38,45
945,75,52,62,70,65,95,55,72,88,55,78,60,82,15,35,38,18,35,72,42,75,48,5,8,10,5,5,5,92,50,25,78,40,30
946,62,58,42,68,42,18,55,60,65,48,70,55,72,78,25,35,38,88,75,60,45,55,92,8,12,15,10,5,18,50,30,52,40,70
947,65,42,68,72,72,25,58,60,28,55,38,58,70,22,45,48,25,55,78,32,62,55,8,12,28,5,10,5,82,50,40,65,35,30
948,75,80,25,55,12,15,45,65,90,50,75,70,70,55,15,35,18,42,80,95,60,50,5,5,10,5,5,5,92,50,40,25,45,40
949,68,52,45,58,42,88,58,65,92,55,85,75,35,15,25,62,18,55,70,48,55,50,5,8,15,5,5,3,92,50,35,55,30,40
950,72,68,42,70,52,12,58,65,92,55,78,60,75,68,25,35,18,55,74,62,65,55,5,8,12,5,5,5,92,50,22,68,45,40
951,72,68,28,62,14,72,38,65,78,45,70,55,75,35,18,42,18,72,74,85,58,52,8,5,12,4,4,3,88,50,25,35,28,45
952,68,62,42,74,42,88,44,70,72,55,65,58,75,18,35,48,18,52,78,55,65,55,8,10,12,5,5,5,92,50,28,70,38,45
953,68,42,38,58,72,18,58,65,70,48,62,52,75,15,35,45,22,55,72,48,55,50,8,10,18,5,5,5,88,50,30,48,40,70
954,68,52,58,72,55,92,62,70,65,48,60,55,68,15,42,48,18,72,70,38,62,50,8,15,18,5,5,5,85,50,30,65,35,75
955,78,72,35,70,42,12,45,65,88,55,75,60,70,65,25,30,25,85,80,68,55,60,15,10,35,8,10,5,75,40,20,65,45,50
956,68,62,28,55,48,12,58,35,88,42,78,82,72,38,22,55,18,15,75,70,52,65,8,10,12,8,8,5,85,50,45,40,25,35
957,62,38,48,68,58,88,58,70,42,55,40,52,35,45,55,75,22,60,65,28,58,48,3,4,8,3,3,4,92,50,35,42,25,38
958,68,62,58,70,42,92,54,65,72,55,60,58,52,35,45,40,18,58,75,48,62,55,5,8,12,4,5,3,88,50,35,58,38,55
959,68,52,48,63,42,92,48,72,74,55,62,47,58,12,28,45,18,72,70,38,58,52,4,8,12,3,4,5,88,50,22,57,35,82
960,78,82,35,72,28,8,42,55,92,48,80,70,85,75,15,20,62,85,75,80,45,55,5,15,25,10,8,80,12,50,30,68,40,55
961,68,78,28,70,22,12,38,65,72,45,62,55,82,85,18,22,25,72,75,80,55,50,92,5,8,5,5,5,15,0,40,60,30,35
962,62,38,58,65,72,75,58,55,52,45,48,60,50,25,42,35,22,28,70,32,48,55,8,10,12,5,10,5,88,50,40,45,35,75
963,68,62,42,70,32,18,45,65,58,48,55,52,60,55,35,40,18,48,72,65,58,55,5,8,10,5,5,5,88,50,40,55,35,60
964,68,62,38,71,28,82,42,58,74,52,61,55,73,18,28,45,32,78,70,64,58,55,8,22,35,10,12,5,75,50,32,57,35,72
965,78,62,35,72,52,18,48,65,92,55,75,58,70,45,15,55,15,55,80,68,60,55,5,5,10,5,5,5,90,50,25,65,40,70
966,62,58,55,68,38,92,42,70,72,48,65,60,52,15,45,48,38,88,75,55,55,50,8,45,55,10,12,10,58,50,35,52,40,45
967,62,48,68,70,55,92,52,75,28,55,38,58,60,12,45,25,22,55,72,30,65,48,5,8,10,3,4,5,88,50,25,60,35,55
968,75,80,25,55,8,35,60,65,40,50,45,70,70,75,15,35,20,55,90,95,60,50,5,10,15,5,5,5,85,50,50,30,55,40
969,68,42,58,66,72,92,58,65,70,45,62,55,60,8,48,35,18,25,75,28,62,48,5,8,10,5,5,5,92,50,35,58,30,85
970,62,48,58,72,58,92,55,68,42,52,45,55,70,18,48,55,18,62,75,35,65,50,5,10,12,5,5,5,88,50,35,60,40,55
971,78,72,35,68,22,28,42,55,92,48,75,60,70,25,15,40,45,92,80,85,40,55,95,5,10,15,5,5,10,50,30,50,35,65
972,62,48,55,72,42,88,52,65,38,50,45,55,75,15,42,58,38,85,70,35,55,50,90,15,18,12,10,5,20,50,30,60,35,25
973,75,55,45,78,62,85,55,70,82,48,68,55,72,15,25,40,42,78,70,45,50,55,85,15,25,20,15,5,20,50,30,65,40,35
974,72,68,38,65,52,12,58,75,88,55,78,60,70,72,25,35,18,48,80,62,65,55,5,8,15,5,5,5,88,50,30,58,45,70
975,75,80,35,70,28,12,42,55,95,45,85,70,72,55,15,25,68,88,78,88,38,55,25,35,45,55,40,48,18,50,30,60,45,75
976,68,58,42,78,32,88,52,65,45,48,40,55,72,18,38,62,38,58,75,52,55,50,92,8,10,7,6,4,15,50,35,60,28,30
977,68,48,42,58,52,92,62,72,88,45,78,75,55,15,35,65,22,68,70,38,65,50,5,8,12,5,5,5,90,50,40,55,25,60
978,70,58,45,65,32,88,58,72,90,55,78,50,62,15,25,48,22,85,70,55,60,50,5,15,20,5,5,5,85,50,30,55,40,65
979,68,52,58,70,58,95,55,72,74,45,65,50,68,15,42,35,22,68,72,38,62,48,5,8,12,4,5,5,92,50,28,60,35,40
980,60,42,55,65,38,88,52,70,35,55,40,50,58,15,45,55,22,78,72,35,55,50,8,18,20,10,10,8,82,50,40,52,35,40
981,68,52,58,70,55,92,54,72,62,48,55,50,58,35,45,48,18,58,72,42,65,52,5,8,12,5,5,5,92,50,28,60,38,48
982,68,62,38,65,42,18,58,55,82,48,72,60,70,22,25,35,82,88,75,68,40,55,8,12,18,10,10,90,8,50,45,58,35,30
983,70,75,40,65,35,15,45,60,80,50,70,55,75,70,20,30,55,90,70,70,50,60,70,30,20,10,10,10,20,50,30,60,40,40
984,68,62,45,65,38,92,58,70,82,55,75,60,65,15,35,45,48,88,72,55,42,50,8,18,75,12,22,10,35,50,28,58,40,48
985,75,82,38,72,32,12,42,58,68,48,62,65,85,88,22,28,38,62,74,78,52,55,92,8,12,18,7,5,22,50,25,58,35,45
986,62,58,48,65,28,88,52,70,45,55,50,48,55,15,42,35,18,62,72,52,60,50,5,8,12,4,5,5,92,50,35,58,40,45
987,68,62,45,78,32,88,48,72,58,42,55,52,82,12,38,48,28,92,75,55,65,52,95,5,8,10,5,2,12,50,35,70,25,30
988,68,62,38,66,28,72,42,58,88,48,74,55,52,78,22,48,18,72,70,67,58,55,8,12,15,5,5,5,88,50,42,54,32,60
989,62,58,45,68,28,88,52,72,55,48,50,47,65,15,42,48,18,82,70,52,68,50,5,8,10,3,4,2,92,50,35,60,40,55
990,78,72,28,68,12,78,42,65,92,55,82,70,75,15,18,45,18,48,75,88,62,52,5,5,8,5,5,5,92,50,25,35,45,75
991,78,82,38,72,42,12,38,58,92,48,80,68,85,88,18,12,42,92,75,76,52,58,25,45,55,8,10,5,28,50,22,65,35,30
992,72,78,28,68,22,8,38,65,82,48,74,58,76,85,18,25,12,22,70,84,62,55,4,5,8,3,4,3,92,50,25,58,35,75
993,78,72,18,55,12,8,38,68,88,45,82,70,65,62,15,35,18,42,85,96,58,52,3,4,8,2,3,2,92,50,25,30,45,75
994,68,72,28,55,12,75,42,70,52,45,48,58,65,15,25,35,12,18,75,92,62,50,3,3,4,2,2,3,96,50,35,25,38,40
995,75,82,28,68,24,12,38,58,96,48,88,70,78,88,18,22,32,58,72,90,55,60,8,12,45,15,10,5,65,50,25,62,35,55
996,68,62,38,65,28,18,58,55,58,42,52,60,72,35,48,45,22,55,75,70,48,55,8,10,12,5,5,5,88,50,40,52,35,40
997,78,85,25,55,8,15,45,70,95,60,88,75,70,55,15,30,12,18,82,96,65,50,5,5,8,5,5,5,95,50,40,20,45,40
998,68,42,58,72,68,92,58,75,48,45,52,55,70,15,38,48,18,35,75,28,72,55,5,8,10,5,5,5,92,50,25,65,40,35
999,78,72,35,68,42,18,48,65,92,55,82,58,70,28,15,45,18,62,75,80,58,60,5,8,12,5,5,5,88,50,25,62,35,40
1000,65,52,58,62,42,95,55,70,72,45,60,48,58,15,35,48,22,78,68,42,60,50,5,10,12,5,5,5,92,50,30,55,40,35
1001,78,72,25,65,18,12,35,60,95,55,80,70,75,85,15,30,35,45,70,92,55,60,80,10,25,20,15,5,30,50,20,40,45,65
1002,62,48,45,68,42,88,52,65,38,35,42,50,72,15,25,45,48,88,70,42,55,50,92,8,12,18,10,5,15,0,35,55,25,30
1003,72,82,38,68,22,12,32,58,35,48,42,62,78,45,28,18,22,88,75,80,55,52,8,12,25,5,5,5,82,50,22,58,35,28
1004,78,72,25,55,12,45,42,70,88,60,75,65,48,62,20,35,18,55,70,92,55,50,5,8,15,5,5,5,85,40,30,20,45,65
