stimulus,trustworthy,attractive,dominant,smart,age,gender,weight,typical,happy,familiar,outgoing,memorable,well-groomed,long-haired,smug,dorky,skin-color,hair-color,alert,cute,privileged,liberal,asian,middle-eastern,hispanic,islander,native,black,white,looks-like-you,gay,electable,godly,outdoors
1.0,55,52,65,68,55,85,45,60,15,35,30,45,40,10,25,20,25,65,75,20,50,50,5,10,10,5,5,5,90,10,20,60,15,55
2.0,75,78,35,65,30,5,35,45,95,60,85,70,80,60,10,15,65,90,80,75,60,50,5,15,25,10,5,85,10,10,40,65,30,85
3.0,65,55,60,80,65,85,45,60,25,45,35,50,85,10,20,35,25,50,75,20,80,50,5,5,10,5,5,5,90,10,30,75,10,10
4.0,82,78,25,72,22,8,35,55,88,45,75,65,85,40,10,15,55,90,75,80,60,50,20,25,65,10,10,30,50,0,50,75,50,5
5.0,75,72,25,75,55,10,40,50,95,65,85,60,80,15,10,30,20,75,85,75,65,50,5,5,10,5,5,5,95,10,20,70,15,20
6.0,62,68,35,65,42,85,30,45,40,85,55,75,45,70,20,40,15,45,70,55,60,65,0,0,5,0,0,0,95,10,35,50,15,60
7.0,75,72,45,65,28,85,45,60,65,40,60,55,65,10,15,25,25,70,75,60,50,55,5,10,20,5,5,5,85,10,35,65,20,85
8.0,85,75,10,50,10,60,50,60,95,10,80,60,80,60,10,20,15,35,80,90,70,50,5,5,10,5,5,5,90,0,40,5,40,10
9.0,85,65,20,80,75,10,45,60,90,50,70,60,80,20,10,30,35,65,80,60,60,55,5,15,35,5,5,5,85,10,20,75,20,40
10.0,65,55,50,75,45,95,55,60,25,30,35,45,45,15,15,45,50,90,65,25,40,50,5,65,75,5,5,5,25,0,20,55,5,40
11.0,75,72,40,80,50,5,25,55,75,60,65,65,90,0,10,10,35,60,80,60,70,55,95,0,0,0,0,0,5,0,20,80,5,60
12.0,85,75,10,60,10,60,40,60,90,20,75,50,80,25,10,30,10,15,85,90,70,50,5,5,10,5,5,5,95,10,30,5,40,10
13.0,75,60,50,65,55,90,55,60,85,30,75,55,40,15,15,35,25,75,70,40,50,50,5,10,10,5,5,5,90,10,25,60,20,90
14.0,82,74,30,68,25,85,35,65,92,40,78,55,88,15,10,35,20,60,75,68,65,55,5,5,10,5,5,5,90,10,25,78,15,30
15.0,62,60,45,65,22,85,35,70,30,15,40,45,55,10,15,35,55,95,75,55,45,50,95,5,10,5,5,5,5,10,45,55,10,70
16.0,65,55,70,75,80,90,50,60,20,40,30,60,45,10,10,10,40,20,70,20,50,50,95,5,5,5,5,5,10,10,20,65,10,70
17.0,65,72,40,68,22,85,45,60,55,50,60,55,55,10,15,35,25,75,75,65,55,55,5,15,30,5,5,5,80,10,35,60,10,90
18.0,75,78,25,65,22,5,35,50,75,40,60,65,85,80,10,15,65,90,80,75,60,50,85,20,15,10,10,10,5,0,50,65,45,10
19.0,80,75,20,70,20,10,40,60,85,40,70,50,85,60,10,15,15,75,80,75,60,55,5,10,10,5,5,5,90,20,50,75,40,50
20.0,75,72,40,68,22,85,55,60,85,45,75,55,85,10,15,55,75,90,80,78,60,50,5,10,15,20,5,90,5,50,45,75,20,10
21.0,75,72,20,65,20,15,30,60,55,40,45,50,80,85,10,15,30,80,60,75,60,50,70,15,40,10,10,5,50,10,50,65,10,70
22.0,75,65,35,65,25,60,30,50,85,30,75,60,60,80,20,55,15,25,70,65,60,65,5,5,10,5,5,5,90,10,30,50,10,70
23.0,65,72,45,78,48,92,30,55,75,90,80,85,85,15,25,35,35,75,85,60,75,95,5,10,85,5,5,5,70,20,10,60,30,40
24.0,68,58,62,82,85,92,35,45,42,78,38,65,88,25,48,18,18,8,75,22,78,55,2,3,5,1,1,2,96,5,25,72,12,15
25.0,78,72,45,82,55,15,45,50,85,60,70,65,85,65,15,20,25,45,80,55,75,60,5,5,10,5,5,5,95,20,40,85,30,75
26.0,65,78,30,65,20,5,35,50,60,85,60,70,85,75,40,35,15,25,75,80,75,50,0,0,5,0,0,0,95,0,15,60,10,10
27.0,80,75,25,70,25,10,30,50,90,60,85,65,85,80,10,30,35,60,75,85,60,55,10,20,60,10,10,5,40,0,50,70,10,70
28.0,65,72,55,78,25,85,40,60,30,45,40,65,80,15,20,10,35,90,80,55,65,50,10,75,35,5,5,5,45,10,35,70,30,10
29.0,72,76,58,71,28,92,48,62,68,15,64,52,78,12,18,22,42,92,75,62,58,50,8,65,25,5,5,5,65,0,35,72,25,5
30.0,82,70,25,72,45,10,45,65,95,55,85,50,75,60,5,35,20,40,75,75,55,55,5,5,10,5,5,5,90,20,30,65,10,90
31.0,55,65,60,55,65,85,45,40,40,80,50,75,35,55,50,20,20,65,60,30,70,55,5,10,10,5,5,5,90,10,20,40,20,70
32.0,82,78,25,72,28,8,35,65,92,45,85,55,88,85,5,10,45,65,80,80,60,55,15,25,65,5,5,5,40,10,45,75,15,50
33.0,85,80,5,50,5,35,45,70,75,10,60,60,80,20,5,10,10,40,85,95,60,50,5,5,10,5,5,5,90,0,50,0,30,50
34.0,82,78,25,72,22,12,35,65,96,55,88,75,60,70,5,20,35,85,75,85,55,60,30,10,45,10,10,5,70,50,45,75,15,90
35.0,65,72,68,75,45,90,40,55,35,90,60,85,70,15,45,40,20,85,95,45,70,50,5,10,15,5,5,5,90,10,15,60,20,55
36.0,65,60,55,75,35,90,40,60,60,30,55,50,85,10,35,20,25,85,80,40,75,50,10,45,30,5,5,5,80,0,25,85,10,10
37.0,90,85,10,50,5,20,40,60,30,10,50,70,80,60,5,10,10,15,85,95,70,50,5,5,10,5,5,5,90,20,50,5,60,10
38.0,75,65,55,70,45,85,45,70,70,55,60,45,85,10,35,20,20,35,75,40,80,50,5,5,5,5,5,5,95,10,20,85,10,30
39.0,82,68,25,72,40,10,45,55,92,85,85,75,85,65,5,65,15,70,80,78,65,60,2,2,5,2,2,2,95,10,15,75,20,30
40.0,75,65,45,70,55,85,50,80,80,60,70,40,85,10,20,30,20,60,75,45,80,50,5,5,10,5,5,5,90,10,20,85,10,5
41.0,65,75,60,70,50,80,40,20,70,85,75,90,70,60,55,45,30,90,80,50,80,60,5,15,20,5,5,40,60,10,15,55,75,20
42.0,78,72,35,75,45,10,45,60,65,40,55,50,85,60,10,15,65,95,70,60,60,55,10,20,30,40,20,75,5,10,50,80,30,80
43.0,82,76,25,72,38,8,45,55,92,85,78,70,88,75,10,35,20,80,80,82,60,55,5,5,10,5,5,5,92,10,15,65,20,30
44.0,75,65,30,60,15,85,45,70,65,40,60,40,70,10,35,50,45,95,60,70,50,50,95,10,15,25,5,5,5,20,30,60,10,85
45.0,75,78,55,80,32,95,45,40,65,90,60,85,80,10,15,15,80,95,75,60,45,55,0,5,5,5,5,95,5,10,10,65,10,60
46.0,82,78,35,72,22,88,35,65,92,30,85,55,92,15,12,10,18,80,85,75,78,50,5,10,15,5,5,5,90,5,35,80,5,15
47.0,85,75,10,65,10,10,30,60,80,20,70,60,80,60,5,10,15,40,85,90,70,50,5,10,15,5,5,5,85,10,50,40,60,20
48.0,72,61,42,78,62,92,55,65,76,35,74,63,71,12,28,48,38,75,82,52,64,58,8,45,22,5,4,6,88,0,18,68,12,10
49.0,72,78,55,68,22,92,45,55,65,40,60,70,85,10,35,15,45,90,75,70,60,50,10,85,25,5,5,5,75,10,20,65,20,50
50.0,82,76,35,78,22,85,30,75,92,15,85,55,88,10,5,45,35,90,80,78,65,55,95,5,5,5,5,5,5,10,35,75,25,10
51.0,82,78,25,72,22,12,35,55,88,45,76,52,85,75,10,15,62,92,80,80,55,60,75,25,45,35,20,10,10,50,45,70,40,75
52.0,65,75,55,70,20,85,40,60,25,40,40,65,80,5,20,15,65,90,85,60,60,50,10,30,85,10,10,5,25,10,50,70,40,60
53.0,75,72,20,65,15,10,30,60,45,30,40,55,80,85,10,15,35,85,70,78,60,50,15,20,75,10,10,5,30,50,50,60,20,10
54.0,65,72,35,60,22,85,35,70,55,45,40,40,75,10,15,45,15,60,50,65,60,55,5,5,10,5,5,5,90,20,25,65,10,90
55.0,75,65,20,60,15,80,30,70,90,30,75,40,80,10,10,40,15,70,80,75,65,50,5,5,10,5,5,5,90,10,30,60,20,95
56.0,75,78,35,65,25,5,35,45,95,25,85,75,85,55,10,15,65,95,85,80,55,65,5,15,75,25,20,35,25,5,45,60,30,20
57.0,85,75,10,60,10,20,40,65,75,30,60,55,65,45,5,15,35,85,70,90,55,50,85,10,15,10,10,5,10,10,50,40,30,80
58.0,72,68,35,75,32,12,45,55,78,85,70,72,82,15,25,35,18,35,80,74,65,75,5,5,10,5,5,5,92,15,20,60,15,45
59.0,85,75,10,60,10,20,40,65,90,30,75,45,80,55,5,35,15,40,85,85,60,50,5,5,10,5,5,0,95,10,50,5,40,10
60.0,85,75,5,50,5,15,40,60,30,10,40,60,60,75,5,10,10,30,70,90,50,50,0,0,5,0,0,0,90,0,50,10,50,80
61.0,85,75,20,70,15,80,40,75,40,50,50,60,90,10,10,20,35,70,80,85,65,50,10,25,65,10,10,5,70,0,50,60,20,10
62.0,75,60,20,60,15,65,30,65,60,40,55,50,70,5,10,45,15,45,70,65,55,50,5,5,10,5,5,0,95,10,40,10,20,90
63.0,75,78,55,72,30,85,45,60,70,45,65,55,85,10,20,25,35,85,80,65,60,50,5,25,30,10,5,5,85,10,40,65,20,40
64.0,78,72,35,75,45,5,40,65,95,20,85,55,95,90,5,5,30,65,85,65,75,50,5,15,50,5,5,5,75,0,45,88,5,0
65.0,60,50,65,70,75,85,50,65,30,55,40,55,45,10,20,30,15,15,60,20,70,50,5,5,10,5,5,5,95,10,20,65,10,40
66.0,75,65,30,60,25,55,35,60,90,40,75,50,45,20,20,60,15,60,40,70,50,60,10,10,20,5,5,5,85,20,50,40,10,30
67.0,65,78,55,72,25,85,45,50,30,35,45,65,85,20,20,10,35,85,75,55,65,50,10,40,30,10,5,5,70,10,35,75,60,10
68.0,75,65,35,60,25,85,40,60,90,30,75,50,55,10,20,60,15,30,70,65,50,55,5,5,10,5,5,5,95,0,30,45,10,30
69.0,75,70,20,60,25,10,35,50,90,30,75,65,55,85,5,35,35,80,70,80,45,55,5,25,25,5,5,5,75,0,40,55,5,85
70.0,68,62,52,65,55,85,40,60,65,45,60,50,75,10,15,20,20,35,70,40,70,55,0,5,5,0,0,0,95,20,25,72,10,90
71.0,82,76,42,65,28,85,48,60,95,25,88,68,82,15,12,18,58,92,85,78,62,58,15,45,65,30,20,35,30,5,45,72,40,75
72.0,65,78,72,80,35,10,30,40,20,60,45,75,85,70,45,10,45,85,80,40,70,50,80,30,20,10,5,5,10,10,50,65,30,30
73.0,85,75,10,50,10,10,40,60,85,10,70,40,30,50,5,10,15,30,75,90,60,50,5,5,10,5,5,0,95,0,50,0,40,80
74.0,72,64,35,78,38,15,48,55,75,45,68,58,76,12,22,48,42,85,72,66,58,62,88,8,15,5,5,5,10,10,35,65,12,60
75.0,65,78,60,72,28,92,35,60,25,45,40,70,80,10,30,15,35,85,85,55,65,50,5,35,30,5,5,5,85,10,35,75,20,95
76.0,75,78,25,65,22,10,35,55,90,40,85,55,85,75,10,15,25,80,80,80,60,50,10,20,35,10,10,5,85,20,45,70,40,10
77.0,78,62,35,65,38,85,30,60,95,25,85,55,80,10,15,45,20,60,75,55,65,55,5,5,10,5,5,5,90,10,30,75,15,5
78.0,82,65,78,88,85,95,55,60,25,75,35,70,92,10,15,10,85,25,80,20,85,50,5,5,5,5,5,95,5,10,45,80,15,10
79.0,78,58,25,72,62,12,45,65,92,45,75,55,70,40,10,35,15,45,80,55,50,60,5,5,10,5,5,5,95,20,30,70,20,75
80.0,65,55,75,70,75,90,55,60,30,85,40,65,75,10,25,20,20,20,70,25,65,40,5,5,10,5,5,5,95,15,10,60,15,60
81.0,85,75,10,50,5,25,40,60,70,10,60,60,80,60,10,20,10,15,80,90,70,50,5,5,10,5,5,5,90,0,50,0,30,10
82.0,82,85,30,72,22,10,25,55,68,45,65,55,88,90,15,12,35,85,75,82,68,60,70,25,45,15,15,5,35,20,48,72,35,90
83.0,85,72,25,75,75,5,45,60,90,40,75,55,85,80,10,15,15,10,70,55,65,55,5,5,10,5,5,5,95,10,45,75,20,50
84.0,65,55,30,80,35,90,45,70,40,40,30,40,60,10,20,65,20,65,60,30,55,55,5,10,10,5,5,5,90,50,35,50,10,20
85.0,75,65,30,75,20,70,45,60,90,40,75,50,70,10,15,60,30,85,70,70,55,60,30,20,50,10,10,5,65,10,45,60,20,95
86.0,75,72,45,65,25,90,30,60,85,40,75,60,85,10,30,20,20,75,70,70,70,50,10,10,20,5,5,5,90,10,15,65,10,95
87.0,78,82,25,72,22,8,30,45,92,35,85,70,88,65,10,30,15,45,80,88,55,60,5,10,15,5,5,5,90,10,40,65,55,90
88.0,65,60,50,70,35,90,45,60,30,20,40,50,75,10,20,25,25,85,70,40,60,50,30,20,15,5,5,5,75,10,35,75,10,80
89.0,82,78,15,65,22,5,30,45,95,60,88,72,92,75,5,35,15,65,85,92,65,50,5,5,15,5,5,5,85,10,15,60,15,25
90.0,78,58,35,72,65,15,55,75,85,45,70,50,75,10,15,35,35,60,75,55,55,60,10,10,25,5,5,5,85,10,40,65,20,50
91.0,55,78,45,72,20,10,25,50,25,15,40,65,85,70,15,10,35,90,75,65,60,50,5,35,35,5,5,5,75,0,50,60,40,85
92.0,78,72,55,76,55,90,45,65,82,40,75,55,88,10,15,12,35,65,80,35,75,50,5,25,25,5,5,5,85,10,30,82,10,20
93.0,82,76,15,72,22,8,30,55,95,35,88,45,85,90,5,25,35,90,80,85,55,50,95,5,10,5,5,0,5,10,40,70,15,60
94.0,80,75,40,70,30,85,40,60,80,50,70,50,80,10,20,60,15,60,70,75,60,60,5,10,10,5,5,5,90,20,30,70,30,50
95.0,85,60,25,75,70,5,45,50,95,40,90,65,85,20,5,15,20,35,85,65,65,55,0,0,5,0,0,0,95,10,15,70,10,40
96.0,68,52,45,72,62,88,58,75,55,40,45,48,42,25,15,65,18,35,60,30,60,55,2,5,5,2,2,2,95,10,25,65,10,40
97.0,82,76,25,72,32,8,35,65,92,55,78,50,88,90,10,15,18,45,80,75,68,55,5,5,10,5,5,5,95,10,30,75,35,60
98.0,90,85,5,40,5,20,50,80,70,10,60,60,70,10,5,10,20,30,85,95,60,50,10,10,20,5,5,5,90,0,50,0,30,80
99.0,78,72,35,75,35,85,40,65,95,55,80,60,85,15,10,40,20,85,80,65,60,60,5,15,20,5,5,5,90,10,30,75,15,85
100.0,82,76,28,72,28,12,32,65,96,45,88,68,82,65,8,35,22,62,85,84,58,62,5,15,25,5,5,5,88,50,45,74,18,92
101.0,80,65,30,70,45,10,50,60,90,40,75,50,60,40,10,40,15,15,70,70,60,65,5,5,10,5,5,5,95,50,40,70,20,90
102.0,75,55,35,75,75,10,35,65,55,40,45,45,80,50,10,30,25,60,70,40,60,55,5,5,10,5,5,5,90,20,30,70,10,20
103.0,75,72,25,65,22,10,35,60,85,45,75,60,50,85,5,30,15,40,80,80,55,50,0,0,5,0,0,0,95,5,45,55,10,60
104.0,75,65,45,60,35,90,45,60,70,20,60,55,70,15,20,45,25,60,75,40,50,65,5,10,10,5,5,5,90,10,40,55,10,90
105.0,78,76,25,72,35,10,35,55,92,45,85,65,88,70,15,10,35,85,80,75,70,55,10,25,65,10,5,5,75,0,45,75,40,30
106.0,82,88,25,72,22,5,25,65,95,45,88,55,92,85,5,10,20,10,85,88,75,50,2,5,10,2,2,1,92,10,45,78,20,75
107.0,75,72,60,90,50,10,35,40,85,95,80,90,85,30,35,40,35,45,85,75,75,95,0,10,10,0,0,0,95,0,95,65,10,30
108.0,65,72,45,68,22,10,40,50,35,45,40,60,75,90,15,15,40,85,75,70,55,50,65,25,45,35,25,10,35,0,50,60,40,85
109.0,85,85,25,75,25,10,35,50,95,40,85,70,90,85,10,10,65,90,85,85,60,50,80,30,20,5,5,5,10,50,50,75,20,40
110.0,85,80,5,50,5,20,40,70,95,10,90,75,40,25,5,60,15,30,85,95,60,50,5,5,15,5,5,5,90,10,50,0,10,20
111.0,78,62,30,88,52,30,40,65,82,45,72,58,75,10,12,48,25,85,76,55,68,72,10,25,40,5,5,5,75,5,35,78,5,90
112.0,78,82,30,72,22,10,35,45,92,60,85,65,88,75,5,10,45,40,85,88,60,50,65,15,35,5,5,5,45,0,45,75,60,15
113.0,75,72,35,70,20,65,35,55,65,40,60,60,65,30,10,35,40,85,75,75,55,50,10,55,45,10,5,5,70,0,40,55,10,85
114.0,90,85,5,50,5,15,45,60,55,10,50,70,80,30,5,10,35,85,90,95,60,50,15,35,45,10,10,10,55,0,50,5,10,10
115.0,75,72,35,78,25,85,30,65,60,40,60,55,70,20,15,35,25,80,75,65,60,60,5,10,15,5,5,5,90,10,40,70,20,45
116.0,78,62,45,82,68,85,55,65,60,35,45,50,88,10,15,35,60,65,75,30,75,50,95,10,15,5,5,5,10,20,25,85,10,5
117.0,75,72,55,82,42,92,45,65,78,45,68,60,88,15,30,48,18,75,85,55,75,60,5,10,10,5,5,5,90,50,25,80,20,5
118.0,68,62,45,78,35,85,45,65,60,30,55,50,75,5,15,40,65,95,70,45,55,60,10,35,45,10,5,65,25,10,45,70,10,30
119.0,82,76,28,78,26,8,45,62,92,48,85,58,88,82,12,18,32,85,84,79,68,55,15,18,72,8,10,5,35,10,45,81,35,48
121.0,75,72,35,60,20,85,45,80,70,65,65,40,60,20,10,45,20,85,60,75,55,50,5,10,20,5,5,5,90,10,40,65,10,80
122.0,65,75,45,70,25,85,30,50,30,90,60,75,70,20,35,60,20,80,70,70,65,60,5,5,10,5,5,5,95,10,15,60,25,80
123.0,68,62,55,78,75,90,40,45,35,75,40,72,65,30,15,20,35,25,65,35,60,55,5,10,10,5,5,5,90,10,30,65,20,50
124.0,55,72,55,70,25,85,35,60,30,30,40,60,55,65,20,35,20,75,75,60,55,55,5,10,10,5,5,5,90,10,40,50,15,85
125.0,65,60,70,80,65,90,50,55,20,60,30,70,85,10,40,10,75,80,75,30,80,50,85,25,15,5,5,10,5,0,45,80,10,10
126.0,65,55,60,60,65,95,55,70,60,20,60,50,60,5,20,20,40,75,70,30,50,50,5,25,25,5,5,5,75,0,40,50,10,95
127.0,85,75,10,50,10,25,40,60,70,30,50,50,60,60,10,20,15,20,80,90,60,50,10,20,20,10,10,5,85,50,50,5,60,80
128.0,82,88,25,78,28,5,25,50,92,85,85,75,95,80,10,5,35,70,85,80,80,55,5,15,65,5,5,5,60,10,15,75,30,15
129.0,85,80,10,60,10,40,40,60,95,5,75,60,60,30,5,10,35,75,85,95,60,50,10,30,30,5,5,5,70,0,50,30,40,85
130.0,55,48,35,55,55,90,55,75,30,40,40,25,45,10,15,50,20,65,45,30,60,50,0,5,5,0,0,0,95,0,15,45,10,95
131.0,75,72,25,65,22,10,30,60,90,35,80,55,60,85,10,35,25,60,75,78,55,55,5,5,15,5,5,5,90,10,30,60,10,95
132.0,65,68,55,72,55,90,45,60,60,90,65,75,80,10,30,20,20,60,70,40,75,55,5,10,10,5,5,5,95,20,20,65,30,20
134.0,65,68,60,75,42,90,45,55,20,60,35,65,85,10,15,15,35,80,85,30,70,45,15,25,35,5,5,5,80,10,15,75,10,50
135.0,75,60,40,70,30,85,60,65,80,95,75,80,60,30,45,65,20,60,70,60,70,75,5,10,10,5,5,5,95,10,10,50,30,60
136.0,85,78,10,65,12,10,30,60,95,45,80,65,85,70,5,35,20,65,85,92,60,50,5,5,15,5,5,5,90,20,50,10,15,80
137.0,78,72,25,68,22,30,35,65,85,45,75,60,70,10,15,20,45,85,80,75,55,60,10,35,55,5,5,5,45,10,40,65,15,85
138.0,72,64,52,76,55,88,48,75,62,35,60,45,85,10,25,15,18,65,78,35,82,50,2,3,8,2,2,2,96,12,15,80,10,40
139.0,68,65,25,62,28,15,45,55,40,20,45,55,75,60,10,20,35,80,65,60,55,50,10,30,30,10,5,5,75,0,50,65,10,30
140.0,82,62,40,88,42,92,45,55,65,30,50,35,90,5,10,25,45,85,75,35,70,50,15,45,65,5,5,5,35,10,25,65,5,5
141.0,78,72,35,75,35,85,45,60,90,40,85,55,80,20,15,30,35,80,75,65,60,55,10,25,65,10,10,5,60,10,35,80,20,50
142.0,82,78,25,72,28,12,35,65,88,55,76,52,85,80,10,15,18,15,75,74,68,58,5,5,10,5,5,5,92,50,35,78,30,75
143.0,82,68,25,78,52,15,35,65,92,45,75,55,85,35,5,35,20,65,85,70,55,65,2,2,5,2,2,2,95,50,30,75,30,45
144.0,68,52,42,82,55,92,45,65,60,35,58,55,62,15,25,58,18,35,75,30,65,55,5,5,5,5,5,5,95,10,30,62,15,85
145.0,65,78,45,72,28,85,35,40,90,85,75,70,80,15,30,45,25,85,60,75,70,60,5,10,10,5,5,5,90,10,15,65,20,25
146.0,65,62,45,68,45,95,40,55,70,85,60,75,75,10,30,45,25,85,70,40,65,55,5,10,15,5,5,5,90,20,15,60,15,90
147.0,65,45,40,75,65,90,55,80,30,40,35,30,70,10,20,60,20,40,70,25,60,55,5,10,10,5,5,5,90,0,20,60,10,20
148.0,82,72,45,78,55,90,45,65,80,40,70,55,75,10,15,20,30,75,75,50,60,50,5,10,20,5,5,5,90,0,35,78,20,85
149.0,82,60,45,78,85,90,55,65,40,55,35,50,75,10,15,30,40,15,70,25,65,50,5,45,35,10,10,5,80,10,20,75,10,60
150.0,75,72,25,70,25,15,35,40,90,30,85,75,70,10,10,35,45,85,80,75,50,60,5,35,30,5,5,5,65,10,40,65,10,80
151.0,72,58,45,75,55,90,55,60,65,80,60,60,70,15,35,45,25,60,65,30,70,65,5,5,5,0,0,0,95,10,10,55,15,95
152.0,85,80,5,50,5,60,40,70,95,10,80,60,85,10,5,10,15,30,90,95,75,50,5,5,10,5,5,0,95,0,50,0,40,70
153.0,82,76,25,78,42,12,38,65,92,55,80,60,88,75,10,25,35,85,85,72,60,55,10,65,45,10,5,5,50,20,45,75,15,60
154.0,78,68,42,76,58,85,45,65,72,35,68,48,82,15,12,38,25,75,78,45,65,55,5,8,15,5,5,5,92,10,25,78,15,30
155.0,75,85,25,70,25,10,30,40,80,70,65,70,85,90,15,15,15,60,80,80,60,60,5,5,15,5,5,5,90,10,30,75,70,65
156.0,75,65,30,75,35,90,50,60,65,40,60,45,70,10,20,45,20,85,70,55,50,55,5,30,25,10,5,5,80,0,40,60,10,90
157.0,85,75,10,50,10,25,40,60,70,15,60,40,80,30,10,15,15,20,70,90,70,50,5,5,10,5,5,5,90,5,50,5,40,20
158.0,75,60,30,75,55,10,50,65,65,40,50,45,70,40,10,35,25,65,60,45,55,50,5,5,10,5,5,5,90,0,30,65,10,80
159.0,72,76,45,68,32,88,48,65,70,35,62,55,60,15,25,20,45,85,75,58,55,50,5,35,30,10,5,5,80,10,35,65,40,85
160.0,65,55,60,75,70,90,55,60,30,40,45,60,70,5,20,25,20,30,70,30,50,50,5,15,10,5,5,5,90,10,30,60,20,75
161.0,75,72,25,60,20,10,30,65,90,45,80,55,60,85,10,35,15,30,70,78,55,50,5,5,10,5,5,5,90,10,40,60,10,95
162.0,65,62,45,72,38,85,42,65,35,30,40,45,75,15,20,25,20,60,70,40,60,55,5,10,10,5,5,5,90,10,35,65,15,40
163.0,65,55,50,75,60,90,55,60,20,50,30,60,70,10,30,40,60,30,70,30,60,60,10,80,30,10,10,10,30,50,40,65,20,30
164.0,85,80,15,55,10,45,45,65,45,10,55,65,45,75,10,15,20,35,85,95,65,50,5,5,10,5,5,0,95,5,50,5,70,85
165.0,78,75,20,70,35,5,30,40,95,70,85,70,90,80,5,25,20,85,80,85,65,60,90,5,10,5,5,5,20,5,30,75,5,70
166.0,75,72,25,60,18,35,30,65,90,15,80,55,45,10,10,35,20,80,75,78,55,50,5,10,20,5,5,5,85,0,30,50,10,95
167.0,65,60,55,80,45,15,30,50,40,30,50,60,85,10,20,35,15,40,75,45,75,60,0,0,0,0,0,0,95,0,50,85,10,10
168.0,82,76,25,72,28,8,42,55,95,65,88,70,85,45,10,15,35,90,80,78,75,55,95,5,10,5,5,5,10,10,45,78,20,85
169.0,65,60,30,55,55,10,45,70,60,60,55,40,70,60,10,20,20,45,60,50,50,50,5,10,25,5,5,5,80,20,50,50,10,90
170.0,82,68,22,74,52,8,48,55,92,25,78,52,82,45,8,12,68,92,72,62,58,55,35,15,65,25,30,15,10,0,45,72,10,65
171.0,65,55,35,65,35,40,60,50,60,10,55,55,45,20,20,55,20,85,50,60,50,65,75,5,5,5,5,5,15,0,55,50,10,80
172.0,75,72,25,70,15,60,35,65,65,20,60,50,75,20,10,20,45,85,80,78,60,50,10,35,55,10,10,5,45,0,50,55,10,85
173.0,75,65,30,80,35,25,40,60,65,40,60,55,85,10,10,35,45,95,75,60,60,55,95,10,15,10,10,5,10,20,45,70,20,60
174.0,85,78,10,60,10,20,40,70,75,15,65,60,80,70,5,15,35,65,80,95,60,50,15,25,65,10,10,5,40,0,50,40,30,95
175.0,55,72,60,75,22,15,30,50,15,30,35,65,75,45,40,10,15,25,85,65,60,50,5,5,10,5,5,5,90,0,50,60,20,10
176.0,82,78,25,72,28,12,35,60,92,45,75,55,88,85,10,35,30,90,80,82,65,60,95,5,10,5,5,5,10,50,45,78,30,20
177.0,65,62,45,68,38,85,45,60,55,75,50,60,65,15,40,25,20,65,70,50,60,50,5,10,15,5,5,5,90,10,35,55,20,40
178.0,75,78,30,72,25,10,35,55,70,45,70,65,85,40,10,10,65,90,80,75,60,55,15,40,75,25,30,10,10,50,50,70,50,50
179.0,75,78,55,80,45,15,45,40,60,85,65,80,90,10,10,10,85,95,75,55,70,55,0,5,5,5,5,95,0,20,45,75,60,20
180.0,65,78,40,75,28,15,30,45,35,30,45,70,65,10,40,15,30,90,80,60,55,60,10,45,35,10,5,5,75,0,35,65,20,20
181.0,82,68,35,78,45,25,40,55,92,30,85,60,85,70,15,45,25,85,85,65,55,65,5,10,15,5,5,5,90,0,40,75,10,30
182.0,62,68,55,65,28,92,45,60,40,30,50,60,70,20,15,20,35,90,75,45,50,65,10,75,30,5,5,5,70,10,25,55,20,85
183.0,55,78,62,72,22,85,35,45,35,30,50,68,75,15,42,20,45,90,75,65,55,50,10,65,55,10,10,10,60,50,45,65,20,20
184.0,82,76,42,81,34,18,48,55,92,25,78,62,91,8,12,15,52,92,84,72,71,58,88,12,28,18,8,4,8,2,35,79,18,32
185.0,68,72,35,65,28,15,25,55,55,30,60,60,65,50,15,25,35,80,70,65,50,60,10,30,40,10,10,10,70,10,40,65,20,85
186.0,75,65,30,80,20,85,40,60,65,40,60,45,75,10,10,55,15,45,70,60,55,55,5,5,10,5,5,5,90,0,30,70,10,60
187.0,75,72,45,65,25,85,40,60,85,40,75,55,80,5,15,20,55,90,75,60,50,50,5,55,45,5,5,5,65,0,45,70,10,95
188.0,82,85,25,78,22,8,30,55,75,45,68,60,88,85,10,15,25,65,80,82,65,55,92,8,12,10,5,5,10,20,45,78,40,75
189.0,75,60,30,75,65,85,35,60,90,70,75,65,80,15,20,60,15,30,80,55,65,60,5,5,10,5,5,5,95,10,30,65,20,60
190.0,65,55,45,65,45,90,55,80,70,60,65,30,75,10,25,40,20,75,70,40,70,50,5,5,10,5,5,5,90,10,20,75,10,80
191.0,72,78,35,75,38,10,30,45,95,85,85,80,85,15,15,25,25,60,85,80,65,55,5,5,10,5,5,5,95,10,20,65,15,20
192.0,78,62,35,75,45,85,40,65,80,30,70,50,75,10,15,55,20,60,70,55,60,55,5,5,10,5,5,5,90,10,30,70,20,10
194.0,85,80,10,50,10,60,40,60,95,5,75,60,45,25,5,30,65,95,85,95,35,50,95,5,10,15,15,5,5,0,50,15,10,95
195.0,75,65,40,60,25,85,45,70,75,20,65,40,60,15,10,45,20,60,70,60,50,55,5,10,10,5,5,5,90,10,40,60,10,50
196.0,55,62,65,55,35,95,45,50,15,25,30,65,40,10,10,10,65,90,85,30,35,50,10,55,75,10,10,5,20,10,15,55,10,70
197.0,65,50,40,80,55,85,50,60,25,20,35,45,45,35,20,65,25,80,60,25,55,55,5,15,10,5,5,5,90,10,30,55,10,20
198.0,82,76,25,68,35,10,35,60,92,45,85,55,80,45,10,20,25,25,75,78,65,55,5,5,15,5,5,5,90,50,45,72,15,75
199.0,78,72,25,68,28,12,35,65,92,45,80,55,75,20,10,35,18,85,75,76,55,60,5,10,25,5,5,5,85,15,30,65,15,10
200.0,65,55,50,60,45,90,60,50,60,75,60,70,30,35,25,60,35,70,60,40,45,50,5,10,15,5,5,5,90,10,15,40,10,75
201.0,75,60,45,70,55,90,55,65,60,40,50,50,80,10,15,20,70,80,70,40,60,50,85,25,15,10,5,10,5,10,45,75,20,80
202.0,82,68,28,72,38,8,32,58,78,42,68,52,55,30,12,38,18,62,75,72,48,52,2,2,5,2,2,2,92,15,40,68,15,75
203.0,65,75,60,70,25,85,45,50,40,30,45,60,70,10,45,10,35,70,80,55,60,50,5,10,15,5,5,5,85,0,25,65,15,60
204.0,65,72,35,68,22,70,30,55,45,85,60,75,50,65,15,40,35,85,70,75,50,55,10,35,40,5,5,10,75,10,25,55,20,60
205.0,72,62,35,78,55,90,45,65,60,40,55,45,75,15,25,50,30,90,75,35,60,55,10,45,35,10,10,5,85,20,45,65,10,80
206.0,78,76,30,72,42,8,25,65,92,45,85,55,88,45,10,12,18,55,82,70,75,60,2,5,10,2,2,2,95,15,35,85,25,20
207.0,75,78,25,72,22,10,30,60,65,40,60,55,70,60,10,20,15,50,75,80,60,55,5,10,15,5,5,5,90,30,40,70,50,85
208.0,65,60,40,55,35,90,45,60,70,30,65,50,40,20,20,45,50,85,55,55,40,50,25,15,60,10,10,10,35,0,45,45,10,80
209.0,75,72,25,68,22,8,35,65,60,45,55,50,80,75,10,20,15,45,70,78,60,55,10,5,10,5,5,5,90,10,45,65,15,95
210.0,68,72,45,62,28,88,35,65,60,40,55,50,75,10,15,20,35,80,70,60,55,50,5,25,20,5,5,5,85,10,45,65,20,95
211.0,75,78,30,72,28,10,35,55,80,45,75,60,85,60,10,15,40,65,75,75,65,55,10,35,45,10,5,5,70,10,20,75,20,20
212.0,65,75,40,70,40,95,45,50,55,70,55,65,75,55,20,35,20,60,70,60,65,55,5,5,10,5,5,5,95,10,25,60,15,85
213.0,78,72,25,70,28,10,40,55,90,45,80,65,75,70,10,15,35,85,80,75,60,65,10,20,75,10,10,5,35,10,30,70,20,85
214.0,78,72,15,65,12,5,30,60,65,30,55,50,60,65,5,35,15,15,70,85,60,50,5,5,10,5,5,5,90,20,50,50,20,75
215.0,75,68,40,65,35,85,60,60,85,70,75,70,60,30,20,60,15,80,70,65,60,60,5,10,10,5,5,5,90,10,20,60,20,50
216.0,75,78,25,65,28,5,35,45,95,50,85,75,85,75,10,25,20,65,85,80,55,65,5,5,10,5,5,5,90,10,35,60,10,20
217.0,85,78,25,72,22,10,35,75,95,55,85,60,65,60,10,35,15,35,80,82,55,60,5,5,10,5,5,5,95,50,45,75,40,90
218.0,90,85,5,50,5,75,35,70,85,10,60,40,80,5,5,10,15,45,90,95,60,50,5,5,10,5,5,5,90,0,50,0,10,5
219.0,82,76,25,72,28,8,35,65,92,45,85,55,88,95,10,25,15,25,80,78,68,55,2,5,8,2,2,2,96,15,15,62,35,85
220.0,65,68,55,75,22,15,35,50,25,30,40,65,55,15,10,20,35,90,75,60,45,60,10,40,65,5,5,5,30,0,45,60,10,20
221.0,82,76,25,65,22,12,35,60,95,30,88,70,55,75,5,35,55,85,80,85,45,55,65,15,55,45,20,10,20,10,45,65,30,60
222.0,65,78,25,72,22,5,30,60,35,20,30,55,85,90,10,10,20,85,60,70,60,50,10,45,35,5,5,5,85,0,50,65,10,5
223.0,75,60,35,75,55,15,45,60,45,30,40,60,70,35,20,45,20,65,70,50,60,55,5,5,10,5,5,5,90,10,35,65,10,40
224.0,75,85,30,70,20,5,30,60,60,40,65,50,90,85,10,10,15,35,80,80,75,55,5,5,10,5,5,0,95,10,50,70,60,10
225.0,75,65,30,75,45,15,35,50,70,40,60,50,60,70,10,20,25,75,70,55,50,60,5,10,15,5,5,5,90,10,40,70,20,60
226.0,90,85,10,60,10,35,40,75,65,15,60,70,70,65,5,10,15,35,85,95,75,50,5,5,10,5,5,0,95,0,50,20,50,85
227.0,78,68,35,72,32,62,55,65,65,25,60,55,85,25,15,45,18,75,75,70,65,60,5,5,10,5,5,5,92,50,55,75,10,30
228.0,85,78,25,72,28,10,35,65,92,45,80,55,90,50,10,15,20,60,85,75,65,55,5,5,15,5,5,5,90,20,20,75,20,30
229.0,75,72,55,80,60,5,50,30,25,90,45,85,80,60,10,10,85,80,70,40,60,50,0,0,5,0,0,95,0,0,10,75,40,40
230.0,78,72,45,68,32,88,48,65,85,35,75,55,82,15,12,25,25,80,70,60,65,55,5,15,35,5,5,5,85,20,35,75,10,10
231.0,85,75,10,70,15,10,30,60,90,40,75,65,60,60,10,30,10,15,80,90,60,50,0,0,5,0,0,0,95,10,50,5,10,70
232.0,85,80,15,60,5,40,40,50,40,20,50,60,60,70,10,15,35,85,75,90,60,50,70,20,30,20,10,5,20,5,50,10,40,80
233.0,75,60,45,85,65,95,50,60,70,95,60,75,70,10,35,55,25,30,75,45,80,85,0,5,5,0,0,0,95,10,15,60,10,20
234.0,72,62,35,78,55,65,55,65,60,30,50,55,75,65,15,65,45,90,70,45,55,50,95,5,5,5,5,0,5,10,45,65,5,40
235.0,88,78,12,65,8,15,25,60,85,10,75,65,80,60,5,15,20,45,85,95,60,50,75,10,15,5,5,5,30,0,50,5,40,90
236.0,75,72,60,78,45,90,40,65,55,60,50,65,75,20,15,10,25,80,80,35,65,55,5,10,15,5,5,5,90,10,25,70,15,45
237.0,82,65,35,78,45,25,50,60,90,40,75,55,80,10,10,30,15,15,75,60,60,65,5,5,10,5,5,5,95,10,45,75,10,85
238.0,78,62,30,72,55,12,48,65,82,45,68,40,75,55,10,15,20,60,70,50,60,55,5,10,25,5,5,5,85,20,35,75,10,80
239.0,82,72,25,78,35,10,25,55,90,65,75,70,85,65,15,45,15,30,85,75,65,65,0,0,5,0,0,0,95,50,40,55,10,30
240.0,65,68,45,72,35,85,45,60,55,75,65,70,75,10,20,35,65,90,70,55,50,55,10,20,30,5,5,75,10,10,40,50,10,45
241.0,78,62,30,75,55,10,40,65,80,55,65,50,80,60,10,25,20,60,75,55,60,60,5,10,15,5,5,5,90,10,40,75,30,20
242.0,82,68,25,74,55,12,45,65,88,40,78,55,80,50,10,15,20,60,85,55,65,55,5,5,10,5,5,5,95,10,45,75,20,95
243.0,90,85,10,60,10,15,40,60,95,20,85,75,80,50,5,15,20,80,90,95,60,50,10,15,35,5,5,5,75,0,50,50,40,40
244.0,82,76,28,72,22,12,35,65,96,55,88,68,75,60,8,35,25,75,85,88,55,50,5,15,35,5,5,5,75,0,45,72,15,92
245.0,75,72,30,65,25,10,35,60,85,45,70,50,75,75,10,25,15,60,70,75,55,55,5,5,10,5,5,5,90,20,40,65,10,90
246.0,78,68,25,82,28,35,35,55,65,30,60,60,75,30,10,45,30,90,75,72,55,60,85,10,15,5,5,5,15,0,40,65,5,5
247.0,85,82,25,75,20,10,30,60,90,50,80,65,85,80,10,15,30,85,80,85,60,55,90,10,15,10,10,5,10,40,45,75,60,70
248.0,82,71,35,76,38,88,35,65,92,45,85,55,78,15,12,35,22,70,80,68,62,58,5,8,12,5,5,5,92,25,28,74,15,85
249.0,82,78,25,72,22,12,35,55,95,45,88,65,85,85,5,25,20,35,85,88,55,50,2,2,5,2,2,2,95,10,45,75,10,90
250.0,82,78,25,72,28,8,35,65,95,45,88,60,85,45,5,35,20,65,85,82,50,55,5,10,15,5,5,5,90,10,30,70,10,90
251.0,75,72,35,70,25,70,40,60,80,30,70,60,60,85,20,40,20,60,75,75,60,60,5,5,10,5,5,5,90,10,35,60,20,70
252.0,85,78,15,72,15,10,30,65,88,25,75,60,85,85,10,35,15,45,80,92,70,50,5,10,15,5,5,5,90,0,20,30,20,50
253.0,75,50,40,80,70,90,55,70,55,60,45,40,60,10,15,45,20,40,60,30,60,55,5,10,10,5,5,5,95,10,20,65,20,50
254.0,55,50,40,65,55,85,35,45,85,80,80,75,55,60,45,75,20,60,80,45,60,65,5,10,15,5,5,5,90,10,35,30,10,20
255.0,75,72,45,65,22,85,40,60,65,40,60,55,80,10,15,20,45,95,75,70,60,50,95,5,10,15,5,5,10,10,30,70,20,60
256.0,75,72,25,60,15,80,30,65,95,30,85,55,60,50,15,35,15,25,75,80,60,50,5,5,10,5,5,5,95,30,30,65,20,90
257.0,90,85,5,50,5,55,45,60,75,10,60,70,70,5,5,10,35,85,90,95,75,50,20,40,60,5,5,10,40,0,50,0,60,10
258.0,72,58,25,78,35,15,45,65,60,40,45,45,55,60,10,65,15,60,70,60,50,60,5,5,10,5,5,5,90,10,45,55,10,10
259.0,78,82,15,72,22,8,25,55,65,45,55,60,88,65,10,12,18,45,75,85,65,50,92,8,10,5,5,5,12,10,45,70,20,60
260.0,78,76,25,68,28,12,35,45,92,85,82,72,80,65,10,25,55,88,85,82,60,55,5,15,85,5,5,5,10,50,10,75,10,80
261.0,85,75,15,70,15,10,30,60,90,20,75,50,80,85,5,30,15,35,80,90,65,50,5,5,10,5,5,5,90,0,40,10,20,80
262.0,80,70,20,65,15,75,40,70,60,50,60,55,75,10,10,30,25,70,85,80,60,50,5,10,15,5,5,5,90,10,50,5,10,10
263.0,85,75,20,70,15,60,30,60,95,40,85,55,85,10,10,25,40,90,80,90,60,50,95,5,15,5,5,5,10,30,50,10,20,70
264.0,85,75,15,70,15,10,30,60,90,30,75,60,75,60,10,15,15,40,80,90,60,50,5,5,10,5,5,0,95,20,50,50,60,80
265.0,72,68,35,78,25,70,40,65,55,30,50,55,75,65,20,55,35,90,70,72,60,60,95,5,10,5,5,0,5,10,40,65,10,10
266.0,78,68,30,62,22,35,35,65,92,45,80,55,50,10,15,45,15,45,75,72,50,55,5,10,20,5,5,5,85,0,40,55,15,85
267.0,82,74,18,65,15,35,30,60,88,45,75,55,40,10,12,35,15,55,78,85,55,50,5,5,10,5,5,2,92,0,45,10,15,10
268.0,72,78,35,76,38,12,32,55,35,85,45,74,88,75,15,18,22,85,72,75,68,62,5,8,15,2,3,2,92,40,25,65,30,35
269.0,80,75,25,75,25,10,30,60,90,40,80,50,80,70,10,35,15,60,75,80,50,55,5,5,10,5,5,5,90,10,30,65,10,85
270.0,55,65,40,60,20,90,35,65,45,30,50,40,75,10,25,40,15,25,75,60,60,50,0,0,5,0,0,0,95,20,35,55,10,95
272.0,65,60,75,65,65,95,55,50,60,85,60,75,60,10,40,20,35,60,70,30,60,50,5,10,10,5,5,5,90,10,10,65,20,80
273.0,85,75,25,80,20,10,50,75,95,55,90,60,85,85,5,55,20,60,85,85,55,55,5,5,10,5,5,5,90,50,50,70,10,90
274.0,75,60,40,80,45,85,50,60,65,30,50,50,80,5,20,45,35,90,70,40,65,55,95,10,10,5,5,0,5,10,40,70,20,90
275.0,78,72,35,65,22,75,30,60,85,45,80,65,70,20,15,40,65,90,75,75,50,55,75,35,30,10,10,15,10,10,45,60,20,25
276.0,62,58,35,82,32,85,38,65,42,55,45,52,85,15,25,65,22,85,75,48,72,58,12,25,30,5,5,5,82,0,45,60,10,10
277.0,75,78,40,75,25,85,35,60,60,30,60,55,85,20,25,15,20,70,80,60,70,50,5,10,10,5,5,5,90,10,35,75,20,30
278.0,75,60,35,70,55,30,50,60,60,40,55,50,65,30,15,40,25,45,70,45,55,60,5,5,10,5,5,5,90,20,45,65,10,70
279.0,55,65,60,65,45,95,40,60,25,30,40,55,50,10,20,20,35,75,80,40,50,50,5,15,15,5,5,5,85,10,30,60,20,50
280.0,85,75,30,80,55,10,45,60,90,50,80,55,90,15,10,10,20,60,85,45,75,50,0,0,5,0,0,0,95,10,15,85,5,10
281.0,72,88,30,75,22,5,25,45,45,60,55,75,95,85,10,5,35,90,80,82,80,60,95,5,15,10,5,5,10,10,45,75,78,5
282.0,65,72,45,78,28,15,45,40,25,85,45,80,75,10,30,55,15,45,70,65,75,70,5,10,10,5,5,5,90,10,40,60,15,20
283.0,65,50,55,75,60,90,55,70,40,60,40,50,80,10,30,30,30,60,70,20,70,50,10,10,10,5,5,5,90,20,20,75,10,10
284.0,75,72,35,68,18,45,30,65,85,40,75,60,80,15,10,35,35,90,80,78,60,50,10,45,65,10,10,5,40,0,50,25,15,45
285.0,72,82,15,65,22,8,25,55,30,40,35,60,70,80,10,15,12,10,50,85,65,55,5,5,10,5,5,2,95,0,45,40,20,85
286.0,80,75,20,75,15,60,30,60,90,40,75,50,70,10,10,30,20,80,80,85,60,50,5,15,25,5,5,5,85,0,50,10,10,90
287.0,45,50,65,70,60,95,60,70,15,40,30,50,75,5,45,35,20,70,70,20,65,45,5,10,10,5,5,5,95,10,15,75,10,85
288.0,75,72,45,70,30,90,45,60,75,40,65,50,75,10,20,35,30,85,70,60,55,55,10,45,40,10,10,5,75,50,30,70,20,50
289.0,85,78,25,72,28,5,35,55,88,60,82,65,80,60,5,15,60,85,80,82,55,60,25,30,70,20,30,10,20,10,45,75,60,85
290.0,65,50,45,75,65,95,50,60,20,30,30,40,70,5,10,45,25,30,70,20,50,50,0,5,5,0,0,0,95,0,30,60,10,80
291.0,75,60,40,65,30,85,55,60,90,30,75,55,50,75,20,65,20,60,70,55,50,70,5,10,10,5,5,5,95,10,40,45,10,95
292.0,82,68,25,78,45,5,30,65,92,30,80,55,85,10,5,15,15,20,85,55,65,50,0,0,5,0,0,0,95,10,30,80,10,85
293.0,72,68,55,75,42,90,50,60,65,75,60,65,65,15,25,20,35,75,75,45,75,55,5,10,10,5,5,5,95,10,15,60,20,30
294.0,75,78,25,65,25,10,30,20,85,30,80,90,85,85,10,35,25,85,75,85,55,75,85,10,15,5,5,5,15,0,50,45,10,60
295.0,75,65,35,60,45,85,45,75,85,50,75,40,75,10,15,50,20,60,70,55,60,50,5,5,10,5,5,5,90,10,25,70,15,30
296.0,82,76,35,78,32,75,30,65,95,45,85,60,88,10,15,25,25,85,80,72,70,60,95,5,10,5,5,2,15,20,35,75,30,60
297.0,85,75,25,75,25,35,30,60,95,30,90,70,65,10,5,45,40,90,85,80,55,60,10,45,55,10,10,5,45,20,40,75,10,5
298.0,85,78,10,55,12,15,40,65,60,20,45,70,80,85,5,15,20,85,75,92,60,50,95,5,10,5,5,2,10,0,50,10,65,70
299.0,65,45,45,75,55,25,55,60,20,10,35,45,65,15,15,35,45,75,70,30,50,50,10,15,65,10,20,10,40,0,40,60,5,10
300.0,68,62,45,78,58,92,48,65,60,75,55,70,80,15,25,35,35,65,72,45,65,60,5,25,15,5,5,5,85,10,15,68,15,30
301.0,82,76,35,65,28,92,35,65,95,45,80,60,75,10,15,25,35,90,75,70,55,50,5,45,35,5,5,5,75,20,30,65,10,85
302.0,75,65,45,80,60,85,55,70,60,40,55,60,85,20,30,40,15,70,70,45,75,65,5,5,10,5,5,5,95,10,35,70,20,60
303.0,80,75,25,70,20,10,30,60,90,40,80,50,60,50,10,20,20,70,80,85,50,50,20,10,20,10,10,0,80,10,40,70,10,80
304.0,80,60,30,75,75,10,50,70,85,60,70,50,80,60,15,40,20,30,70,60,65,55,5,5,10,5,5,5,90,20,30,75,40,80
305.0,75,82,25,65,20,15,30,35,60,45,65,85,90,20,15,40,15,25,75,88,60,70,85,5,10,5,5,5,15,50,55,30,55,30
306.0,75,60,35,75,30,90,50,60,60,40,55,55,45,25,15,45,45,80,70,50,45,60,5,35,35,5,5,5,75,0,30,55,10,60
307.0,75,82,25,65,22,10,40,55,85,45,80,60,90,85,15,10,35,80,80,85,65,55,65,20,60,25,10,5,30,50,45,70,15,60
308.0,82,74,25,68,32,15,35,55,95,30,88,65,70,10,5,35,45,85,80,78,40,55,10,20,75,25,15,10,30,5,35,72,15,85
309.0,60,50,50,65,75,95,50,70,30,40,40,40,50,10,20,50,15,5,60,30,55,50,0,0,5,0,0,0,95,10,40,60,10,90
310.0,78,62,65,82,85,90,60,45,25,70,35,68,88,10,20,30,85,45,75,20,75,55,5,5,10,5,5,95,5,15,20,80,30,10
311.0,75,65,30,75,45,10,55,60,70,20,65,55,60,70,20,60,20,70,60,70,50,60,10,10,20,10,10,10,90,10,40,50,10,20
312.0,75,78,25,65,20,10,30,55,90,40,85,60,65,60,10,35,30,90,75,85,55,50,95,5,10,5,5,5,10,20,30,55,15,20
313.0,78,76,42,74,35,92,45,55,88,30,75,65,82,15,18,25,38,85,72,62,68,58,10,55,25,5,5,5,70,10,15,72,12,45
314.0,65,60,45,75,55,90,40,60,55,85,60,70,85,15,35,55,25,85,75,45,75,80,5,5,5,5,5,5,95,20,10,70,10,10
315.0,75,72,45,75,35,85,40,60,75,65,70,60,85,15,35,35,25,75,80,60,65,55,5,10,10,5,5,5,90,10,25,75,20,30
316.0,82,78,35,72,32,8,45,65,95,55,88,62,85,80,12,15,55,65,85,76,68,60,10,25,75,10,10,10,35,0,45,78,10,85
317.0,85,80,10,60,10,60,40,70,70,30,65,60,50,15,10,30,35,60,85,90,60,50,15,40,50,10,10,5,60,20,50,10,50,95
318.0,78,72,25,75,35,10,45,60,65,30,55,60,85,80,10,15,40,90,70,65,60,50,90,10,15,10,10,5,10,20,45,75,40,60
319.0,90,80,5,50,5,55,60,80,60,10,50,70,85,10,5,10,30,85,90,95,70,50,20,30,40,10,10,5,65,0,50,0,40,10
320.0,82,78,15,72,22,12,30,55,92,35,80,65,85,75,5,15,35,90,85,88,60,50,75,25,45,10,10,5,20,10,50,65,10,60
321.0,65,50,70,85,85,90,45,60,25,95,35,75,90,5,35,25,25,15,80,15,85,60,0,0,5,0,0,0,95,0,15,80,5,5
322.0,65,60,80,60,35,85,45,20,10,30,30,90,70,50,10,5,55,80,85,30,60,50,15,10,40,10,95,5,5,0,40,65,75,80
323.0,75,70,45,75,55,90,50,60,85,85,75,70,80,10,20,20,40,80,70,40,65,50,5,10,15,5,5,5,90,10,15,70,20,60
324.0,78,62,35,72,42,25,40,55,95,15,85,60,65,10,10,35,20,45,80,65,55,60,5,5,10,5,5,5,90,10,40,70,15,95
325.0,85,82,25,78,22,10,35,55,95,45,85,55,92,95,5,10,35,90,85,88,60,50,95,5,10,5,5,5,10,20,25,70,15,90
326.0,75,60,35,80,55,85,45,70,60,40,50,30,80,10,15,35,20,40,70,30,65,60,5,5,5,5,5,5,90,10,25,65,10,75
327.0,85,75,10,65,10,55,40,60,40,20,55,65,75,35,5,30,20,60,85,90,75,50,5,10,15,5,5,5,90,10,25,5,60,10
328.0,45,60,70,60,60,95,50,60,20,30,30,65,50,10,20,10,20,70,80,30,40,50,0,10,10,0,0,0,95,10,20,50,10,90
329.0,85,75,10,60,10,15,40,65,90,20,75,55,60,70,5,35,15,20,80,90,65,50,5,5,10,5,5,5,90,10,50,5,40,95
330.0,75,72,25,70,35,10,30,60,90,65,80,60,85,60,10,35,15,60,80,75,70,55,5,5,10,5,5,5,95,10,20,75,20,30
331.0,68,62,35,72,22,65,35,55,25,15,30,45,75,10,10,40,35,65,50,55,50,55,10,20,25,5,5,5,85,0,45,40,10,20
332.0,75,72,25,65,22,10,45,60,70,40,65,55,50,85,10,35,20,65,75,78,50,55,5,15,30,5,5,5,85,10,40,60,10,15
333.0,82,76,45,78,35,85,40,65,88,30,75,55,90,10,20,35,15,70,85,60,80,70,5,5,10,5,5,5,90,0,35,85,15,5
334.0,75,72,30,65,28,10,35,60,80,40,70,55,65,75,10,20,40,65,75,70,50,55,35,15,65,25,25,5,45,20,45,60,10,90
335.0,75,72,35,70,35,85,30,60,75,80,65,60,60,15,10,25,20,60,75,65,50,55,0,5,5,0,0,0,95,0,15,65,10,85
336.0,85,80,5,50,5,35,45,70,95,10,80,70,60,10,5,30,15,35,90,95,60,50,5,5,10,5,5,0,90,0,50,0,30,80
337.0,75,62,45,60,58,90,50,75,70,35,65,40,65,10,15,35,25,80,65,30,55,50,5,10,15,5,5,5,90,10,20,65,10,95
338.0,65,72,50,75,30,85,30,60,35,85,60,65,75,15,20,45,20,80,80,65,60,55,5,15,10,5,5,5,90,0,15,60,10,40
339.0,65,78,25,72,28,5,30,45,20,75,40,70,75,55,10,15,15,35,75,72,65,60,0,0,5,0,0,0,95,10,25,65,15,85
340.0,85,55,35,85,90,95,50,65,55,30,45,55,75,5,10,25,15,10,75,35,65,55,0,5,5,0,0,0,95,5,15,75,40,20
341.0,68,58,35,72,55,85,45,65,60,40,50,55,70,15,20,35,15,35,65,40,55,60,5,5,10,5,5,5,95,10,25,65,15,85
342.0,62,65,48,68,32,88,38,55,42,75,52,62,58,25,18,55,62,92,72,62,48,52,8,25,78,5,5,8,15,12,35,45,10,85
343.0,85,75,10,50,5,10,35,60,70,10,60,40,80,40,5,10,35,85,80,90,60,50,85,10,15,5,5,5,15,0,50,5,30,10
344.0,85,80,5,50,5,30,40,60,75,30,60,70,60,20,5,10,25,40,85,95,70,50,60,20,40,10,10,5,50,10,50,5,40,70
345.0,82,72,45,78,38,92,55,65,95,40,85,60,80,10,15,35,60,85,75,65,70,55,25,65,35,5,5,5,20,10,20,75,5,10
346.0,85,78,25,72,22,10,30,65,95,55,85,50,80,85,10,30,20,20,80,82,65,55,5,5,10,5,5,5,90,15,15,75,35,75
347.0,75,72,40,70,25,85,45,60,90,50,80,55,70,10,20,30,65,90,75,65,55,60,15,75,55,10,10,25,20,0,50,70,30,50
348.0,80,75,40,70,30,85,35,50,90,45,75,65,85,5,15,20,85,95,75,70,60,50,5,5,10,5,5,95,5,10,20,75,40,80
349.0,75,60,45,80,55,90,55,75,65,60,55,40,75,15,20,65,25,60,70,45,60,55,5,5,10,5,5,5,90,10,35,70,10,30
350.0,75,65,25,70,30,20,60,60,60,50,40,55,75,50,10,35,20,85,70,60,50,40,15,75,15,5,5,5,60,0,50,50,75,15
351.0,78,75,25,68,18,45,30,65,85,20,75,60,60,15,10,30,35,85,80,82,55,60,10,25,40,10,10,5,70,15,45,55,10,95
352.0,65,55,60,80,70,95,55,50,15,75,40,60,85,5,25,15,75,20,75,25,80,40,5,5,10,5,5,90,5,0,15,75,10,10
353.0,85,80,5,50,5,40,65,75,30,10,30,70,85,15,5,15,15,35,85,95,65,50,5,5,10,5,5,5,90,10,50,5,40,10
354.0,82,86,18,74,26,8,38,52,88,45,76,68,92,85,12,15,35,92,82,84,72,50,92,12,18,10,5,5,10,10,45,78,65,35
355.0,75,72,30,70,20,60,35,55,65,30,60,55,65,60,35,45,15,30,75,75,65,60,0,0,5,0,0,0,95,10,50,60,25,40
356.0,75,65,35,70,20,40,35,60,60,30,55,50,80,5,10,20,65,95,75,70,50,55,10,15,40,25,20,60,15,0,35,60,15,10
357.0,85,80,10,60,10,20,40,50,40,20,50,70,80,60,5,5,20,60,80,90,70,50,5,20,30,5,5,5,80,0,50,30,60,10
358.0,82,85,25,88,22,8,35,65,95,45,85,70,92,85,10,15,60,80,85,88,75,60,15,20,85,10,10,10,15,10,45,78,55,10
359.0,85,78,10,50,10,35,40,75,60,15,50,65,80,40,10,20,15,20,80,90,60,50,5,5,10,5,5,5,90,0,50,5,20,70
360.0,82,72,25,78,35,10,45,65,88,40,75,60,65,85,10,35,20,70,70,75,55,65,5,15,15,5,5,5,85,40,30,65,10,30
361.0,75,55,40,80,45,90,45,70,75,60,65,40,85,10,30,60,15,50,70,35,75,55,5,5,5,5,5,5,95,10,25,75,10,30
362.0,65,60,40,65,35,80,40,60,55,30,50,55,45,10,20,30,55,90,70,45,40,55,85,30,40,10,10,5,10,10,50,60,10,95
363.0,65,60,45,60,50,85,40,60,60,30,60,40,70,10,30,20,35,90,60,40,60,50,95,10,10,10,10,5,10,30,50,60,10,95
364.0,65,60,45,75,45,85,45,60,70,80,65,60,75,10,50,60,20,40,70,40,75,60,0,0,5,0,0,0,95,0,20,65,10,20
365.0,85,78,15,82,22,5,30,65,95,45,85,55,80,85,5,45,20,85,80,85,60,65,15,35,35,5,5,5,80,50,40,75,10,95
366.0,75,60,40,80,35,90,55,65,90,30,75,55,60,20,20,55,30,85,70,50,50,60,10,35,30,5,5,5,85,0,30,55,10,10
367.0,85,82,15,75,25,5,30,60,90,40,80,65,85,45,10,15,30,75,80,85,60,50,95,5,10,5,5,5,10,0,45,75,20,80
368.0,78,72,25,68,22,12,35,65,92,45,75,55,70,50,10,30,25,75,85,76,55,50,5,10,20,5,5,5,88,50,50,70,15,95
370.0,82,72,55,78,55,85,45,75,90,45,80,55,88,10,15,15,25,60,85,35,80,50,5,5,10,5,5,5,90,30,20,85,10,5
371.0,82,85,25,72,28,5,30,55,95,75,88,70,85,90,10,15,20,35,80,82,80,60,5,5,10,5,5,5,95,20,15,75,30,90
372.0,82,76,35,72,28,85,45,65,95,40,85,55,80,5,10,15,40,90,80,70,60,50,10,35,65,10,5,5,45,0,30,78,10,10
373.0,82,85,25,75,22,10,35,55,92,45,85,60,88,80,10,15,45,75,80,88,65,60,10,20,75,25,5,10,35,10,45,78,55,85
374.0,75,78,25,70,22,10,35,60,90,65,80,60,85,80,10,20,15,30,75,80,65,55,5,5,10,5,5,5,90,10,15,60,30,45
375.0,82,65,45,68,58,85,50,75,90,35,78,55,72,10,15,35,18,45,75,40,65,55,2,5,5,2,2,2,95,10,25,78,15,60
376.0,60,70,55,65,25,30,45,50,40,20,55,60,75,65,25,15,50,95,70,60,60,50,75,45,35,10,10,10,15,0,45,60,10,85
377.0,85,75,55,80,50,85,45,60,90,40,80,65,90,10,15,10,85,90,80,45,75,50,5,10,10,10,5,95,5,50,30,85,20,30
378.0,78,62,22,76,18,65,35,65,60,45,40,48,42,30,12,58,15,35,65,72,55,58,5,5,10,2,5,2,92,15,35,30,10,85
379.0,82,76,25,72,22,12,35,55,88,45,78,52,85,80,10,25,25,70,85,82,60,55,5,10,15,5,5,5,90,20,45,70,15,40
380.0,75,82,15,65,20,5,30,55,65,40,50,60,85,80,10,15,20,90,75,85,60,50,95,5,5,5,5,0,5,50,20,70,60,90
381.0,65,45,30,60,85,90,55,60,40,50,40,30,60,10,20,45,15,20,60,30,50,50,0,0,5,0,0,0,95,10,50,60,20,40
382.0,75,72,35,65,40,90,45,50,70,90,70,75,60,60,20,40,20,80,70,65,50,55,5,10,10,5,5,5,90,10,20,50,10,80
383.0,75,65,40,60,35,90,45,65,85,45,75,50,70,10,15,35,15,55,75,60,55,50,5,5,10,5,5,5,90,0,15,70,10,60
384.0,78,68,35,75,45,12,35,55,88,45,75,55,82,25,15,20,18,35,75,55,65,55,2,5,10,2,2,2,92,10,25,75,35,40
385.0,88,72,15,78,75,5,35,60,92,55,80,65,85,45,5,10,40,60,80,60,70,50,95,10,15,10,10,5,10,10,40,80,45,50
386.0,65,60,65,75,45,90,55,60,15,30,30,50,75,10,30,20,35,80,70,25,60,50,10,45,45,10,10,5,75,0,30,65,10,40
387.0,78,62,25,85,52,15,40,65,55,30,45,50,70,55,10,35,35,80,75,55,60,65,10,45,55,5,5,5,40,0,35,75,10,15
388.0,82,78,25,72,38,12,35,65,92,85,80,75,85,60,10,15,20,55,85,76,70,60,5,5,10,5,5,5,92,10,20,75,25,60
389.0,68,82,45,72,25,12,35,55,30,40,50,65,85,75,15,10,45,85,75,78,60,55,35,30,65,10,10,15,30,10,45,65,40,60
390.0,75,82,35,72,28,5,30,45,78,35,75,80,90,85,15,10,45,90,85,80,65,55,85,25,15,5,5,5,10,0,50,65,40,40
391.0,55,68,40,55,28,15,30,15,65,20,75,90,70,70,25,60,20,50,60,75,50,60,85,10,15,10,10,5,10,0,50,25,10,95
392.0,65,72,40,75,25,85,45,60,60,30,50,60,60,25,15,45,45,90,70,70,50,55,90,10,15,10,10,5,10,0,35,60,10,20
393.0,75,65,20,60,15,85,30,65,60,30,30,40,70,5,10,45,15,55,30,70,60,50,5,5,10,5,5,5,90,10,35,55,20,10
394.0,78,62,25,72,52,12,45,65,75,35,60,45,75,35,10,20,15,40,70,50,60,55,5,5,10,5,5,5,90,20,30,72,10,10
395.0,65,75,45,70,20,10,35,55,40,30,50,60,85,80,20,20,30,85,75,70,60,55,95,10,10,10,10,5,10,0,50,65,10,20
396.0,65,62,45,68,25,35,50,60,20,30,40,55,60,20,10,35,15,90,75,55,50,60,5,5,10,5,5,5,90,0,45,55,10,85
397.0,85,80,5,50,5,10,40,60,90,20,75,60,60,50,5,10,20,75,85,95,50,50,95,5,10,5,5,5,10,0,50,0,30,85
398.0,82,78,15,72,12,8,35,65,88,25,75,55,85,70,5,15,35,85,80,88,60,50,10,35,40,5,5,5,70,10,50,60,45,75
399.0,82,68,25,76,48,8,42,65,85,15,72,55,80,45,10,15,28,85,75,60,55,50,95,5,5,5,5,2,5,10,50,78,15,10
400.0,82,76,25,72,28,8,35,65,92,45,85,68,88,65,12,35,15,20,80,82,60,65,5,5,10,5,5,5,95,50,45,75,30,85
402.0,55,62,68,74,32,88,35,55,25,75,58,72,42,65,48,58,18,42,82,52,62,48,2,3,5,0,0,0,96,0,12,45,8,75
403.0,75,65,50,80,55,90,50,60,75,30,70,60,85,10,20,30,60,90,75,45,70,50,95,5,10,5,5,5,10,0,20,80,10,10
404.0,78,72,25,65,28,10,35,60,92,45,80,55,75,85,10,25,20,40,70,75,60,55,5,5,15,5,5,5,90,50,45,70,30,85
405.0,75,72,45,78,38,90,45,65,60,35,55,45,85,10,15,20,15,55,75,40,70,50,5,5,10,5,5,5,95,20,25,80,10,85
406.0,85,75,10,50,10,20,40,60,90,10,70,60,50,70,10,30,15,30,80,90,60,50,5,5,10,5,5,0,90,0,50,5,40,10
407.0,75,65,40,75,55,10,45,60,45,40,50,55,80,60,15,20,20,60,70,45,65,60,5,10,15,5,5,5,90,30,30,75,10,90
408.0,82,76,25,78,35,12,30,65,92,45,80,55,85,40,10,15,35,85,85,72,60,55,85,10,20,10,5,5,30,10,45,75,20,95
409.0,75,78,25,65,22,10,40,60,70,35,65,55,85,85,10,15,20,35,75,80,60,55,5,5,10,5,5,5,95,10,15,65,30,90
410.0,75,78,35,65,28,85,30,60,95,85,90,70,75,35,15,55,15,40,90,80,70,55,0,5,5,0,0,0,95,20,65,60,25,30
411.0,75,65,40,75,35,90,45,60,60,30,55,45,70,10,20,40,20,70,70,55,65,55,5,5,10,5,5,5,95,10,35,70,20,90
412.0,75,65,40,75,45,90,60,60,90,50,80,65,75,10,20,40,60,90,75,60,60,60,50,85,30,10,5,5,20,50,15,70,20,30
413.0,78,76,35,72,28,12,32,45,88,65,75,60,85,65,15,20,38,85,75,70,60,55,5,25,80,5,10,5,65,10,45,82,30,50
414.0,65,78,55,72,25,10,30,45,35,30,45,70,85,75,15,10,25,80,80,65,60,50,10,35,30,5,5,5,80,0,45,65,20,75
415.0,75,65,30,75,25,60,40,60,60,40,60,50,70,30,10,50,15,80,70,65,50,60,5,20,20,5,5,5,85,0,40,50,10,80
416.0,75,65,30,75,20,10,45,60,85,50,65,50,75,80,10,45,15,80,70,75,50,60,5,5,10,5,5,5,90,20,40,65,40,85
417.0,75,65,40,80,35,80,50,60,60,40,55,45,80,10,10,30,40,90,70,50,65,60,95,5,10,5,5,0,5,10,30,70,10,40
418.0,85,78,10,65,12,5,25,75,95,40,80,60,70,90,5,30,15,35,75,92,70,50,2,2,5,2,2,2,95,10,15,45,35,65
419.0,80,75,5,50,5,20,40,60,10,10,20,70,50,40,5,10,15,30,75,85,30,50,5,15,10,5,5,0,95,0,50,40,60,60
420.0,82,76,35,72,22,85,40,65,92,45,85,55,88,5,10,25,55,90,80,78,60,55,85,10,25,45,10,5,10,15,35,78,15,95
421.0,78,62,25,85,45,10,35,55,75,30,55,60,80,70,10,35,20,60,75,55,55,60,5,5,10,5,5,5,90,50,25,75,15,30
422.0,68,62,35,74,28,15,35,55,30,20,45,60,55,40,10,35,20,75,75,65,50,60,5,5,10,5,5,5,90,0,40,55,10,30
423.0,68,52,45,78,58,25,45,65,35,40,30,55,85,10,15,45,20,60,75,35,70,60,5,5,10,5,5,5,90,10,30,75,10,5
424.0,82,58,15,78,75,10,45,65,85,45,72,48,75,10,5,25,15,20,70,60,55,55,2,2,5,2,2,2,95,50,30,75,20,40
425.0,85,75,10,50,10,20,40,60,95,5,75,60,70,60,5,40,15,35,80,90,60,50,5,5,10,5,5,0,95,0,50,10,10,20
426.0,75,62,35,78,52,25,35,65,60,30,55,45,85,30,10,20,15,70,75,45,65,55,5,5,10,0,5,0,90,20,40,72,10,10
427.0,65,55,45,75,85,10,35,15,30,30,55,85,70,40,20,35,15,20,70,40,55,60,5,5,10,5,5,5,95,10,45,60,20,75
428.0,75,60,45,75,65,10,50,60,80,65,70,55,80,20,15,25,15,35,75,40,70,55,0,0,5,0,0,0,95,10,40,75,20,80
429.0,85,78,10,65,12,60,35,70,75,15,60,55,45,25,5,15,35,85,80,90,60,50,5,25,30,5,5,5,80,10,50,40,30,65
430.0,85,75,10,60,10,55,45,60,90,20,75,60,65,70,10,30,15,60,80,90,60,50,5,5,10,5,5,0,90,10,20,5,10,15
431.0,85,75,20,70,15,65,40,60,95,20,90,50,80,5,10,30,35,80,85,85,60,50,65,10,25,5,5,5,40,10,50,10,10,90
432.0,85,80,15,60,15,10,25,50,75,40,65,60,90,55,10,15,20,35,80,95,75,50,80,10,15,10,10,5,30,50,50,10,60,60
433.0,78,72,35,75,35,10,45,60,85,40,80,65,85,70,10,15,65,90,75,70,60,55,75,25,20,10,10,25,5,10,45,75,40,70
434.0,85,82,45,75,25,90,40,55,95,40,90,65,85,10,15,15,75,90,85,70,60,55,10,15,20,10,5,90,5,50,35,80,50,50
435.0,78,68,30,72,45,25,45,65,92,35,85,60,65,30,10,40,35,75,80,70,50,60,10,30,35,5,5,5,75,10,40,65,15,90
436.0,78,58,52,82,72,12,45,65,60,35,48,55,85,15,10,25,25,55,75,35,72,60,5,5,10,5,5,5,95,10,35,78,10,20
437.0,75,55,35,70,55,85,60,65,60,30,50,55,60,10,15,55,20,60,60,45,55,55,5,5,5,5,5,5,90,10,20,50,10,70
438.0,82,78,35,75,30,5,35,60,95,45,85,55,90,75,15,10,15,35,85,70,75,55,0,0,5,0,0,0,95,0,20,85,10,90
439.0,78,72,25,75,22,15,35,65,90,45,80,55,85,85,10,35,30,85,70,82,60,55,95,5,10,5,5,5,10,10,40,70,15,20
440.0,85,75,10,50,10,15,40,60,90,10,75,60,60,60,10,30,15,35,80,90,60,50,5,5,10,5,5,0,90,0,50,0,40,10
441.0,75,68,30,65,28,25,35,60,85,35,75,60,55,20,10,35,20,85,70,70,45,55,5,10,20,5,5,5,85,10,30,55,10,90
442.0,85,80,10,65,10,10,30,70,95,30,80,50,75,60,5,15,15,25,85,90,75,50,5,5,10,5,5,5,90,0,50,5,30,90
443.0,65,60,55,55,35,90,50,60,30,40,40,50,45,10,20,20,65,85,70,40,30,50,10,30,75,10,40,10,20,10,20,50,10,90
444.0,85,75,25,70,20,10,30,65,95,30,85,55,65,40,5,35,25,60,80,80,55,55,0,0,5,0,0,0,95,10,40,65,10,95
445.0,75,80,30,70,25,10,30,50,80,60,75,55,85,80,10,15,15,40,80,75,65,55,5,5,10,5,5,5,90,50,45,75,30,50
446.0,65,55,55,75,55,85,55,60,20,45,35,60,75,10,25,35,35,90,70,30,65,50,95,10,10,5,5,5,10,10,45,75,10,15
447.0,55,50,60,85,65,90,55,60,30,85,50,75,40,20,35,70,25,60,80,25,50,60,5,10,10,5,5,5,90,10,15,45,10,15
448.0,82,64,35,71,52,65,48,62,88,45,78,55,76,8,12,42,22,55,74,58,61,58,4,6,12,3,2,3,92,15,28,77,11,44
449.0,85,80,10,55,10,30,45,70,40,15,50,65,75,60,5,20,15,45,75,95,60,50,10,10,20,5,5,5,85,10,50,5,40,10
450.0,82,78,25,72,28,8,35,65,92,45,85,55,85,65,5,15,20,40,80,80,60,50,2,2,5,2,2,2,95,10,40,75,20,90
451.0,85,75,45,80,55,10,65,40,95,60,90,80,90,10,5,10,85,90,85,60,65,55,0,5,5,10,0,95,0,0,40,75,60,20
452.0,75,68,30,60,25,70,35,65,90,20,85,45,75,5,10,35,15,35,70,70,60,55,5,5,10,5,5,5,95,10,30,65,20,95
453.0,85,85,5,50,5,20,60,60,95,10,75,70,70,20,5,10,55,80,85,95,30,50,65,10,20,20,30,10,10,50,50,0,60,90
454.0,68,85,42,72,22,8,25,55,35,40,45,65,92,85,15,10,18,65,78,82,65,52,95,5,8,5,5,2,5,20,48,70,35,15
455.0,80,75,30,85,35,10,30,50,95,30,90,60,90,80,10,20,45,85,80,75,70,60,70,10,30,5,5,5,20,0,40,80,10,30
456.0,75,72,30,70,20,10,35,60,65,20,60,55,80,85,10,15,45,90,75,70,55,60,15,25,75,20,25,10,15,10,40,65,10,85
457.0,85,82,25,75,25,10,35,55,95,45,90,65,90,85,10,10,65,85,85,85,70,55,55,15,45,30,15,35,20,10,45,80,60,40
458.0,82,76,35,78,22,85,40,65,92,45,85,55,88,5,10,35,35,90,80,78,60,55,95,5,10,5,5,5,10,50,30,75,15,10
459.0,60,55,75,65,55,95,55,70,45,95,60,70,85,5,45,35,15,65,85,30,75,20,0,0,5,0,0,0,95,10,10,80,50,10
460.0,65,85,20,75,20,10,30,50,30,60,40,75,95,80,10,5,20,90,70,80,70,50,95,5,5,5,5,5,10,20,30,60,60,50
461.0,65,60,45,75,55,15,35,50,35,45,45,60,70,20,10,15,30,60,75,45,50,55,5,5,15,5,5,5,85,0,40,55,10,90
462.0,78,76,22,72,25,12,35,55,82,65,75,68,88,25,8,12,18,75,78,82,60,50,2,5,10,2,2,2,92,10,30,75,55,85
463.0,75,78,40,80,55,10,30,45,40,85,50,75,85,35,15,10,15,45,70,55,70,50,5,5,5,5,5,5,95,10,15,75,10,30
464.0,60,65,60,70,55,90,45,60,85,40,75,65,70,10,60,30,20,40,80,40,75,50,5,10,10,5,5,5,90,20,20,65,10,70
465.0,55,75,65,75,55,95,40,60,45,85,60,70,90,20,40,15,15,35,75,50,85,60,0,0,5,0,0,0,95,0,5,70,10,5
466.0,65,60,40,65,25,80,50,60,55,40,45,40,70,10,20,55,20,70,60,55,50,55,5,10,10,5,5,5,90,0,40,65,10,10
467.0,75,65,30,80,55,10,45,70,60,40,55,50,85,60,10,30,30,90,75,60,70,60,95,5,5,5,5,5,10,10,50,80,10,10
468.0,75,65,45,75,35,90,45,60,80,30,70,45,75,15,15,50,35,85,75,60,50,50,5,15,25,5,5,5,85,10,30,65,10,80
469.0,85,75,15,70,15,10,30,65,95,45,80,55,85,60,5,35,15,10,80,90,70,50,5,5,10,5,5,5,95,50,50,60,60,90
470.0,85,75,10,60,15,20,40,60,95,30,75,60,85,40,5,45,35,85,80,90,60,50,10,35,75,10,10,10,30,0,50,0,40,20
471.0,65,55,50,55,45,90,55,75,80,40,65,30,70,10,20,20,15,60,70,30,25,50,0,0,5,0,0,0,95,10,10,45,5,95
472.0,60,65,45,75,30,10,40,50,30,85,40,75,70,30,20,45,15,40,70,60,65,70,5,5,5,5,5,5,95,10,30,55,20,10
473.0,45,75,80,75,15,45,25,30,5,95,15,90,40,10,10,5,30,90,95,65,20,50,5,10,15,5,5,5,90,5,30,5,10,85
474.0,75,65,30,80,45,10,50,60,85,40,70,55,85,80,15,30,20,75,75,60,65,55,5,5,10,5,5,5,90,10,45,80,10,50
475.0,78,72,15,68,18,5,25,65,60,45,55,50,85,85,10,30,25,90,70,82,55,50,95,5,5,5,5,2,5,10,50,55,15,10
476.0,78,82,55,72,35,85,45,50,92,88,85,75,88,10,15,10,65,90,80,75,75,50,5,20,85,10,5,10,15,0,20,80,45,60
477.0,72,68,35,65,25,85,40,60,75,20,70,45,75,5,25,35,15,45,75,60,55,50,5,10,10,5,5,5,90,10,30,60,15,30
478.0,75,65,35,55,35,85,45,70,65,60,60,40,75,15,20,45,20,55,65,55,60,50,5,5,10,5,5,5,90,10,20,65,10,30
479.0,82,76,25,72,28,8,35,55,92,45,85,55,85,80,5,15,20,85,85,78,60,50,5,20,35,5,5,5,85,10,30,78,5,75
480.0,78,62,50,82,60,15,40,55,85,75,75,65,85,10,15,25,25,50,80,45,75,55,5,5,10,5,5,5,90,10,40,80,10,90
481.0,82,74,25,78,28,22,35,65,95,45,88,68,62,15,8,32,38,92,85,76,58,62,96,4,8,5,6,3,8,12,35,72,15,88
482.0,65,55,70,80,75,90,45,50,20,75,40,65,85,10,30,15,60,20,75,20,75,50,5,15,80,5,5,65,25,10,15,85,10,10
483.0,75,72,45,70,35,90,50,65,65,40,60,45,80,10,10,30,20,40,75,55,60,50,5,5,10,5,5,5,95,20,35,75,10,20
484.0,75,65,35,55,30,85,45,70,80,30,70,50,40,10,15,45,15,60,75,60,50,50,5,5,10,5,5,5,90,50,50,60,10,85
485.0,65,55,50,75,45,90,55,60,20,30,30,40,70,10,15,40,45,85,70,25,60,55,15,30,75,10,15,10,30,20,25,65,10,40
486.0,75,65,55,65,55,90,50,60,90,60,80,65,60,10,20,15,65,60,85,40,50,50,5,45,40,10,5,5,85,50,50,60,10,90
487.0,78,76,35,65,22,85,40,60,92,15,85,55,82,15,10,30,25,80,80,72,65,55,5,10,20,5,5,5,90,10,35,70,15,95
488.0,65,72,35,70,35,10,35,60,30,40,45,55,65,60,15,20,15,30,75,65,55,55,5,5,10,5,5,5,90,0,40,60,20,30
489.0,90,85,10,50,10,15,40,70,85,5,75,60,85,35,5,10,35,60,85,95,65,50,75,15,25,5,5,5,25,0,50,0,40,70
490.0,75,72,35,65,20,85,40,60,85,30,75,50,80,10,15,30,25,85,75,75,55,50,10,20,45,10,10,5,80,10,45,65,20,90
491.0,68,78,25,62,28,8,32,55,65,45,55,60,88,85,12,10,18,65,75,72,65,50,85,10,15,5,5,2,20,50,45,70,15,75
492.0,65,60,40,70,35,85,40,60,65,85,60,65,70,10,55,65,15,85,70,55,65,55,5,10,10,5,5,5,90,20,20,60,20,30
493.0,75,70,15,55,10,15,30,60,20,20,25,50,60,65,10,20,15,35,50,85,55,50,5,5,10,5,5,5,90,0,50,0,10,60
494.0,75,72,35,78,22,85,30,55,65,40,60,55,65,25,10,35,35,90,80,75,50,60,90,10,15,5,5,5,20,0,45,65,10,60
495.0,68,65,45,72,45,85,50,60,55,40,50,55,85,10,20,25,35,90,70,45,65,50,95,10,15,10,10,5,10,20,35,75,30,40
496.0,82,68,25,72,28,30,45,65,92,45,88,55,75,10,12,35,18,65,80,78,55,62,5,8,15,5,5,5,92,10,45,76,20,85
497.0,72,78,25,65,18,10,25,60,45,30,55,70,80,85,10,20,20,45,75,85,60,55,75,10,20,5,5,0,65,10,45,65,60,80
498.0,72,68,48,75,22,85,45,60,35,25,45,50,85,5,10,15,78,95,75,55,55,50,5,10,15,15,5,90,5,10,30,72,35,45
499.0,75,70,30,60,30,85,50,50,95,85,85,70,60,90,15,70,25,85,80,75,50,60,5,10,15,5,5,5,90,50,30,65,10,40
500.0,55,52,48,68,45,92,58,75,20,35,30,40,65,10,15,45,45,85,60,25,50,50,10,65,45,10,5,5,40,10,20,45,5,5
501.0,75,78,30,72,28,12,35,45,65,85,70,75,85,60,10,15,65,95,80,72,55,50,5,10,15,15,5,85,5,10,20,65,40,75
502.0,82,74,35,78,42,12,48,65,92,30,85,68,88,60,10,25,68,85,80,72,62,55,15,20,30,25,10,85,10,45,40,76,20,55
503.0,65,72,55,68,42,90,35,45,55,85,60,70,75,10,25,20,20,40,75,55,70,60,0,5,10,0,0,0,95,10,15,65,30,70
504.0,75,70,40,60,25,85,45,70,85,40,75,50,65,10,20,35,15,60,80,60,55,55,5,5,10,5,5,5,90,50,45,65,20,50
505.0,82,85,25,88,22,5,35,65,95,60,90,70,95,85,10,15,35,75,90,88,75,55,5,15,35,5,5,5,85,50,45,80,60,60
506.0,90,85,5,50,5,30,40,60,95,20,85,75,65,75,5,10,10,10,85,95,75,50,0,0,5,0,0,0,95,0,50,0,70,80
507.0,85,65,30,80,55,15,50,60,95,40,80,60,75,20,10,35,35,80,75,60,60,60,10,25,35,10,10,5,80,10,30,75,20,30
508.0,75,72,35,82,25,90,40,60,70,50,65,55,80,10,20,45,35,85,75,70,55,60,10,45,35,10,5,5,80,0,40,65,15,60
509.0,60,55,50,60,65,90,55,70,60,30,55,45,50,20,40,30,20,50,70,40,55,50,10,10,10,10,10,5,90,10,30,60,10,95
510.0,78,82,55,76,25,90,40,65,68,45,72,60,88,15,20,15,25,85,85,70,75,50,5,15,35,5,5,5,85,10,40,82,10,10
511.0,65,62,30,60,20,75,35,65,45,20,50,40,60,20,10,35,35,85,60,70,50,50,90,10,10,10,10,5,10,10,30,50,10,10
512.0,75,72,45,68,45,90,40,60,90,65,80,60,85,10,15,35,60,85,80,55,70,55,5,30,35,5,5,5,85,10,15,70,25,30
513.0,65,60,50,75,55,10,35,60,20,30,30,50,80,20,10,20,15,20,70,40,60,50,0,0,5,0,0,0,95,10,30,65,10,20
514.0,75,78,45,72,25,85,30,65,60,30,65,55,75,25,15,35,15,75,80,75,65,55,5,5,10,0,0,0,95,0,25,70,10,50
515.0,65,78,55,72,22,8,25,55,40,25,55,68,85,80,15,10,10,15,80,70,65,50,0,0,5,0,0,0,95,15,45,70,20,5
516.0,75,68,45,78,45,90,50,65,70,40,60,55,85,10,35,20,20,40,75,45,75,60,5,5,10,5,5,5,95,20,15,85,10,15
517.0,65,80,60,70,30,85,45,50,20,95,50,75,65,10,25,20,25,70,75,45,80,50,0,5,5,0,0,0,95,10,35,75,65,60
518.0,65,55,70,65,80,95,50,45,60,80,55,80,45,15,15,15,30,50,75,25,35,50,0,5,10,0,5,0,95,20,10,40,10,90
519.0,78,62,30,65,22,35,35,60,92,25,85,55,70,30,10,45,15,55,80,72,50,55,5,5,15,5,5,5,90,10,40,55,15,90
520.0,75,65,20,70,20,10,30,60,85,40,70,55,55,60,10,60,20,60,75,75,50,55,5,5,10,5,5,5,90,30,40,50,10,90
521.0,78,65,60,82,75,95,45,70,65,60,55,50,90,10,20,15,25,20,80,30,85,50,5,5,10,5,5,5,95,10,15,88,10,10
522.0,75,60,40,75,55,90,50,70,85,50,65,50,80,0,20,60,15,20,75,40,65,55,0,0,0,0,0,0,95,50,40,75,10,90
523.0,60,65,30,55,35,15,25,50,75,40,70,55,60,70,30,40,20,50,70,60,65,55,5,5,15,5,5,5,90,10,45,50,10,95
524.0,68,62,42,65,45,85,55,75,55,30,45,35,75,15,20,45,20,60,60,45,65,55,5,5,10,5,5,5,90,10,25,70,15,65
525.0,78,72,35,75,35,10,30,45,70,60,65,65,60,60,10,20,65,90,75,68,55,55,85,25,20,10,10,10,10,5,45,65,15,60
526.0,65,72,50,70,30,90,45,60,40,30,50,55,85,10,15,15,25,75,70,45,60,50,5,10,15,5,5,5,90,50,35,75,10,30
527.0,82,72,25,78,45,5,45,65,88,40,75,55,85,70,10,20,15,70,80,50,65,60,5,10,20,5,5,5,92,10,50,75,20,10
528.0,65,85,30,70,20,5,25,45,60,90,65,80,75,80,10,15,15,80,85,85,80,55,5,5,10,5,5,5,95,10,45,70,75,70
529.0,72,64,45,70,62,85,45,60,75,25,65,50,75,10,20,25,45,55,70,40,60,55,5,35,45,5,5,5,55,0,30,75,10,90
530.0,82,76,35,78,55,12,42,55,92,85,84,72,88,25,8,35,18,65,85,74,72,60,2,3,8,2,2,2,95,10,15,75,25,30
531.0,82,58,35,78,72,95,55,65,88,45,75,55,70,10,15,45,30,40,75,50,60,60,10,40,30,10,5,5,85,20,30,68,15,90
532.0,90,85,10,60,10,40,45,70,95,15,80,75,65,75,5,15,35,90,90,95,60,50,15,45,65,25,25,5,40,5,50,5,40,60
534.0,75,65,25,75,20,10,30,60,85,50,70,50,75,80,10,45,15,55,70,75,50,60,5,5,10,5,5,5,90,50,40,65,10,20
536.0,65,75,25,70,35,15,35,55,45,70,50,60,85,15,10,15,35,90,75,65,55,50,10,15,20,5,5,5,85,10,30,65,20,60
537.0,62,58,65,72,42,92,45,68,25,35,30,55,78,10,40,20,25,65,80,30,75,50,5,10,15,5,5,5,90,10,25,70,15,20
538.0,82,85,25,78,42,5,30,60,95,75,88,70,95,75,10,5,20,45,90,75,80,55,0,5,10,0,0,0,95,10,15,85,20,10
539.0,78,76,25,72,42,5,25,55,92,65,85,68,90,75,10,15,25,85,80,74,65,55,10,15,85,5,5,5,75,10,45,75,20,35
540.0,75,85,25,70,20,10,30,60,60,40,65,50,90,40,10,10,10,15,80,80,60,50,5,5,10,5,5,0,95,20,30,70,20,10
541.0,65,60,40,75,50,80,40,60,60,50,50,60,60,50,20,40,35,85,70,50,60,60,10,60,20,5,5,5,80,0,30,65,10,75
542.0,85,78,15,72,18,12,25,65,92,25,85,60,80,65,5,20,10,20,88,90,65,50,2,2,5,2,2,2,95,10,45,55,15,30
544.0,75,55,35,80,65,35,60,50,45,20,40,50,60,10,10,30,45,80,60,40,50,55,75,15,35,20,25,5,10,0,50,65,10,30
545.0,78,65,25,55,18,65,30,60,90,10,80,45,40,10,10,35,35,85,70,75,50,50,10,20,40,5,5,5,75,0,30,15,5,85
546.0,75,82,25,65,20,10,35,60,70,45,65,60,85,95,10,15,35,65,80,85,55,50,15,25,65,10,10,5,45,50,50,70,40,90
547.0,85,75,10,50,10,60,40,70,85,10,75,40,45,10,5,30,35,25,70,90,50,50,5,10,30,5,5,5,85,0,20,5,10,95
548.0,65,65,45,75,35,85,45,60,25,30,35,55,75,15,20,35,45,85,70,45,55,50,15,50,60,10,10,15,40,20,30,60,10,15
549.0,82,76,25,65,32,8,45,60,95,20,88,70,90,60,10,15,48,85,85,78,60,50,5,15,85,5,10,5,30,10,45,75,30,75
550.0,78,62,35,82,58,25,45,65,70,30,60,55,85,10,15,20,20,75,80,40,70,65,5,10,15,5,5,5,90,10,45,80,10,5
551.0,75,72,35,68,22,70,35,55,65,45,55,55,65,50,15,35,25,80,75,70,60,50,5,35,25,5,5,5,85,10,25,60,15,85
552.0,65,70,20,60,15,80,30,60,60,30,40,50,60,20,10,40,20,70,70,75,60,50,5,10,15,5,5,5,85,0,30,5,10,5
553.0,65,72,30,68,35,15,35,55,85,15,75,60,75,75,20,35,20,85,70,70,55,55,5,10,10,5,5,5,90,50,45,60,20,85
554.0,75,65,35,70,55,85,45,50,90,80,75,70,60,30,20,60,15,40,75,65,60,55,5,10,10,5,5,5,95,10,20,60,20,50
555.0,75,78,55,72,35,85,45,40,80,90,65,85,80,5,20,15,45,80,75,60,65,60,5,15,20,5,5,85,25,10,20,65,50,40
556.0,82,68,35,62,55,92,45,75,98,65,88,55,70,5,5,55,25,65,85,35,65,50,2,2,5,2,2,2,95,10,15,78,25,92
557.0,82,74,25,72,28,5,35,65,92,45,85,55,65,85,10,35,15,25,75,78,55,60,2,2,5,2,2,2,95,20,30,75,30,85
558.0,78,62,35,65,38,30,55,75,85,50,70,55,60,20,15,40,25,75,70,65,50,55,5,10,15,5,10,5,90,50,45,65,10,95
559.0,65,78,25,72,20,5,30,60,40,45,40,65,80,75,10,10,20,80,70,75,60,50,10,20,40,5,5,5,85,20,50,65,10,60
560.0,82,72,35,65,28,92,45,65,95,25,85,55,78,10,15,35,20,35,75,75,60,50,5,5,10,5,5,5,95,10,30,70,5,60
561.0,80,72,25,70,25,10,30,50,90,40,80,55,65,75,10,20,35,85,80,75,50,55,5,15,35,10,10,5,65,0,40,75,20,60
562.0,82,64,35,76,52,25,45,65,88,30,75,55,85,15,10,20,15,55,78,50,68,55,5,5,10,5,5,5,92,10,40,78,10,5
563.0,65,72,70,78,40,95,45,65,20,40,35,60,90,5,50,15,25,75,85,25,85,50,0,5,5,0,0,0,95,10,15,85,5,5
564.0,85,72,25,78,55,10,30,65,90,45,80,55,85,20,10,15,15,20,80,55,60,55,0,0,5,0,0,0,95,50,25,80,15,70
565.0,85,75,25,70,25,10,35,55,95,45,85,65,55,75,5,25,25,60,85,85,50,60,5,5,10,5,5,5,90,50,40,75,15,45
566.0,75,65,25,55,20,75,45,60,85,30,70,40,35,10,15,45,15,75,65,70,50,50,5,10,20,5,5,5,85,10,35,55,15,90
567.0,80,75,30,65,15,85,35,60,90,75,85,60,75,10,20,30,25,80,75,80,65,50,5,10,15,5,5,5,90,10,20,60,10,80
568.0,78,62,30,65,42,10,45,60,85,45,75,55,70,60,10,20,45,85,70,60,50,55,10,25,80,30,35,15,20,50,45,72,10,40
569.0,82,76,25,72,28,8,35,65,95,35,88,55,60,75,10,35,20,75,85,78,60,55,5,5,10,5,5,5,90,20,45,75,10,95
570.0,85,75,30,80,25,10,30,60,90,50,80,55,85,80,10,40,20,40,80,75,65,60,10,15,25,5,5,5,85,10,40,75,10,80
571.0,75,72,30,65,28,5,35,60,90,40,80,55,75,65,10,15,35,90,85,75,60,55,95,10,15,5,5,5,10,10,50,70,20,90
572.0,65,60,55,75,60,10,45,60,30,60,50,50,85,40,20,10,20,15,80,40,75,50,0,0,0,0,0,0,95,0,10,70,5,10
573.0,65,60,35,70,40,25,35,60,55,30,55,55,75,10,15,35,15,45,75,60,50,55,5,5,10,5,5,5,95,10,30,60,10,85
574.0,82,68,30,75,32,45,35,65,92,30,85,55,85,5,5,35,25,75,85,72,55,55,5,10,15,5,5,5,85,10,40,65,5,5
575.0,82,76,25,72,22,35,28,55,92,45,78,65,80,5,10,35,18,40,85,82,60,68,5,5,10,5,5,5,92,0,45,75,15,75
576.0,85,80,15,65,10,10,40,60,40,20,45,65,85,75,10,15,25,65,75,90,60,50,95,10,10,5,5,5,15,0,50,5,30,90
577.0,82,78,35,85,22,85,30,65,92,45,88,60,90,15,15,65,35,85,85,80,75,60,10,25,40,5,5,5,80,10,45,75,20,95
578.0,90,85,5,50,5,10,45,60,85,10,60,75,80,20,5,5,10,20,85,95,75,50,0,0,5,0,0,0,95,0,50,0,60,80
579.0,65,75,70,65,28,90,35,60,30,70,45,75,80,10,25,15,25,80,85,50,60,50,5,10,15,5,5,5,95,20,20,70,30,65
580.0,72,61,45,74,52,88,55,68,70,55,62,42,78,5,35,38,25,75,72,35,65,50,5,15,10,5,5,5,92,10,30,75,10,10
581.0,65,60,55,70,60,90,55,50,60,95,55,80,65,10,30,20,20,60,70,40,70,55,0,0,0,0,0,0,95,5,10,70,15,40
582.0,82,74,25,78,32,12,35,65,88,45,76,55,80,85,5,25,18,75,82,72,55,60,5,5,10,5,5,5,92,10,35,75,15,65
583.0,75,72,45,68,35,90,45,60,65,40,60,50,75,10,15,20,35,85,70,55,55,50,10,25,45,10,10,5,75,50,40,70,10,85
584.0,65,60,70,60,45,95,55,40,40,45,60,65,60,5,20,15,75,90,60,30,55,50,5,35,25,15,5,45,40,50,50,60,50,60
585.0,82,76,25,72,18,75,35,65,95,45,88,55,85,10,5,25,55,90,80,82,60,50,10,35,75,10,5,10,25,10,30,75,15,90
586.0,68,78,58,72,28,92,42,55,45,35,52,62,72,12,18,22,28,65,78,58,62,55,2,8,15,2,2,2,92,10,28,68,25,75
587.0,85,78,25,72,20,10,30,65,90,45,80,55,85,70,10,25,15,40,80,82,60,55,5,5,10,5,5,5,90,20,35,75,40,50
588.0,75,62,35,78,55,85,40,65,65,45,55,50,55,10,10,40,15,35,70,40,60,55,5,5,10,5,5,5,90,20,30,70,10,35
589.0,78,68,25,65,22,12,35,65,88,40,75,55,72,60,10,30,55,92,80,76,50,55,92,8,15,25,5,5,5,15,45,70,15,20
590.0,75,78,65,82,72,85,45,35,40,90,55,85,88,5,15,10,85,75,70,35,75,50,5,5,10,5,5,95,5,10,15,80,45,20
591.0,65,60,55,70,25,85,50,75,40,60,45,40,85,10,35,45,20,60,75,45,75,50,5,5,10,5,5,5,90,10,25,70,15,20
592.0,85,65,35,75,60,10,30,60,90,50,75,55,80,15,10,20,15,10,70,45,65,60,5,5,10,5,5,5,90,0,30,80,10,80
593.0,65,55,70,75,65,95,50,60,20,50,40,60,85,5,30,15,35,60,80,15,80,50,5,85,20,5,5,5,70,50,10,75,10,10
594.0,65,55,35,75,45,15,40,60,50,40,50,60,70,60,10,30,15,55,65,45,50,70,0,5,35,0,0,0,90,10,25,65,10,5
595.0,65,60,45,55,20,85,55,80,40,50,55,30,60,5,10,35,20,70,60,45,50,50,5,10,10,5,5,5,90,40,40,55,10,60
596.0,75,72,45,70,30,85,45,60,80,30,75,55,70,10,20,25,35,90,75,65,55,50,10,45,65,10,10,10,55,10,30,70,20,40
597.0,72,61,42,76,58,88,38,65,68,55,62,64,45,65,22,52,25,60,74,48,63,58,5,8,12,5,5,5,92,15,35,66,12,35
598.0,65,60,65,75,60,90,55,50,20,40,30,60,80,0,20,10,85,90,70,30,70,50,0,5,5,5,5,95,5,10,15,75,10,10
599.0,82,74,25,76,32,8,45,65,72,15,55,68,85,50,10,15,35,85,80,70,45,40,30,75,15,5,5,5,40,10,50,65,80,90
600.0,75,62,45,72,78,8,55,60,70,65,68,75,82,15,10,15,45,85,75,55,65,50,5,25,80,5,10,5,60,20,40,68,20,15
601.0,75,72,45,68,28,85,35,65,70,30,60,55,75,15,20,35,20,75,80,65,50,55,5,10,15,5,5,5,90,10,30,60,10,65
602.0,75,72,45,70,55,85,40,50,60,90,65,75,80,10,20,30,45,85,75,60,70,50,5,15,25,5,5,5,85,10,20,75,20,20
603.0,75,78,30,72,22,10,35,55,60,45,55,60,85,80,10,15,15,45,70,75,65,55,5,5,10,5,5,5,90,20,25,70,30,40
604.0,85,75,30,80,20,85,35,60,95,40,85,50,80,5,10,40,80,95,80,70,60,60,0,5,5,5,5,95,0,50,50,75,30,90
605.0,75,72,45,65,35,85,45,60,90,80,85,65,75,10,20,30,25,85,80,70,65,50,5,15,25,5,5,5,90,10,15,70,30,40
606.0,55,78,65,72,28,92,30,50,15,25,40,65,60,15,30,10,35,90,85,45,55,50,5,40,30,10,5,5,75,0,35,50,10,95
607.0,75,60,50,80,65,10,45,60,40,30,35,50,80,10,10,20,55,95,75,30,65,50,95,5,5,5,5,5,5,10,20,80,10,80
608.0,78,82,25,72,28,8,35,60,85,75,80,70,88,85,10,15,15,12,82,76,68,55,5,5,10,5,5,5,95,50,45,72,15,20
609.0,78,62,45,82,55,85,55,75,88,35,72,55,85,10,25,40,15,45,80,45,70,60,5,10,10,5,5,5,95,10,35,75,10,15
610.0,82,65,35,78,75,85,40,60,95,30,90,60,80,5,15,40,30,15,85,45,65,55,5,10,20,5,5,5,85,10,35,75,20,80
611.0,85,88,25,78,28,5,30,60,92,45,80,70,90,75,10,15,20,80,85,85,70,55,90,10,15,5,5,0,10,30,45,82,60,95
612.0,85,78,15,72,18,25,35,60,95,20,88,65,82,10,5,35,35,45,85,92,65,50,5,10,20,5,5,5,85,10,30,5,15,90
613.0,85,78,25,72,18,25,45,55,95,35,82,65,88,10,5,15,75,95,85,90,60,50,5,10,30,15,5,85,10,10,50,75,55,90
614.0,62,76,28,68,22,12,32,55,45,65,60,70,85,65,15,35,30,90,85,78,60,55,95,5,5,5,5,5,5,15,35,65,25,20
615.0,65,70,35,65,15,60,40,55,45,30,50,60,55,75,20,35,45,85,70,75,50,55,10,45,60,10,25,10,40,20,45,40,20,50
616.0,45,62,65,55,35,95,45,60,60,25,55,55,65,10,75,20,20,40,75,40,50,50,5,5,10,5,5,5,95,0,20,50,10,50
617.0,75,68,20,65,15,30,45,60,75,30,70,60,75,10,10,20,45,85,80,80,55,50,10,35,60,20,25,15,20,10,50,5,10,10
618.0,55,72,45,65,28,85,35,50,35,95,40,75,65,85,45,35,20,85,30,65,75,60,5,10,15,5,5,5,90,10,25,55,30,70
619.0,80,75,10,50,5,65,45,70,75,20,70,60,60,10,30,60,10,60,80,90,50,50,5,5,10,5,5,5,90,10,50,0,10,10
620.0,85,80,5,50,5,15,45,60,35,10,30,60,85,75,5,10,25,85,75,95,60,50,90,10,10,5,5,5,10,0,50,10,10,40
621.0,80,70,25,75,20,90,30,60,95,10,85,45,85,10,15,65,15,40,85,75,50,55,0,0,5,0,0,0,95,50,40,70,5,60
622.0,75,60,45,85,65,90,40,70,90,80,75,60,85,10,30,60,15,30,80,40,90,80,5,5,5,5,5,5,95,10,20,85,10,30
623.0,75,72,25,75,28,10,35,50,70,45,60,65,85,90,10,15,20,65,80,75,60,50,0,0,5,0,0,0,95,10,20,65,15,45
624.0,75,85,30,70,20,5,30,65,70,50,70,55,85,80,10,15,15,10,80,80,65,55,5,5,10,5,5,5,90,20,30,75,60,50
625.0,65,60,40,75,30,90,45,60,40,30,40,50,70,10,20,60,25,80,60,55,55,60,5,15,10,5,5,5,90,10,30,50,10,20
626.0,72,65,30,75,35,25,30,60,40,45,40,55,60,20,10,20,35,85,70,60,50,60,90,10,10,10,10,5,10,50,50,65,20,90
627.0,65,55,50,70,55,85,50,70,30,40,40,45,70,10,20,45,20,60,70,40,60,55,10,10,10,5,5,5,90,50,35,65,20,60
628.0,85,80,10,60,10,60,40,70,95,20,85,60,80,10,5,15,55,90,90,95,60,50,15,25,85,20,30,10,20,10,50,40,70,60
629.0,85,78,15,72,15,10,30,60,92,35,75,55,85,10,5,10,80,95,85,88,50,50,5,5,10,15,5,95,5,0,50,10,60,80
630.0,82,78,25,72,28,12,35,55,75,45,68,60,88,85,10,15,42,92,75,80,65,55,65,25,50,30,10,10,30,10,40,78,15,90
631.0,70,65,15,65,15,20,40,80,25,35,35,55,75,55,5,35,15,45,65,80,55,50,2,2,5,2,2,2,95,50,50,10,20,20
632.0,85,80,10,60,10,60,40,60,90,20,75,65,70,60,10,20,20,75,80,90,60,50,10,30,30,10,10,5,75,0,50,5,30,60
633.0,65,60,55,75,65,90,50,60,60,50,55,55,80,15,35,20,30,20,70,30,75,50,5,10,10,5,5,5,90,0,30,70,10,30
634.0,82,74,15,65,18,12,30,65,95,45,80,55,60,75,5,25,15,25,70,85,60,50,2,2,5,1,1,1,95,10,40,45,10,90
635.0,78,72,35,68,18,65,30,60,65,45,62,55,85,10,15,30,25,80,80,75,65,55,5,15,35,5,5,5,85,10,40,70,10,85
636.0,55,72,65,60,20,85,45,55,25,30,40,60,80,20,35,15,35,90,75,55,60,50,10,35,35,10,10,10,75,0,45,65,20,30
637.0,75,72,25,60,20,10,35,60,90,30,80,65,70,85,10,45,30,85,80,78,50,50,10,20,30,5,5,5,75,0,50,60,10,30
638.0,55,65,60,65,20,85,35,50,20,35,50,60,65,75,25,20,30,80,75,60,55,50,5,15,35,5,5,5,85,0,25,45,10,5
639.0,75,65,30,60,15,85,40,80,65,50,60,40,70,10,10,45,20,45,70,70,60,55,5,5,10,5,5,5,90,0,40,50,10,95
640.0,78,76,25,72,18,5,30,60,85,80,75,70,90,65,10,15,15,30,80,85,75,55,0,0,5,0,0,0,95,20,10,75,20,10
641.0,75,65,35,80,25,60,30,50,70,30,60,55,60,10,20,55,15,60,75,65,55,60,5,5,10,5,5,5,90,0,45,55,5,30
642.0,82,65,35,85,65,80,45,60,95,55,80,60,85,10,15,45,35,85,75,60,65,60,95,5,10,5,5,5,10,50,30,75,20,95
643.0,75,55,60,80,80,90,50,60,60,70,50,60,85,10,30,20,25,15,70,20,80,50,0,5,5,0,0,0,95,5,10,75,10,10
644.0,82,88,25,65,28,5,30,45,92,40,85,70,88,85,10,15,55,90,80,82,65,55,75,15,35,40,10,5,10,50,45,75,60,80
645.0,78,62,35,72,35,25,35,55,88,45,75,60,85,30,15,45,15,45,80,65,55,60,5,5,10,5,5,5,90,10,40,75,20,40
646.0,75,60,40,80,55,85,45,70,85,30,70,40,90,15,20,50,15,20,80,40,75,55,5,5,5,5,5,5,95,0,30,80,10,10
647.0,72,65,20,60,15,10,30,60,30,40,40,60,50,10,10,35,25,45,70,75,50,50,5,5,10,5,5,5,90,10,50,10,10,80
648.0,68,65,52,82,38,12,35,60,25,40,35,55,78,55,15,45,20,75,75,45,55,55,5,5,10,0,0,0,90,10,40,65,10,25
649.0,78,72,25,75,35,10,30,55,80,40,70,65,75,60,10,20,20,60,75,70,60,60,5,15,20,5,5,5,90,20,30,75,40,70
650.0,85,80,5,50,5,30,60,70,40,20,50,75,80,10,5,10,10,65,85,95,60,50,5,5,10,5,5,0,95,0,50,0,60,10
651.0,82,85,25,75,28,5,35,65,92,45,85,60,95,85,10,5,25,20,85,80,80,55,2,2,10,2,2,2,95,10,15,85,20,40
652.0,78,62,30,72,58,12,45,65,85,40,75,55,80,70,10,20,15,25,70,45,65,55,5,5,10,5,5,5,90,10,45,75,15,60
653.0,78,76,25,72,32,8,35,55,65,45,68,52,82,65,12,18,15,45,75,74,62,58,10,8,20,5,5,2,88,50,45,75,40,90
654.0,45,62,48,72,28,85,45,35,30,85,55,78,40,65,15,50,15,90,75,55,55,75,5,10,15,5,5,5,90,10,25,35,10,25
655.0,78,72,55,82,42,15,35,45,92,85,80,75,88,5,10,25,88,95,85,68,55,50,0,5,5,5,5,95,0,10,15,75,40,60
656.0,65,60,55,80,35,95,45,60,45,85,50,70,75,15,40,55,20,75,75,45,75,65,5,10,10,5,5,5,95,20,15,55,10,25
657.0,82,85,35,78,45,5,40,50,95,70,85,75,90,75,10,10,45,90,85,80,70,60,5,15,85,5,5,65,15,50,40,75,60,20
658.0,78,76,42,72,22,88,45,65,85,35,75,55,82,10,15,25,48,85,80,74,62,52,12,38,68,8,10,5,45,10,32,70,28,48
659.0,78,68,62,84,52,8,48,55,92,65,88,72,88,60,12,18,38,88,86,58,62,82,2,8,12,2,2,92,8,50,42,78,32,28
660.0,90,85,5,50,5,30,60,60,40,10,50,75,80,60,5,10,15,25,85,95,75,50,5,5,10,5,5,5,90,0,50,0,50,10
661.0,82,72,35,85,38,75,45,60,92,30,78,55,90,15,10,35,45,85,80,65,70,55,95,5,10,5,5,5,10,20,30,80,10,40
662.0,75,72,45,75,45,85,55,50,65,80,65,60,90,5,45,35,45,90,70,60,70,50,10,25,85,10,10,10,20,10,15,75,30,10
663.0,65,62,45,72,28,55,35,60,40,30,50,55,75,30,20,30,35,90,75,60,55,50,85,15,20,10,10,5,10,10,45,60,10,20
664.0,80,85,30,80,25,5,30,50,70,85,75,75,90,80,10,10,35,90,80,80,60,50,10,15,90,5,5,5,45,10,40,70,50,10
665.0,72,68,45,75,38,88,45,65,70,55,65,60,85,15,35,25,25,55,80,60,75,55,5,10,15,5,5,5,90,0,25,80,10,30
666.0,72,78,35,75,32,10,35,65,90,60,80,70,85,15,15,20,20,65,85,75,70,50,5,5,10,5,5,5,95,50,30,75,50,40
667.0,72,76,38,62,22,92,42,65,68,15,64,48,58,25,18,28,38,88,72,68,52,50,8,25,82,5,5,8,65,10,45,55,12,85
668.0,85,78,15,72,8,60,35,65,92,45,80,55,85,10,10,20,25,85,85,90,75,50,75,10,20,5,5,5,40,10,50,5,10,10
669.0,88,78,15,65,12,55,40,55,75,30,60,70,65,60,10,15,20,60,85,92,60,50,5,15,15,5,5,5,85,10,25,5,40,75
670.0,75,88,35,72,28,8,30,45,65,60,60,80,85,55,10,10,45,75,75,78,70,55,10,25,45,60,10,55,40,50,45,75,70,65
671.0,65,62,25,60,30,10,40,65,55,45,50,55,55,75,15,35,15,55,60,65,55,60,5,10,15,5,5,5,90,50,45,55,20,80
672.0,68,78,62,72,32,88,45,65,42,55,58,64,76,15,22,18,28,45,82,52,62,50,5,8,12,5,5,5,92,50,35,74,25,55
673.0,65,75,30,70,20,10,25,50,30,60,35,70,50,70,10,15,15,80,75,65,30,50,5,10,10,5,5,5,90,10,50,45,20,70
674.0,75,72,30,70,15,60,40,60,45,40,55,60,80,10,20,30,35,85,80,78,60,50,15,55,50,10,10,10,55,50,50,20,20,20
675.0,85,80,10,55,10,60,40,65,60,20,50,55,65,55,5,15,15,30,80,90,65,50,5,5,10,5,5,5,90,20,30,40,40,30
676.0,82,72,35,65,45,85,40,60,95,45,80,55,85,10,15,25,35,85,75,60,55,55,95,10,15,10,5,5,10,30,30,75,20,90
677.0,65,75,55,70,25,85,35,60,45,30,50,55,80,10,20,25,25,70,75,65,60,50,5,10,10,5,5,5,90,0,30,65,10,75
678.0,65,72,55,70,25,85,30,60,40,35,55,65,75,20,20,25,15,40,80,60,65,55,5,10,10,5,5,5,90,10,35,60,20,85
679.0,75,65,40,80,35,85,55,70,55,30,40,50,75,5,20,45,35,95,70,40,60,60,95,10,10,5,5,0,5,10,30,65,10,10
680.0,82,68,25,78,22,15,45,65,95,35,85,60,75,25,10,55,35,90,75,80,55,55,95,5,5,5,5,5,5,10,30,65,10,90
681.0,65,68,55,72,32,88,45,60,40,45,50,55,75,10,15,20,30,85,80,45,65,55,5,25,30,5,5,5,80,10,25,75,20,95
682.0,85,78,25,72,42,5,30,65,95,90,85,75,88,65,10,55,15,35,80,82,60,55,0,0,5,0,0,0,95,20,10,75,15,10
683.0,65,68,40,62,28,80,35,55,55,15,60,75,55,20,15,45,15,50,70,55,50,65,5,5,10,5,5,5,95,10,40,55,10,95
684.0,82,76,28,78,28,12,25,55,92,45,85,52,80,60,10,25,18,45,85,78,62,58,5,5,10,5,5,5,92,50,20,72,10,75
685.0,75,65,30,60,45,10,50,60,90,20,75,50,70,60,10,30,15,60,70,60,60,60,5,10,15,5,5,5,90,20,50,50,10,95
686.0,62,54,68,65,60,95,45,65,25,75,40,60,70,10,30,20,25,80,70,30,60,50,5,10,10,5,5,5,90,10,15,65,20,70
687.0,85,80,10,50,10,25,40,60,95,20,75,65,60,85,5,15,30,60,85,95,60,50,10,20,30,5,5,5,75,0,50,5,30,80
688.0,78,62,35,76,58,92,45,72,92,55,85,52,82,12,15,58,25,48,80,55,65,55,5,8,12,5,5,5,92,50,25,75,10,88
689.0,75,60,30,80,55,85,35,70,80,50,65,50,80,15,10,45,20,30,75,35,65,55,5,5,5,5,5,5,90,20,30,75,10,10
690.0,85,75,20,70,15,60,35,60,90,50,75,55,80,30,10,35,15,20,80,85,65,50,5,5,10,5,5,5,95,50,50,60,70,80
691.0,78,76,30,72,35,5,25,60,75,45,65,55,85,65,10,15,20,45,75,70,65,50,5,10,15,5,5,5,90,50,20,75,50,40
692.0,65,78,72,68,32,88,25,55,20,45,35,65,75,10,15,10,25,65,80,40,60,50,5,10,15,20,5,5,90,10,25,70,55,75
693.0,85,75,10,60,10,60,35,75,95,30,80,60,85,10,5,15,20,40,85,90,70,50,5,5,10,5,5,5,90,10,50,5,60,90
694.0,82,78,35,72,28,8,35,45,92,45,85,68,85,25,15,10,60,95,85,75,65,60,5,15,15,5,5,85,5,10,45,78,30,75
695.0,42,54,68,76,62,92,55,65,15,85,35,70,75,10,45,25,35,60,78,20,82,30,5,35,20,5,5,5,88,10,10,45,10,5
696.0,85,78,15,72,15,10,30,60,92,35,80,65,85,55,5,25,25,90,85,90,60,50,95,5,5,5,5,5,5,20,30,10,55,45
697.0,78,82,25,72,28,5,30,55,88,45,80,60,90,85,10,15,35,85,85,75,65,50,15,55,45,5,5,5,40,10,45,75,20,10
698.0,75,60,30,65,65,10,45,50,90,30,85,55,80,10,10,40,15,30,80,55,50,50,0,0,5,0,0,0,95,0,30,60,10,30
699.0,80,78,25,72,22,10,30,60,90,45,75,65,85,90,10,15,35,95,80,82,65,55,95,5,10,5,5,5,10,30,50,75,20,30
700.0,85,75,10,50,5,25,45,60,95,20,80,50,80,10,5,10,10,35,80,90,70,50,5,5,10,5,5,5,90,0,50,5,60,95
701.0,82,68,25,78,72,12,45,65,92,40,75,55,60,20,5,35,35,65,70,60,60,55,95,5,5,5,5,2,5,20,30,70,10,90
702.0,75,70,40,75,30,85,45,60,85,65,75,60,90,20,15,30,20,60,75,65,80,45,5,10,15,5,5,5,90,10,15,75,10,15
703.0,80,75,20,65,15,60,40,60,40,20,50,60,85,10,10,20,45,85,80,85,60,50,15,20,80,10,10,10,30,5,50,50,40,10
704.0,72,76,28,71,22,12,35,65,42,25,45,58,68,60,10,15,32,82,75,74,55,52,10,35,40,5,5,5,85,15,48,62,18,95
705.0,85,75,10,50,10,20,30,60,40,10,50,60,40,70,10,20,15,45,80,90,60,50,5,15,15,5,5,5,85,0,50,40,60,10
706.0,75,65,30,80,55,10,45,60,70,65,55,60,75,70,10,60,15,80,75,65,50,60,5,5,10,5,5,5,90,20,30,65,10,30
707.0,75,65,45,70,45,90,55,70,60,40,55,50,80,10,20,25,35,80,70,40,60,50,10,40,30,10,5,5,80,0,30,75,10,20
708.0,82,60,25,85,75,10,45,60,80,45,70,50,90,20,10,35,15,25,80,45,75,60,5,5,5,5,5,5,95,50,35,85,30,10
709.0,78,72,25,75,35,10,45,60,88,30,80,65,82,45,10,15,35,85,75,76,55,60,10,45,55,10,10,10,45,20,40,72,20,60
710.0,55,58,30,50,28,85,45,60,65,15,75,60,55,5,20,80,45,90,75,45,50,50,10,45,45,20,5,15,15,10,40,35,10,10
711.0,65,55,50,70,55,90,45,60,60,40,55,40,85,10,45,20,15,35,70,30,75,50,5,10,10,5,5,5,90,10,20,75,10,10
712.0,65,50,60,80,80,95,50,50,25,60,40,65,85,5,20,30,60,15,75,15,75,50,5,90,15,5,5,5,30,10,10,75,5,5
713.0,78,76,35,72,32,12,35,55,58,45,62,60,85,88,15,10,45,82,75,68,65,55,25,45,65,15,10,15,35,20,30,74,35,25
714.0,82,72,25,78,32,12,35,55,92,15,80,60,65,85,5,35,20,45,85,75,55,65,2,5,10,2,2,2,95,10,25,75,30,80
715.0,85,75,35,80,55,10,35,60,90,50,80,65,90,40,10,15,35,85,85,70,75,60,5,20,45,10,5,5,75,50,50,85,10,10
716.0,68,52,35,72,65,12,55,78,30,60,40,35,75,65,15,45,25,55,60,35,55,50,5,10,15,5,5,5,90,10,45,65,15,25
717.0,85,65,25,80,75,10,35,60,95,50,85,45,85,5,10,30,10,15,80,65,60,60,0,0,5,0,0,0,95,50,30,75,20,70
718.0,75,72,15,60,20,10,30,60,30,20,25,50,50,70,5,35,15,15,30,80,55,50,5,5,10,5,5,5,90,10,40,55,20,90
719.0,85,60,25,70,75,10,45,65,85,40,75,50,65,40,10,20,20,10,70,45,60,55,0,0,5,0,0,0,95,20,30,75,20,60
720.0,75,82,45,78,28,12,35,45,65,70,60,75,80,75,15,10,45,85,80,70,50,55,10,20,85,15,10,10,20,20,30,65,40,85
721.0,88,78,15,55,12,25,40,65,95,5,80,60,65,30,5,15,35,45,85,92,55,50,10,15,45,5,5,5,70,0,50,5,10,95
722.0,85,75,10,50,10,10,40,60,90,30,70,50,80,70,10,20,15,20,80,90,60,50,5,5,10,5,5,5,90,20,50,5,40,90
723.0,78,72,25,65,28,10,45,60,92,35,80,60,75,70,10,15,35,80,75,75,55,60,5,20,75,5,5,5,40,0,45,65,15,85
724.0,75,70,20,65,15,40,40,60,60,30,60,65,30,20,10,20,35,90,80,85,50,50,85,10,20,30,10,5,10,10,50,40,10,60
725.0,80,75,15,60,10,60,30,70,40,30,50,50,80,5,10,20,15,30,80,85,60,50,5,5,10,5,5,5,90,0,20,0,10,70
726.0,65,78,60,72,45,90,40,35,15,85,30,80,75,10,10,10,80,90,65,45,60,50,5,10,10,5,5,95,5,10,30,70,40,30
727.0,68,72,45,76,52,75,50,35,60,95,72,85,80,65,25,35,35,90,70,62,65,60,5,15,90,5,5,5,45,10,30,62,15,20
728.0,68,82,32,65,22,8,35,55,45,85,58,72,88,55,15,12,25,45,75,78,72,55,5,15,35,5,5,5,85,10,20,65,15,30
729.0,82,72,55,88,62,12,45,50,92,60,80,75,95,40,15,25,65,85,85,45,75,65,5,15,25,5,5,85,10,20,35,85,20,5
730.0,68,62,55,78,55,85,45,60,30,75,40,70,65,15,20,25,15,65,75,35,55,50,5,5,5,0,0,0,95,20,15,65,20,85
731.0,78,72,25,76,28,12,30,55,70,45,65,60,80,75,10,45,15,40,70,75,55,60,2,5,10,2,2,2,92,15,35,68,10,65
732.0,85,80,10,50,10,10,40,60,75,20,60,65,70,60,10,20,15,25,80,90,70,50,5,5,5,5,5,5,95,10,50,20,60,60
733.0,78,68,25,62,18,60,45,65,85,35,72,55,80,10,5,35,20,55,75,82,60,50,5,5,10,5,5,5,90,10,30,45,10,85
734.0,82,85,25,78,28,10,20,45,70,60,65,75,90,85,10,15,35,90,80,80,70,55,90,10,15,5,5,0,10,10,45,75,60,95
735.0,85,75,10,60,10,15,30,60,95,30,85,65,80,45,5,55,15,35,85,90,75,50,5,5,10,5,5,5,90,0,50,0,10,80
736.0,65,62,45,60,25,85,35,70,40,30,50,40,55,15,20,45,20,65,65,55,55,50,5,10,10,5,5,5,90,10,30,55,10,40
737.0,78,72,45,76,55,85,45,60,82,40,70,65,80,30,15,20,65,75,75,45,60,50,15,85,35,10,10,15,20,0,25,75,20,60
738.0,78,72,25,62,22,12,35,65,92,35,80,55,60,85,10,35,18,65,75,76,55,50,5,5,10,5,5,2,92,15,40,68,10,95
739.0,75,60,40,75,55,80,50,60,60,30,60,50,60,35,30,55,30,70,70,50,60,60,5,25,25,5,5,5,80,0,30,65,10,40
740.0,85,82,25,75,25,5,30,65,95,55,85,60,90,60,10,15,15,30,85,80,70,55,5,5,10,5,5,5,95,40,45,80,20,20
741.0,82,78,25,76,28,5,35,65,92,45,85,55,88,95,5,15,35,85,85,80,55,60,5,35,30,5,5,5,75,20,45,80,10,75
742.0,78,72,30,75,25,10,30,55,85,45,70,55,60,55,10,25,20,45,80,70,55,60,0,0,5,0,0,0,95,50,20,70,5,65
743.0,65,60,55,65,45,95,55,60,35,25,40,65,50,30,20,35,15,45,70,35,50,70,0,0,0,0,0,0,95,10,25,55,10,85
744.0,85,78,15,72,15,10,30,65,92,20,80,55,65,75,5,15,15,40,85,90,60,50,5,5,10,5,5,0,95,10,50,20,10,85
745.0,75,72,60,78,50,85,40,70,85,60,75,55,90,10,30,15,20,55,80,45,85,50,5,5,10,0,0,0,95,10,15,85,10,0
746.0,45,42,55,78,65,90,30,55,15,60,35,65,85,10,55,45,20,50,75,15,85,55,5,5,5,5,5,5,95,10,45,70,10,10
747.0,85,75,10,50,5,55,50,70,65,5,50,60,60,10,5,15,15,35,80,90,60,50,5,10,15,5,5,5,90,5,50,20,40,10
748.0,85,82,15,72,22,8,25,65,95,55,88,50,92,85,5,25,12,15,85,88,78,55,0,0,5,0,0,0,95,20,35,75,15,60
749.0,65,45,60,80,85,90,55,70,20,60,30,60,85,10,30,50,20,15,75,15,85,30,0,0,0,0,0,0,95,20,10,75,10,20
750.0,65,68,35,65,28,10,35,60,25,45,35,50,70,55,10,20,20,45,75,60,50,55,5,10,15,5,5,5,90,0,40,60,10,70
751.0,65,72,50,75,40,10,30,40,90,70,80,80,85,10,15,10,65,95,85,65,60,65,75,35,30,10,5,25,5,0,20,60,40,20
752.0,78,62,45,55,45,85,20,50,95,60,85,65,40,15,15,10,60,80,75,45,55,50,5,20,40,10,5,10,80,10,20,65,10,95
753.0,65,62,35,75,35,10,40,60,15,45,30,60,75,80,20,35,15,35,70,55,60,55,5,5,10,5,5,5,90,10,30,65,10,10
754.0,65,78,45,65,25,10,45,40,25,85,45,75,90,85,15,10,25,45,75,75,65,55,5,15,35,5,5,5,85,10,15,60,10,50
755.0,75,70,40,65,30,85,55,50,85,50,75,60,55,65,20,45,45,85,80,65,50,60,10,25,35,10,5,5,65,50,40,60,10,50
756.0,65,70,30,75,30,10,35,50,40,60,45,70,55,40,10,35,20,75,60,75,45,60,0,0,5,0,0,0,95,10,30,50,10,80
757.0,75,72,20,65,15,10,30,60,60,40,50,45,80,85,10,20,15,55,70,75,55,55,5,5,10,5,5,5,90,10,40,65,20,30
758.0,82,78,45,76,28,92,42,65,90,40,80,55,88,15,15,20,25,85,75,68,72,55,5,35,25,5,5,5,85,10,30,85,20,10
759.0,75,82,68,78,35,92,25,30,65,95,60,90,85,5,35,10,65,85,80,60,80,50,5,15,20,5,5,85,25,10,15,75,60,70
760.0,90,80,10,60,10,5,30,50,85,10,70,60,90,40,5,10,35,80,85,95,60,50,90,10,15,5,5,5,10,0,50,0,30,80
761.0,88,82,12,55,8,65,40,70,95,10,75,60,75,20,5,15,15,60,85,95,65,50,5,5,10,5,5,5,90,10,50,5,40,65
762.0,85,75,30,75,35,5,35,60,95,40,85,70,80,60,10,20,35,90,80,75,60,60,95,5,5,5,5,5,5,10,50,70,10,70
763.0,68,76,42,72,28,85,35,65,62,55,60,68,78,15,35,22,18,65,82,64,62,52,5,8,12,5,5,5,92,10,28,70,20,45
764.0,65,60,55,75,55,85,35,40,55,85,60,85,50,75,15,25,20,45,85,35,50,55,5,5,10,5,5,5,95,0,20,45,10,95
765.0,65,55,75,80,85,95,60,60,25,50,35,65,85,5,45,15,40,15,75,15,85,50,5,85,25,5,5,5,40,0,10,75,10,10
766.0,60,55,65,75,65,90,50,60,15,45,30,50,75,5,25,15,25,40,80,25,70,50,0,0,5,0,0,0,95,0,15,70,5,85
767.0,78,76,42,74,32,88,45,68,62,55,60,48,88,15,28,22,18,82,75,65,72,52,2,5,8,1,1,1,96,12,35,79,15,25
768.0,78,72,25,68,28,8,42,65,88,35,76,55,85,65,12,15,18,45,75,74,62,52,2,3,8,2,2,2,92,45,18,74,35,45
769.0,85,75,10,70,15,10,30,60,85,40,60,55,80,50,5,15,25,85,75,90,65,50,95,5,10,5,5,0,5,10,50,40,30,80
770.0,80,75,30,75,45,10,30,60,90,40,80,55,85,75,10,15,15,55,85,70,70,55,5,10,20,5,5,5,85,20,45,80,10,85
771.0,82,76,25,72,22,8,35,65,92,45,78,55,88,85,10,15,18,65,75,82,62,55,5,5,10,5,5,2,95,10,45,68,20,85
772.0,82,85,15,72,22,5,30,60,92,45,80,55,90,95,10,10,20,60,85,82,70,55,75,20,35,5,5,5,45,10,40,75,30,5
773.0,75,60,50,80,55,10,45,60,45,50,40,55,85,45,20,25,20,80,75,35,70,45,5,5,10,5,5,5,90,10,30,75,10,10
774.0,72,62,35,75,45,85,40,65,70,55,60,50,70,15,25,45,20,45,75,45,65,55,5,5,10,5,5,5,90,10,35,70,15,20
775.0,45,55,35,50,25,80,50,30,60,30,70,70,40,35,65,70,20,80,60,50,50,60,5,10,10,5,5,5,90,10,45,25,10,20
776.0,82,76,25,72,24,12,38,68,92,45,78,55,85,82,8,22,18,28,80,81,62,58,4,5,12,3,4,3,92,15,25,74,35,10
777.0,65,75,40,70,20,80,40,60,45,40,50,55,70,10,15,35,20,70,75,65,55,50,0,0,5,0,0,0,95,10,25,60,10,30
778.0,60,85,40,70,25,10,20,50,20,80,40,75,70,80,10,10,15,35,80,75,70,50,5,5,10,5,5,5,95,10,15,70,80,85
779.0,65,62,55,68,25,85,50,60,25,40,45,55,70,15,15,30,65,95,75,55,50,50,80,25,35,10,10,15,10,0,50,55,15,20
780.0,65,55,45,75,35,90,45,75,45,50,35,40,70,5,20,55,20,60,70,40,60,55,5,10,10,5,5,5,90,50,30,60,10,20
781.0,78,72,25,65,28,12,35,60,95,75,88,65,85,60,10,35,25,60,80,82,65,55,5,10,20,5,5,5,90,10,30,70,15,75
782.0,65,55,40,75,55,90,40,60,20,40,30,50,45,20,30,60,15,60,70,30,65,60,5,10,10,5,5,5,90,50,50,60,10,20
783.0,75,55,30,70,55,25,75,65,85,45,70,55,70,30,10,60,15,80,60,55,45,60,5,5,10,5,5,0,95,10,40,60,10,85
784.0,75,68,45,78,55,80,50,40,85,70,75,85,75,90,25,55,15,25,75,60,70,75,0,0,5,0,0,0,95,0,40,50,15,30
786.0,85,80,10,60,10,20,30,60,80,30,70,75,80,50,10,20,15,50,85,90,60,50,5,5,10,5,5,0,90,0,50,5,40,80
787.0,75,65,35,75,45,5,45,60,65,40,60,55,70,30,15,35,45,85,70,60,55,60,15,30,75,10,20,10,25,10,40,70,10,80
788.0,65,72,60,78,55,10,35,50,30,85,60,70,90,75,20,10,15,40,80,45,80,45,5,5,10,0,0,0,95,0,20,75,10,10
789.0,85,75,10,60,10,60,40,75,85,40,70,45,85,5,5,20,15,20,80,90,75,50,0,0,5,0,0,0,95,0,20,0,30,60
790.0,78,72,25,60,22,5,30,65,95,45,88,55,85,85,5,20,15,20,70,82,70,50,2,2,5,2,2,2,95,50,15,70,15,25
791.0,82,78,35,72,22,75,35,60,92,55,85,65,85,10,15,40,15,35,80,82,75,50,5,5,10,5,5,5,95,20,30,70,25,60
792.0,65,58,45,72,45,15,35,50,85,60,75,65,80,20,25,20,45,85,80,55,55,50,10,35,40,10,10,15,60,10,30,65,20,60
793.0,65,78,60,72,30,90,40,50,45,35,55,65,80,15,20,10,40,90,80,55,60,50,10,85,60,5,5,5,65,0,45,70,40,30
794.0,82,78,15,72,18,8,25,60,75,85,65,78,88,70,10,25,35,75,80,88,65,55,5,10,85,5,5,5,40,0,45,75,20,30
795.0,85,75,10,60,10,10,30,60,90,20,75,50,80,70,5,20,15,35,80,90,60,50,5,5,10,5,5,0,90,10,50,5,10,60
796.0,78,76,25,72,28,12,35,65,68,55,60,58,82,85,10,15,32,65,75,74,62,55,10,25,45,5,5,5,75,10,45,72,30,40
797.0,75,62,25,85,55,15,45,55,85,90,70,75,60,45,10,65,20,65,75,60,50,80,0,0,5,0,0,0,95,5,15,45,10,10
798.0,82,88,25,72,22,8,28,45,92,65,85,75,88,80,10,15,35,85,80,85,60,50,75,15,35,25,10,5,30,10,45,75,60,90
799.0,85,75,15,65,15,10,30,60,45,20,40,55,65,60,5,25,20,60,75,85,50,50,5,15,35,5,5,5,75,0,50,10,5,80
801.0,78,76,35,68,28,85,45,65,92,40,82,55,80,15,15,30,35,80,85,72,60,55,5,45,35,5,5,5,75,0,25,70,20,50
802.0,65,72,40,68,22,80,45,60,35,40,45,55,75,15,20,25,55,90,70,65,50,55,70,30,50,35,25,10,10,50,50,60,30,95
803.0,65,68,45,75,45,10,30,60,15,35,30,55,85,75,10,15,10,15,80,45,75,50,0,0,5,0,0,0,95,0,40,70,10,80
804.0,82,64,35,72,55,60,60,75,92,40,85,55,78,10,15,45,20,60,75,68,55,60,5,5,10,5,5,5,90,10,40,75,20,30
805.0,65,75,60,80,25,90,45,60,15,20,30,60,75,20,15,10,25,65,85,45,80,50,5,10,10,5,5,5,90,10,30,75,10,10
806.0,82,64,25,76,62,8,45,65,68,42,60,48,85,55,12,18,22,40,72,45,65,55,5,5,10,5,5,5,92,30,15,78,10,85
807.0,75,85,15,70,20,5,25,60,35,40,45,65,90,85,10,10,15,85,80,90,60,50,95,5,5,5,5,0,5,0,50,75,20,95
808.0,68,74,42,78,32,92,45,55,58,85,65,72,75,25,20,60,35,85,75,68,60,55,5,20,10,5,5,5,90,40,15,65,15,30
809.0,65,75,55,70,25,90,40,50,60,60,65,70,80,0,20,10,60,90,75,50,60,50,10,30,80,20,10,60,30,10,20,65,60,80
810.0,78,72,35,75,25,85,40,75,85,60,70,45,85,10,15,35,20,60,80,65,60,55,5,5,10,5,5,5,90,40,30,75,10,20
811.0,82,76,22,71,28,8,35,65,68,45,62,55,85,80,10,15,25,65,75,78,60,55,5,10,20,5,5,5,90,50,45,78,35,60
812.0,75,65,45,75,55,85,50,60,70,40,65,45,80,10,20,20,35,80,75,40,70,50,5,15,10,5,5,5,90,10,35,75,10,5
813.0,85,78,25,72,28,10,35,65,95,45,85,60,80,60,10,15,20,65,85,75,60,55,5,5,10,5,5,5,95,20,45,75,15,90
814.0,72,68,35,65,32,85,40,55,78,75,65,60,45,35,20,45,25,85,60,62,55,50,5,25,15,5,5,5,85,10,25,50,15,90
815.0,55,62,48,58,28,85,45,65,15,25,35,40,70,5,20,25,30,85,75,45,55,50,10,45,35,5,5,5,75,10,45,60,10,5
816.0,82,85,25,88,22,5,35,65,95,45,85,70,92,75,10,15,35,85,90,88,75,55,25,15,80,10,10,10,40,50,45,78,15,60
817.0,85,75,10,50,10,20,40,60,75,5,60,65,45,30,5,15,35,85,70,95,55,50,90,10,15,10,10,5,10,10,50,30,40,90
818.0,65,45,60,75,85,90,60,60,30,80,50,60,70,10,20,30,15,10,70,20,70,50,5,5,5,5,5,5,95,10,20,60,10,50
819.0,65,78,35,72,22,12,35,30,45,25,75,88,82,90,20,35,18,60,75,80,55,85,92,5,8,5,5,5,8,10,70,45,15,40
820.0,65,60,35,75,30,10,35,55,25,20,40,55,65,75,15,45,35,65,60,60,50,55,10,35,30,5,5,5,85,10,30,55,10,40
821.0,75,78,25,65,30,5,20,55,90,60,75,60,85,80,10,15,15,75,80,75,65,55,0,5,15,0,0,0,95,10,45,70,20,10
822.0,85,75,10,50,10,60,30,70,85,20,70,50,60,15,30,50,15,35,60,90,60,50,5,5,10,5,5,0,95,10,50,5,40,90
823.0,75,72,45,78,38,90,45,55,65,95,60,80,85,10,35,25,30,85,75,60,75,55,5,15,10,5,5,5,90,10,10,70,10,15
824.0,75,60,65,80,60,90,50,60,40,50,60,60,85,10,30,35,45,30,80,30,75,50,80,20,20,5,5,5,20,50,40,80,10,10
825.0,65,72,60,78,55,90,45,65,85,95,75,80,90,10,60,20,20,50,80,40,85,45,5,5,5,5,5,5,95,10,10,85,10,80
826.0,65,50,40,75,70,90,45,60,65,30,55,40,70,10,35,45,25,20,60,30,60,50,5,10,10,5,5,5,90,10,15,65,10,20
827.0,82,76,28,74,28,12,25,65,92,55,85,52,90,15,8,12,18,60,85,78,62,55,5,15,20,5,5,5,88,20,35,82,10,5
828.0,82,76,55,78,38,92,45,48,95,65,85,72,90,5,15,12,42,88,80,60,75,70,5,20,35,5,5,5,75,10,30,85,25,40
829.0,75,80,55,75,55,5,25,65,85,70,75,65,95,85,35,10,15,5,80,55,85,20,0,0,5,0,0,0,95,0,10,75,20,10
830.0,78,65,62,82,75,90,45,70,55,60,50,55,90,10,15,10,25,20,80,30,85,55,5,10,15,5,5,5,90,10,25,85,20,10
831.0,75,60,35,80,65,5,45,50,95,85,75,65,85,30,15,35,15,10,75,45,75,85,0,0,0,0,0,0,95,0,20,70,5,10
832.0,75,65,40,80,30,85,45,60,65,40,55,50,70,10,20,45,25,80,70,60,60,60,10,15,15,5,5,5,90,50,40,65,20,30
833.0,78,76,35,68,22,85,45,65,75,92,72,80,75,25,15,35,25,60,80,82,65,55,5,5,10,5,5,5,95,10,15,72,30,60
834.0,65,75,60,70,25,90,45,50,15,30,30,70,75,15,20,10,45,85,80,50,50,50,5,85,25,5,5,5,25,0,35,65,40,60
835.0,75,65,25,60,35,30,50,60,45,20,30,60,70,5,10,40,15,80,50,70,55,65,5,10,15,5,5,0,90,10,40,45,10,85
836.0,82,72,25,78,22,20,45,65,95,35,85,60,65,15,5,55,50,85,85,85,55,55,90,5,15,25,5,5,10,10,45,65,5,95
837.0,78,62,35,82,58,92,50,55,90,45,75,60,85,10,15,35,25,45,75,45,65,60,90,5,5,5,5,5,10,0,20,75,10,40
838.0,65,75,25,70,25,5,35,60,45,20,50,55,85,85,10,10,35,75,75,75,60,50,85,20,30,10,10,5,25,0,50,65,10,80
839.0,65,55,45,80,55,90,45,60,85,75,70,65,60,10,25,70,15,60,75,45,60,55,0,0,5,0,0,0,95,20,15,55,5,25
840.0,75,82,15,65,20,5,25,50,60,40,55,65,90,85,10,10,15,95,70,85,60,55,95,5,5,5,5,5,10,50,50,70,40,75
841.0,75,78,45,72,35,85,40,60,80,65,70,65,75,55,20,15,25,85,75,70,65,55,5,10,20,5,5,5,90,10,15,70,20,90
842.0,68,76,35,72,18,65,30,60,55,45,50,55,85,10,15,25,20,85,70,78,65,50,10,15,20,5,5,5,85,10,35,65,20,20
843.0,78,82,25,72,28,5,30,55,92,45,85,65,95,75,10,15,15,75,85,80,75,60,0,5,15,0,0,0,90,0,20,78,10,0
844.0,85,75,10,50,10,15,40,60,40,30,40,60,50,40,10,20,30,90,80,90,50,50,95,10,10,10,10,5,10,0,50,30,50,80
845.0,90,85,5,50,5,35,65,75,30,10,40,65,85,15,20,10,15,25,85,95,75,50,10,5,10,5,5,5,90,0,50,5,40,10
846.0,85,75,20,80,25,20,30,50,95,30,80,50,85,10,5,30,30,85,85,80,50,50,95,5,5,5,5,5,10,10,40,70,5,95
847.0,75,65,35,70,30,85,50,60,90,60,75,60,60,10,20,65,15,85,70,60,50,55,5,10,10,5,5,5,90,10,30,50,10,30
848.0,82,72,25,78,35,85,45,65,92,40,85,55,88,10,15,35,35,90,80,65,60,55,95,5,10,5,5,2,5,20,30,75,10,70
849.0,78,52,45,76,75,85,55,72,70,55,65,40,85,10,20,45,20,40,75,35,75,50,5,5,10,5,5,5,95,10,20,80,15,85
850.0,65,60,60,60,30,90,50,60,30,40,40,50,75,5,20,20,35,90,70,40,55,50,10,65,40,10,10,10,60,0,40,60,20,50
851.0,75,60,40,75,45,90,55,65,70,50,60,50,70,10,20,55,25,60,70,40,55,55,5,10,10,5,5,5,90,10,30,65,10,75
852.0,62,68,35,72,22,88,40,60,15,45,35,40,70,15,10,40,20,80,65,60,75,50,5,25,15,5,5,5,80,10,35,60,5,5
853.0,82,72,35,78,38,85,45,65,90,40,80,55,85,25,15,40,20,60,85,65,75,60,5,10,15,5,5,5,90,50,35,75,25,90
854.0,75,72,25,65,25,10,30,65,90,45,80,55,85,85,10,15,15,25,80,75,60,50,5,5,10,5,5,5,90,10,45,70,10,30
855.0,78,72,45,75,55,90,40,55,92,70,85,65,85,15,15,25,35,85,85,45,65,60,5,45,20,5,5,5,85,10,15,75,20,30
856.0,78,62,25,65,65,10,45,75,95,40,85,55,80,15,10,20,25,45,75,45,60,50,5,5,10,5,5,5,90,10,15,75,10,80
857.0,75,78,35,72,28,8,30,60,55,45,60,55,85,80,10,10,35,75,70,70,65,50,5,20,35,5,5,5,75,10,45,75,15,10
858.0,85,85,5,50,5,25,65,70,40,5,50,70,80,10,10,15,35,90,85,95,60,50,90,10,15,20,5,5,10,0,50,0,70,80
859.0,78,75,40,65,30,85,45,50,90,45,85,70,60,75,20,25,65,85,75,72,60,65,10,45,70,15,10,15,55,30,35,70,20,40
860.0,75,78,20,72,22,10,30,55,65,30,60,60,75,85,10,25,25,60,70,80,55,55,5,15,20,5,5,5,90,0,35,65,20,85
861.0,55,65,60,65,25,90,40,60,30,40,35,50,75,10,40,20,15,40,70,45,65,50,5,10,10,5,5,5,90,10,20,75,20,50
862.0,65,60,35,80,30,90,55,65,45,55,40,50,65,15,25,65,20,60,60,55,60,65,5,10,10,5,5,5,85,50,45,60,10,30
863.0,60,50,55,70,60,90,50,70,20,30,30,40,40,10,20,60,15,40,70,20,60,60,0,5,5,0,0,0,95,10,40,60,10,80
864.0,78,85,15,65,22,5,25,60,95,30,85,70,90,80,10,25,15,35,80,92,60,55,95,5,5,5,5,2,10,10,45,65,40,85
865.0,82,76,25,68,38,8,25,65,88,55,78,52,85,65,10,15,15,12,72,74,62,55,2,2,5,2,2,2,95,0,45,78,35,85
866.0,75,72,25,80,22,10,50,60,85,40,70,55,85,80,15,20,20,60,75,75,65,50,5,15,30,5,5,5,85,10,50,65,10,60
867.0,82,68,25,76,55,12,45,65,92,40,78,55,72,20,10,15,35,80,75,60,55,60,85,10,15,30,10,5,20,10,35,75,20,90
868.0,65,60,30,65,35,25,45,50,55,20,55,60,45,70,10,45,30,80,60,60,35,60,10,20,30,10,10,5,80,10,50,40,10,60
869.0,75,78,25,72,28,10,30,55,65,70,60,65,85,80,10,15,35,60,80,75,60,55,15,10,85,5,5,5,70,50,45,80,40,85
871.0,85,78,10,55,12,55,45,65,95,25,85,60,40,20,5,35,20,75,90,92,60,50,5,10,15,5,5,5,85,0,50,5,10,20
872.0,65,45,40,75,55,90,50,70,30,40,30,30,70,10,20,60,15,70,70,20,65,60,5,5,5,5,5,5,95,10,30,60,10,10
873.0,85,75,10,50,10,60,40,60,40,20,55,65,80,10,10,20,10,10,90,90,70,50,5,5,5,5,5,5,95,0,50,10,60,20
874.0,82,76,25,72,42,8,35,65,92,55,85,50,88,75,5,15,12,15,80,70,75,55,2,3,8,2,2,2,96,10,15,78,20,60
875.0,65,60,55,75,55,90,45,70,60,40,50,40,80,10,30,20,20,70,70,30,80,50,5,10,10,5,5,5,90,10,20,75,10,10
876.0,85,75,15,60,15,40,40,60,95,5,85,70,75,10,5,15,75,90,85,90,40,50,60,20,20,30,20,40,5,0,50,20,10,95
877.0,65,60,45,75,30,85,40,60,45,20,50,40,75,10,20,35,25,45,65,45,65,55,0,5,5,0,0,0,95,0,25,70,10,70
878.0,78,62,35,76,58,88,55,82,92,75,74,45,80,10,15,65,25,60,85,55,60,55,5,10,15,5,5,5,90,50,25,72,20,30
879.0,82,72,25,85,28,10,30,65,90,40,75,55,88,85,10,45,15,25,80,78,60,55,5,5,10,5,5,5,90,0,35,75,10,20
880.0,78,72,30,82,28,12,35,55,80,45,65,55,85,85,10,35,20,80,75,70,65,60,5,10,15,5,5,5,90,50,45,75,10,90
881.0,65,60,60,75,45,90,30,60,10,50,30,50,70,10,20,10,15,40,80,30,75,50,0,0,5,0,0,0,95,0,10,70,10,40
882.0,85,80,10,50,10,60,40,70,75,20,40,50,80,5,5,10,15,60,70,90,60,50,5,5,15,5,5,5,90,50,50,5,40,50
883.0,72,75,25,68,28,10,35,55,65,30,60,70,80,65,15,25,15,60,75,70,60,55,5,10,20,5,5,5,90,0,40,65,20,70
884.0,68,72,62,65,38,92,48,55,45,75,60,70,65,15,35,20,65,85,75,50,60,50,95,25,15,5,5,5,10,10,20,65,15,85
885.0,75,78,25,72,25,10,30,55,65,40,60,55,85,80,10,15,20,60,75,75,60,55,5,15,35,5,5,5,85,10,40,70,10,85
886.0,75,82,25,78,22,8,30,60,65,45,55,50,88,85,10,15,15,75,80,76,65,50,5,10,15,5,5,5,92,20,30,75,20,10
887.0,65,60,55,65,45,90,55,60,60,40,60,50,70,5,30,20,45,85,70,40,60,50,10,70,40,10,10,10,50,10,50,65,20,60
888.0,65,62,25,68,22,15,35,60,40,10,45,55,75,65,10,25,45,95,70,70,55,50,90,10,20,25,10,5,5,0,50,60,20,60
889.0,78,82,25,75,28,5,20,45,85,65,75,60,85,80,10,15,15,75,70,75,65,60,5,15,20,5,5,5,85,10,45,75,40,80
890.0,80,70,20,65,15,85,40,60,90,40,80,50,60,10,10,30,55,85,80,85,50,50,10,40,60,20,20,10,30,10,50,10,10,95
891.0,85,88,25,80,15,5,45,60,95,85,90,80,95,85,10,15,45,65,85,90,75,60,15,5,15,95,90,10,10,10,40,80,30,70
892.0,65,52,25,78,32,85,35,60,55,50,40,45,30,25,20,75,20,70,50,55,50,65,5,5,10,0,0,0,95,10,30,45,5,90
893.0,65,55,55,65,55,90,45,60,40,30,45,40,70,5,15,15,25,45,75,35,60,50,0,0,5,0,0,0,90,10,15,65,5,85
894.0,75,78,30,72,18,85,35,60,85,30,75,55,85,10,10,15,45,90,80,80,60,50,5,35,55,5,5,5,45,0,30,65,25,40
895.0,72,52,35,78,82,88,55,65,58,55,50,40,45,20,15,60,15,15,70,35,60,55,0,5,10,0,0,0,95,10,25,62,10,30
896.0,85,78,20,72,22,10,30,65,92,45,85,55,80,75,10,25,25,40,80,85,60,50,5,5,10,5,5,5,90,30,30,70,20,80
897.0,65,45,40,75,55,85,50,70,25,40,50,45,70,10,20,60,20,70,80,30,60,55,5,5,10,5,5,5,90,10,25,65,10,10
898.0,75,78,30,65,25,20,25,40,95,70,90,75,85,5,10,35,15,50,85,80,75,60,5,5,10,5,5,5,90,10,30,60,15,20
899.0,55,50,45,80,45,40,30,40,20,35,40,60,60,25,15,35,15,75,70,30,65,70,5,10,10,5,5,5,90,10,50,55,10,60
900.0,75,80,25,65,20,10,35,55,65,60,65,55,85,85,15,15,15,45,75,75,65,50,5,5,15,5,5,5,85,10,45,65,25,30
901.0,65,60,75,75,45,10,45,50,30,80,60,75,85,65,20,10,65,90,80,50,80,50,95,5,10,20,30,5,5,0,10,85,10,40
902.0,82,76,25,72,42,8,35,65,95,45,88,60,85,70,10,15,38,78,80,74,55,50,10,35,55,10,10,10,65,0,45,75,15,90
903.0,75,72,35,70,20,80,30,60,65,50,60,55,65,20,10,35,15,40,75,70,55,55,5,10,10,5,5,5,90,30,40,65,15,50
904.0,75,72,35,78,45,10,30,60,60,40,55,55,85,20,10,15,35,95,75,65,70,60,90,10,15,5,5,5,10,10,45,80,10,10
905.0,75,65,30,70,35,25,40,55,65,30,60,55,75,10,10,35,20,60,75,65,50,65,5,10,15,5,5,5,90,0,55,60,10,70
906.0,75,72,45,65,30,85,45,60,90,35,80,55,65,70,20,30,25,80,75,60,55,65,5,10,20,5,5,5,90,10,40,60,10,70
907.0,82,76,25,68,22,8,35,65,95,30,88,55,78,85,5,35,18,60,80,82,55,50,5,5,15,5,5,2,92,10,45,65,15,95
908.0,65,62,30,68,20,70,30,60,55,15,50,45,80,30,10,45,15,30,75,70,60,55,0,0,5,0,0,0,95,10,40,65,20,20
909.0,75,60,25,70,55,10,50,60,90,30,80,50,60,60,10,30,15,25,70,55,60,60,5,5,10,5,5,5,95,20,30,65,10,85
910.0,78,62,30,72,55,12,48,65,92,45,82,55,80,10,10,25,25,45,75,58,55,60,5,5,10,5,5,5,90,50,35,75,10,20
911.0,82,72,18,68,28,12,35,65,88,45,78,62,75,15,8,25,38,78,85,76,52,58,10,25,40,10,10,5,75,30,35,65,12,85
912.0,82,78,35,72,22,85,40,65,92,45,85,60,80,10,15,25,60,95,80,75,55,50,60,30,65,40,20,10,20,50,30,70,40,85
913.0,75,65,30,55,20,80,40,60,85,30,70,40,70,10,15,45,20,40,70,75,60,50,5,5,10,5,5,5,90,20,40,50,10,85
914.0,78,72,35,65,25,80,45,60,92,30,80,60,35,25,15,55,60,95,75,75,45,55,95,5,10,15,5,5,5,10,45,55,15,65
915.0,75,75,35,75,25,10,35,60,60,40,50,60,85,75,10,15,25,90,70,70,60,50,90,10,10,5,5,5,10,10,20,70,10,90
916.0,65,45,50,65,70,90,55,75,50,40,40,35,55,10,20,45,20,40,60,25,60,50,5,5,10,5,5,5,95,10,20,65,10,30
917.0,78,55,45,72,75,90,50,55,85,40,75,60,80,5,15,30,35,15,70,30,60,55,5,15,30,5,5,5,85,10,35,65,15,70
918.0,82,88,15,72,18,8,25,70,65,45,40,75,92,85,5,15,15,95,80,92,65,50,95,5,5,5,5,2,5,50,45,60,65,75
919.0,85,78,10,65,12,60,35,60,92,45,80,55,65,20,5,15,20,35,85,90,70,50,5,15,20,5,5,5,85,0,50,5,15,90
920.0,75,72,25,68,22,10,35,65,70,30,60,55,80,40,10,45,20,60,75,78,60,55,5,10,15,5,5,5,90,20,35,65,15,60
921.0,78,65,25,82,22,15,35,55,88,40,72,45,85,60,10,35,30,90,80,70,50,50,95,5,10,5,5,5,10,10,45,68,10,10
922.0,75,72,30,70,25,10,35,60,60,40,55,50,85,85,10,15,30,90,70,75,65,55,95,5,5,5,5,5,10,50,50,70,40,10
923.0,85,75,15,60,10,60,40,70,40,30,50,60,80,10,10,30,25,95,80,90,60,50,95,5,10,5,5,5,10,50,50,5,40,80
924.0,75,65,30,75,25,35,50,60,60,40,55,55,70,10,10,45,25,90,70,60,50,60,85,10,15,5,10,5,15,10,40,65,20,90
925.0,75,65,25,75,40,15,45,55,90,40,75,55,70,45,10,35,35,85,70,70,50,60,10,30,40,5,5,5,70,30,35,60,10,80
926.0,85,78,25,75,20,10,30,50,90,30,80,55,85,75,10,15,15,45,85,80,65,55,5,5,10,5,5,5,90,10,15,75,5,60
927.0,68,62,35,78,28,85,40,65,60,30,55,45,75,10,25,50,20,65,70,55,60,55,5,10,10,5,5,5,90,20,35,65,10,40
928.0,65,72,45,75,35,85,30,60,40,80,55,70,75,10,15,45,15,75,70,60,65,60,5,10,10,5,5,5,95,10,20,70,30,90
929.0,85,78,15,72,15,10,30,65,92,20,80,55,85,60,5,15,35,80,85,90,60,50,10,25,40,5,5,5,70,10,50,40,65,60
930.0,65,55,55,80,55,95,60,60,35,45,50,55,75,10,35,35,35,85,75,25,70,50,5,45,35,5,5,5,75,10,40,75,15,5
931.0,75,72,40,78,30,90,40,65,85,45,75,50,85,10,15,40,20,70,80,60,80,50,5,10,15,5,5,5,90,20,35,80,30,90
932.0,78,62,30,72,45,25,58,65,85,40,75,55,80,10,15,35,20,45,70,60,60,55,5,5,10,5,5,5,90,50,45,70,20,10
933.0,85,62,35,60,35,90,55,75,95,30,85,55,65,5,15,45,20,60,75,65,50,55,0,5,5,0,0,0,95,10,30,60,5,95
934.0,78,76,25,72,28,12,35,55,88,45,75,52,85,75,10,15,35,65,70,74,60,55,5,15,35,5,5,5,80,10,45,78,20,40
935.0,82,85,25,72,28,10,20,45,95,85,88,75,92,85,5,25,15,45,80,88,75,60,2,5,10,2,2,2,95,15,15,78,20,50
936.0,75,60,30,75,60,10,50,60,65,40,45,40,70,50,10,20,25,55,70,40,50,60,85,10,10,10,10,5,15,50,50,70,10,95
937.0,85,75,35,75,45,90,45,60,95,40,85,55,90,5,10,15,75,90,85,40,60,50,5,10,15,15,5,90,5,10,30,80,50,50
938.0,75,65,30,80,35,25,30,60,65,40,60,60,65,20,15,55,15,75,70,65,55,70,10,20,10,5,5,5,85,0,45,60,10,30
939.0,82,76,42,81,48,12,38,55,88,78,79,72,83,45,14,18,36,88,82,68,66,52,15,48,22,5,5,5,58,50,48,77,12,15
940.0,68,62,45,74,55,15,45,60,85,45,72,60,85,10,20,15,35,85,75,40,65,50,5,15,20,5,5,5,85,10,40,75,10,5
941.0,85,80,10,50,5,35,45,70,30,10,40,65,60,30,10,20,15,45,75,90,60,50,5,10,15,5,5,5,85,0,50,5,10,90
942.0,65,82,60,75,35,95,40,40,45,70,50,75,90,15,50,10,35,85,70,55,80,55,5,10,15,5,5,5,95,10,25,75,65,95
943.0,75,65,45,75,55,85,50,60,70,60,65,55,85,5,20,15,60,90,75,40,70,50,10,25,85,5,5,10,20,10,15,80,10,85
944.0,75,72,35,60,20,85,45,65,90,45,80,55,70,10,15,35,35,85,80,75,55,50,5,25,65,5,5,5,35,10,25,55,10,45
945.0,78,62,45,75,60,90,45,70,85,55,75,40,90,10,20,35,15,40,80,40,85,50,5,5,10,5,5,5,95,10,15,85,10,5
946.0,75,72,35,78,32,8,35,65,75,45,70,60,85,75,15,20,30,90,80,70,60,55,92,10,15,10,10,5,10,10,40,75,20,90
947.0,68,52,60,82,72,15,40,45,25,85,35,75,85,10,15,20,45,65,80,30,75,65,5,10,85,5,5,5,65,0,15,78,10,10
948.0,85,75,10,50,10,20,40,60,90,20,70,50,80,60,5,15,20,40,80,90,60,50,5,5,10,5,5,0,90,10,50,5,30,10
949.0,75,70,40,55,30,85,45,70,95,30,85,60,75,20,15,65,20,55,80,65,55,50,0,0,5,0,0,0,95,10,35,65,10,40
950.0,82,78,25,76,42,8,28,45,92,88,75,72,85,65,12,18,15,35,80,70,72,60,2,3,5,1,1,1,96,30,10,78,15,10
951.0,85,78,15,72,12,45,30,65,80,85,75,70,85,40,10,35,20,75,80,90,75,50,5,5,10,5,5,5,90,10,30,60,20,10
952.0,75,78,45,72,35,85,40,60,70,55,65,60,85,15,20,25,15,55,75,65,65,50,5,5,10,5,5,5,90,20,30,75,30,40
953.0,75,55,30,65,75,10,55,60,60,40,55,50,75,10,10,35,25,45,70,55,50,55,5,5,15,5,5,5,90,10,30,65,30,85
954.0,75,60,45,75,60,90,55,70,65,50,55,40,75,10,20,35,35,65,70,40,65,55,5,30,25,10,5,5,85,10,40,65,10,90
955.0,85,78,25,72,28,10,35,60,95,55,85,65,88,60,10,15,35,90,80,75,60,55,15,20,65,10,10,5,50,10,40,75,40,50
956.0,82,76,15,65,32,12,40,10,92,25,88,95,85,35,5,45,15,10,75,88,55,75,5,5,10,5,5,5,90,10,65,35,20,50
957.0,65,52,35,78,55,85,55,65,45,30,40,45,55,65,20,70,25,60,65,35,55,60,5,5,10,5,5,5,90,10,35,55,10,25
959.0,75,65,35,60,35,90,45,60,65,40,60,45,70,5,10,30,20,75,60,50,50,55,5,10,10,5,5,5,90,10,20,65,10,85
960.0,82,78,25,72,28,12,35,55,92,45,85,68,88,75,8,15,65,90,80,76,62,55,10,20,30,25,10,85,15,10,45,78,60,65
961.0,75,72,25,70,20,10,30,60,65,40,60,50,85,60,10,15,25,80,70,75,60,50,95,5,5,5,5,0,5,20,50,70,20,10
962.0,75,55,50,75,80,25,60,60,65,40,55,60,50,5,15,30,20,10,70,40,50,70,5,5,10,5,5,5,90,0,40,65,20,60
963.0,72,68,35,75,28,10,35,55,60,25,55,50,65,60,10,20,20,45,70,70,50,55,5,5,10,5,5,5,90,10,30,65,10,75
964.0,78,72,35,75,22,85,35,65,70,45,68,55,80,15,10,30,35,85,80,75,60,55,10,25,75,5,5,5,60,10,25,70,30,90
965.0,85,72,25,82,45,15,35,65,95,55,80,50,80,50,10,35,20,45,85,70,55,60,5,5,10,5,5,5,90,10,40,75,30,70
966.0,65,62,45,68,32,85,40,60,65,45,60,55,65,10,20,35,35,85,75,55,50,55,10,35,40,5,5,5,75,0,45,55,15,15
967.0,65,60,75,70,55,90,50,60,20,50,30,60,45,10,30,20,30,60,80,30,60,50,0,5,30,0,0,0,90,10,20,65,10,50
968.0,85,75,10,50,5,30,40,60,45,5,50,70,80,65,5,5,15,45,85,90,70,50,5,10,15,5,5,5,90,0,50,0,30,10
969.0,75,50,30,75,75,90,50,60,60,40,50,40,70,5,20,45,20,20,60,30,60,50,5,15,10,5,5,5,90,10,30,60,20,80
970.0,65,55,60,75,45,95,45,60,40,45,45,55,75,15,45,25,20,60,70,25,75,55,5,10,10,5,5,5,95,10,15,70,10,80
971.0,82,74,15,78,18,55,35,65,95,40,85,55,88,5,5,30,45,92,85,88,60,50,95,5,10,5,5,2,5,10,25,5,10,80
972.0,62,58,45,78,32,85,48,65,35,55,40,52,72,15,25,38,35,90,65,42,68,65,10,25,20,5,5,5,75,0,25,58,10,20
973.0,82,62,45,80,55,85,55,65,85,45,75,40,85,10,20,45,45,75,75,50,60,55,15,45,65,5,5,5,40,10,25,75,5,5
974.0,82,72,25,78,42,5,45,65,92,45,80,55,85,75,5,25,20,45,75,75,60,55,2,2,5,2,2,2,95,50,15,70,10,85
975.0,82,76,25,72,22,8,35,55,92,45,85,60,88,65,5,15,68,92,85,78,55,50,75,25,20,10,5,15,5,0,50,75,40,95
976.0,68,62,35,78,28,82,42,65,45,40,38,48,72,15,20,55,35,80,70,52,60,58,92,8,10,5,5,5,10,20,45,65,10,25
977.0,75,50,45,60,65,95,60,70,90,50,80,60,65,15,25,80,25,75,75,35,65,50,0,0,5,0,0,0,95,10,15,65,5,30
978.0,75,68,35,60,25,90,55,70,90,45,80,50,45,10,15,60,20,85,75,65,50,50,5,35,30,5,5,5,85,10,30,65,10,85
979.0,65,55,45,70,55,90,50,60,75,40,65,50,70,10,30,20,30,80,70,40,70,50,5,10,65,5,5,5,75,10,15,75,10,20
980.0,60,62,45,68,32,85,45,65,30,35,40,45,75,10,50,45,20,75,70,50,55,50,5,10,15,5,5,5,90,0,35,60,10,10
981.0,72,78,65,70,45,85,45,60,45,90,55,75,75,25,25,15,25,70,75,55,70,55,5,10,10,5,5,5,90,10,10,75,30,50
982.0,82,74,35,76,28,30,45,55,88,20,78,65,80,10,15,20,85,90,80,72,55,60,5,5,10,10,5,95,5,10,45,70,25,30
983.0,82,78,25,76,28,8,35,50,75,30,65,60,85,65,10,15,60,90,80,75,60,50,30,55,35,5,5,5,10,10,50,75,30,20
984.0,75,72,35,60,20,85,50,65,85,40,70,50,65,10,15,30,35,85,70,75,50,50,10,20,75,5,10,5,30,10,40,60,20,50
985.0,75,78,25,72,28,12,35,55,65,45,60,55,85,90,10,15,35,75,70,75,65,55,95,5,10,5,5,2,10,20,45,70,60,65
986.0,65,72,45,75,35,90,40,55,60,70,50,65,60,15,25,35,20,75,70,50,65,60,5,10,10,5,5,5,90,10,20,60,30,20
987.0,75,72,45,82,28,85,45,65,60,30,55,40,85,10,15,35,35,85,75,65,70,55,95,5,5,5,5,5,10,10,40,78,20,5
988.0,75,65,30,60,20,60,35,60,85,40,70,60,45,80,20,60,15,80,70,70,50,65,5,10,15,5,5,5,90,30,40,40,10,70
989.0,65,60,40,75,25,80,45,75,50,30,50,40,80,15,20,40,20,85,75,55,65,50,5,5,10,5,5,5,95,10,25,65,10,80
990.0,85,78,15,72,15,60,40,65,92,25,80,55,85,10,5,25,20,45,85,88,75,50,5,5,10,5,5,5,90,30,20,10,20,90
991.0,82,76,25,78,35,5,30,65,88,45,75,60,85,80,10,15,45,85,80,72,65,55,10,45,65,10,10,5,40,0,45,78,40,50
992.0,78,82,20,65,22,5,25,60,85,35,75,60,80,90,10,15,15,20,70,85,65,55,5,5,10,5,5,0,95,10,45,70,50,95
993.0,85,75,10,60,10,15,30,60,85,10,70,60,50,60,5,10,15,40,80,90,60,50,5,10,10,5,5,0,90,0,50,0,40,90
994.0,85,75,10,50,10,60,40,60,50,10,50,60,80,10,5,10,10,15,80,90,70,50,5,5,5,5,5,5,95,0,30,5,60,40
995.0,82,78,25,72,22,12,35,65,95,55,85,60,88,85,5,15,45,65,80,82,60,55,15,25,75,5,5,5,60,10,45,75,15,85
996.0,65,72,25,68,22,12,35,55,60,40,50,65,75,15,10,35,15,70,75,78,55,55,5,5,10,5,5,5,90,30,35,55,10,60
997.0,85,80,10,50,10,25,45,60,95,10,80,60,60,65,5,30,15,20,80,90,60,50,5,5,10,5,5,5,90,0,20,5,40,50
998.0,65,45,55,75,65,85,55,70,35,60,45,40,80,10,45,55,15,40,65,20,80,55,5,5,5,5,5,5,90,10,15,70,10,20
999.0,85,75,20,70,25,10,30,60,95,40,85,65,60,35,10,45,15,60,80,85,50,65,5,5,10,5,5,5,90,10,40,70,10,50
1000.0,75,65,55,70,45,90,55,60,70,40,65,50,75,10,20,30,25,80,70,45,60,50,5,15,10,0,0,0,90,10,20,70,10,40
1001.0,85,78,15,72,15,10,30,60,95,45,85,70,80,75,5,25,35,45,85,92,65,50,75,10,20,10,10,5,55,10,50,50,10,90
1002.0,65,60,45,70,35,85,50,60,40,50,40,45,75,10,10,20,60,90,70,40,60,50,95,10,15,10,10,5,10,50,50,65,10,30
1003.0,68,78,25,65,22,12,30,55,40,20,45,65,75,60,15,10,35,85,70,75,65,50,10,45,55,5,5,5,65,10,50,60,35,40
1004.0,85,75,10,50,10,45,40,60,95,5,70,60,40,65,5,30,15,60,80,95,60,50,5,5,15,5,5,5,90,0,50,0,10,90
120.0,55,65,35,65,15,55,25,50,25,30,35,60,70,10,20,30,15,10,70,75,60,50,5,5,5,5,5,5,95,10,40,40,20,40
193.0,65,55,40,70,55,25,45,60,45,30,40,45,70,60,20,30,30,80,60,40,55,60,10,20,30,5,5,5,85,10,40,60,20,30
271.0,82,78,25,72,35,5,20,55,95,75,85,65,90,75,5,10,15,10,80,75,85,50,0,0,5,0,0,0,95,10,10,75,15,5
401,62,54,68,72,74,92,58,65,42,55,45,60,68,5,35,25,25,45,75,30,78,50,5,10,15,5,5,5,95,20,15,75,10,10
533,85,75,25,75,25,10,35,60,90,40,80,55,90,85,5,15,20,65,85,80,65,55,5,10,15,5,5,5,85,10,45,80,10,50
958,75,72,45,75,35,90,50,60,70,65,65,60,75,35,20,45,20,80,70,65,65,70,5,10,10,5,5,5,90,50,30,60,20,55
